customer_id,customer_name,total_revenue,total_profit,total_orders,total_quantity
2422,Ahmed Ahmed,36477.92,8338.290000000003,5,23
356,Hira Sheikh,32583.199999999997,9113.909999999998,4,25
3569,Sana Mirza,32108.28,8422.439999999999,6,22
9459,Maham Raza,31923.019999999997,7413.5,4,20
2184,Hussain Ahmed,31444.61,6846.129999999999,3,19
7262,Fatima Mirza,31202.339999999997,8689.769999999997,4,19
7454,Hassan Hussain,30986.440000000002,6655.329999999999,4,21
9434,Maryam Siddiqui,30975.52,9466.53,4,22
5324,Omar Khan,30511.51,6854.860000000001,5,24
7023,Danish Qureshi,27789.339999999997,5370.469999999998,3,19
7090,Saad Malik,27552.010000000002,7994.82,5,18
7648,Hamza Qureshi,27501.510000000002,5642.12,4,18
8385,Sana Ahmed,27414.09,6454.69,4,22
6127,Zainab Shah,26912.57,7350.82,4,19
2076,Hamza Sheikh,26802.1,7967.299999999999,4,16
1183,Maham Ali,26193.84,6507.690000000001,4,19
694,Sana Malik,25975.18,3408.2699999999986,3,19
9547,Bilal Memon,25913.32,5086.730000000001,5,22
7274,Fahad Shah,25826.010000000002,5387.190000000001,4,23
244,Hamza Sheikh,25685.92,7759.670000000001,3,19
3767,Danish Sheikh,25663.7,5642.84,4,19
5351,Fatima Chaudhry,25572.86,4363.2300000000005,5,23
1359,Ayesha Memon,25503.3,7415.339999999998,3,18
5360,Bilal Mirza,25394.32,5444.339999999998,5,24
8920,Imran Buriro,25383.05,5915.339999999998,3,16
5952,Usman Siddiqui,25271.22,3576.2999999999993,3,17
3311,Hassan Iqbal,25258.18,5179.219999999999,4,24
1894,Hussain Khan,25193.57,7813.790000000001,4,19
6453,Imran Sheikh,25172.63,8052.9400000000005,4,20
6812,Maryam Malik,24967.69,5920.129999999998,3,19
6768,Omar Sheikh,24965.579999999998,7299.299999999997,3,16
2052,Hussain Khan,24953.739999999998,8591.73,2,14
2950,Maryam Chaudhry,24947.54,4778.670000000002,3,17
9894,Hira Chaudhry,24857.190000000002,7572.42,5,23
8968,Ayesha Malik,24808.670000000002,2427.6500000000015,4,18
7466,Omar Khan,24803.309999999998,6462.260000000001,2,14
6679,Maryam Khan,24666.68,4952.63,5,19
4331,Imran Ali,24618.42,6888.9299999999985,4,17
2440,Hira Buriro,24575.910000000003,7495.410000000002,3,15
3764,Hamza Shah,24557.06,4548.13,4,23
4078,Ayesha Raza,24493.2,6919.450000000001,4,17
4320,Maham Qureshi,24455.83,5021.66,2,14
1884,Hira Buriro,24426.629999999997,2655.8099999999995,3,17
698,Usman Raza,24418.7,3851.2299999999996,5,27
3615,Imran Hussain,24384.379999999997,6829.960000000001,5,24
130,Hussain Raza,24336.920000000002,5690.220000000001,3,16
6763,Sana Chaudhry,24187.050000000003,5591.0700000000015,3,15
8405,Hira Chaudhry,24138.629999999997,7493.399999999998,3,15
6212,Fatima Buriro,24120.140000000003,4720.230000000001,5,19
5783,Hussain Siddiqui,23981.6,7493.990000000001,2,12
3694,Maham Raza,23923.32,5260.339999999998,4,21
8915,Maham Siddiqui,23891.65,5367.389999999999,6,17
2122,Danish Khan,23868.559999999998,5293.4800000000005,3,18
5461,Maryam Memon,23643.49,6068.1500000000015,3,17
4275,Ahmed Shah,23635.72,7211.2,3,16
5411,Fahad Malik,23525.99,5584.6900000000005,4,23
7209,Fahad Ahmed,23504.370000000003,4635.080000000002,4,19
8470,Maham Qureshi,23466.63,3517.83,5,21
4482,Fahad Hussain,23418.53,5758.180000000001,3,16
4856,Hassan Iqbal,23416.17,4864.65,4,19
1846,Ayesha Hussain,23319.21,6307.289999999999,3,15
8531,Sana Hussain,23311.89,3792.25,2,14
6788,Maryam Memon,23104.559999999998,5335.74,3,15
245,Maham Hussain,23080.18,8581.640000000001,2,10
2121,Hamza Malik,23067.28,6181.42,4,18
2639,Usman Mirza,23048.48,3417.2599999999993,4,20
3755,Maryam Siddiqui,22993.079999999998,4552.249999999999,5,20
3125,Ahmed Ahmed,22897.54,5883.73,2,13
6204,Fatima Ahmed,22859.920000000002,5179.7300000000005,3,15
9749,Ayesha Mirza,22839.52,7098.34,3,20
7720,Fatima Siddiqui,22735.34,3486.360000000002,4,20
123,Maryam Ali,22718.27,4446.610000000001,3,20
74,Ali Shah,22619.760000000002,5341.860000000001,2,12
4596,Hassan Iqbal,22602.31,6151.810000000003,3,16
9051,Fatima Ali,22592.42,6118.4,3,14
4337,Bilal Khan,22479.43,4246.6900000000005,3,13
9032,Zainab Chaudhry,22407.99,4985.0,4,16
9714,Ayesha Buriro,22272.739999999998,5978.1799999999985,3,17
5848,Fahad Shah,22256.68,5633.4400000000005,2,13
9630,Ayesha Hussain,21984.02,7071.53,4,16
6254,Hamza Qureshi,21949.01,5717.279999999999,3,17
4049,Hamza Qureshi,21917.16,5798.97,6,18
7625,Saad Siddiqui,21818.01,5723.53,3,14
7813,Hira Memon,21772.02,6458.4400000000005,3,16
8739,Ali Buriro,21534.09,4741.560000000001,2,12
9494,Ayesha Raza,21508.8,3967.619999999999,2,13
5029,Sara Raza,21464.86,4071.2199999999975,2,13
473,Hassan Ali,21391.57,4563.160000000003,3,14
6985,Saad Malik,21351.190000000002,4446.330000000001,4,28
7570,Ayesha Iqbal,21290.61,2817.21,3,14
2219,Hira Iqbal,21259.29,4978.629999999999,3,17
3561,Zainab Memon,21257.620000000003,4480.67,2,13
6060,Hassan Chaudhry,21224.370000000003,3623.6500000000005,3,13
7168,Hira Ahmed,21215.04,3711.539999999999,2,14
6619,Imran Shah,21179.68,7550.759999999998,2,11
3340,Imran Sheikh,21092.960000000003,4836.790000000002,2,14
5368,Omar Buriro,21081.55,5479.669999999998,2,14
2480,Imran Iqbal,21059.4,3623.04,3,18
9478,Fahad Buriro,21044.800000000003,6370.84,2,13
6952,Sara Iqbal,21012.489999999998,4769.999999999999,3,13
7795,Fahad Hussain,20978.01,4897.4299999999985,2,12
1212,Hassan Mirza,20929.29,5782.1399999999985,3,14
4044,Hira Chaudhry,20906.78,5765.6,3,14
1142,Hamza Buriro,20898.68,4267.51,3,14
4533,Maryam Hussain,20889.1,6040.99,2,11
3132,Usman Chaudhry,20824.83,5829.9000000000015,2,11
6581,Omar Mirza,20812.86,5465.310000000001,3,15
9151,Hassan Qureshi,20765.04,6030.420000000001,2,13
9912,Sana Hussain,20726.73,5902.669999999999,5,19
7659,Hussain Ahmed,20713.25,5332.029999999998,2,13
8777,Zainab Siddiqui,20631.82,4385.14,5,16
7350,Hamza Ali,20601.03,3640.8799999999983,2,13
6660,Bilal Siddiqui,20588.199999999997,6318.509999999999,3,12
9727,Ahmed Shah,20541.440000000002,6179.300000000001,2,12
9083,Fahad Ali,20318.48,6295.030000000001,2,14
635,Saad Khan,20268.66,3287.710000000001,3,17
6624,Ali Siddiqui,20224.93,5859.350000000002,4,17
1267,Imran Ahmed,20223.68,1823.6799999999994,4,24
1499,Hamza Qureshi,20120.84,4333.220000000001,4,18
726,Bilal Khan,20082.45,5140.580000000002,3,13
439,Zainab Buriro,20073.27,5441.110000000001,3,17
1243,Hamza Qureshi,20054.09,6183.04,2,12
8969,Sara Chaudhry,20031.87,5131.459999999999,4,13
3678,Imran Raza,19974.84,3441.5400000000004,3,17
8039,Imran Ali,19974.54,4827.02,5,19
9687,Fatima Mirza,19972.79,2721.909999999997,5,18
441,Ahmed Mirza,19936.52,5662.2,3,12
8469,Hira Sheikh,19922.79,5220.15,3,17
5773,Danish Shah,19888.73,6060.58,4,19
2810,Imran Ahmed,19852.829999999998,4584.459999999999,4,18
5617,Hussain Siddiqui,19802.37,4814.88,2,14
1330,Hira Ahmed,19800.49,3574.5200000000013,5,21
9067,Bilal Qureshi,19746.57,2229.909999999999,3,15
9986,Maham Iqbal,19738.42,3549.769999999999,4,16
1881,Hussain Sheikh,19730.84,4542.51,2,11
3177,Hassan Chaudhry,19660.969999999998,5710.359999999999,2,11
2648,Imran Buriro,19602.35,3136.1600000000017,4,14
3001,Maryam Mirza,19591.7,5005.130000000002,3,14
9314,Imran Raza,19573.65,2622.76,3,18
8115,Imran Ali,19558.46,4482.92,4,18
3721,Hussain Hussain,19556.89,5541.089999999999,3,16
4363,Imran Hussain,19471.81,5343.320000000002,3,15
248,Bilal Siddiqui,19426.29,4268.440000000001,3,13
7336,Imran Chaudhry,19367.0,5467.020000000001,3,11
89,Sara Ahmed,19306.379999999997,5414.519999999999,2,12
1346,Sara Hussain,19260.74,4348.81,2,12
7006,Sara Siddiqui,19248.4,4103.210000000001,4,18
7928,Sara Siddiqui,19201.84,854.25,3,19
8576,Usman Sheikh,19179.300000000003,3404.590000000003,2,14
3241,Hira Chaudhry,19163.67,3286.38,3,15
6456,Saad Buriro,19160.39,3559.8400000000006,3,15
8819,Usman Buriro,19137.68,6017.48,3,13
8602,Maham Khan,18968.29,5204.140000000002,5,13
6193,Fahad Ahmed,18957.29,6285.279999999999,2,11
5027,Maham Siddiqui,18936.98,4964.17,3,13
7062,Fahad Khan,18931.15,5971.9800000000005,2,14
3733,Ayesha Raza,18928.93,6372.84,2,9
3800,Ali Malik,18911.54,4914.34,2,10
2091,Hira Qureshi,18911.09,4060.789999999999,3,16
6164,Hussain Raza,18904.55,4657.490000000001,3,11
847,Hira Qureshi,18892.600000000002,6236.730000000001,2,11
5663,Bilal Sheikh,18879.39,5503.06,2,13
2765,Ali Ali,18847.940000000002,5708.740000000001,2,10
9525,Saad Ali,18832.5,4411.12,4,16
7603,Ali Sheikh,18782.31,5629.950000000002,3,9
7921,Sana Hussain,18775.98,3572.9699999999993,3,15
6418,Hamza Shah,18737.78,5393.550000000001,2,13
4635,Sara Hussain,18697.36,5152.8499999999985,4,14
6153,Hussain Qureshi,18661.81,2641.2699999999995,3,16
4333,Hamza Ali,18626.08,3321.92,4,16
7538,Hamza Mirza,18623.73,1647.7399999999993,4,18
3487,Usman Memon,18601.23,5146.169999999999,3,13
6476,Ali Khan,18593.620000000003,4560.450000000001,3,13
2704,Sara Mirza,18566.4,3440.5499999999993,2,13
9250,Hussain Mirza,18555.52,6212.2699999999995,4,15
3312,Danish Iqbal,18530.26,3496.8999999999996,3,16
5691,Bilal Raza,18521.94,5671.9800000000005,3,15
1974,Ali Qureshi,18512.53,3327.0499999999997,3,13
1917,Danish Hussain,18502.33,5096.299999999999,2,11
6144,Fatima Hussain,18443.559999999998,5385.189999999999,2,13
9563,Zainab Khan,18431.28,4240.879999999999,3,17
5725,Saad Mirza,18420.22,4995.969999999999,4,14
8323,Imran Khan,18420.08,3859.4799999999996,3,12
2597,Fatima Ali,18418.22,3342.230000000001,3,14
9616,Hussain Siddiqui,18233.43,3607.76,4,20
4803,Ayesha Khan,18232.83,6101.550000000002,2,9
5976,Hira Shah,18222.84,4400.0999999999985,3,15
9846,Sana Raza,18198.09,3375.7600000000007,3,13
747,Ali Malik,18139.770000000004,3261.7100000000023,3,15
9293,Danish Memon,18125.87,3787.9000000000005,3,17
4507,Maham Siddiqui,18125.83,4989.630000000001,3,12
8425,Hassan Qureshi,18115.65,3028.5400000000004,3,16
9617,Hassan Khan,18111.66,4839.630000000001,3,12
6980,Ali Memon,18107.050000000003,4243.600000000001,3,15
240,Hira Ali,18098.42,5015.529999999999,3,14
1506,Omar Sheikh,18055.829999999998,4923.429999999998,2,12
1547,Sara Shah,18052.52,3521.8,3,14
2057,Hussain Iqbal,18045.07,6401.9,2,10
9191,Maryam Siddiqui,18029.53,5168.750000000002,3,20
8617,Maham Raza,18013.97,4049.4800000000014,3,11
1143,Hira Mirza,18009.03,3015.2699999999986,3,15
1343,Zainab Sheikh,17981.879999999997,3908.1699999999973,2,14
3016,Fahad Memon,17944.36,3439.029999999999,2,14
4216,Ahmed Ahmed,17898.01,2504.37,2,11
3165,Ahmed Hussain,17866.440000000002,5226.4800000000005,2,12
1062,Sana Hussain,17863.73,3650.999999999999,4,17
1887,Zainab Ali,17749.829999999998,4505.479999999999,2,14
3648,Usman Qureshi,17666.809999999998,4520.9,3,15
2862,Hira Sheikh,17638.289999999997,5915.62,2,10
7212,Saad Buriro,17630.32,4645.810000000001,2,13
6314,Fahad Ahmed,17618.23,1918.8400000000001,2,14
627,Ahmed Buriro,17609.739999999998,1548.7399999999989,3,16
5919,Maham Chaudhry,17489.77,3811.44,5,17
8771,Saad Ali,17468.670000000002,4574.4900000000025,2,13
3230,Hamza Sheikh,17465.83,4508.48,2,12
4246,Ayesha Shah,17463.84,5941.379999999997,2,12
6286,Hussain Raza,17456.800000000003,4485.930000000001,2,12
1213,Hamza Raza,17446.239999999998,3951.8999999999987,3,14
9579,Fatima Ali,17428.91,4347.490000000001,3,13
8442,Hira Malik,17427.96,4738.9800000000005,2,12
2221,Hamza Qureshi,17415.68,5617.920000000002,3,17
7206,Saad Siddiqui,17409.27,2418.8100000000013,2,11
6919,Ahmed Malik,17390.239999999998,4554.13,4,19
2606,Hassan Ahmed,17374.260000000002,4661.32,3,15
6377,Omar Malik,17358.32,4277.88,3,15
3108,Sara Hussain,17345.16,4194.960000000001,3,18
2959,Hamza Shah,17309.239999999998,2824.7700000000004,3,16
1725,Maryam Sheikh,17271.28,3614.7400000000007,4,13
6348,Ayesha Memon,17266.38,1696.9599999999987,3,12
3997,Hira Ali,17261.07,3692.3599999999997,4,15
8428,Sana Shah,17259.29,3876.9300000000003,3,13
8694,Hira Khan,17254.699999999997,4447.299999999999,2,10
9849,Omar Qureshi,17236.65,2392.590000000001,3,15
631,Bilal Chaudhry,17205.89,2782.42,3,17
8118,Maham Qureshi,17162.83,4856.9,2,11
8436,Hira Buriro,17157.3,2306.68,3,17
5327,Imran Hussain,17137.920000000002,2786.6400000000003,2,12
468,Ayesha Iqbal,17110.05,2672.330000000001,4,16
2124,Bilal Ahmed,17080.67,5401.669999999998,2,10
4190,Imran Sheikh,17080.21,3475.71,2,13
6611,Fatima Memon,17036.96,2437.2700000000013,3,18
9739,Hamza Hussain,17003.82,3496.38,2,12
3954,Maham Memon,16956.53,3535.18,4,11
5379,Hussain Shah,16947.489999999998,4063.299999999999,2,11
1411,Zainab Mirza,16946.0,5387.12,2,8
8148,Saad Shah,16928.2,3344.92,4,21
408,Maham Mirza,16921.8,3868.4499999999994,3,15
5552,Saad Khan,16904.469999999998,5809.629999999997,3,10
9719,Maryam Mirza,16893.65,2765.340000000001,3,15
508,Zainab Mirza,16883.61,5597.18,3,14
6617,Hamza Siddiqui,16878.670000000002,4143.050000000001,3,16
6722,Ali Qureshi,16860.12,2631.24,2,10
8954,Hussain Iqbal,16843.449999999997,4029.31,3,13
9301,Bilal Buriro,16823.300000000003,4371.560000000001,4,17
3534,Ali Ahmed,16812.95,1958.4900000000007,2,11
7463,Sara Khan,16801.28,2249.5899999999992,2,12
9737,Maryam Khan,16800.879999999997,3476.1200000000003,3,14
9295,Usman Ahmed,16788.019999999997,5270.759999999998,2,12
7567,Imran Khan,16782.37,5081.000000000002,3,18
2,Hira Siddiqui,16779.29,5202.639999999999,2,11
5841,Bilal Qureshi,16776.15,3274.31,3,13
1194,Saad Iqbal,16745.19,3322.759999999998,2,14
9441,Hussain Raza,16714.989999999998,2871.7599999999993,2,11
3653,Imran Malik,16689.839999999997,3951.1799999999976,2,10
9062,Sana Chaudhry,16664.75,4287.74,3,13
6842,Zainab Iqbal,16661.79,3834.960000000001,2,12
1434,Hamza Ahmed,16646.84,3677.6999999999994,3,15
5905,Danish Siddiqui,16641.78,2241.069999999998,3,19
4406,Imran Raza,16636.03,2416.150000000002,3,15
2368,Danish Siddiqui,16632.34,2813.37,3,13
9405,Maham Memon,16608.04,3004.8799999999997,3,12
3673,Sara Malik,16603.32,3286.0800000000013,3,18
9381,Fahad Siddiqui,16597.92,2824.620000000001,2,12
7456,Bilal Raza,16594.07,3800.49,4,19
4480,Ayesha Iqbal,16583.22,1287.5299999999997,2,11
5673,Hira Qureshi,16576.940000000002,4582.310000000001,3,17
4050,Ahmed Memon,16564.230000000003,2408.280000000002,3,12
6825,Maham Raza,16559.06,3270.050000000002,2,14
2151,Bilal Hussain,16504.629999999997,5104.129999999999,3,13
3604,Saad Shah,16502.82,2645.6500000000015,5,18
3259,Bilal Raza,16497.07,3271.400000000001,3,15
7142,Hamza Memon,16488.91,1390.8500000000006,3,13
4697,Ayesha Siddiqui,16483.77,4337.340000000001,2,9
8745,Fahad Raza,16474.52,2599.310000000001,3,13
9962,Maham Siddiqui,16472.1,5266.870000000001,4,10
4426,Bilal Qureshi,16470.54,3731.7699999999995,2,11
323,Maham Malik,16436.25,4173.82,3,13
2697,Danish Mirza,16390.66,5923.18,2,10
2738,Ahmed Sheikh,16377.12,4784.700000000001,2,12
8410,Hira Memon,16371.470000000001,2178.469999999999,4,14
1721,Imran Khan,16351.949999999999,3851.4799999999987,2,11
3236,Ali Ali,16343.830000000002,5332.8099999999995,3,11
1659,Maryam Qureshi,16335.990000000002,2764.9100000000008,2,12
4353,Hira Hussain,16296.800000000001,3123.1400000000003,2,11
8959,Sana Khan,16288.52,2266.58,2,13
1565,Zainab Buriro,16259.67,2317.3900000000012,2,12
2524,Maham Hussain,16255.609999999999,4243.359999999998,3,13
5999,Ahmed Mirza,16245.77,5392.340000000002,2,10
212,Maham Raza,16240.1,4941.400000000001,2,12
2857,Fatima Hussain,16220.01,4061.1500000000005,3,15
527,Zainab Iqbal,16205.94,3914.1199999999994,4,15
4915,Fahad Malik,16205.12,4311.920000000002,2,9
8709,Maryam Khan,16194.140000000001,4122.380000000001,3,18
6267,Hussain Ali,16190.740000000002,2785.7800000000007,2,10
5031,Hassan Khan,16186.8,2923.5299999999997,2,9
3221,Danish Malik,16121.19,3890.0699999999997,2,9
7464,Sana Chaudhry,16103.560000000001,5521.960000000001,3,12
6841,Sara Memon,16099.64,4500.170000000001,3,9
9641,Danish Memon,16098.92,1939.8400000000006,3,15
4451,Hassan Mirza,16073.079999999998,4762.179999999999,2,10
6770,Bilal Qureshi,16051.800000000001,3696.25,2,13
7162,Omar Siddiqui,16033.079999999998,3533.8599999999988,2,13
6765,Hira Malik,15970.74,3027.5599999999995,3,14
8349,Hussain Khan,15962.85,4418.990000000001,2,9
5576,Ali Ali,15961.26,4746.139999999999,2,14
2327,Hamza Shah,15950.730000000001,5666.000000000002,3,13
4053,Hussain Raza,15947.399999999998,4391.999999999999,2,10
8933,Ali Ahmed,15942.78,3661.3200000000006,2,12
4262,Sara Chaudhry,15903.33,3367.8700000000003,4,14
7980,Omar Siddiqui,15897.529999999999,2797.3000000000006,3,13
5212,Fahad Shah,15883.550000000001,5253.110000000001,2,8
6324,Bilal Ali,15871.26,1452.35,3,11
2436,Hussain Iqbal,15864.8,3557.2599999999993,3,14
14,Ayesha Mirza,15861.88,4174.5599999999995,2,10
2712,Ahmed Shah,15860.63,4900.389999999999,3,16
7925,Ahmed Mirza,15849.6,4356.060000000001,3,9
2256,Bilal Sheikh,15832.11,1638.2800000000007,2,14
2118,Bilal Khan,15830.609999999999,2790.8699999999985,4,19
1288,Maham Malik,15820.77,4781.17,2,9
9699,Ahmed Ahmed,15793.780000000002,1069.610000000001,3,12
2060,Usman Khan,15768.900000000001,5464.22,2,10
6005,Zainab Khan,15767.470000000001,4169.0,2,11
243,Fatima Shah,15763.380000000001,4097.740000000001,2,9
2148,Imran Iqbal,15736.1,5310.9000000000015,2,11
7003,Zainab Raza,15725.3,4308.629999999998,2,8
9420,Ayesha Iqbal,15713.68,4138.639999999999,2,8
9835,Ali Mirza,15712.87,4859.9000000000015,2,8
9415,Fatima Mirza,15691.26,3306.9100000000008,3,12
9108,Zainab Siddiqui,15674.23,2673.0999999999995,3,16
4083,Bilal Memon,15644.47,3653.5799999999986,2,9
1850,Bilal Buriro,15640.619999999999,1082.0600000000004,3,13
4522,Zainab Siddiqui,15636.369999999999,4236.609999999999,2,12
9322,Hassan Malik,15632.68,2399.420000000001,2,10
2460,Danish Sheikh,15622.55,2107.3500000000004,2,13
2085,Zainab Memon,15613.5,5872.230000000001,1,7
413,Maryam Ali,15594.32,4466.579999999999,5,24
2860,Ali Siddiqui,15566.130000000001,4056.1500000000015,2,9
147,Saad Malik,15542.02,2177.8200000000015,3,15
8585,Zainab Mirza,15525.41,3765.230000000001,3,15
2194,Bilal Khan,15521.96,3765.629999999999,3,13
3634,Maham Siddiqui,15508.63,4638.580000000002,3,9
2891,Hussain Ahmed,15488.91,1677.39,5,15
8688,Maham Shah,15470.3,5578.499999999998,2,8
3198,Sana Ali,15419.33,4301.62,2,8
1620,Fahad Khan,15408.42,4038.6099999999997,2,12
7170,Fatima Khan,15405.75,1946.6699999999992,2,11
2240,Fahad Raza,15384.64,2380.01,3,15
2199,Bilal Shah,15353.58,3464.340000000001,3,18
7254,Omar Hussain,15353.5,3121.01,4,17
9435,Imran Buriro,15348.34,2681.579999999998,2,9
7534,Hira Khan,15337.53,2702.6300000000015,4,17
9231,Imran Khan,15337.279999999999,4970.979999999998,1,7
4026,Bilal Iqbal,15318.38,3938.0199999999995,2,13
5127,Maryam Siddiqui,15301.510000000002,3879.970000000001,2,9
656,Zainab Qureshi,15297.810000000001,3478.580000000001,2,12
2990,Usman Hussain,15296.650000000001,3888.3100000000018,4,21
5349,Hassan Hussain,15282.16,4074.030000000001,4,16
5996,Ahmed Qureshi,15274.48,3886.9100000000003,2,12
6047,Danish Qureshi,15233.880000000001,2742.239999999999,2,10
8712,Fatima Ali,15226.05,4796.669999999998,2,9
3617,Ayesha Qureshi,15201.5,2408.129999999999,2,13
2134,Omar Chaudhry,15187.35,2061.6500000000015,2,11
5630,Maryam Malik,15185.789999999997,4188.409999999999,3,13
9976,Imran Ali,15176.420000000002,4229.38,3,15
1013,Ahmed Sheikh,15167.920000000002,3145.7100000000014,2,11
8657,Hussain Ahmed,15166.869999999999,4331.0599999999995,3,11
5828,Sara Shah,15155.25,5174.83,2,9
8591,Ali Sheikh,15150.47,3081.559999999999,2,10
5808,Maham Mirza,15119.46,3265.919999999998,2,10
1119,Usman Malik,15115.72,2752.939999999999,3,15
5671,Saad Hussain,15108.91,3912.5899999999992,3,13
2152,Hassan Khan,15102.93,2900.289999999999,4,18
593,Ayesha Malik,15093.64,3776.749999999999,4,18
4019,Saad Ali,15084.54,3276.6500000000005,4,18
9467,Saad Shah,15050.78,1852.1500000000005,2,12
8368,Hamza Buriro,15045.02,4072.8499999999995,2,12
1250,Ali Chaudhry,15038.91,3357.219999999999,2,10
8167,Maham Memon,15032.220000000001,3127.800000000001,2,12
4537,Ali Hussain,15026.559999999998,2900.6000000000004,3,11
6302,Imran Sheikh,15021.960000000001,3714.540000000001,2,12
5231,Saad Mirza,15020.939999999999,3130.5,2,12
9211,Ali Iqbal,15016.48,3179.2799999999997,2,10
8508,Maryam Shah,14991.73,4335.990000000001,2,12
5016,Ahmed Malik,14991.06,4750.199999999999,1,7
7075,Usman Buriro,14959.029999999999,2185.06,2,10
6494,Sana Ahmed,14952.16,2532.24,3,12
2817,Zainab Malik,14939.14,2235.420000000001,3,15
7790,Saad Shah,14935.050000000001,4083.390000000001,3,15
2293,Sana Hussain,14926.25,2261.419999999999,2,13
1433,Ahmed Khan,14920.56,2771.3299999999995,3,12
2340,Hira Ali,14908.620000000003,4254.5700000000015,2,9
5862,Sana Khan,14895.279999999999,3951.2900000000004,2,9
2742,Hamza Mirza,14869.05,2659.08,2,9
818,Ayesha Raza,14862.23,1503.7700000000007,4,19
2073,Hassan Malik,14852.49,3304.59,2,9
3782,Fatima Mirza,14845.369999999999,2414.819999999999,4,16
1878,Ali Malik,14830.39,4290.719999999999,2,9
6499,Hussain Qureshi,14829.480000000001,3141.2200000000016,3,17
4032,Hussain Qureshi,14807.789999999999,3788.7900000000004,4,19
9120,Danish Mirza,14807.29,2877.1800000000003,3,13
4760,Imran Chaudhry,14801.399999999998,4413.569999999999,2,11
1339,Saad Chaudhry,14794.570000000002,5356.120000000003,1,7
5730,Hamza Malik,14794.36,5274.639999999999,1,7
6349,Zainab Sheikh,14793.48,2646.7000000000003,2,10
2173,Omar Sheikh,14783.599999999999,4350.66,3,14
8017,Zainab Buriro,14778.95,1310.4399999999987,3,10
889,Hamza Ahmed,14776.490000000002,3455.36,3,12
5791,Maham Mirza,14774.099999999999,3088.079999999999,2,12
4121,Sara Iqbal,14767.560000000001,3663.110000000001,4,11
7632,Sana Memon,14765.99,4034.689999999999,3,15
7005,Ali Chaudhry,14759.149999999998,4397.259999999998,1,7
7903,Maham Iqbal,14754.369999999999,4043.88,2,9
2670,Omar Sheikh,14738.65,4584.799999999999,2,7
4318,Danish Buriro,14701.45,2632.550000000001,2,10
9005,Hira Khan,14688.66,5047.14,2,8
6468,Fahad Buriro,14686.230000000001,3587.9500000000016,2,11
9632,Sara Iqbal,14680.369999999999,4578.15,4,14
940,Sara Ali,14672.66,3008.67,2,10
1379,Fahad Hussain,14650.75,2693.3999999999987,2,10
3223,Ali Buriro,14650.55,2656.4000000000005,3,13
7366,Hassan Ali,14634.61,1484.6899999999987,2,12
8397,Hira Raza,14631.54,3382.83,3,10
7092,Sara Raza,14617.619999999999,2961.3199999999997,3,14
9105,Sana Memon,14614.990000000002,4169.420000000001,2,9
2944,Saad Ahmed,14609.61,3976.0400000000013,3,14
4167,Sara Khan,14585.84,3845.130000000001,2,10
9585,Saad Mirza,14584.0,3694.5200000000004,3,13
5244,Imran Shah,14582.32,3004.6900000000005,3,13
6539,Ali Sheikh,14577.150000000001,3266.970000000001,2,9
3595,Bilal Khan,14576.1,3181.3299999999995,4,18
5234,Hamza Siddiqui,14568.130000000001,1910.7600000000007,4,19
372,Maryam Malik,14563.220000000001,4180.68,1,7
6233,Saad Mirza,14551.0,4001.68,2,11
3515,Ayesha Chaudhry,14550.41,5286.119999999999,1,7
8030,Fahad Raza,14546.82,2518.9,3,12
9971,Fahad Memon,14545.14,3056.479999999999,3,15
710,Fahad Sheikh,14541.83,3987.869999999999,2,11
6498,Bilal Sheikh,14533.14,4759.8,2,8
7914,Ayesha Chaudhry,14533.0,3429.5600000000004,2,9
3969,Hussain Siddiqui,14529.27,4141.9,1,7
5245,Saad Siddiqui,14521.150000000001,2465.8400000000006,3,17
5022,Omar Mirza,14517.810000000001,4026.01,3,9
1876,Sana Buriro,14513.94,3523.17,2,9
8092,Sara Khan,14512.79,3224.1900000000005,2,10
860,Ayesha Sheikh,14501.53,4150.88,3,18
8618,Omar Memon,14488.94,3570.1000000000004,3,13
7754,Sana Mirza,14484.259999999998,3551.499999999998,3,16
7977,Danish Mirza,14464.16,4570.52,3,13
1389,Zainab Chaudhry,14454.079999999998,1976.0599999999986,2,11
6683,Fatima Raza,14446.61,3974.63,5,24
4194,Maryam Mirza,14432.179999999998,4599.209999999997,1,7
3029,Ali Hussain,14426.09,3353.74,4,17
8231,Hassan Shah,14394.73,4169.74,4,19
3522,Maryam Chaudhry,14392.44,2598.97,5,15
5139,Fahad Shah,14392.289999999999,771.0399999999989,3,14
8192,Saad Mirza,14384.24,2297.0600000000004,3,12
561,Ali Ali,14381.8,1639.6999999999998,2,13
3715,Fahad Mirza,14359.87,3016.9300000000007,2,10
1972,Imran Iqbal,14357.68,3508.259999999999,3,15
9244,Maham Shah,14339.309999999998,641.0,2,13
4665,Ayesha Raza,14328.84,909.3399999999997,3,19
9633,Hira Shah,14324.48,3451.679999999999,2,9
3995,Ali Shah,14320.89,3344.0999999999995,3,10
1704,Omar Hussain,14295.31,2790.21,4,23
7970,Omar Khan,14283.02,1817.5200000000013,2,10
8205,Imran Malik,14282.16,3360.7,2,10
5306,Omar Hussain,14279.19,1559.0699999999997,2,9
549,Danish Buriro,14266.57,3044.210000000001,2,13
5652,Hassan Siddiqui,14266.05,3714.2699999999995,2,9
9188,Maham Hussain,14220.720000000001,3426.540000000001,4,15
9330,Fahad Hussain,14216.66,3317.2400000000007,3,10
2946,Sara Siddiqui,14201.51,2147.01,3,19
2834,Usman Mirza,14200.830000000002,2500.3800000000006,2,10
7797,Ahmed Shah,14192.939999999999,2817.5599999999986,2,12
9103,Hussain Sheikh,14153.990000000002,2527.180000000001,3,12
4796,Usman Ahmed,14137.18,4185.08,4,14
9883,Saad Hussain,14119.060000000001,5143.520000000002,2,10
4518,Fahad Malik,14112.169999999998,2824.4099999999994,3,17
4837,Fahad Ali,14097.65,4002.290000000001,2,7
1008,Maryam Malik,14092.439999999999,3617.0399999999995,2,9
6423,Hira Memon,14076.920000000002,2051.5300000000034,2,10
6361,Sana Qureshi,14052.27,1003.6699999999997,3,18
4407,Sana Chaudhry,14049.34,2351.5700000000006,2,11
6615,Hussain Iqbal,14047.810000000001,1702.2000000000007,3,17
3791,Ali Shah,14025.1,3786.8500000000026,4,10
4925,Hira Sheikh,14011.310000000001,980.3000000000002,4,14
825,Saad Mirza,14009.03,2881.49,2,8
2496,Maryam Sheikh,14002.12,2947.7400000000007,3,15
7910,Hussain Qureshi,13998.25,3624.2800000000007,2,9
7106,Omar Khan,13987.44,3705.419999999999,3,15
5320,Maham Malik,13987.38,2396.1799999999994,4,11
850,Omar Iqbal,13980.07,4165.739999999998,3,9
4424,Usman Shah,13978.810000000001,4848.600000000001,3,12
5278,Imran Memon,13977.48,1982.04,2,10
7491,Hussain Iqbal,13961.16,2855.499999999999,4,18
271,Sara Khan,13949.07,3349.9499999999994,3,9
5419,Fatima Ahmed,13944.36,5136.240000000002,1,6
6599,Ayesha Ali,13942.300000000001,3587.530000000002,2,8
7995,Zainab Khan,13942.16,959.3800000000006,3,16
4127,Ali Sheikh,13933.64,3606.3199999999997,2,9
9741,Bilal Sheikh,13902.43,3191.78,3,14
5059,Saad Hussain,13893.35,2772.2700000000004,3,16
3982,Sana Siddiqui,13883.720000000001,3480.4900000000002,5,14
6169,Saad Qureshi,13872.29,3542.4,2,10
6912,Usman Hussain,13869.900000000001,2491.400000000001,3,14
2469,Saad Raza,13865.169999999998,1987.6899999999991,3,15
3956,Ali Raza,13863.01,4008.34,1,7
9591,Maham Memon,13862.29,1215.23,3,15
3358,Imran Sheikh,13856.060000000001,3664.7000000000003,3,14
9064,Hussain Buriro,13841.3,2891.7800000000007,4,13
4595,Ayesha Shah,13839.96,3621.369999999999,2,12
3040,Sana Hussain,13824.42,4170.06,2,10
9316,Usman Iqbal,13823.03,3836.3100000000013,2,11
2267,Sara Buriro,13818.57,2817.7799999999997,2,11
552,Imran Ahmed,13810.960000000001,4195.1100000000015,2,8
6422,Maryam Sheikh,13803.79,3536.7699999999995,4,12
9065,Hamza Ahmed,13802.95,2934.05,2,13
5393,Danish Iqbal,13802.74,4512.9,1,7
171,Maryam Malik,13790.91,2003.9299999999998,3,17
2381,Saad Mirza,13786.0,748.7299999999992,3,15
9900,Hamza Chaudhry,13784.49,3393.9800000000005,3,17
4723,Sara Malik,13764.03,2744.4999999999995,3,11
5241,Bilal Ahmed,13761.18,2474.0199999999995,2,12
1117,Imran Ahmed,13751.39,3625.7599999999993,3,10
7867,Hamza Khan,13738.48,1110.62,2,14
1401,Maham Siddiqui,13729.099999999999,3495.379999999998,2,10
5559,Hamza Memon,13721.240000000002,4192.02,2,11
8260,Ali Raza,13707.449999999999,2800.779999999997,2,13
3007,Hira Raza,13697.97,4215.449999999999,2,9
7050,Fatima Malik,13687.45,3253.53,4,22
3102,Usman Ahmed,13678.190000000002,4477.440000000002,2,7
7955,Maryam Mirza,13664.82,3549.959999999999,2,12
5944,Omar Mirza,13630.380000000001,4673.2800000000025,1,6
6319,Fahad Sheikh,13602.84,3752.6100000000015,2,9
586,Maryam Hussain,13601.68,4615.9,2,13
807,Hira Memon,13592.79,2705.9799999999996,3,12
4535,Zainab Sheikh,13589.82,2815.4900000000007,3,14
410,Hira Iqbal,13586.82,3309.9900000000007,2,9
9471,Sana Memon,13573.61,2349.8300000000013,2,13
1149,Hussain Sheikh,13573.460000000001,3889.8200000000006,3,14
1749,Hassan Sheikh,13572.240000000002,3764.2800000000007,2,10
3769,Usman Hussain,13566.43,4368.840000000001,3,12
3611,Omar Hussain,13551.49,3859.87,3,15
3526,Saad Siddiqui,13545.78,4562.82,1,6
9132,Ali Buriro,13522.74,2430.6099999999997,2,13
7150,Hamza Hussain,13522.46,3239.459999999999,1,7
315,Zainab Qureshi,13510.539999999999,2995.8499999999995,5,9
5968,Hassan Malik,13505.29,4093.6600000000008,3,13
1763,Bilal Shah,13489.699999999999,2778.2999999999997,3,10
1347,Imran Siddiqui,13486.43,3455.7700000000004,2,11
3196,Maham Qureshi,13474.98,4618.089999999999,2,9
6219,Omar Ahmed,13468.66,2089.9799999999996,2,12
8527,Ali Mirza,13463.71,1865.19,3,12
664,Hira Ali,13448.439999999999,1799.5700000000002,2,9
1641,Ahmed Buriro,13446.870000000003,2184.720000000002,2,9
6695,Omar Siddiqui,13438.439999999999,588.3599999999984,3,11
1734,Zainab Shah,13422.58,3238.26,3,11
70,Hamza Siddiqui,13421.82,2729.2199999999993,2,12
4165,Hussain Hussain,13404.650000000001,3542.0499999999993,2,12
4527,Ali Memon,13385.96,3021.129999999999,1,7
7025,Sana Ali,13385.050000000001,3220.420000000002,1,7
3006,Omar Buriro,13358.109999999999,4517.229999999999,2,11
9236,Usman Malik,13358.09,1648.6499999999996,2,11
4704,Fahad Qureshi,13355.150000000001,2441.4500000000007,4,13
8878,Ali Memon,13352.710000000001,4062.940000000001,2,14
8713,Omar Buriro,13342.36,1495.9799999999998,3,14
1084,Hamza Mirza,13339.869999999999,2482.6399999999994,3,12
8817,Zainab Mirza,13326.07,2653.3,4,16
7211,Sana Sheikh,13317.6,2105.4000000000005,2,10
1392,Maham Mirza,13313.46,3088.8,2,7
6946,Maham Buriro,13311.61,4037.3000000000006,2,9
9533,Fatima Iqbal,13311.11,2965.5400000000004,3,11
7576,Imran Iqbal,13301.94,4498.890000000001,2,12
7704,Imran Hussain,13295.52,2763.3199999999997,2,9
4664,Hussain Ali,13288.4,1610.9399999999996,3,14
4574,Sara Qureshi,13287.48,4993.98,1,6
7832,Ayesha Memon,13270.52,2556.769999999999,2,12
4746,Usman Khan,13254.310000000001,3217.1900000000005,2,9
2785,Hamza Shah,13249.59,2430.6299999999997,3,12
7457,Zainab Memon,13246.869999999999,4057.2799999999997,3,7
776,Bilal Mirza,13236.66,2720.1400000000003,2,11
1284,Danish Hussain,13221.74,2081.86,3,10
1156,Bilal Ali,13218.630000000001,1460.5299999999997,2,9
7088,Usman Malik,13214.11,3880.6100000000015,2,7
5225,Ayesha Sheikh,13213.080000000002,1783.680000000002,2,12
3884,Fahad Siddiqui,13203.12,2996.350000000002,1,7
8024,Hassan Siddiqui,13177.66,3254.6100000000006,2,8
99,Hamza Ali,13173.970000000001,3784.3900000000003,2,9
3297,Omar Buriro,13172.880000000001,3637.860000000001,2,8
5330,Hassan Qureshi,13172.529999999999,4280.8499999999985,1,7
369,Sara Qureshi,13170.7,4304.369999999999,3,10
701,Fahad Shah,13169.87,2945.880000000001,1,7
1262,Usman Siddiqui,13163.710000000001,2871.07,3,17
7414,Hussain Raza,13158.98,3061.930000000001,2,11
7157,Omar Mirza,13158.62,1956.3700000000001,3,16
4181,Hussain Memon,13147.439999999999,4898.639999999999,1,6
3858,Hassan Siddiqui,13142.46,4380.299999999999,1,6
4711,Fatima Buriro,13136.22,4344.779999999999,1,6
4021,Fahad Shah,13132.86,3045.8,2,8
3341,Hussain Qureshi,13123.170000000002,3261.500000000001,3,11
6597,Maham Shah,13120.34,2804.61,3,13
6751,Hussain Khan,13118.18,3270.3499999999995,2,7
6451,Hassan Malik,13117.720000000001,4120.410000000002,1,7
2563,Hassan Buriro,13104.150000000001,3181.7200000000007,3,10
6548,Ahmed Raza,13100.82,3483.67,2,9
6150,Danish Memon,13093.259999999998,3237.319999999999,2,8
7343,Maryam Chaudhry,13087.65,3504.5300000000007,4,19
6754,Sana Chaudhry,13042.75,1146.0,2,10
8510,Zainab Mirza,13040.93,698.1800000000001,3,20
1364,Hassan Khan,13036.41,1994.8700000000008,3,13
3820,Danish Mirza,13024.57,1990.1,3,10
6122,Zainab Qureshi,13023.81,4410.79,2,7
3056,Fahad Sheikh,13013.159999999998,4255.079999999998,2,8
7140,Danish Ahmed,12992.91,3720.1499999999996,1,7
5644,Ahmed Qureshi,12970.869999999999,857.6999999999994,3,13
4365,Saad Buriro,12966.060000000001,2286.6000000000004,3,17
3816,Hamza Qureshi,12964.93,1946.7500000000005,3,10
2517,Omar Ahmed,12962.529999999999,2903.739999999999,2,14
2600,Sana Iqbal,12962.46,3697.8899999999994,1,7
6089,Fahad Qureshi,12958.35,759.0500000000011,2,9
8068,Ayesha Siddiqui,12949.939999999999,2831.579999999999,2,9
5109,Sana Sheikh,12922.98,2408.720000000002,2,8
9264,Usman Mirza,12920.95,1938.3700000000003,2,14
2149,Ayesha Buriro,12920.25,4593.68,1,7
608,Ahmed Ali,12909.66,2867.5099999999998,3,11
7751,Ayesha Mirza,12903.75,2441.020000000001,3,15
475,Imran Malik,12894.439999999999,3047.5799999999995,3,11
7419,Sara Siddiqui,12892.25,4391.870000000001,1,7
5407,Zainab Qureshi,12883.6,2319.46,2,13
2659,Zainab Ali,12870.58,3027.5300000000007,2,8
7982,Hassan Chaudhry,12863.259999999998,1603.869999999999,2,8
8840,Sana Memon,12854.79,2854.33,3,10
2317,Bilal Ahmed,12848.64,3410.6800000000003,1,7
4107,Saad Memon,12836.67,2888.88,2,13
7334,Bilal Hussain,12836.11,3898.720000000001,1,7
7991,Hussain Raza,12830.32,2560.5599999999995,4,18
9622,Sara Memon,12829.48,3784.8000000000006,2,9
9865,Sara Khan,12827.35,2449.9900000000007,3,12
1419,Saad Chaudhry,12825.599999999999,4463.2199999999975,1,6
7118,Ayesha Memon,12815.52,39.52000000000044,2,10
3854,Danish Qureshi,12813.59,3118.619999999999,3,17
7962,Bilal Shah,12810.81,3109.2799999999993,2,10
6653,Maryam Memon,12808.01,669.0499999999997,2,12
7678,Sana Iqbal,12803.99,3367.24,2,7
9280,Saad Chaudhry,12801.01,3050.3600000000006,3,10
1546,Hamza Qureshi,12797.07,3739.519999999999,2,9
4272,Fatima Sheikh,12784.92,3778.77,2,9
1034,Sara Chaudhry,12781.98,4339.92,1,6
2579,Imran Ali,12776.33,3471.9300000000003,1,7
157,Hassan Malik,12770.59,4050.2000000000007,1,7
3290,Hassan Siddiqui,12759.710000000001,3017.2000000000016,2,9
8315,Saad Shah,12758.269999999999,2885.959999999999,1,7
2955,Maham Sheikh,12751.97,2304.1799999999994,4,16
3173,Hussain Memon,12746.52,3579.5699999999993,3,12
5780,Fahad Ali,12744.78,1763.6200000000008,2,10
3856,Bilal Shah,12735.6,3290.8800000000006,2,12
6618,Hussain Mirza,12727.65,3463.45,2,7
318,Hussain Memon,12727.55,2738.8900000000003,3,15
1736,Usman Buriro,12727.12,3748.710000000001,1,7
9501,Ayesha Memon,12726.77,862.9599999999996,2,9
7580,Danish Qureshi,12709.380000000001,4295.640000000001,1,6
1141,Maham Qureshi,12705.599999999999,2624.3999999999987,2,12
6536,Zainab Ahmed,12704.03,2388.6400000000003,2,12
4902,Maryam Malik,12700.170000000002,1977.2600000000002,3,16
3977,Imran Khan,12692.12,1733.1599999999999,3,12
5441,Ahmed Ali,12675.39,2685.8999999999996,1,7
4257,Danish Khan,12658.05,3703.4,2,10
5285,Imran Ahmed,12652.99,2757.16,1,7
7026,Usman Sheikh,12648.369999999999,4304.679999999999,2,8
7293,Hassan Mirza,12645.52,3044.1600000000003,3,10
2651,Ahmed Iqbal,12643.54,3431.1900000000005,1,7
2271,Sana Hussain,12627.8,2825.5499999999997,3,15
4111,Hamza Malik,12615.58,3714.3800000000006,2,11
8063,Hussain Raza,12603.960000000001,2608.370000000001,2,9
7839,Hamza Buriro,12600.150000000001,2728.9300000000003,3,14
737,Ayesha Shah,12599.4,2533.2800000000007,3,11
417,Fatima Ahmed,12599.1,1658.9899999999998,2,11
8703,Fatima Shah,12593.349999999999,4099.269999999999,2,7
8571,Omar Hussain,12583.13,2186.1000000000004,1,7
8785,Fatima Memon,12580.239999999998,2658.8499999999985,2,9
6761,Saad Khan,12579.83,2621.8600000000006,2,7
1631,Ayesha Sheikh,12577.550000000001,3556.8899999999994,3,12
7333,Ayesha Qureshi,12561.460000000001,2045.86,2,9
1416,Imran Buriro,12546.91,2515.3899999999994,3,11
7301,Usman Siddiqui,12546.87,2492.840000000002,1,7
7857,Hamza Ahmed,12543.86,3565.4500000000007,1,7
9249,Omar Hussain,12541.87,2241.9400000000005,4,15
8523,Sara Iqbal,12537.9,2140.23,2,8
9485,Maryam Buriro,12536.61,4104.45,2,7
8631,Usman Sheikh,12535.39,2859.9199999999983,2,14
4871,Hamza Siddiqui,12524.78,918.7700000000001,3,11
4146,Ayesha Shah,12523.14,3681.4400000000005,1,7
6997,Fahad Buriro,12520.579999999998,3203.609999999999,2,12
5844,Maryam Raza,12504.24,2862.9300000000003,1,7
8258,Maryam Shah,12499.52,3163.3199999999997,2,8
4548,Usman Shah,12492.18,1899.7399999999998,2,11
1422,Maham Sheikh,12473.48,2706.0199999999995,2,8
9304,Danish Raza,12426.420000000002,4530.120000000003,1,6
7036,Zainab Hussain,12413.67,3573.09,2,9
6572,Ali Sheikh,12392.34,4232.16,1,6
8069,Fahad Ali,12391.86,3978.0,1,6
4210,Sara Shah,12388.46,3487.119999999999,1,7
7436,Ayesha Siddiqui,12386.94,3167.01,2,9
118,Fatima Memon,12381.97,2756.2999999999993,3,13
490,Omar Raza,12379.5,4083.1499999999996,3,10
1824,Maryam Hussain,12366.65,1233.13,2,9
8046,Maham Shah,12362.580000000002,1073.360000000002,3,11
2632,Sana Sheikh,12361.079999999998,4420.019999999999,1,6
6033,Bilal Ali,12357.119999999999,1063.349999999999,3,16
9646,Maham Sheikh,12357.05,3307.7200000000003,4,14
7132,Ayesha Hussain,12356.470000000001,2234.050000000001,1,7
349,Sara Raza,12355.699999999999,3803.659999999998,1,7
5803,Hira Buriro,12352.320000000002,3218.670000000002,2,9
4589,Ahmed Hussain,12334.720000000001,3766.0200000000004,2,9
2592,Maryam Chaudhry,12330.43,1891.9700000000003,3,16
5876,Hassan Sheikh,12322.449999999999,3522.0499999999993,1,7
9261,Ayesha Iqbal,12320.42,1489.1500000000005,5,16
3517,Imran Hussain,12311.689999999999,1332.3199999999993,2,10
350,Ahmed Ali,12307.37,3261.640000000001,3,13
7882,Fatima Khan,12301.14,1275.5600000000009,2,9
2692,Omar Qureshi,12300.96,2522.48,2,7
6962,Hamza Ahmed,12296.25,4191.8,3,12
9406,Hamza Hussain,12291.619999999999,1843.2099999999982,2,9
2703,Ali Qureshi,12276.07,4345.47,2,11
6297,Hamza Mirza,12261.34,2744.1400000000012,1,7
8318,Ahmed Chaudhry,12253.36,2744.9100000000017,1,7
5166,Hamza Buriro,12244.62,3044.9000000000005,2,9
7337,Hussain Hussain,12244.449999999999,1130.5300000000007,3,10
8693,Hussain Khan,12236.21,2805.6699999999983,1,7
4175,Sara Buriro,12228.42,4132.92,1,6
5021,Sana Chaudhry,12221.52,4282.920000000001,1,6
7061,Ayesha Ahmed,12212.69,2970.4500000000007,1,7
7942,Sara Qureshi,12212.269999999999,3125.3599999999988,1,7
6570,Maham Chaudhry,12212.16,3360.85,3,8
3554,Hassan Sheikh,12211.5,1519.7399999999993,2,9
6388,Hassan Ali,12206.36,606.0800000000017,2,11
4151,Saad Shah,12200.300000000001,3601.9900000000016,1,7
9277,Hira Mirza,12200.16,3227.279999999999,1,6
5678,Saad Raza,12199.870000000003,1706.1100000000015,4,15
6435,Zainab Raza,12198.87,3572.3399999999992,3,11
2473,Ali Memon,12197.35,2247.1600000000008,2,8
3609,Maryam Ahmed,12196.64,553.4999999999982,2,11
5457,Hussain Ahmed,12196.130000000001,2015.8899999999999,3,17
4978,Zainab Shah,12178.26,3822.06,3,16
6583,Maryam Buriro,12168.789999999999,1693.7599999999984,2,11
9181,Fatima Siddiqui,12165.21,2461.1900000000005,2,7
9396,Usman Memon,12159.78,4064.2800000000007,1,6
9730,Sara Iqbal,12159.54,3586.7799999999993,3,10
3598,Sara Chaudhry,12157.51,3233.36,2,8
9729,Omar Hussain,12133.59,3336.9699999999993,1,7
8412,Hassan Sheikh,12131.84,3314.2199999999984,2,13
7740,Ali Siddiqui,12128.08,3080.0999999999995,3,11
9267,Usman Sheikh,12117.21,2454.619999999999,1,7
3276,Sana Mirza,12110.58,4463.76,1,6
5347,Hira Memon,12106.11,2321.800000000001,2,8
3632,Maham Iqbal,12098.31,4477.689999999999,1,7
3786,Hira Chaudhry,12097.44,2576.8099999999995,2,11
9587,Ali Malik,12094.81,4097.099999999999,1,7
5495,Fatima Mirza,12087.18,1149.6499999999996,3,13
6822,Saad Iqbal,12085.220000000001,2500.470000000001,1,7
3562,Maryam Sheikh,12084.460000000001,2601.2400000000007,2,10
1751,Ahmed Hussain,12081.93,2259.8099999999995,1,7
2865,Ayesha Siddiqui,12079.45,3455.350000000001,2,11
9615,Bilal Khan,12079.13,3427.129999999999,1,7
4984,Maham Ahmed,12071.29,3633.42,1,7
8776,Ahmed Ahmed,12071.02,2360.5399999999995,3,9
6551,Bilal Mirza,12067.86,2640.540000000001,1,7
8325,Fatima Chaudhry,12055.710000000001,1805.85,2,11
5485,Ali Chaudhry,12043.2,2994.41,2,7
9210,Usman Buriro,12040.259999999998,1735.9099999999994,3,9
4249,Saad Ahmed,12038.33,2399.5699999999997,3,11
7825,Sana Iqbal,12024.92,2384.7799999999997,3,8
9697,Danish Siddiqui,12021.77,2683.7299999999987,2,13
2848,Sana Khan,12021.66,2834.6499999999996,1,7
189,Sara Buriro,12016.269999999999,3025.6799999999985,1,7
632,Ayesha Mirza,12013.550000000001,3550.3400000000006,3,17
2072,Hussain Siddiqui,12010.16,1648.5700000000006,2,9
9813,Hira Hussain,11998.56,3092.3899999999994,1,7
6672,Usman Malik,11978.81,1805.3899999999996,3,11
4485,Omar Mirza,11970.78,2852.24,2,10
6337,Bilal Siddiqui,11960.39,2453.95,3,13
5295,Imran Buriro,11959.56,2925.7999999999997,3,12
277,Danish Malik,11938.01,3524.8500000000004,1,7
8784,Hassan Shah,11929.19,3546.550000000001,1,7
386,Hira Iqbal,11915.75,3025.6100000000006,1,7
5092,Ali Buriro,11910.999999999998,1493.5499999999984,2,11
8404,Zainab Mirza,11907.54,1914.0099999999993,2,10
1139,Usman Khan,11898.96,2465.2899999999995,2,7
2611,Hamza Chaudhry,11898.3,3754.379999999999,1,6
7975,Usman Buriro,11897.199999999999,3635.9399999999987,1,7
6368,Usman Shah,11896.76,3163.0,2,9
6913,Sana Hussain,11895.619999999999,3860.8999999999996,2,9
1206,Zainab Khan,11893.779999999999,3173.169999999999,2,8
4153,Hamza Siddiqui,11891.640000000001,3275.100000000001,2,12
3079,Ahmed Hussain,11881.81,3929.069999999999,2,12
5207,Saad Khan,11874.66,2599.1399999999994,2,9
6891,Bilal Hussain,11862.18,3465.27,4,15
5178,Maryam Khan,11854.970000000001,2356.5099999999993,3,13
4644,Ayesha Khan,11851.08,3907.9800000000005,1,6
3843,Zainab Hussain,11837.880000000001,2065.9800000000005,2,12
1785,Maham Shah,11835.04,3909.4300000000003,1,7
5328,Bilal Chaudhry,11828.46,3569.8599999999988,1,7
4386,Zainab Chaudhry,11814.94,3895.1800000000017,3,9
2380,Fatima Memon,11810.49,949.78,2,9
877,Maryam Qureshi,11791.61,2421.9000000000005,2,10
3451,Ali Memon,11791.01,2325.120000000001,1,7
2123,Omar Malik,11785.82,2762.5999999999995,2,8
202,Hamza Iqbal,11785.68,2824.26,1,6
4866,Imran Ali,11778.599999999999,3193.9199999999983,1,6
7547,Fatima Sheikh,11766.37,2525.5999999999995,2,8
62,Hira Sheikh,11762.7,3499.620000000001,1,6
6959,Hassan Qureshi,11741.54,3537.8500000000013,4,12
8312,Bilal Malik,11738.58,1307.3199999999997,1,7
2722,Imran Mirza,11735.93,3582.3799999999997,2,10
8407,Bilal Ahmed,11734.529999999999,3577.37,3,15
1224,Maham Hussain,11734.41,968.3000000000002,2,11
5240,Maryam Raza,11733.960000000001,1290.2600000000011,2,8
3068,Hira Ahmed,11731.83,2394.250000000001,2,7
5886,Omar Khan,11731.79,3007.4100000000017,1,7
4712,Fatima Shah,11727.650000000001,4268.35,2,11
1689,Zainab Raza,11725.880000000001,3286.2000000000003,4,13
4649,Maham Malik,11717.58,1123.9799999999996,2,12
6151,Maham Mirza,11716.94,2591.7100000000005,3,13
2844,Maham Shah,11716.240000000002,3843.7200000000003,2,8
7724,Sana Qureshi,11706.329999999998,3804.7799999999993,2,8
5104,Fahad Hussain,11696.93,2901.6399999999994,1,7
4430,Bilal Khan,11696.320000000002,2269.240000000002,2,8
1639,Ahmed Shah,11691.72,3038.16,1,6
526,Zainab Qureshi,11680.18,2884.23,3,14
2763,Maryam Ali,11656.86,3586.6800000000003,1,6
8308,Ayesha Memon,11656.46,3209.9699999999993,3,14
8359,Ayesha Chaudhry,11652.41,3348.6499999999996,3,7
6630,Omar Memon,11648.52,3149.7599999999993,2,9
4610,Hassan Iqbal,11644.71,2730.4199999999983,1,7
5516,Usman Iqbal,11642.17,1548.8000000000002,2,11
5688,Maryam Ahmed,11640.36,2858.880000000001,2,8
6441,Sara Sheikh,11639.32,435.2000000000003,3,9
1040,Bilal Ali,11637.4,2380.76,3,16
5618,Ahmed Mirza,11632.05,3109.86,2,8
3600,Usman Siddiqui,11626.12,1846.9700000000003,2,7
91,Imran Ahmed,11623.16,3111.0200000000004,2,8
1509,Zainab Shah,11617.789999999999,1753.0899999999997,4,22
1662,Maham Hussain,11617.73,2179.9399999999996,4,19
2552,Usman Sheikh,11612.800000000001,2427.4,2,8
9878,Hira Mirza,11608.5,3626.68,2,6
5827,Fatima Memon,11606.62,2596.2700000000004,2,10
1871,Usman Malik,11601.84,2741.58,1,6
2503,Maham Iqbal,11584.46,682.2999999999997,2,9
4881,Sana Ahmed,11583.82,4259.32,2,9
8883,Danish Hussain,11583.08,2699.66,3,11
8386,Hamza Qureshi,11566.519999999999,1194.5499999999975,1,7
5696,Ali Malik,11555.619999999999,3508.62,2,11
476,Ahmed Malik,11551.699999999999,2666.709999999998,2,13
7335,Sana Qureshi,11548.79,3135.1600000000008,3,9
4629,Fatima Ahmed,11526.97,2798.7599999999993,3,9
9507,Fatima Raza,11525.28,2891.1000000000004,1,6
9458,Ali Ahmed,11524.25,3618.53,3,12
5239,Sara Siddiqui,11522.52,601.889999999999,4,15
7666,Maryam Siddiqui,11518.08,3162.42,1,6
7024,Imran Sheikh,11508.3,3567.4799999999996,1,6
4421,Bilal Malik,11506.92,3715.5499999999993,3,15
3802,Bilal Shah,11505.8,4364.049999999999,1,5
6736,Maryam Iqbal,11496.73,2650.8700000000003,2,11
3343,Omar Ahmed,11494.2,3236.7600000000007,2,8
8696,Sana Sheikh,11488.589999999998,2160.3499999999995,2,7
2352,Zainab Mirza,11479.15,3409.809999999999,2,7
6728,Bilal Malik,11478.670000000002,1954.8700000000003,2,10
1285,Omar Chaudhry,11472.43,2071.379999999999,3,17
9870,Ahmed Chaudhry,11469.42,3720.120000000001,1,6
7305,Hamza Sheikh,11458.86,2593.5699999999997,1,7
397,Sara Mirza,11448.5,3827.879999999999,1,7
7007,Danish Mirza,11444.41,2534.74,2,11
4447,Hira Qureshi,11438.49,1614.1299999999992,1,7
1967,Sara Memon,11432.34,3419.3999999999996,1,6
9570,Ali Hussain,11426.59,1425.130000000001,1,7
5680,Omar Qureshi,11421.48,1243.319999999999,2,12
987,Hira Qureshi,11420.91,1548.6899999999994,2,9
4561,Maryam Iqbal,11414.83,1655.289999999999,1,7
9967,Ahmed Qureshi,11410.01,2828.1600000000008,3,17
2631,Saad Ali,11408.23,2900.7700000000004,2,8
4571,Zainab Malik,11406.57,2151.800000000001,1,7
4439,Hamza Malik,11405.17,2468.2699999999995,2,14
2907,Bilal Iqbal,11401.72,2036.0,2,7
9668,Saad Iqbal,11399.64,590.0799999999999,2,9
5463,Ali Ali,11395.77,2474.4100000000008,3,14
5964,Hussain Malik,11394.81,1585.96,2,13
13,Maham Hussain,11392.92,3746.540000000001,1,7
4253,Hussain Ahmed,11391.29,2971.090000000001,2,11
3756,Omar Qureshi,11390.98,2507.8199999999997,6,25
56,Bilal Buriro,11388.28,1535.0600000000004,2,8
2901,Hassan Qureshi,11387.26,3374.620000000001,2,10
2640,Omar Ahmed,11385.84,2059.580000000001,3,15
69,Maryam Khan,11383.75,1657.02,2,13
5204,Bilal Siddiqui,11383.31,924.129999999999,3,13
6990,Sana Khan,11382.0,4003.08,2,12
2526,Ayesha Ahmed,11380.0,2627.6500000000005,3,10
5969,Hamza Hussain,11375.819999999998,3496.759999999998,2,10
1863,Ali Iqbal,11375.720000000001,2164.0899999999992,2,11
3306,Hamza Khan,11375.279999999999,4111.0999999999985,1,7
2102,Hamza Ali,11370.84,1501.6800000000003,3,17
3533,Ali Sheikh,11366.25,3122.6099999999997,3,11
9516,Zainab Chaudhry,11365.87,1441.8100000000013,2,7
5217,Usman Qureshi,11362.84,3186.68,3,16
2867,Danish Siddiqui,11357.36,1589.6799999999998,2,10
4647,Hira Chaudhry,11357.36,3079.300000000001,1,7
7195,Omar Buriro,11356.97,2290.859999999999,2,7
8099,Hamza Siddiqui,11353.32,1957.8900000000003,3,15
4799,Hira Mirza,11341.59,1765.4100000000008,2,9
4825,Saad Siddiqui,11330.29,2932.6800000000007,2,11
1351,Fahad Buriro,11325.119999999999,3709.5599999999995,1,6
4187,Hira Ali,11319.75,4209.280000000001,2,6
9388,Hamza Mirza,11314.66,3897.74,1,7
3602,Bilal Ali,11311.619999999999,2312.459999999999,1,6
8805,Omar Buriro,11294.5,3294.199999999999,1,7
7389,Fatima Khan,11293.170000000002,1801.1400000000008,3,11
7017,Zainab Qureshi,11288.52,3209.900000000001,2,7
6816,Omar Ahmed,11287.41,1909.0900000000001,2,12
6281,Omar Buriro,11283.300000000001,1574.5100000000002,1,7
5274,Fahad Mirza,11281.03,2895.9199999999996,3,10
7552,Sana Memon,11280.079999999998,2230.6099999999988,2,7
9185,Usman Buriro,11276.949999999999,4071.8499999999985,1,5
6895,Usman Ahmed,11275.880000000001,1526.5599999999995,2,14
3479,Hussain Chaudhry,11267.25,2222.3600000000015,2,9
6403,Hassan Khan,11261.949999999999,1632.6800000000003,1,7
6232,Saad Sheikh,11248.57,3109.569999999999,2,7
6028,Sara Ali,11247.73,1425.9599999999987,3,15
9694,Hira Khan,11240.46,3811.08,1,7
529,Ayesha Buriro,11234.109999999999,1138.0899999999997,5,15
7964,Fahad Memon,11233.080000000002,2362.6800000000007,2,12
435,Ayesha Khan,11226.18,3370.8600000000006,2,9
80,Zainab Buriro,11216.69,2534.6599999999985,2,9
6749,Maham Siddiqui,11216.58,2427.3899999999994,2,9
5558,Sana Malik,11208.24,2654.9299999999994,2,6
1829,Zainab Chaudhry,11207.96,1926.83,3,17
4936,Maryam Ahmed,11206.51,3503.81,2,9
6299,Maham Malik,11194.49,2754.2400000000002,3,10
3643,Hassan Mirza,11191.5,2038.3800000000015,2,10
2679,Hira Buriro,11191.18,3193.4600000000005,2,7
2139,Ahmed Buriro,11190.26,2037.6600000000008,2,10
3115,Ali Siddiqui,11181.57,3554.39,2,11
4415,Maryam Shah,11180.96,1994.6399999999994,3,14
3370,Omar Siddiqui,11178.92,2285.79,2,10
8211,Sara Siddiqui,11176.32,2710.379999999999,1,6
8340,Ayesha Buriro,11167.260000000002,1321.5900000000001,2,9
2564,Usman Sheikh,11161.16,1478.8700000000013,5,16
6440,Usman Raza,11156.71,1777.67,3,7
5068,Ali Qureshi,11146.210000000001,2350.9100000000008,2,10
2522,Omar Raza,11145.85,1559.5900000000001,2,10
9182,Maryam Ali,11140.38,2865.329999999999,3,12
6360,Danish Sheikh,11139.2,1604.6900000000005,4,17
2478,Omar Ahmed,11138.869999999999,2552.44,3,11
1885,Danish Qureshi,11124.439999999999,2474.04,2,8
3666,Bilal Siddiqui,11117.84,1275.7599999999993,3,13
7078,Fatima Iqbal,11110.56,1598.4599999999987,3,12
7281,Hussain Memon,11110.070000000002,1419.030000000001,3,13
658,Imran Malik,11104.470000000001,2664.4800000000005,2,12
1047,Danish Ahmed,11092.73,1773.9999999999995,3,12
9187,Fatima Buriro,11091.789999999999,1534.2199999999998,2,12
3758,Bilal Malik,11091.78,2218.26,1,6
2058,Bilal Sheikh,11086.14,2911.6799999999985,1,6
8943,Hamza Ali,11084.92,2431.1000000000004,1,7
2109,Fatima Qureshi,11084.52,1285.3199999999997,2,10
7083,Omar Buriro,11082.25,3982.1499999999996,1,5
1263,Ahmed Malik,11081.460000000001,2528.520000000001,2,6
3402,Zainab Mirza,11080.779999999999,2951.9399999999996,2,10
8004,Ayesha Khan,11077.619999999999,2087.0999999999985,1,6
9764,Imran Malik,11075.039999999999,4036.379999999999,1,6
4346,Hamza Iqbal,11072.52,2902.5600000000004,2,8
4195,Imran Malik,11069.58,2807.0699999999993,3,16
4877,Maham Shah,11067.539999999999,3950.9399999999996,1,6
6115,Sana Siddiqui,11066.09,1830.1499999999996,1,7
3320,Maham Malik,11065.939999999999,2783.239999999999,2,9
3823,Hassan Raza,11059.37,2173.9900000000016,1,7
9080,Imran Qureshi,11056.58,1952.63,2,12
7130,Ayesha Malik,11054.92,2169.7199999999993,2,8
6274,Danish Khan,11046.37,3202.070000000002,2,9
3527,Hira Ali,11038.669999999998,3472.229999999998,2,12
1673,Zainab Buriro,11036.8,2550.8,2,10
8838,Bilal Memon,11032.58,2183.9000000000005,3,12
7364,Omar Mirza,11032.54,2587.619999999999,2,8
8641,Hassan Malik,11032.439999999999,2255.039999999999,3,14
1865,Hamza Hussain,11031.79,1541.6800000000003,2,14
7899,Maham Iqbal,11030.679999999998,1840.4599999999996,2,13
1857,Danish Shah,11024.949999999999,1857.1999999999994,2,10
305,Saad Mirza,11010.72,3394.92,1,6
1621,Usman Shah,10998.53,1693.8799999999997,3,12
6774,Imran Iqbal,10997.64,2899.5,2,9
1578,Ahmed Mirza,10990.64,3505.4599999999996,2,6
2880,Zainab Khan,10988.32,2071.16,1,7
9106,Imran Memon,10985.95,1706.3400000000001,2,9
3592,Ahmed Malik,10985.529999999999,2728.709999999998,3,11
681,Ahmed Ali,10983.4,1132.5599999999995,2,11
4192,Ayesha Memon,10980.97,3307.2199999999993,2,14
9176,Saad Iqbal,10976.279999999999,1901.8399999999997,2,8
784,Saad Hussain,10961.32,3753.25,2,9
4420,Hira Sheikh,10958.04,2207.0600000000004,2,10
7898,Hussain Ali,10945.199999999999,1033.8999999999978,1,7
133,Saad Raza,10937.01,3078.3899999999994,1,7
5506,Zainab Qureshi,10936.32,3469.8599999999988,1,6
505,Sara Sheikh,10930.439999999999,3174.8,2,8
5526,Fahad Chaudhry,10930.05,2354.55,2,10
2430,Bilal Buriro,10918.27,2178.5799999999995,4,8
564,Fahad Hussain,10913.300000000001,2138.200000000001,2,10
1645,Hussain Ahmed,10908.48,2329.5599999999995,1,6
160,Imran Buriro,10905.460000000001,1647.6799999999998,3,11
4841,Ali Chaudhry,10903.1,1577.5800000000013,3,15
3247,Bilal Qureshi,10901.94,2738.880000000001,1,6
8661,Hamza Malik,10898.67,2515.3199999999997,2,11
4588,Ayesha Chaudhry,10898.23,3498.9799999999996,2,9
6323,Sara Mirza,10888.720000000001,2712.270000000001,3,10
1101,Omar Khan,10887.960000000001,2015.2100000000016,2,7
3318,Fahad Ali,10887.75,1807.0499999999997,2,10
6827,Sara Khan,10884.26,2694.5999999999995,2,8
8475,Hussain Malik,10882.25,2813.689999999999,2,6
8374,Fahad Siddiqui,10866.66,1181.1600000000008,2,12
8917,Sara Raza,10865.94,2174.5200000000004,1,6
8579,Bilal Hussain,10853.99,2717.6800000000003,1,7
7341,Hassan Raza,10852.31,2160.69,2,8
8821,Ahmed Qureshi,10850.070000000002,3296.6900000000005,2,11
4238,Danish Chaudhry,10840.859999999999,2822.6699999999996,2,7
1909,Fatima Mirza,10820.96,3147.9599999999996,2,8
9790,Hira Chaudhry,10820.18,2690.9700000000016,2,9
2821,Maham Malik,10815.81,1703.3700000000003,3,10
4813,Fahad Sheikh,10815.81,1896.5999999999976,2,8
7031,Danish Khan,10814.58,2008.0399999999995,3,16
8577,Hira Khan,10808.419999999998,2024.6799999999996,3,11
283,Fahad Shah,10798.27,2289.130000000001,3,9
5645,Bilal Hussain,10795.48,1027.5799999999988,2,8
237,Ayesha Sheikh,10795.310000000001,1778.1900000000016,2,11
3933,Usman Sheikh,10794.14,1150.0299999999988,1,7
1349,Hassan Siddiqui,10792.75,2883.709999999999,2,8
4102,Sana Hussain,10789.08,2218.08,1,6
9624,Fahad Buriro,10786.26,2867.4000000000005,2,8
259,Fahad Khan,10780.3,3235.8999999999996,2,10
898,Fatima Shah,10778.6,1948.3799999999992,1,7
8936,Fatima Iqbal,10773.369999999999,2215.4300000000003,2,8
9686,Imran Khan,10771.37,2833.9,4,11
4109,Sana Chaudhry,10768.32,3527.439999999999,2,8
7462,Hussain Raza,10766.380000000001,2343.52,2,8
7757,Sana Ali,10765.79,691.3199999999997,1,7
4228,Fahad Ahmed,10765.4,3099.88,3,8
2577,Bilal Memon,10746.83,2108.95,2,9
5169,Usman Ali,10743.6,2267.369999999999,1,7
1740,Ayesha Buriro,10737.63,2166.979999999999,2,9
4279,Fahad Malik,10731.02,3517.02,2,6
2872,Fahad Siddiqui,10726.83,2066.62,4,15
3268,Saad Buriro,10724.51,2442.6899999999996,5,14
7537,Maryam Sheikh,10718.33,1606.6800000000005,3,8
5187,Hamza Khan,10715.779999999999,1610.539999999999,3,15
3781,Hira Ali,10696.0,1595.6799999999994,2,9
9782,Maham Sheikh,10694.56,1982.7399999999989,2,8
1072,Saad Hussain,10690.619999999999,1507.9199999999992,2,10
9732,Hussain Qureshi,10686.480000000001,2428.790000000001,1,7
7243,Fatima Memon,10679.59,2884.1,3,15
3039,Hamza Ahmed,10671.140000000001,1632.6199999999997,4,8
8058,Omar Malik,10670.76,1921.0499999999997,2,9
3691,Hira Khan,10670.08,1776.2400000000002,2,10
2608,Danish Shah,10668.130000000001,2312.3,2,9
8806,Usman Raza,10644.02,3123.9800000000005,2,10
2585,Omar Khan,10640.44,2291.5099999999998,5,19
4970,Maryam Hussain,10639.01,2593.9700000000007,2,12
1833,Zainab Siddiqui,10633.98,675.8999999999976,2,8
2663,Imran Qureshi,10617.44,1836.7399999999996,3,13
8180,Bilal Qureshi,10612.84,3394.9299999999994,1,7
1010,Sara Siddiqui,10606.68,2403.0600000000013,1,6
603,Hira Chaudhry,10605.73,3048.6600000000003,3,10
618,Maryam Qureshi,10587.36,1528.3799999999992,1,7
6541,Bilal Chaudhry,10584.43,2612.419999999999,2,10
3737,Usman Shah,10580.5,1656.6900000000005,1,7
8635,Fatima Ali,10579.65,3544.569999999999,2,11
3481,Bilal Siddiqui,10569.78,3494.8599999999997,2,7
112,Sara Shah,10569.720000000001,1357.4400000000023,1,7
2272,Imran Hussain,10565.66,2788.9299999999994,2,10
5057,Ahmed Raza,10561.95,1443.4999999999998,2,9
587,Omar Ahmed,10549.26,3685.38,1,6
6328,Sara Raza,10546.66,3206.0000000000005,3,13
9828,Ayesha Sheikh,10541.0,1823.1399999999994,3,13
215,Ali Memon,10538.65,1991.6799999999994,2,7
2815,Ayesha Khan,10532.2,2413.900000000001,2,10
647,Ayesha Khan,10529.88,1605.1799999999994,2,12
4609,Sara Ali,10514.7,3331.1500000000005,1,5
2794,Usman Iqbal,10511.65,663.9899999999997,3,17
4822,Ayesha Malik,10500.849999999999,2988.569999999999,2,7
1617,Hira Khan,10493.69,2966.46,2,11
3496,Sana Mirza,10492.99,3277.7299999999996,3,9
2253,Ali Qureshi,10492.44,1040.1400000000012,2,10
4033,Maham Hussain,10488.55,2088.1499999999987,2,10
8096,Ali Mirza,10487.4,1536.9199999999983,1,7
8190,Ayesha Mirza,10483.06,1033.0499999999993,2,9
5439,Ali Iqbal,10468.12,1670.54,2,8
422,Imran Khan,10464.81,2611.2799999999997,3,11
1073,Omar Siddiqui,10460.72,1978.7099999999996,2,11
7879,Ali Iqbal,10458.75,1362.52,2,9
1277,Usman Ahmed,10456.96,740.329999999999,2,8
8225,Usman Malik,10456.47,527.1499999999992,3,13
9575,Sara Khan,10455.279999999999,3016.55,2,8
5350,Maham Shah,10452.54,3152.6600000000017,1,7
9113,Sara Sheikh,10445.45,2964.4500000000007,1,5
4706,Danish Malik,10434.0,2365.74,1,6
954,Bilal Ahmed,10433.58,1548.0,1,6
916,Omar Iqbal,10431.56,2374.0399999999995,2,6
6119,Zainab Mirza,10425.43,910.8499999999999,2,7
5494,Danish Malik,10424.550000000001,1785.6400000000006,3,12
7484,Hussain Buriro,10423.56,1897.0199999999995,2,6
9675,Ahmed Siddiqui,10422.41,3447.0799999999995,2,12
2718,Zainab Iqbal,10413.98,3083.11,2,9
9805,Bilal Shah,10398.64,727.7799999999988,2,8
8370,Hamza Ali,10397.6,3458.2,1,5
894,Hussain Ali,10392.000000000002,1716.8300000000004,2,13
9285,Hussain Sheikh,10386.42,3565.380000000001,1,6
822,Ayesha Raza,10383.72,1679.8799999999992,1,6
3901,Ayesha Ahmed,10381.32,3739.08,1,6
9001,Sara Chaudhry,10378.74,2216.819999999999,2,9
4727,Sara Mirza,10375.85,3079.1500000000005,1,5
2595,Danish Malik,10375.4,820.0499999999993,1,7
2050,Maham Qureshi,10374.44,834.1500000000008,3,9
1854,Hussain Buriro,10372.460000000001,3417.9500000000007,2,5
1619,Omar Iqbal,10370.439999999999,2999.979999999998,2,13
9287,Maryam Chaudhry,10369.57,3007.9400000000005,4,8
8037,Maham Siddiqui,10367.58,2026.0799999999997,3,12
5313,Saad Qureshi,10365.84,3697.7999999999997,2,8
453,Fatima Memon,10365.789999999999,2734.8399999999992,3,10
952,Sara Shah,10359.68,2001.0000000000005,3,13
6167,Maryam Hussain,10358.1,1427.56,3,10
3288,Hassan Siddiqui,10351.529999999999,598.9199999999996,2,14
5065,Usman Chaudhry,10348.4,2840.2000000000003,2,10
3555,Bilal Malik,10343.640000000001,912.2700000000009,2,9
3626,Hamza Raza,10342.06,2179.2599999999993,2,10
4998,Saad Sheikh,10339.35,1535.5900000000001,1,7
7289,Hamza Raza,10336.9,1657.5299999999988,1,7
6973,Sara Shah,10327.93,1941.8900000000003,2,9
2409,Fahad Malik,10325.91,1967.7000000000003,2,9
5908,Hassan Hussain,10323.65,3117.8499999999995,1,5
8285,Sana Ali,10321.619999999999,2683.9799999999987,1,6
8423,Zainab Hussain,10315.44,1825.92,2,8
6746,Omar Ali,10315.0,851.04,2,9
360,Usman Raza,10307.27,1964.4999999999995,2,12
5751,Usman Khan,10307.22,3587.3399999999992,1,6
2965,Hassan Shah,10291.55,2046.3799999999987,2,9
1445,Hassan Ahmed,10290.19,1534.1499999999999,3,14
9889,Maham Khan,10288.25,3313.5200000000004,1,7
5636,Ayesha Memon,10286.08,2273.609999999999,3,16
1478,Bilal Iqbal,10285.26,1431.4799999999996,1,6
7729,Imran Hussain,10284.24,3229.38,1,6
9226,Saad Mirza,10282.380000000001,2977.7400000000007,1,6
727,Ahmed Shah,10281.18,1345.8600000000006,1,6
6540,Imran Buriro,10280.460000000001,1296.6000000000004,1,6
502,Sana Chaudhry,10278.66,1832.6799999999994,2,10
2751,Imran Shah,10271.750000000002,2882.8500000000013,2,10
5119,Imran Khan,10271.36,2980.879999999999,2,6
1489,Fatima Chaudhry,10269.37,2603.51,4,15
2273,Ayesha Buriro,10268.869999999999,2305.41,2,9
6145,Bilal Hussain,10259.310000000001,2941.8100000000004,3,18
8119,Usman Qureshi,10255.279999999999,2199.93,3,16
8670,Usman Chaudhry,10254.96,2051.039999999999,2,13
2702,Hira Sheikh,10254.65,1532.6399999999999,4,12
9920,Maham Chaudhry,10254.14,2902.58,3,12
9625,Sara Buriro,10254.060000000001,2173.1400000000003,3,7
4554,Fatima Memon,10245.34,1895.3200000000015,1,7
1990,Zainab Ahmed,10242.34,3421.9799999999996,3,7
4655,Hira Siddiqui,10238.83,3085.82,3,13
1867,Ayesha Chaudhry,10232.46,2313.08,1,7
4088,Ali Hussain,10231.380000000001,1647.7200000000012,1,6
9389,Usman Shah,10226.86,861.3500000000004,1,7
2083,Sara Memon,10224.71,2953.149999999999,2,5
2715,Ali Mirza,10223.599999999999,2242.7499999999986,2,12
6661,Ayesha Malik,10221.65,2759.449999999999,1,5
3528,Imran Ahmed,10217.76,2992.1499999999996,1,7
5878,Ayesha Ahmed,10211.35,2749.1499999999996,1,5
888,Maham Ali,10209.66,1293.1800000000003,1,6
8967,Imran Sheikh,10205.64,2632.999999999999,2,8
3051,Usman Chaudhry,10203.79,2782.49,2,12
896,Sana Chaudhry,10197.91,3090.15,2,8
5849,Sara Ali,10193.65,2393.469999999999,2,6
7574,Usman Qureshi,10193.619999999999,2178.4100000000003,2,6
5918,Fahad Buriro,10187.3,2715.4000000000005,2,7
6157,Zainab Siddiqui,10176.67,1728.02,2,14
182,Usman Chaudhry,10172.52,1881.7300000000002,3,11
803,Hassan Chaudhry,10170.64,1610.2000000000007,2,10
4373,Ayesha Sheikh,10162.67,2616.950000000001,2,8
5660,Maham Buriro,10154.94,2946.4799999999996,1,6
2917,Danish Shah,10143.84,3425.5200000000004,1,7
254,Zainab Shah,10143.75,1506.7999999999995,5,18
8223,Hamza Malik,10135.5,3574.86,3,8
6140,Hussain Siddiqui,10135.3,872.8999999999996,2,14
6045,Maham Sheikh,10130.52,2443.08,1,6
2415,Imran Sheikh,10122.029999999999,2744.4199999999996,2,6
9869,Hamza Ahmed,10121.0,2811.5499999999993,1,5
2195,Hamza Raza,10118.529999999999,2698.5,2,9
4300,Bilal Memon,10117.73,2104.6299999999997,4,14
7269,Omar Chaudhry,10113.619999999999,875.1199999999984,2,8
3551,Fatima Mirza,10111.800000000001,3311.4500000000003,2,10
1,Ahmed Buriro,10107.670000000002,1571.5500000000004,2,11
2062,Saad Shah,10101.550000000001,3299.2999999999997,2,10
425,Danish Hussain,10098.48,3336.3200000000006,2,8
2698,Zainab Khan,10097.689999999999,1184.499999999999,2,12
8934,Zainab Iqbal,10096.800000000001,1855.1400000000008,2,12
136,Bilal Khan,10090.52,2275.919999999999,2,9
7192,Fatima Malik,10090.380000000001,1992.7200000000012,1,6
1989,Maryam Iqbal,10089.65,2721.26,2,10
5853,Hassan Khan,10089.37,2486.870000000001,3,8
7582,Hira Mirza,10083.420000000002,2106.270000000001,2,9
2313,Omar Qureshi,10083.0,2374.0200000000004,1,6
7801,Saad Ahmed,10074.12,2085.4,3,17
907,Hira Sheikh,10073.75,3014.4500000000007,1,5
8162,Sana Raza,10065.230000000001,1464.6800000000003,1,7
7553,Hira Malik,10057.02,1004.0999999999992,2,8
3752,Sara Sheikh,10055.279999999999,2665.2700000000004,2,9
2055,Zainab Malik,10053.57,3030.78,2,9
4071,Maham Qureshi,10052.880000000001,2039.5800000000017,1,6
5202,Hira Ahmed,10052.75,3003.55,1,5
9523,Fahad Khan,10051.93,2358.86,2,14
7376,Hira Ahmed,10050.46,341.03999999999905,1,7
8608,Ali Buriro,10045.21,3187.1400000000003,3,8
5710,Maryam Hussain,10042.01,2645.35,3,13
1193,Hussain Chaudhry,10031.699999999999,-42.770000000002256,1,7
5752,Maham Qureshi,10028.269999999999,2512.649999999998,1,7
3866,Sana Malik,10024.65,3219.7999999999993,1,5
1463,Ayesha Ahmed,10010.689999999999,1726.1499999999992,3,19
6492,Hira Hussain,10007.099999999999,1609.5,1,6
8783,Sana Iqbal,10004.33,2462.529999999999,1,7
9307,Zainab Mirza,10003.37,3144.9300000000003,2,8
6327,Danish Mirza,9999.26,929.4300000000007,2,13
6094,Hassan Hussain,9994.04,2253.9300000000003,1,7
1472,Maham Ahmed,9988.16,1520.3999999999996,1,7
8383,Bilal Ali,9988.04,1649.4199999999996,2,7
2190,Hussain Chaudhry,9976.19,2000.670000000001,1,7
6634,Maryam Raza,9974.64,2201.8999999999996,3,7
1790,Fahad Ali,9974.34,171.56999999999948,3,14
3877,Usman Khan,9972.55,2490.7999999999993,1,5
3708,Usman Memon,9971.43,920.1500000000015,1,7
9355,Usman Memon,9971.43,3426.01,1,7
5409,Maham Shah,9968.76,3559.3599999999997,2,8
7290,Fahad Ahmed,9968.7,1317.940000000001,2,8
2764,Sana Malik,9963.11,3344.34,2,5
3134,Hira Khan,9953.52,1122.8400000000001,1,6
2825,Saad Iqbal,9952.36,2308.1000000000004,3,14
760,Fatima Siddiqui,9947.32,2887.0600000000004,2,8
1802,Hussain Hussain,9946.2,3276.7900000000004,4,13
7326,Zainab Qureshi,9944.92,689.8300000000013,2,9
5657,Sara Chaudhry,9936.33,1224.9300000000005,4,12
5271,Fatima Iqbal,9932.37,1092.840000000002,1,7
7665,Fatima Ahmed,9930.89,2364.1200000000003,3,10
9265,Omar Ahmed,9928.38,2940.9799999999987,1,7
7495,Ali Chaudhry,9923.880000000001,2002.4500000000007,2,11
7629,Saad Khan,9920.28,1772.2800000000007,1,6
3525,Maham Sheikh,9914.5,3393.17,2,9
3186,Saad Ali,9912.670000000002,1334.1000000000004,2,11
4569,Maryam Raza,9905.82,1229.8199999999997,1,6
5145,Bilal Malik,9904.810000000001,2203.7700000000004,2,11
115,Zainab Ahmed,9894.599999999999,2788.9799999999987,1,6
8052,Omar Buriro,9890.68,2757.3900000000003,3,10
6004,Sana Ahmed,9889.6,1429.0000000000005,2,8
8683,Maryam Buriro,9884.529999999999,1935.3700000000003,2,13
3207,Ahmed Khan,9875.529999999999,2268.4199999999983,1,7
9919,Omar Ali,9870.06,2370.909999999999,2,12
2188,Hamza Raza,9866.85,737.1700000000001,1,7
1768,Ahmed Ali,9861.65,1782.8300000000008,3,8
7401,Imran Raza,9860.99,2541.77,2,5
168,Fatima Mirza,9858.35,2167.1500000000015,2,8
2710,Sana Hussain,9851.59,1442.52,3,13
4000,Hassan Ahmed,9851.08,2897.2,3,14
8543,Bilal Malik,9845.57,988.3999999999996,1,7
1761,Danish Malik,9843.18,2401.1400000000012,1,6
3251,Hassan Iqbal,9834.92,1724.3800000000015,2,8
5580,Sara Buriro,9826.04,3471.090000000001,1,7
7431,Imran Mirza,9818.22,1564.5599999999995,1,6
9403,Ayesha Sheikh,9798.18,1283.1599999999999,1,6
4222,Hamza Khan,9795.630000000001,1205.52,2,9
3,Ayesha Mirza,9789.92,2964.5,1,7
4372,Fahad Ali,9786.63,1445.92,1,7
8384,Danish Malik,9786.4,2990.8,1,5
7296,Maryam Iqbal,9782.95,1598.4500000000003,2,9
2096,Ayesha Qureshi,9782.74,1624.8799999999994,2,9
4023,Ayesha Malik,9779.26,2761.1800000000003,3,11
1425,Bilal Qureshi,9778.64,2700.33,2,7
8582,Hassan Qureshi,9776.880000000001,3379.380000000001,1,6
7385,Zainab Ali,9768.900000000001,2077.0200000000013,1,6
3747,Usman Shah,9766.33,3057.95,1,7
5205,Omar Ahmed,9764.84,1919.249999999999,2,9
9958,Usman Ahmed,9764.76,3055.3500000000004,2,9
602,Saad Buriro,9759.74,2407.1899999999996,4,20
1791,Fahad Buriro,9759.550000000001,3772.000000000001,1,5
9608,Hussain Sheikh,9759.45,3320.1500000000015,1,5
5177,Usman Ahmed,9751.890000000001,2239.170000000001,2,8
6605,Danish Memon,9746.939999999999,2436.9300000000003,3,9
6723,Omar Siddiqui,9745.47,2365.169999999999,2,9
2574,Fatima Mirza,9741.0,2155.08,1,6
3984,Usman Shah,9738.36,2837.0599999999995,5,12
8301,Saad Memon,9738.05,2745.949999999999,1,5
537,Maham Sheikh,9735.76,1843.2000000000003,3,8
8154,Zainab Chaudhry,9728.18,260.40000000000146,1,7
7776,Fahad Siddiqui,9708.080000000002,1201.9100000000012,2,9
4452,Sana Iqbal,9696.93,2764.1100000000006,2,9
6904,Danish Malik,9690.5,2474.6399999999994,2,9
352,Hussain Ahmed,9689.789999999999,2452.6799999999994,4,15
9031,Omar Qureshi,9685.49,1846.1400000000003,3,10
6590,Hamza Sheikh,9679.320000000002,1120.9699999999998,3,8
2596,Sara Chaudhry,9673.79,522.760000000002,1,7
3459,Ali Khan,9668.99,2152.59,2,6
39,Hamza Shah,9668.38,2970.1799999999994,2,9
5371,Sana Ahmed,9663.07,1293.5700000000002,4,12
2749,Maham Sheikh,9658.33,1827.269999999999,2,7
7177,Omar Ali,9656.150000000001,1203.0500000000006,2,12
9130,Usman Hussain,9655.04,2337.93,2,9
7012,Imran Iqbal,9653.56,1034.0400000000009,1,7
5852,Danish Mirza,9653.220000000001,1322.940000000001,2,11
5292,Maryam Siddiqui,9651.0,3494.76,1,6
3599,Hamza Iqbal,9650.46,1845.2000000000007,2,8
3512,Maryam Memon,9647.7,2185.1200000000003,2,10
2971,Bilal Sheikh,9644.310000000001,2850.7400000000002,2,13
4141,Maryam Qureshi,9642.939999999999,1993.8199999999997,2,11
9642,Hussain Ahmed,9642.039999999999,2193.1299999999997,2,9
5785,Zainab Shah,9638.960000000001,1187.5699999999993,2,8
6333,Bilal Sheikh,9636.560000000001,2528.11,2,8
3325,Sana Hussain,9635.71,2233.0699999999993,3,11
1231,Hamza Shah,9628.66,2331.3999999999987,3,10
827,Ahmed Raza,9627.35,2584.4000000000005,1,5
5572,Danish Khan,9621.849999999999,2821.699999999999,1,5
2216,Imran Ali,9616.14,2037.3100000000004,4,14
5259,Danish Siddiqui,9609.199999999999,1603.2799999999993,2,9
8022,Sana Shah,9608.95,550.559999999999,2,11
2176,Maryam Raza,9608.7,1870.1400000000012,1,6
3891,Zainab Ahmed,9604.02,3481.4400000000005,1,6
678,Usman Sheikh,9599.24,1571.0099999999993,1,7
1077,Fahad Raza,9596.15,2230.249999999999,1,5
9279,Ayesha Malik,9593.43,3668.63,1,7
4474,Ahmed Khan,9591.8,1813.5199999999995,2,11
9983,Omar Iqbal,9587.199999999999,1617.4899999999989,1,7
7947,Sara Chaudhry,9586.14,2095.739999999999,1,6
1771,Sara Raza,9582.95,1145.2900000000006,2,7
293,Ayesha Chaudhry,9578.35,1986.0700000000004,3,13
4114,Maryam Sheikh,9576.980000000001,3189.830000000001,1,7
820,Hussain Malik,9571.779999999999,2480.5399999999995,2,10
3199,Sana Ahmed,9570.630000000001,2549.82,2,6
7404,Sara Sheikh,9570.42,1130.2999999999997,2,8
6926,Usman Ahmed,9564.66,2692.08,1,6
466,Zainab Memon,9563.09,2089.4300000000003,3,13
793,Maryam Malik,9553.46,1499.9599999999991,1,7
1220,Danish Khan,9549.36,1549.88,2,8
7070,Ali Memon,9546.369999999999,2999.859999999999,2,6
4193,Saad Raza,9546.08,1400.38,3,15
6206,Danish Memon,9545.64,760.5599999999995,1,6
4966,Hamza Khan,9545.21,763.7799999999995,2,7
6718,Ayesha Mirza,9544.32,1213.0099999999995,2,7
6019,Zainab Buriro,9537.42,1798.2600000000002,1,6
210,Bilal Sheikh,9536.25,3538.2400000000007,2,5
6137,Bilal Iqbal,9534.420000000002,2401.980000000001,2,9
9201,Fatima Ahmed,9533.48,2714.069999999999,2,7
128,Hira Ahmed,9525.81,274.5400000000009,1,7
2130,Maryam Khan,9524.630000000001,2401.17,2,9
2958,Zainab Khan,9522.099999999999,2921.2,3,10
808,Ahmed Ahmed,9502.199999999999,1880.1099999999988,2,9
6132,Hamza Hussain,9500.4,2245.5999999999985,1,7
8904,Hira Qureshi,9497.94,1818.3600000000006,1,6
3760,Usman Ahmed,9495.82,2597.0299999999997,2,7
576,Omar Sheikh,9492.5,3199.3499999999995,1,5
2991,Maryam Buriro,9490.8,820.4399999999987,1,6
3509,Maryam Memon,9481.79,268.9200000000001,2,9
1661,Ahmed Ahmed,9478.9,1981.23,2,6
1021,Bilal Chaudhry,9470.05,1136.1599999999999,2,7
2696,Hussain Ahmed,9463.650000000001,1980.5600000000009,2,7
4283,Hassan Hussain,9461.4,2552.1,2,9
504,Fahad Sheikh,9456.24,1560.92,2,10
322,Fahad Sheikh,9453.49,2066.6499999999996,2,9
6737,Hassan Khan,9445.68,2719.1999999999994,3,9
2034,Fahad Siddiqui,9433.7,2283.8500000000004,1,5
5536,Omar Buriro,9433.630000000001,2724.63,2,11
4740,Bilal Hussain,9430.49,2362.79,4,13
4130,Zainab Chaudhry,9429.15,2943.8,1,5
238,Maryam Buriro,9427.74,440.64000000000124,1,6
7896,Maham Hussain,9427.12,3542.120000000001,1,4
7923,Fahad Mirza,9420.529999999999,2051.1399999999994,1,7
7854,Imran Sheikh,9418.44,884.1599999999999,1,6
6296,Hassan Buriro,9415.93,554.3499999999999,2,7
6230,Fatima Siddiqui,9413.22,1968.8999999999996,1,6
7363,Sara Chaudhry,9402.4,3046.699999999999,1,5
7805,Hassan Shah,9400.33,2318.9199999999996,2,11
2336,Ahmed Memon,9397.960000000001,1928.9700000000005,3,10
8695,Hassan Buriro,9395.470000000001,3104.0800000000017,1,7
5468,Fatima Ahmed,9391.51,2608.49,2,8
3037,Sara Hussain,9387.66,1514.3399999999992,2,12
2126,Ayesha Qureshi,9387.42,1531.9,2,6
7904,Omar Hussain,9382.08,1529.6199999999997,2,6
4380,Usman Khan,9379.98,2443.92,1,6
6866,Hamza Qureshi,9361.519999999999,1860.1099999999979,1,7
8700,Usman Ali,9360.48,1559.7600000000002,3,17
6893,Saad Khan,9359.32,2727.0499999999993,3,16
4379,Sara Chaudhry,9351.699999999999,2325.0499999999993,1,5
1458,Ayesha Siddiqui,9341.6,1264.2000000000003,2,8
8814,Ali Iqbal,9338.699999999999,1357.0499999999993,2,9
4743,Fatima Buriro,9331.31,1169.8999999999999,2,11
281,Zainab Khan,9329.64,2775.6000000000004,1,6
6874,Hassan Qureshi,9324.599999999999,3009.8399999999983,1,6
3620,Bilal Iqbal,9317.87,2135.4400000000005,2,11
2881,Hassan Ahmed,9315.439999999999,2495.32,3,15
3097,Bilal Ali,9312.59,1871.4399999999998,2,9
4350,Ayesha Mirza,9310.17,2908.9500000000003,2,5
1811,Saad Shah,9306.84,1053.1800000000003,1,6
9843,Imran Ahmed,9298.5,2768.76,1,6
9266,Hussain Memon,9293.789999999999,2626.7599999999993,3,10
2506,Danish Khan,9290.150000000001,2852.3700000000003,2,11
1326,Fahad Chaudhry,9287.63,2675.5099999999993,2,7
8836,Hamza Ali,9286.0,2647.3500000000004,1,5
4490,Maham Raza,9284.36,641.6199999999994,2,6
7931,Maham Malik,9280.08,776.6399999999994,1,6
1255,Ayesha Ali,9277.619999999999,2595.539999999999,1,6
9041,Imran Ali,9273.3,1053.7799999999988,1,6
9916,Fatima Malik,9272.73,1248.9700000000003,2,9
8787,Usman Hussain,9267.880000000001,1347.44,2,8
1397,Sara Raza,9266.529999999999,2907.659999999999,1,7
1236,Fahad Ali,9263.960000000001,2495.020000000001,2,6
8989,Ahmed Khan,9259.099999999999,1417.1499999999996,2,11
1229,Danish Iqbal,9258.82,1722.92,2,8
296,Danish Chaudhry,9253.56,1623.1899999999996,3,12
4152,Fatima Raza,9250.720000000001,2333.9700000000007,2,8
4659,Saad Raza,9250.16,1852.31,2,13
1426,Hussain Qureshi,9246.62,2251.3999999999996,2,11
2038,Hamza Khan,9243.1,1789.2200000000007,2,8
1362,Hassan Qureshi,9239.34,2425.6200000000003,3,16
5107,Fahad Ahmed,9230.9,910.7000000000007,1,7
3503,Omar Khan,9227.31,1516.19,4,15
53,Maham Buriro,9220.5,2407.26,3,7
3314,Maham Hussain,9213.839999999998,1384.499999999998,2,8
4214,Bilal Ali,9213.09,1744.5399999999995,2,11
3209,Usman Ali,9205.560000000001,2450.5200000000004,2,9
9708,Sana Chaudhry,9203.7,2894.8200000000006,1,6
2657,Usman Qureshi,9200.939999999999,819.0699999999986,2,14
4069,Danish Chaudhry,9194.9,2145.7,1,5
5867,Omar Mirza,9194.35,2173.6100000000006,2,9
2681,Hira Mirza,9190.57,1105.7800000000004,3,11
2107,Ayesha Memon,9182.07,1425.039999999999,2,11
8948,Imran Memon,9181.75,2050.3600000000006,3,13
5023,Zainab Chaudhry,9178.99,2083.72,2,6
6857,Maham Shah,9178.96,2770.95,1,7
5094,Fatima Qureshi,9176.6,1440.48,3,8
4062,Sara Memon,9176.23,2407.37,2,9
3616,Sana Memon,9176.060000000001,806.8900000000008,2,11
6627,Saad Hussain,9175.119999999999,1823.1900000000005,2,7
7981,Hira Qureshi,9173.48,2812.1,2,11
3596,Fatima Iqbal,9168.529999999999,915.8099999999977,1,7
1870,Hira Mirza,9168.48,1466.699999999999,1,6
216,Ahmed Buriro,9165.18,2917.74,1,6
7721,Ayesha Ahmed,9163.33,704.0499999999995,3,8
9860,Hussain Sheikh,9162.96,1969.219999999999,3,12
1874,Ayesha Iqbal,9153.83,1757.17,2,10
4606,Sara Malik,9153.8,2899.8399999999997,2,8
2539,Hamza Khan,9146.82,1436.8199999999997,1,6
6149,Sara Chaudhry,9143.61,2296.1499999999996,2,11
7674,Maryam Siddiqui,9140.76,1927.8400000000001,3,12
7493,Bilal Buriro,9140.65,2207.01,2,9
938,Ayesha Ali,9140.4,3087.0600000000004,2,9
882,Ali Hussain,9137.880000000001,1763.880000000001,1,6
9800,Hussain Siddiqui,9133.84,2316.4999999999995,2,8
8199,Fatima Siddiqui,9131.46,789.2999999999992,2,12
5246,Fahad Hussain,9131.01,2300.34,1,7
8497,Ali Ahmed,9126.34,1576.4299999999998,2,7
2802,Ali Sheikh,9125.75,3210.8500000000004,1,5
9810,Hamza Buriro,9124.99,940.1700000000001,1,7
9582,Usman Khan,9120.84,3255.88,1,4
2989,Imran Ahmed,9115.48,2941.76,2,7
7715,Usman Malik,9114.06,1734.7799999999997,2,7
9970,Hussain Sheikh,9113.02,1317.1600000000003,3,12
6916,Danish Chaudhry,9108.36,1349.4600000000003,2,9
7095,Imran Memon,9101.550000000001,1362.750000000001,2,10
1078,Sara Sheikh,9090.599999999999,2694.4799999999987,1,6
1032,Hassan Memon,9087.32,3205.8399999999992,2,8
8018,Hussain Memon,9086.56,2425.71,1,7
9366,Ali Shah,9086.04,2393.12,2,6
968,Hassan Ahmed,9083.57,2166.529999999999,2,11
5637,Zainab Shah,9082.36,1034.1800000000003,1,7
5098,Imran Hussain,9078.96,1146.88,2,8
9476,Bilal Iqbal,9078.69,1935.9200000000003,2,7
7443,Fahad Memon,9077.79,1423.3399999999992,2,8
7871,Fahad Khan,9073.29,2228.09,2,7
4983,Hira Malik,9069.539999999999,1651.9799999999996,1,6
1703,Omar Qureshi,9069.11,933.1899999999997,3,10
6932,Ayesha Memon,9068.22,2742.0,1,6
8333,Saad Ali,9068.22,2487.479999999999,2,12
2791,Zainab Mirza,9064.5,2983.3999999999996,1,5
3818,Ahmed Malik,9062.51,2133.11,3,7
2561,Danish Hussain,9061.1,894.8799999999999,2,12
8045,Ayesha Chaudhry,9059.52,2508.6100000000006,3,11
191,Ali Iqbal,9055.86,1555.0200000000004,1,6
7131,Saad Siddiqui,9055.14,2584.0299999999997,4,17
4777,Fatima Siddiqui,9052.24,2845.3199999999997,2,8
5025,Hamza Hussain,9049.44,594.2399999999998,1,6
7379,Ayesha Siddiqui,9048.7,2645.5400000000004,2,10
9724,Ali Qureshi,9044.1,2571.1500000000005,1,5
9832,Hussain Shah,9019.85,2816.869999999999,2,9
3438,Ayesha Malik,9015.89,1480.3099999999995,3,9
1880,Ahmed Raza,9006.27,1811.4899999999993,3,13
5898,Hassan Mirza,9001.58,1851.71,1,7
2662,Hira Qureshi,8999.3,1884.85,3,16
3868,Ali Shah,8994.86,1209.6000000000004,1,7
8043,Sana Mirza,8990.07,1538.4800000000002,2,11
5106,Usman Siddiqui,8989.89,1702.1899999999991,2,14
3876,Maryam Siddiqui,8989.26,3191.16,1,6
5186,Hassan Mirza,8987.6,3326.4500000000007,1,5
4999,Saad Qureshi,8983.380000000001,1380.4800000000005,1,6
2619,Sana Mirza,8978.45,1348.2400000000002,2,9
7909,Ali Sheikh,8975.74,2109.63,3,11
4707,Danish Ali,8974.810000000001,2482.0300000000007,2,8
8761,Imran Raza,8972.83,2103.619999999999,2,10
2795,Danish Mirza,8972.16,3237.3600000000006,1,6
1348,Imran Qureshi,8971.45,1573.9200000000005,4,18
3805,Bilal Khan,8967.96,1466.7199999999993,2,6
1504,Sana Siddiqui,8966.18,748.5499999999996,4,15
9045,Ali Malik,8963.779999999999,2447.159999999999,2,8
6775,Ahmed Sheikh,8954.54,2710.05,1,7
8355,Zainab Sheikh,8951.46,2476.5999999999985,1,7
412,Hassan Hussain,8949.29,1992.8300000000008,1,7
7487,Omar Shah,8936.66,2688.9100000000003,2,6
5909,Sana Malik,8933.96,628.4599999999991,1,7
8303,Imran Shah,8926.61,1833.2900000000004,2,7
8804,Saad Shah,8926.18,2507.9000000000005,3,6
5649,Saad Siddiqui,8915.64,1249.199999999999,1,6
573,Hamza Sheikh,8914.95,1766.2000000000007,1,5
2734,Ali Qureshi,8914.05,1745.9499999999998,1,5
2831,Hassan Shah,8908.3,70.72999999999956,2,13
9152,Omar Qureshi,8907.7,1513.1000000000004,1,5
2069,Saad Shah,8899.210000000001,2354.7,2,6
2902,Ayesha Chaudhry,8898.14,1936.5499999999993,2,11
8583,Hamza Raza,8897.689999999999,1422.98,3,9
9318,Danish Qureshi,8897.42,2795.17,1,7
8476,Omar Shah,8897.39,1796.8900000000003,4,17
2886,Hamza Shah,8894.72,-378.7300000000009,2,7
4508,Fahad Ahmed,8893.74,2383.3199999999997,1,6
92,Fatima Memon,8880.05,2038.999999999999,1,5
5148,Maham Sheikh,8876.48,2445.79,2,6
6631,Hira Memon,8864.800000000001,1507.8700000000008,1,7
7568,Hira Hussain,8864.74,2416.55,2,10
9804,Ahmed Memon,8861.64,660.69,2,9
3310,Hamza Ali,8858.99,1625.75,1,7
8078,Danish Shah,8854.47,2328.41,3,13
2910,Omar Raza,8850.55,2101.2,1,5
4437,Danish Mirza,8838.55,2237.3999999999996,1,5
6530,Usman Ali,8832.35,1686.0,1,5
3352,Zainab Ali,8832.17,1550.2199999999993,4,15
8514,Bilal Iqbal,8828.099999999999,1918.4999999999995,2,8
8261,Zainab Qureshi,8826.85,1561.4500000000005,2,9
5631,Usman Siddiqui,8824.230000000001,2782.5900000000015,3,7
7094,Fatima Buriro,8823.460000000001,3023.5200000000004,2,6
3874,Danish Ali,8822.64,1626.769999999999,3,16
532,Hassan Memon,8820.18,788.3999999999996,1,6
3107,Sana Malik,8815.08,756.1999999999989,2,8
4843,Maryam Malik,8813.369999999999,1369.3000000000002,2,9
8059,Fahad Memon,8805.94,792.0500000000006,2,9
1822,Imran Sheikh,8804.6,2486.6099999999997,1,7
674,Fahad Memon,8803.75,2341.709999999999,3,16
5219,Hamza Malik,8802.76,2004.6900000000005,2,5
6084,Hira Ali,8801.85,2000.1399999999999,3,7
7522,Zainab Qureshi,8799.060000000001,2026.4400000000012,2,7
6741,Bilal Raza,8790.79,2665.520000000001,3,8
2323,Ali Siddiqui,8790.36,2464.790000000001,2,5
434,Danish Mirza,8786.1,1419.4600000000003,3,8
9792,Danish Ali,8785.599999999999,-92.05000000000052,2,8
3584,Sana Memon,8777.5,2062.829999999999,3,14
2842,Omar Siddiqui,8773.92,2646.9699999999993,2,8
6663,Hamza Ahmed,8772.92,2285.670000000001,2,7
9256,Hussain Shah,8769.800000000001,2419.73,3,17
7651,Hira Mirza,8768.150000000001,1000.9600000000007,2,7
5189,Fatima Chaudhry,8758.68,1513.8199999999997,1,7
4725,Maham Ali,8751.470000000001,2067.6600000000008,1,7
9541,Hussain Iqbal,8745.539999999999,1288.0199999999986,1,6
7320,Hira Malik,8744.7,2626.5,1,5
6731,Hira Mirza,8740.9,822.6399999999994,1,7
8213,Maham Memon,8725.15,800.3800000000001,1,7
8336,Bilal Memon,8724.72,2689.49,2,5
5620,Saad Ali,8717.27,2315.5499999999997,5,16
5333,Bilal Shah,8715.5,2594.5200000000004,2,8
2231,Hassan Qureshi,8711.6,1439.3000000000002,1,5
7353,Sana Iqbal,8710.75,1428.9500000000007,1,5
3246,Fahad Raza,8710.119999999999,2189.8799999999997,2,8
8845,Hamza Buriro,8708.27,2158.57,2,7
5801,Fahad Siddiqui,8706.169999999998,2228.889999999999,2,9
5435,Omar Memon,8703.400000000001,1666.5400000000004,4,8
1777,Imran Memon,8701.26,1799.58,2,9
8773,Sana Memon,8688.56,2102.919999999999,2,7
64,Ahmed Buriro,8687.58,1803.4800000000005,2,6
5765,Danish Sheikh,8686.060000000001,1237.9700000000007,2,9
9858,Usman Hussain,8679.1,1903.3500000000004,1,5
1000,Bilal Malik,8678.2,2371.0799999999995,2,8
7705,Ali Siddiqui,8677.74,1003.8599999999996,2,9
5224,Ayesha Ali,8672.07,2183.25,2,9
2203,Bilal Chaudhry,8671.0,589.1999999999994,3,14
8051,Imran Qureshi,8662.779999999999,2369.9199999999983,1,7
9369,Imran Buriro,8661.849999999999,1711.9999999999982,1,5
4626,Maryam Hussain,8653.51,2729.3699999999994,3,12
1242,Hussain Malik,8643.78,1688.7000000000007,1,6
7902,Sara Hussain,8643.2,2212.9500000000007,1,5
4456,Usman Qureshi,8642.01,2046.93,3,10
4277,Zainab Siddiqui,8638.61,1761.73,3,9
1099,Bilal Mirza,8635.74,2077.8599999999997,1,6
4335,Ali Mirza,8632.5,1592.460000000001,1,6
8616,Saad Hussain,8629.26,1426.7700000000004,2,9
6356,Fahad Sheikh,8625.18,2905.940000000001,2,7
5821,Zainab Memon,8622.85,1190.000000000001,1,5
8174,Hussain Raza,8621.83,2022.2300000000005,1,7
1452,Fahad Hussain,8607.15,1620.6499999999996,1,5
294,Hira Ali,8605.5,1115.8499999999995,1,5
2969,Hussain Raza,8602.64,2423.78,2,5
5581,Fatima Memon,8590.349999999999,971.369999999999,2,9
9566,Saad Raza,8590.16,3005.580000000001,2,5
6503,Bilal Raza,8581.99,673.6800000000004,3,13
7146,Sana Memon,8581.93,1654.6400000000008,2,7
5421,Saad Qureshi,8581.019999999999,2525.1799999999985,1,7
5100,Saad Mirza,8579.75,1351.2299999999987,2,8
965,Hussain Iqbal,8579.410000000002,1770.7900000000002,4,10
43,Maryam Memon,8579.34,856.4500000000007,1,7
4472,Imran Malik,8573.62,847.9200000000003,3,11
2161,Hira Siddiqui,8572.039999999999,1936.059999999999,3,17
6436,Maryam Qureshi,8561.16,1691.8399999999997,2,10
4143,Maham Khan,8560.58,1728.2300000000005,1,7
633,Usman Khan,8559.36,1060.08,1,6
1820,Ahmed Hussain,8553.58,347.6200000000008,1,7
5655,Omar Malik,8553.300000000001,1982.9000000000015,1,5
4640,Saad Shah,8551.099999999999,1500.099999999999,2,10
8686,Sara Ali,8550.439999999999,723.3199999999993,3,12
5465,Bilal Khan,8549.24,2068.8999999999996,2,9
9404,Hira Siddiqui,8547.33,2086.09,2,8
937,Maryam Iqbal,8544.95,1885.1500000000005,1,5
1007,Hussain Chaudhry,8538.05,1570.1700000000005,2,9
2546,Fahad Qureshi,8537.83,2115.8200000000006,1,7
7039,Bilal Chaudhry,8533.61,1505.0299999999997,2,7
9087,Zainab Shah,8531.25,2652.2000000000007,1,5
5182,Sana Qureshi,8530.15,1334.8999999999996,1,5
5095,Hassan Iqbal,8529.8,2370.93,2,5
5856,Maryam Mirza,8519.76,2079.0,1,6
6409,Fatima Hussain,8514.45,2099.7000000000007,1,5
5659,Hussain Ali,8514.11,1164.7899999999995,3,9
5255,Ayesha Buriro,8513.300000000001,1410.800000000001,1,5
3637,Sana Mirza,8511.0,397.8599999999997,1,6
46,Ayesha Mirza,8510.31,1089.7300000000007,2,6
3308,Usman Khan,8504.03,3124.7799999999997,2,13
7021,Zainab Iqbal,8502.15,2150.95,1,5
1516,Sara Malik,8494.5,1830.25,1,5
9746,Ali Buriro,8493.960000000001,827.1600000000017,1,6
2255,Bilal Iqbal,8487.1,2954.55,1,5
3372,Zainab Khan,8483.880000000001,1977.4800000000005,1,6
9795,Zainab Ahmed,8479.69,2944.4500000000003,2,5
9361,Sara Malik,8479.68,2859.6000000000004,1,6
5997,Maham Raza,8468.05,2471.5999999999995,1,5
4924,Sana Chaudhry,8467.56,2673.6799999999994,2,8
9781,Ayesha Ahmed,8467.2,2842.880000000001,1,4
538,Fatima Ahmed,8460.35,1602.500000000001,1,5
1956,Usman Iqbal,8459.18,1230.8399999999995,3,7
5210,Sara Ali,8458.56,864.2600000000009,2,9
9751,Usman Iqbal,8456.0,1606.3900000000006,2,7
4688,Bilal Siddiqui,8452.08,1493.6999999999998,1,6
6988,Danish Khan,8451.900000000001,2199.4000000000015,1,5
2333,Hamza Mirza,8451.539999999999,2147.7599999999984,1,6
7256,Maryam Khan,8445.09,-284.3900000000003,2,11
8110,Omar Hussain,8434.89,2511.7300000000005,2,9
8239,Sana Memon,8432.42,1179.0200000000004,2,6
5912,Sana Ali,8429.11,1516.7999999999997,2,13
9874,Bilal Shah,8428.099999999999,2292.0999999999985,1,5
5607,Ahmed Khan,8427.4,1586.3499999999995,1,5
9464,Hussain Ahmed,8424.07,2351.0300000000007,2,5
8888,Bilal Raza,8421.05,2635.0499999999993,1,5
8233,Maryam Chaudhry,8417.52,3131.76,1,4
7249,Danish Buriro,8407.699999999999,1510.349999999999,2,9
4912,Usman Siddiqui,8404.369999999999,1679.2200000000003,2,8
4828,Saad Siddiqui,8402.009999999998,2023.7999999999993,2,6
7077,Danish Shah,8401.4,2536.0,2,7
4149,Maham Siddiqui,8396.85,2030.1400000000003,1,7
9194,Maryam Shah,8391.62,755.4100000000005,2,11
1528,Maham Sheikh,8390.199999999999,2212.43,2,9
2257,Hassan Chaudhry,8389.0,2009.0000000000005,2,10
3793,Ali Khan,8387.59,438.1200000000006,3,12
5152,Hassan Ali,8378.7,424.34000000000015,2,10
7478,Ayesha Malik,8375.97,1811.31,2,9
9391,Omar Hussain,8371.78,1568.9900000000002,2,10
9577,Maryam Ahmed,8365.35,2700.8100000000004,1,7
580,Omar Qureshi,8364.04,717.7800000000007,2,10
2024,Fatima Shah,8361.1,2367.15,2,8
7433,Sara Memon,8358.23,1497.92,2,9
4891,Hamza Shah,8356.12,2497.4400000000005,1,4
7133,Imran Ali,8355.619999999999,1113.3999999999999,4,9
1109,Fatima Iqbal,8349.54,1369.8100000000004,4,16
3171,Bilal Iqbal,8349.539999999999,388.2599999999984,1,6
7124,Sana Chaudhry,8348.74,2408.58,3,9
8772,Bilal Iqbal,8347.99,2698.6400000000003,1,7
3730,Hassan Buriro,8346.61,517.8900000000003,3,12
4154,Fatima Sheikh,8344.37,2457.46,3,9
2870,Usman Khan,8343.300000000001,2425.2000000000016,1,5
257,Danish Mirza,8342.949999999999,2224.749999999998,1,5
1365,Sana Siddiqui,8339.1,1431.7800000000007,1,7
8854,Sara Raza,8336.8,2759.5499999999993,1,5
7508,Hira Mirza,8335.67,1059.17,1,7
7054,Saad Siddiqui,8334.0,-46.68000000000029,1,6
8733,Sana Qureshi,8332.96,1980.9599999999994,2,8
3422,Fatima Qureshi,8328.24,1126.1400000000003,1,6
7161,Saad Raza,8328.18,1691.1599999999999,1,6
728,Sana Khan,8326.93,2755.1899999999996,2,7
840,Imran Sheikh,8325.730000000001,2471.4900000000007,1,7
5235,Maham Memon,8325.6,658.3000000000006,2,10
8647,Maryam Memon,8316.5,2532.0499999999993,1,5
5860,Imran Shah,8315.960000000001,1669.300000000001,2,8
4394,Usman Hussain,8315.09,2365.16,1,7
4043,Hira Ahmed,8314.45,2399.550000000001,1,5
507,Usman Malik,8313.67,1353.4900000000002,3,9
9497,Maham Ali,8304.31,2123.0999999999995,1,7
1051,Imran Memon,8298.5,1834.6399999999994,3,9
1079,Ayesha Hussain,8294.94,1826.460000000001,2,12
8937,Imran Shah,8293.91,1919.8899999999994,2,12
4063,Maham Ahmed,8292.07,98.55000000000018,2,9
7329,Hassan Malik,8289.48,117.11999999999989,1,6
4836,Hira Mirza,8287.14,714.0599999999995,1,6
1575,Saad Ali,8285.58,3171.54,1,6
5192,Usman Memon,8284.47,1931.579999999999,2,7
8632,Hamza Sheikh,8281.61,1763.06,3,7
5885,Omar Sheikh,8277.44,2289.6800000000003,1,4
7197,Maryam Ali,8276.539999999999,1178.5299999999988,2,8
6455,Bilal Memon,8274.9,2857.2999999999993,1,5
890,Hamza Memon,8272.92,2277.4799999999996,1,6
1319,Hamza Buriro,8262.0,1338.8499999999995,1,5
5689,Saad Buriro,8258.81,2264.6399999999994,1,7
8198,Maham Shah,8257.08,1226.2800000000007,1,6
9238,Usman Memon,8253.66,2016.36,2,12
8829,Zainab Ahmed,8243.22,-69.89999999999964,1,6
6253,Fatima Siddiqui,8240.099999999999,2687.039999999999,1,6
8756,Fahad Shah,8239.92,2394.94,2,6
4525,Ayesha Buriro,8239.63,1512.1099999999997,2,11
3336,Hussain Qureshi,8234.52,676.8000000000011,1,6
9352,Ayesha Sheikh,8234.400000000001,2555.2200000000007,3,11
8111,Sana Malik,8231.52,2611.4400000000005,1,6
6565,Sana Siddiqui,8229.6,1356.4499999999998,1,5
2211,Sara Iqbal,8224.5,1513.25,1,5
3563,Ahmed Chaudhry,8221.52,2340.96,1,4
8569,Danish Memon,8216.529999999999,2086.699999999999,1,7
4806,Saad Memon,8211.4,1317.75,1,5
2932,Sana Shah,8209.86,819.6000000000004,1,6
9639,Maryam Hussain,8209.4,1801.1200000000003,2,7
8691,Maham Sheikh,8202.09,1660.7400000000002,2,7
5720,Saad Ali,8197.24,2676.5599999999995,1,4
6256,Sana Chaudhry,8193.7,1395.7000000000007,1,5
7126,Saad Iqbal,8191.65,1017.8999999999996,2,12
1402,Saad Khan,8186.7,1216.999999999999,1,5
7599,Zainab Siddiqui,8180.870000000001,923.9000000000001,3,9
1707,Usman Ali,8180.650000000001,2258.8100000000004,2,9
4916,Ahmed Mirza,8178.12,2604.12,1,6
6022,Zainab Chaudhry,8172.35,2564.300000000001,1,5
9975,Hira Hussain,8169.37,890.9200000000001,3,12
9016,Hussain Mirza,8154.58,1904.8399999999992,1,7
5168,Bilal Buriro,8149.610000000001,1087.87,1,7
6285,Saad Mirza,8148.6,911.6600000000001,2,10
4752,Usman Sheikh,8147.56,2275.4800000000005,1,4
4314,Maham Mirza,8146.88,2305.4400000000005,1,4
8435,Fahad Buriro,8145.410000000001,1103.5500000000002,1,7
8117,Usman Raza,8141.07,856.659999999999,1,7
7997,Hamza Ahmed,8140.2,657.8999999999996,1,5
313,Maryam Shah,8137.200000000001,1487.0400000000009,1,6
3163,Imran Ahmed,8136.45,1620.9499999999998,1,5
906,Usman Hussain,8131.27,2073.8200000000006,2,7
6872,Omar Raza,8126.050000000001,1788.7000000000003,2,10
5030,Zainab Khan,8125.530000000001,2143.05,2,11
8910,Sara Shah,8125.2,2158.08,1,4
6213,Hamza Qureshi,8122.25,1220.4000000000005,1,5
6961,Bilal Qureshi,8122.150000000001,1876.4499999999998,1,5
8028,Fahad Memon,8110.53,1175.039999999999,2,10
218,Ayesha Ali,8109.18,408.0600000000004,1,6
3976,Maryam Shah,8102.849999999999,2050.45,1,5
9417,Danish Siddiqui,8101.740000000001,1515.030000000001,3,11
433,Danish Memon,8100.91,2043.349999999999,2,11
1274,Maham Raza,8100.85,1193.8999999999996,1,5
4329,Omar Mirza,8095.93,1859.25,2,7
2819,Bilal Siddiqui,8095.77,806.4000000000008,2,8
5705,Hira Raza,8095.25,2169.2000000000007,2,5
8228,Hussain Ahmed,8095.129999999999,1823.679999999999,2,9
9713,Ahmed Mirza,8090.01,2081.25,3,19
5766,Hira Siddiqui,8086.37,2211.4900000000002,3,12
4465,Hira Ahmed,8082.7699999999995,1425.4899999999993,2,11
2499,Sara Mirza,8082.74,1286.1,3,10
2627,Sara Raza,8079.05,2248.2700000000004,2,7
8763,Danish Malik,8079.01,1810.7500000000005,3,10
6035,Imran Iqbal,8077.619999999999,860.439999999999,3,16
6929,Hassan Malik,8077.3,1826.0,1,5
8528,Usman Memon,8067.099999999999,876.7999999999993,2,8
8895,Hussain Qureshi,8064.5,2332.1999999999994,3,8
8489,Bilal Buriro,8063.61,2094.1099999999997,4,11
1608,Sana Shah,8056.99,1383.3199999999988,2,7
5083,Ayesha Siddiqui,8050.900000000001,1381.25,1,5
9519,Hamza Malik,8048.18,1452.2200000000003,1,7
4834,Maryam Buriro,8048.009999999998,398.7099999999988,2,8
9985,Saad Hussain,8042.82,2835.1799999999994,1,6
5143,Sana Malik,8040.400000000001,2324.96,4,9
6432,Sana Siddiqui,8035.26,2426.34,1,6
1041,Danish Ali,8030.509999999999,2006.3099999999997,2,11
3835,Bilal Malik,8028.36,796.6799999999994,1,6
8741,Ayesha Khan,8027.139999999999,1254.6799999999998,2,6
44,Ahmed Malik,8026.410000000001,2746.0300000000007,1,7
7009,Bilal Khan,8023.050000000001,1172.0800000000008,1,7
2373,Hira Malik,8022.960000000001,991.6800000000003,1,6
3505,Saad Memon,8021.530000000001,2331.350000000001,2,9
2970,Saad Ahmed,8020.32,2834.58,1,6
9262,Ayesha Ali,8018.29,600.46,1,7
596,Ayesha Malik,8016.539999999999,1466.3499999999997,3,10
4227,Sara Hussain,8015.52,2683.0200000000004,1,6
9581,Usman Memon,8010.719999999999,-302.39999999999964,1,6
246,Imran Chaudhry,8009.47,1376.6900000000005,1,7
4160,Usman Shah,8008.68,2050.2400000000007,1,4
8155,Usman Hussain,8006.21,941.4899999999994,3,14
4229,Saad Raza,8004.099999999999,2721.3499999999995,1,5
9475,Imran Qureshi,8002.450000000001,1129.9000000000008,2,7
7110,Ayesha Ahmed,7999.6,824.1699999999996,2,7
3497,Usman Memon,7999.12,1302.24,3,12
1574,Maryam Mirza,7998.24,1713.0400000000002,3,7
7127,Fahad Malik,7996.870000000001,503.3700000000008,1,7
4086,Fahad Chaudhry,7990.7699999999995,1455.9199999999994,2,9
7309,Maham Ali,7990.5,2394.0,1,7
5962,Ahmed Ahmed,7986.76,1627.4900000000002,2,9
8880,Hamza Sheikh,7985.650000000001,510.65000000000055,1,5
3066,Ahmed Siddiqui,7983.42,1885.1100000000006,2,9
4009,Ayesha Ahmed,7980.299999999999,2444.1499999999996,1,5
7945,Zainab Raza,7976.900000000001,1897.750000000001,1,5
2920,Bilal Memon,7976.2699999999995,972.2499999999995,3,13
8455,Zainab Ahmed,7973.88,1239.9000000000005,1,6
5498,Hamza Malik,7972.08,1287.4800000000005,1,6
1058,Sara Shah,7972.01,1777.4500000000005,3,14
9007,Danish Ali,7971.1900000000005,1537.06,3,9
200,Bilal Malik,7963.3,1254.7600000000002,2,6
8047,Hira Memon,7963.08,1000.56,2,9
6465,Ali Raza,7960.73,634.8400000000001,3,13
1019,Sana Khan,7959.99,1695.6699999999998,3,13
1541,Ayesha Mirza,7954.92,-319.4400000000005,1,6
1552,Ali Siddiqui,7954.389999999999,1811.4099999999999,2,5
1958,Maham Ali,7951.6,2588.3600000000006,1,4
9702,Maryam Ali,7951.32,1209.7800000000007,1,6
4368,Maham Raza,7950.75,1555.9499999999998,1,5
8537,Danish Ali,7944.96,1766.2500000000002,3,7
9895,Hamza Raza,7943.25,1447.88,1,7
7303,Hassan Chaudhry,7942.3,838.5500000000002,1,5
2773,Usman Chaudhry,7940.830000000001,1745.83,2,8
8072,Hussain Raza,7937.31,1231.0700000000008,2,9
5604,Fatima Chaudhry,7937.05,2205.13,2,5
6949,Saad Memon,7936.74,1501.499999999999,1,7
1052,Hussain Ali,7935.36,2106.16,3,11
4028,Hira Hussain,7933.03,2276.1899999999996,1,7
3963,Hassan Memon,7920.43,1926.2600000000002,1,7
8172,Sara Memon,7919.12,2214.8,1,4
1635,Hassan Iqbal,7916.900000000001,1505.2700000000011,3,14
7409,Imran Raza,7915.52,460.62999999999965,2,11
4205,Ali Buriro,7915.44,2470.7,2,4
9021,Zainab Malik,7914.68,2287.05,2,5
8541,Ahmed Ahmed,7907.9400000000005,1388.2199999999998,2,8
4036,Ahmed Qureshi,7907.150000000001,2648.4500000000007,1,5
9885,Omar Shah,7905.790000000001,1927.2000000000003,2,7
3714,Sana Buriro,7904.68,1339.0800000000008,2,13
517,Sara Malik,7900.96,2029.96,1,4
8150,Fahad Ali,7896.53,691.7899999999996,2,6
2153,Hira Buriro,7890.87,2424.67,2,7
2387,Hussain Iqbal,7887.2,1169.5499999999988,2,10
6378,Hira Chaudhry,7886.58,2364.8999999999996,1,6
9312,Hira Raza,7885.49,2704.02,2,9
7565,Ahmed Malik,7882.699999999999,1471.539999999999,1,7
804,Hassan Raza,7877.790000000001,908.8800000000006,2,7
9050,Hira Qureshi,7876.8,2930.6800000000003,1,4
3043,Hira Buriro,7875.5,1850.25,1,5
9370,Ali Buriro,7871.64,1830.1200000000008,1,6
8487,Zainab Iqbal,7870.68,631.0200000000004,1,6
71,Saad Shah,7866.54,1043.2299999999998,3,13
3027,Omar Malik,7864.55,1949.6500000000005,1,5
3588,Hassan Sheikh,7860.450000000001,1415.6800000000003,2,9
5811,Danish Sheikh,7850.43,1401.8400000000006,2,10
4215,Sana Raza,7850.170000000001,2397.63,2,8
654,Bilal Shah,7850.099999999999,1405.9799999999996,1,6
8114,Hussain Memon,7835.880000000001,1600.0800000000008,2,7
9474,Maham Ali,7831.74,352.51000000000005,2,8
9645,Fahad Mirza,7828.799999999999,2100.3599999999988,1,6
324,Fatima Raza,7828.67,1270.3500000000004,2,11
8630,Danish Mirza,7828.150000000001,2670.4000000000005,1,5
1065,Ahmed Malik,7826.610000000001,1802.2200000000007,3,14
7950,Ayesha Chaudhry,7825.86,2353.8599999999997,1,6
4995,Hira Raza,7814.04,1790.92,3,12
2747,Hussain Shah,7812.28,1584.5599999999995,2,8
7323,Fatima Qureshi,7811.28,2448.88,1,4
3566,Hamza Mirza,7810.84,1795.44,2,8
2924,Hassan Memon,7806.47,2425.6000000000004,2,7
9969,Maham Ahmed,7805.92,1050.6,2,11
2972,Hussain Hussain,7805.280000000001,2283.6000000000004,1,6
5067,Saad Hussain,7805.1,1601.75,1,5
2295,Maryam Malik,7804.5,450.5,1,5
9899,Ayesha Memon,7802.9,2621.45,1,5
4319,Ali Mirza,7797.57,1881.7099999999994,3,5
4623,Maham Hussain,7797.0,2473.3599999999997,1,4
1222,Ali Shah,7787.799999999999,2197.0499999999993,1,5
1945,Hassan Mirza,7784.42,911.96,1,7
1810,Ayesha Ali,7782.04,1654.3100000000004,1,7
2830,Zainab Buriro,7781.639999999999,966.7200000000004,3,13
1126,Zainab Raza,7775.9400000000005,-385.4399999999996,1,6
8463,Sana Hussain,7770.599999999999,1891.9199999999992,1,6
9118,Hassan Raza,7770.240000000001,2579.750000000001,2,5
7499,Zainab Hussain,7766.280000000001,2570.9400000000005,1,6
2978,Hira Memon,7765.0599999999995,2176.4,2,10
8573,Imran Mirza,7763.52,239.8200000000004,2,12
5846,Hassan Chaudhry,7760.96,2845.6800000000003,1,4
922,Danish Mirza,7758.9,224.40000000000012,4,12
2482,Saad Shah,7758.419999999999,1118.98,2,6
4462,Hira Siddiqui,7753.76,1177.1200000000008,1,7
2861,Saad Siddiqui,7749.05,644.5399999999998,3,8
8,Sara Buriro,7749.02,1473.1200000000001,2,8
9837,Sana Ahmed,7747.849999999999,1132.1499999999994,3,15
6766,Danish Hussain,7747.18,1088.2900000000009,1,7
9398,Fahad Mirza,7746.48,958.1399999999999,2,9
6040,Danish Siddiqui,7745.99,297.9200000000001,1,7
991,Hira Hussain,7744.6,1874.250000000001,1,5
5753,Bilal Buriro,7740.45,2315.1000000000004,1,5
2497,Saad Raza,7739.139999999999,2614.3499999999995,2,4
9845,Zainab Shah,7737.88,2302.84,1,4
7166,Ahmed Siddiqui,7737.12,1958.69,2,12
9634,Sara Malik,7729.200000000001,2531.9400000000005,1,6
5038,Maham Ahmed,7727.04,1185.51,3,9
2092,Hassan Mirza,7719.79,1019.4299999999996,2,7
7543,Usman Hussain,7718.379999999999,1533.5699999999995,2,8
3480,Bilal Raza,7710.44,1753.5599999999995,1,4
4553,Usman Khan,7707.07,2414.0199999999995,1,7
2399,Zainab Ali,7706.79,1845.83,1,7
6194,Zainab Sheikh,7703.32,1546.6799999999998,3,13
1697,Maham Ahmed,7697.6,2017.7400000000002,2,6
3885,Bilal Iqbal,7695.48,1768.8,2,8
7873,Saad Shah,7683.64,2137.8,3,10
2450,Maham Raza,7681.25,2069.63,3,6
5881,Usman Malik,7675.99,1862.9099999999999,1,7
2889,Omar Ali,7675.22,1015.3200000000004,3,8
4198,Ahmed Chaudhry,7674.19,1925.5699999999995,3,6
2945,Hira Malik,7662.36,1699.88,1,4
8035,Fatima Khan,7660.9400000000005,2191.44,2,6
4677,Ali Ali,7659.75,246.88999999999942,2,9
1752,Hamza Shah,7659.540000000001,1695.8700000000001,3,13
3244,Maham Malik,7658.09,1555.6600000000003,2,7
6868,Hira Khan,7652.33,982.3800000000001,1,7
6553,Ahmed Mirza,7651.98,1718.999999999999,1,6
6421,Hassan Qureshi,7650.48,2167.7999999999993,1,4
3234,Omar Ali,7648.8,1750.18,2,5
2129,Hamza Ali,7647.849999999999,2199.449999999999,1,5
675,Sara Raza,7642.82,1229.0399999999993,2,8
8973,Saad Mirza,7639.660000000001,2286.6900000000005,1,7
1808,Maham Siddiqui,7636.38,2418.18,2,5
5556,Bilal Chaudhry,7631.35,839.6200000000001,2,12
5367,Usman Siddiqui,7630.42,1804.6000000000004,1,7
34,Imran Qureshi,7623.61,1567.0900000000004,2,7
2307,Maham Sheikh,7622.9400000000005,790.1400000000012,1,6
9926,Hussain Iqbal,7618.16,2796.04,1,4
2927,Bilal Memon,7612.59,2732.98,2,9
174,Saad Iqbal,7610.280000000001,386.5799999999999,1,6
401,Ali Malik,7610.08,546.0,2,8
2940,Hira Khan,7609.5,18.780000000000655,1,6
9228,Ali Buriro,7607.45,236.79999999999927,1,5
6835,Bilal Siddiqui,7606.78,2331.63,2,6
6481,Hira Buriro,7605.02,1725.76,2,10
1758,Bilal Iqbal,7600.28,1526.1799999999998,2,12
7834,Ayesha Memon,7596.05,1728.8999999999996,1,5
12,Hussain Chaudhry,7596.0,1399.0200000000004,1,6
3460,Ahmed Buriro,7593.96,511.3799999999999,3,8
2160,Fahad Khan,7592.700000000001,1527.1800000000012,1,6
1245,Zainab Qureshi,7592.5,525.4999999999995,2,6
7713,Sara Siddiqui,7590.540000000001,1446.5900000000004,2,8
7998,Fatima Sheikh,7589.639999999999,1272.4799999999996,2,13
1393,Imran Ali,7587.67,792.62,3,10
9756,Maryam Siddiqui,7587.0199999999995,2369.92,1,7
8459,Zainab Hussain,7584.2,1747.7100000000005,2,8
7231,Saad Malik,7582.55,334.60000000000036,1,5
101,Omar Chaudhry,7582.32,666.6600000000007,2,8
2636,Hussain Siddiqui,7582.179999999999,1673.9200000000003,2,8
6325,Maryam Raza,7582.040000000001,2406.510000000001,3,10
8328,Ali Raza,7581.09,2352.57,2,4
1050,Maham Shah,7580.05,1058.8500000000004,1,5
4565,Ahmed Ahmed,7579.15,2356.7999999999993,1,5
5626,Fahad Hussain,7574.49,2415.21,1,7
7785,Bilal Qureshi,7569.389999999999,2317.96,2,7
8504,Fahad Raza,7568.470000000001,1813.0600000000009,3,7
1170,Ali Ali,7564.61,1929.4699999999993,3,8
405,Omar Iqbal,7560.5599999999995,154.76999999999953,1,7
8656,Hamza Shah,7550.41,1287.3699999999994,2,7
5247,Ali Sheikh,7549.01,2424.0300000000007,1,7
7647,Fatima Khan,7548.12,1484.4199999999998,3,13
4608,Fahad Shah,7539.98,1576.9,4,15
4735,Fahad Chaudhry,7533.94,2073.68,2,6
3057,Fatima Hussain,7533.76,2629.24,2,5
8526,Ahmed Mirza,7530.889999999999,351.05999999999995,2,9
9557,Sara Qureshi,7528.63,1728.000000000001,3,7
1652,Maryam Malik,7527.0,1072.9699999999998,3,9
2776,Maryam Qureshi,7522.31,840.0100000000002,2,7
41,Imran Siddiqui,7521.02,1930.16,4,22
2915,Hassan Siddiqui,7519.54,265.16000000000076,1,7
5899,Ayesha Sheikh,7514.93,872.6899999999998,2,11
7710,Hamza Hussain,7508.889999999999,2188.32,3,8
6995,Maham Buriro,7501.8,1073.7999999999997,2,8
3587,Saad Qureshi,7501.08,772.0799999999999,1,6
5009,Danish Memon,7499.28,1975.0999999999997,2,8
462,Ayesha Ahmed,7488.36,2368.1399999999994,1,6
599,Sara Iqbal,7486.360000000001,1087.0300000000007,1,7
3434,Ayesha Shah,7485.4,310.10000000000036,1,5
1961,Imran Hussain,7484.400000000001,2351.2300000000005,1,7
5260,Zainab Ahmed,7480.200000000001,1589.460000000001,1,6
792,Zainab Siddiqui,7477.35,1242.3700000000003,2,13
6487,Imran Shah,7475.95,1822.9699999999998,2,12
6989,Ahmed Khan,7474.2699999999995,2110.3999999999996,2,9
5418,Hassan Iqbal,7473.9,888.6499999999996,1,5
9610,Usman Qureshi,7471.1900000000005,2267.61,2,11
7210,Omar Hussain,7470.36,1548.6799999999998,2,6
1568,Sara Khan,7453.5,854.7799999999995,3,11
4591,Fahad Shah,7452.620000000001,-73.0099999999984,1,7
3414,Zainab Khan,7452.6,1220.6000000000004,1,5
7934,Maham Ahmed,7449.120000000001,1510.3900000000012,1,7
135,Maryam Raza,7439.64,2027.7600000000002,1,6
993,Maryam Buriro,7438.14,837.7800000000007,1,6
2005,Hussain Ali,7436.799999999999,2015.1499999999996,1,5
8841,Ali Ahmed,7429.7300000000005,1180.9000000000005,1,7
5437,Zainab Mirza,7427.28,1769.3199999999997,1,7
3419,Sara Khan,7425.589999999999,2476.8399999999997,2,6
2746,Fatima Buriro,7425.120000000001,1773.6900000000007,3,14
38,Hira Sheikh,7424.36,1534.9999999999995,2,7
3175,Fatima Memon,7419.66,2168.3500000000004,3,17
4788,Sara Buriro,7408.75,378.89999999999964,1,5
3237,Ayesha Iqbal,7407.48,1547.9599999999991,1,4
9109,Hamza Mirza,7405.799999999999,1148.9399999999996,1,6
6444,Danish Mirza,7404.18,593.1100000000006,1,7
8823,Maham Hussain,7403.72,1461.4800000000005,1,4
4037,Hira Malik,7401.5199999999995,1260.2099999999991,1,7
5172,Danish Hussain,7400.650000000001,2448.000000000001,1,5
3817,Saad Siddiqui,7396.44,1698.5999999999995,2,6
7627,Hussain Iqbal,7391.16,957.6599999999999,1,6
6713,Fahad Malik,7390.5599999999995,2448.9199999999987,2,10
3048,Hamza Hussain,7388.280000000001,1711.7400000000007,1,6
5809,Omar Khan,7386.4,2007.5599999999995,1,4
8563,Saad Chaudhry,7385.900000000001,1166.550000000001,1,5
8327,Fahad Memon,7383.46,1116.8499999999995,1,7
9540,Usman Ali,7378.21,921.4800000000005,1,7
9158,Hussain Ali,7378.08,1864.7399999999998,1,6
6790,Usman Mirza,7374.88,2493.84,1,4
7306,Danish Siddiqui,7374.2,1697.3199999999997,1,4
2788,Sara Raza,7372.48,1835.5599999999995,1,4
6477,Imran Buriro,7369.8,1725.0000000000002,2,12
6639,Hamza Buriro,7369.32,2715.5999999999995,1,6
1851,Hussain Shah,7366.35,1513.1999999999998,1,5
9091,Imran Hussain,7365.089999999999,1400.9999999999986,2,11
6840,Fahad Chaudhry,7364.82,867.1800000000002,2,6
3685,Ahmed Ahmed,7361.360000000001,1071.3100000000004,2,7
4382,Maham Malik,7359.85,2397.9000000000005,1,5
9093,Omar Ali,7358.68,2281.6400000000003,1,4
6357,Hamza Malik,7353.54,1987.1299999999997,2,7
2938,Sara Ali,7352.28,2406.16,1,4
711,Imran Iqbal,7348.450000000001,1791.9000000000015,1,5
687,Ayesha Siddiqui,7348.4,1187.9799999999998,2,6
6085,Imran Ali,7348.26,1451.5200000000004,1,6
5405,Hassan Raza,7343.839999999999,711.0599999999995,1,7
4400,Danish Buriro,7343.16,2232.24,1,6
1638,Usman Chaudhry,7341.26,1158.8800000000006,3,6
8539,Sara Ali,7337.830000000001,1768.4300000000012,2,9
1081,Danish Shah,7334.700000000001,577.2000000000007,1,5
6839,Hamza Iqbal,7327.87,1726.48,2,5
3729,Sana Memon,7327.849999999999,2611.749999999999,1,5
4168,Saad Siddiqui,7324.099999999999,1030.8999999999987,1,5
3204,Sara Hussain,7322.9800000000005,354.2000000000007,1,7
9337,Ayesha Siddiqui,7318.62,450.71999999999935,1,6
8811,Saad Mirza,7316.4,1954.3599999999997,1,4
1204,Omar Memon,7315.42,1906.5100000000002,3,12
1643,Ayesha Sheikh,7307.52,2327.7000000000007,1,6
1071,Sara Chaudhry,7305.610000000001,1740.07,2,6
736,Fahad Memon,7302.120000000001,578.6900000000005,1,7
1551,Omar Ali,7301.7699999999995,978.4899999999996,2,5
109,Ahmed Ali,7301.35,660.3800000000001,3,11
3000,Maham Ali,7293.790000000001,1513.6200000000001,2,10
8649,Ayesha Siddiqui,7293.29,1655.3600000000004,2,7
8013,Ahmed Memon,7292.949999999999,795.8999999999987,1,7
3157,Ali Ali,7291.410000000001,2162.710000000001,4,5
406,Ali Chaudhry,7290.74,1358.0399999999997,2,7
4693,Ayesha Memon,7290.28,1424.96,1,4
2538,Hassan Qureshi,7290.08,1762.5199999999995,1,4
250,Imran Siddiqui,7288.450000000001,1850.6000000000013,1,5
7532,Maham Ali,7288.0199999999995,2414.379999999999,2,8
963,Omar Ali,7282.86,2673.1799999999994,1,6
9680,Hassan Siddiqui,7281.370000000001,1927.7800000000007,3,6
1991,Fatima Ali,7278.84,1079.2399999999998,2,13
4103,Ayesha Raza,7278.639999999999,1455.3599999999997,2,11
8227,Danish Memon,7275.0,1868.3599999999997,1,4
8759,Hussain Qureshi,7265.300000000001,1435.0700000000015,1,7
891,Ali Qureshi,7262.64,2588.4400000000005,1,4
3004,Bilal Buriro,7261.43,889.4500000000003,2,7
7396,Saad Chaudhry,7256.299999999999,1809.2999999999995,2,8
6925,Sana Qureshi,7255.78,1644.7199999999993,1,7
4763,Fatima Chaudhry,7254.52,1073.1,2,7
8438,Omar Buriro,7253.26,-170.17000000000007,1,7
3332,Fatima Malik,7251.0,2425.8999999999996,1,5
839,Hassan Siddiqui,7245.780000000001,2201.220000000001,1,6
598,Zainab Hussain,7237.75,551.6499999999996,1,5
1591,Usman Ahmed,7236.87,1900.34,2,9
4265,Imran Memon,7235.9,1309.6999999999996,2,6
9838,Ayesha Sheikh,7234.62,2651.46,1,6
8280,Maham Malik,7230.2,2363.1699999999996,2,7
8716,Hira Khan,7227.18,767.0,2,6
2262,Zainab Iqbal,7225.84,803.0400000000003,3,10
2316,Hassan Malik,7225.5,1503.8400000000001,1,6
8916,Saad Shah,7224.96,1358.6800000000003,1,4
4669,Omar Chaudhry,7219.9800000000005,1115.3400000000006,2,7
6876,Ayesha Sheikh,7218.049999999999,1860.949999999999,1,5
7771,Ayesha Khan,7217.099999999999,1349.2799999999997,1,6
8033,Hassan Raza,7214.789999999999,1519.5699999999988,2,7
1331,Ayesha Buriro,7213.68,762.960000000001,1,6
6820,Ali Iqbal,7211.04,2118.4799999999996,1,4
4321,Sana Mirza,7208.12,1360.04,2,8
9323,Ayesha Ahmed,7208.04,2523.5199999999995,1,4
8746,Sara Siddiqui,7207.2,2052.16,1,4
9840,Zainab Iqbal,7204.5,1722.52,2,9
9019,Maryam Memon,7203.0,1498.6000000000004,1,4
8930,Sara Qureshi,7198.75,173.40000000000055,1,5
3597,Sana Chaudhry,7197.17,1669.6800000000003,2,5
7380,Ayesha Qureshi,7195.5599999999995,881.5799999999999,1,6
8929,Danish Qureshi,7195.4,1359.5699999999993,2,13
5744,Hamza Chaudhry,7192.01,260.3299999999999,1,7
4778,Fatima Ali,7191.6900000000005,925.5100000000009,3,11
2474,Omar Sheikh,7184.6,1153.050000000001,1,5
3540,Usman Malik,7182.900000000001,801.0600000000004,1,6
1835,Ayesha Shah,7182.320000000001,1626.3400000000006,2,8
8549,Imran Buriro,7180.16,2042.6800000000003,1,4
1672,Ahmed Hussain,7175.57,1359.7199999999998,2,12
3397,Fahad Ali,7172.6900000000005,554.2600000000002,1,7
5298,Maryam Shah,7166.88,2261.76,3,10
2421,Maham Ali,7163.4800000000005,1665.2400000000007,2,11
6408,Hassan Shah,7162.610000000001,1250.9700000000012,1,7
3846,Fahad Sheikh,7158.219999999999,2106.63,2,11
5492,Imran Hussain,7155.88,2041.38,2,4
9564,Fatima Hussain,7155.549999999999,1695.0499999999993,1,5
9693,Ayesha Buriro,7155.0,1692.0,1,6
872,Fatima Khan,7152.820000000001,912.3600000000006,4,10
6865,Fatima Sheikh,7148.12,1480.7200000000003,1,4
65,Sana Hussain,7145.05,1946.1500000000003,2,9
1732,Fahad Khan,7144.69,602.7699999999995,1,7
8014,Hassan Qureshi,7142.78,1267.46,2,10
9715,Hira Khan,7141.799999999999,214.1999999999989,1,5
5528,Hassan Ahmed,7134.139999999999,1622.9299999999998,2,11
9859,Hamza Sheikh,7133.16,1659.4800000000007,2,7
6780,Zainab Memon,7131.0,2232.24,1,6
5739,Ahmed Chaudhry,7130.13,1374.9400000000005,1,7
6500,Usman Raza,7127.88,1185.4099999999999,2,7
4913,Ali Qureshi,7124.580000000001,2209.76,2,6
3339,Danish Malik,7119.9800000000005,1406.38,2,6
9479,Maryam Malik,7114.03,1618.14,3,10
9773,Ahmed Memon,7112.07,2257.1499999999996,1,7
4294,Maham Raza,7110.459999999999,2172.79,2,7
4162,Maryam Malik,7103.64,1874.8200000000006,1,6
6269,Fatima Khan,7101.05,1069.6999999999998,1,5
9002,Hassan Shah,7099.650000000001,2094.3,1,5
1613,Maryam Buriro,7097.09,1569.3300000000002,2,7
8951,Usman Malik,7095.62,1252.7199999999993,1,7
7184,Omar Qureshi,7090.349999999999,446.14999999999964,1,5
7027,Bilal Raza,7084.5,1672.2100000000005,2,5
7826,Maryam Shah,7076.78,2501.8899999999994,2,8
5357,Maryam Raza,7069.72,155.05000000000018,1,7
8965,Maryam Qureshi,7068.34,1372.9799999999996,2,4
9378,Ali Ahmed,7068.32,1283.1699999999992,1,7
8289,Ahmed Qureshi,7066.92,654.9599999999991,1,6
5775,Hamza Shah,7065.2,1198.3599999999997,1,4
9447,Hassan Raza,7064.55,1736.750000000001,1,5
5561,Bilal Chaudhry,7058.98,1025.3999999999996,2,12
3285,Hussain Ahmed,7057.82,796.8800000000001,1,7
371,Danish Buriro,7055.460000000001,447.0600000000004,1,6
8566,Fatima Qureshi,7054.099999999999,1008.2999999999997,2,9
3583,Maryam Siddiqui,7053.209999999999,2107.3199999999997,3,8
7372,Ali Mirza,7053.04,1342.4399999999996,1,4
6797,Zainab Buriro,7052.700000000001,1140.9600000000007,2,12
2206,Hassan Raza,7051.45,1384.25,1,7
10,Danish Siddiqui,7051.38,2367.24,1,6
9360,Maham Ali,7043.700000000001,1282.5,1,6
5185,Hamza Khan,7043.499999999999,1478.8599999999994,2,13
1192,Imran Qureshi,7038.74,1113.74,2,10
5664,Hassan Ali,7034.0,1402.4,2,8
9745,Sara Mirza,7030.03,2319.0299999999997,1,7
6836,Imran Ahmed,7029.61,1618.2599999999993,2,10
291,Ahmed Mirza,7027.95,1161.25,1,5
9407,Maham Sheikh,7023.38,1310.2600000000002,1,7
3156,Fatima Malik,7021.7,74.59999999999945,1,5
1054,Maham Ahmed,7021.5,688.3499999999995,1,5
4470,Fahad Shah,7021.26,2501.6400000000003,1,6
102,Fatima Memon,7019.400000000001,2473.6500000000005,1,5
2757,Imran Chaudhry,7019.1,2455.310000000001,2,9
2234,Maham Iqbal,7012.6,2102.1000000000004,1,5
7773,Maham Ali,7011.39,1742.1300000000008,2,7
671,Zainab Ahmed,7008.68,2206.3600000000006,1,4
7237,Saad Qureshi,7007.490000000001,652.0500000000011,1,7
3274,Hira Memon,7004.9400000000005,1948.920000000001,1,6
1369,Sana Ahmed,7003.68,1741.2400000000007,1,4
5566,Maham Shah,6989.5599999999995,970.3199999999997,2,8
2656,Imran Chaudhry,6985.32,1214.6399999999994,1,6
4060,Ayesha Mirza,6983.74,2012.3899999999994,2,8
4733,Hassan Qureshi,6983.150000000001,354.85000000000036,1,5
8757,Usman Malik,6977.18,2658.2600000000007,3,7
4879,Hamza Qureshi,6969.61,921.5399999999997,3,7
8503,Maham Ahmed,6966.599999999999,1020.8999999999987,1,6
7623,Fatima Ali,6966.2,1667.4799999999996,1,4
3699,Fatima Khan,6963.73,2112.5099999999998,2,6
8689,Hussain Khan,6957.55,231.89999999999964,1,5
8966,Hussain Ahmed,6948.5,558.0999999999996,2,9
519,Imran Khan,6944.920000000001,378.7499999999998,2,7
7246,Sara Iqbal,6944.85,1096.9000000000005,1,5
4358,Zainab Malik,6943.51,860.38,3,7
1701,Danish Chaudhry,6939.49,959.9499999999996,2,13
8102,Sara Ahmed,6939.04,1121.1999999999998,1,4
8835,Danish Qureshi,6938.259999999999,2400.579999999999,1,7
849,Fatima Ahmed,6937.75,1143.6000000000004,1,5
7115,Maham Mirza,6934.62,2008.1599999999999,1,7
6263,Hira Khan,6930.42,421.1199999999999,1,7
886,Hamza Qureshi,6925.1,1015.8000000000011,1,5
5795,Fahad Buriro,6917.1,1372.6000000000004,2,6
2082,Sana Shah,6915.28,941.9599999999998,2,8
2617,Bilal Ahmed,6912.44,1060.3599999999997,1,4
2599,Imran Iqbal,6909.85,2097.03,2,4
4432,Danish Chaudhry,6908.13,603.7500000000003,3,7
2330,Ayesha Sheikh,6908.02,851.7600000000011,1,7
7253,Bilal Mirza,6903.780000000001,1635.5400000000009,1,6
8151,Sana Sheikh,6903.42,414.2399999999998,1,6
7498,Sara Sheikh,6902.799999999999,2322.0899999999992,2,6
9425,Bilal Hussain,6897.68,1805.12,1,4
3955,Hassan Ali,6895.740000000001,771.3800000000009,2,8
8849,Maham Buriro,6893.25,150.0099999999993,1,7
8274,Sara Memon,6892.95,1198.6,3,9
3613,Zainab Hussain,6892.45,1693.25,1,5
3951,Hassan Siddiqui,6891.32,1625.8200000000002,2,11
1082,Ayesha Chaudhry,6889.07,1111.1999999999998,2,7
733,Fahad Ali,6889.03,2057.8599999999997,2,9
5062,Sara Ahmed,6883.4,1769.7999999999993,1,4
8066,Omar Ahmed,6882.150000000001,757.6500000000005,1,5
1096,Omar Siddiqui,6879.95,889.2799999999997,1,7
6917,Imran Qureshi,6878.77,1024.370000000001,2,7
4526,Ali Raza,6878.26,1631.6799999999998,2,4
7160,Hassan Ahmed,6877.1,2209.300000000001,1,5
5338,Sara Hussain,6876.25,832.75,1,5
3838,Saad Khan,6874.75,1368.1,3,11
5880,Saad Malik,6873.72,1214.7200000000003,1,4
5845,Hussain Siddiqui,6871.41,536.1300000000001,1,7
7673,Maham Iqbal,6870.700000000001,1892.750000000001,1,5
7874,Danish Ali,6863.88,2329.48,2,8
8724,Bilal Buriro,6862.799999999999,806.8199999999988,1,6
426,Saad Mirza,6860.42,738.2199999999996,2,5
7229,Fahad Ahmed,6857.76,2398.3200000000006,1,4
7696,Bilal Raza,6854.259999999999,1819.4399999999996,1,7
4099,Hamza Memon,6851.2,2310.95,1,5
4209,Zainab Siddiqui,6851.05,1073.5500000000002,1,5
7917,Sara Chaudhry,6848.2300000000005,2361.27,2,7
6223,Bilal Raza,6847.95,1194.9499999999998,1,5
4027,Ayesha Hussain,6842.679999999999,793.9499999999996,2,13
4489,Maham Malik,6833.25,1454.3999999999994,2,9
2321,Danish Khan,6829.4,1164.1599999999999,1,4
3543,Zainab Chaudhry,6829.28,1029.8400000000001,1,4
1165,Ali Ahmed,6829.2,1000.4400000000005,1,7
6497,Hira Siddiqui,6827.72,1013.6800000000003,1,4
6971,Sara Buriro,6824.68,1496.46,2,11
7784,Imran Shah,6821.58,1330.3199999999997,1,6
6956,Ali Sheikh,6816.3,1726.5,1,5
7965,Fatima Ahmed,6814.81,1563.8400000000006,2,7
3836,Ahmed Siddiqui,6813.24,1996.7099999999996,2,9
5538,Usman Hussain,6811.6,765.7000000000003,2,5
8160,Bilal Qureshi,6810.0,578.4000000000005,1,5
1600,Saad Shah,6799.54,639.1099999999999,2,9
8983,Hamza Hussain,6799.27,1257.5999999999997,3,17
3785,Omar Sheikh,6799.04,1360.6400000000003,1,4
9010,Hira Khan,6797.35,494.90000000000055,1,5
3464,Omar Malik,6795.549999999999,853.6499999999987,1,5
8152,Usman Sheikh,6786.09,1001.8800000000001,3,9
3725,Sara Mirza,6785.73,491.53999999999996,1,7
6291,Zainab Memon,6781.04,495.60000000000036,1,7
6311,Fahad Ahmed,6777.08,1787.8400000000001,1,4
6215,Imran Shah,6768.900000000001,1865.7300000000005,2,6
3831,Maryam Sheikh,6766.24,1752.6200000000001,2,8
8555,Usman Buriro,6765.009999999999,362.9499999999989,1,7
8530,Sara Shah,6762.4,1790.749999999999,1,5
7669,Ayesha Hussain,6760.99,1146.6099999999992,3,7
1283,Ayesha Siddiqui,6760.95,1983.4499999999998,1,7
4783,Imran Chaudhry,6760.2,2096.76,2,4
2467,Fahad Mirza,6753.599999999999,745.8499999999995,1,7
1924,Maham Qureshi,6745.909999999999,1060.009999999999,2,5
8263,Maham Mirza,6743.03,1207.3199999999997,2,11
2569,Fatima Hussain,6739.04,1302.0699999999997,1,7
7098,Bilal Qureshi,6736.3,1233.48,2,10
8596,Hamza Buriro,6734.29,1340.88,2,8
5859,Ayesha Raza,6731.43,1876.6,2,5
6826,Omar Raza,6729.92,2165.04,1,4
2284,Sara Memon,6729.539999999999,1699.2599999999993,1,6
8925,Hira Siddiqui,6726.64,1007.0,1,4
8824,Maham Buriro,6725.88,2438.9400000000005,1,7
9289,Saad Siddiqui,6722.82,1785.8399999999992,1,6
695,Fahad Chaudhry,6722.790000000001,758.5500000000002,2,6
2117,Maryam Shah,6719.34,1823.7600000000002,1,6
5063,Imran Malik,6719.04,1159.1599999999999,1,4
6894,Maham Shah,6718.389999999999,1288.0,1,7
9618,Hira Ali,6718.04,1567.7599999999998,2,10
522,Ayesha Qureshi,6715.530000000001,2226.9300000000003,1,3
7418,Hassan Chaudhry,6714.82,60.75999999999931,1,7
1746,Hassan Hussain,6713.759999999999,1971.7999999999995,2,8
6076,Hassan Sheikh,6709.25,1643.8999999999996,1,5
7852,Hira Mirza,6707.35,524.0,1,5
7292,Usman Malik,6706.799999999999,1575.7199999999993,1,6
1896,Hassan Ahmed,6702.94,2003.91,3,7
9096,Danish Raza,6696.47,2231.98,2,11
4744,Omar Malik,6695.849999999999,1899.0299999999997,1,7
1809,Ahmed Siddiqui,6695.15,1094.16,3,8
7435,Fahad Khan,6693.83,1297.1600000000003,2,9
198,Sara Chaudhry,6688.86,494.05999999999915,2,10
5895,Zainab Khan,6682.4,1517.5199999999995,2,8
2551,Sana Raza,6682.06,1561.1400000000003,1,7
9947,Sara Mirza,6680.779999999999,2406.2799999999993,2,7
2447,Ahmed Khan,6680.599999999999,1120.0,1,5
2389,Hamza Buriro,6680.1,1480.9000000000005,1,5
8674,Fatima Ahmed,6679.68,1518.7200000000003,1,7
403,Sara Buriro,6678.28,-9.800000000000182,1,7
1384,Omar Iqbal,6673.32,944.3599999999997,1,4
4671,Hira Ahmed,6671.97,1345.44,3,8
6767,Ali Mirza,6668.4,2038.7999999999993,1,4
1949,Zainab Khan,6667.37,1221.6899999999998,2,9
8056,Ali Raza,6667.24,1681.88,1,4
6397,Fatima Buriro,6666.7,2114.2,1,5
9892,Maham Sheikh,6665.280000000001,500.10000000000036,1,6
1070,Zainab Siddiqui,6660.18,1976.46,1,6
611,Maryam Raza,6659.120000000001,776.9899999999998,2,10
3074,Zainab Memon,6657.48,2124.879999999999,1,4
9666,Fahad Buriro,6654.2,756.5199999999995,1,4
451,Ali Khan,6651.599999999999,1646.249999999999,1,5
6490,Bilal Iqbal,6649.64,1706.16,2,8
8130,Saad Siddiqui,6647.759999999999,858.6199999999999,1,7
2685,Hira Malik,6646.56,1644.6400000000003,1,4
9416,Maham Raza,6637.5,554.0499999999993,1,5
9561,Maryam Memon,6633.610000000001,1558.9800000000002,4,15
821,Sara Khan,6631.17,2196.5899999999997,3,4
302,Sara Ahmed,6623.23,1383.21,2,7
7605,Ayesha Chaudhry,6622.31,2138.5700000000006,3,5
6399,Ali Raza,6621.36,602.6399999999994,1,6
3671,Fahad Qureshi,6620.33,622.6199999999999,2,11
6951,Saad Raza,6615.85,1061.3000000000002,1,5
9232,Maryam Buriro,6614.37,1727.3900000000003,1,7
1025,Maham Hussain,6614.25,971.6999999999998,1,5
7621,Zainab Malik,6613.08,1867.5299999999995,3,5
8194,Maryam Chaudhry,6611.3,-46.30000000000018,2,10
3069,Hassan Memon,6605.34,494.1300000000001,1,7
221,Saad Malik,6602.56,1267.8200000000004,2,5
8584,Hamza Khan,6600.23,441.41999999999916,1,7
481,Hussain Siddiqui,6598.91,232.16000000000008,2,8
9069,Sara Memon,6593.85,920.25,1,5
1712,Maryam Qureshi,6592.5599999999995,1808.52,2,9
7120,Bilal Hussain,6591.299999999999,2568.8699999999994,1,3
6641,Hira Khan,6590.65,114.24999999999977,2,7
1140,Omar Memon,6587.12,1855.5999999999995,1,4
4206,Imran Buriro,6584.099999999999,505.6999999999989,1,5
2744,Usman Buriro,6578.04,1588.8900000000003,2,4
3329,Fahad Sheikh,6575.75,1105.2000000000007,1,5
8159,Maham Shah,6575.08,583.3599999999997,1,4
2961,Hassan Buriro,6574.85,1922.8200000000002,2,9
2986,Sara Shah,6569.1,882.3000000000005,2,6
5945,Fahad Khan,6566.6,2211.6400000000003,1,4
2080,Hussain Khan,6566.05,-218.94999999999982,1,5
2833,Zainab Siddiqui,6560.34,1094.5200000000004,1,6
8812,Omar Iqbal,6558.509999999999,1709.9599999999991,1,7
1566,Omar Siddiqui,6557.76,1555.7600000000002,1,4
8928,Sara Iqbal,6557.57,861.8800000000002,3,11
1682,Ali Mirza,6552.26,1336.8700000000003,2,10
4202,Ahmed Mirza,6547.14,1742.1000000000004,1,6
4538,Ayesha Mirza,6545.12,619.4799999999996,1,4
6278,Hira Hussain,6543.4800000000005,510.8200000000006,3,6
6163,Imran Qureshi,6540.4,1858.4799999999996,1,4
1873,Usman Iqbal,6539.76,1345.92,1,6
6123,Hassan Memon,6537.12,691.8400000000001,1,4
7410,Zainab Shah,6536.68,1895.5200000000004,1,4
1016,Sana Ahmed,6532.25,1408.44,2,5
2935,Imran Memon,6528.83,1719.08,2,7
9809,Ali Siddiqui,6523.24,1193.3199999999997,1,4
8036,Sara Mirza,6517.1,1776.75,1,5
9793,Bilal Khan,6511.3,2229.750000000001,1,5
9327,Fatima Sheikh,6504.76,1635.3600000000006,1,4
4387,Zainab Malik,6502.04,1891.8600000000006,2,10
7079,Omar Ali,6498.88,1545.92,1,4
3483,Ahmed Mirza,6498.65,1749.3999999999996,1,5
8947,Imran Khan,6497.0,-137.0,1,5
7895,Imran Qureshi,6493.42,2140.08,2,9
6655,Bilal Sheikh,6491.65,638.4499999999989,1,5
6817,Maham Hussain,6484.66,-250.39000000000033,1,7
7416,Omar Mirza,6484.18,338.49000000000024,2,12
3549,Hussain Ali,6481.16,2031.5999999999995,1,4
7390,Fatima Shah,6474.51,908.7600000000002,2,9
6416,Imran Ahmed,6469.85,210.90000000000055,1,5
8517,Maryam Chaudhry,6462.969999999999,1808.5499999999997,2,8
6979,Maham Buriro,6462.200000000001,1837.3500000000004,1,5
7562,Ahmed Malik,6454.32,419.46000000000004,1,6
1753,Ali Chaudhry,6452.64,2328.2400000000007,1,3
8257,Zainab Buriro,6451.7,1101.999999999999,1,5
5851,Hira Iqbal,6451.4,1590.6499999999996,1,5
9765,Imran Siddiqui,6451.19,1444.4399999999998,3,16
4545,Hassan Qureshi,6450.0,1492.38,1,6
7125,Usman Malik,6445.88,1008.4000000000001,2,10
3878,Hussain Iqbal,6444.24,600.5000000000006,3,10
9544,Fatima Sheikh,6443.24,1895.88,1,4
3214,Saad Raza,6441.84,1908.1200000000003,2,4
9123,Maham Chaudhry,6431.48,2066.3199999999997,1,4
239,Danish Khan,6425.68,1233.6000000000004,1,4
8501,Imran Khan,6421.44,805.0,1,4
1626,Hamza Buriro,6418.28,1383.48,2,6
5929,Maryam Chaudhry,6417.04,1704.7600000000002,1,4
8557,Omar Memon,6414.15,2248.3199999999997,2,9
8913,Bilal Hussain,6413.55,842.0500000000002,1,5
484,Maryam Malik,6413.24,1916.04,1,4
3262,Hussain Memon,6410.01,2150.8500000000004,2,8
1490,Bilal Sheikh,6409.65,1715.36,2,5
3716,Fahad Mirza,6408.56,1580.7600000000002,1,4
8803,Sara Ali,6407.28,1052.2799999999997,1,4
5755,Hussain Ali,6406.82,1288.44,3,6
959,Bilal Sheikh,6406.62,1257.17,3,9
8553,Bilal Buriro,6398.88,1932.3599999999997,1,4
9572,Ali Hussain,6387.29,836.0100000000002,1,7
6721,Danish Qureshi,6386.36,1644.88,1,4
3605,Ayesha Iqbal,6380.68,1200.4000000000005,1,4
3080,Maham Malik,6380.5,-55.84999999999991,2,9
6178,Sana Qureshi,6379.68,1802.27,2,5
871,Ayesha Buriro,6378.35,965.3299999999999,2,7
6552,Omar Shah,6375.53,536.3399999999993,2,14
367,Imran Buriro,6371.58,2101.9799999999996,1,6
6779,Usman Qureshi,6369.24,252.51000000000028,3,11
328,Sana Sheikh,6369.02,2172.050000000001,2,8
512,Fahad Mirza,6366.92,1655.2799999999997,1,4
5453,Zainab Buriro,6366.52,1065.0800000000008,1,4
4057,Hussain Malik,6359.880000000001,1459.2300000000005,2,5
8332,Ahmed Hussain,6359.0,1209.79,5,15
1800,Bilal Hussain,6357.8099999999995,1878.7799999999997,1,3
355,Fatima Siddiqui,6356.83,1538.9599999999998,3,14
3763,Ayesha Ali,6356.35,1746.4499999999998,2,10
9030,Maryam Ali,6354.28,508.63999999999965,2,9
7660,Ayesha Raza,6354.01,1597.6600000000003,2,7
2263,Danish Siddiqui,6352.38,839.6800000000005,3,7
3681,Ahmed Buriro,6343.400000000001,267.40000000000055,1,7
1798,Usman Malik,6342.620000000001,1740.5400000000006,4,14
8809,Bilal Chaudhry,6342.38,715.94,2,10
8357,Hassan Memon,6337.08,537.8000000000002,1,4
7194,Ahmed Sheikh,6336.57,554.86,3,7
4967,Ali Qureshi,6335.139999999999,394.02999999999884,1,7
3353,Fahad Khan,6322.38,1043.94,2,9
9350,Sara Khan,6320.76,1917.6900000000005,1,3
2180,Hira Iqbal,6318.320000000001,1988.9400000000007,3,10
6390,Omar Shah,6317.139999999999,466.8200000000003,3,12
3642,Sara Khan,6314.64,1309.04,1,4
5925,Hamza Raza,6314.15,683.3999999999996,1,5
606,Maryam Buriro,6311.700000000001,2313.120000000001,1,6
7649,Saad Malik,6310.26,526.1400000000003,1,6
1374,Usman Mirza,6308.67,1870.29,2,6
1214,Hussain Qureshi,6308.16,1946.8599999999997,2,5
4892,Saad Malik,6298.62,1834.1499999999999,2,5
9600,Zainab Raza,6298.0,822.2799999999997,1,4
805,Usman Ali,6295.32,816.5999999999995,1,6
6968,Fahad Ahmed,6293.9,1127.3000000000002,1,5
6486,Sara Chaudhry,6287.88,524.8000000000002,1,4
9390,Saad Khan,6287.6,1316.1,2,7
9785,Hassan Sheikh,6285.950000000001,2116.4000000000005,1,5
7043,Ayesha Ali,6284.389999999999,2219.3499999999995,1,7
6650,Hussain Malik,6282.64,1879.3000000000002,2,8
3792,Hira Malik,6277.38,564.1499999999997,2,5
6147,Omar Buriro,6276.71,1009.0400000000004,2,4
4395,Ali Qureshi,6270.110000000001,2234.8200000000006,1,7
8505,Ayesha Memon,6269.75,990.0,1,5
3266,Ahmed Shah,6268.8,240.63000000000022,2,5
8532,Ayesha Khan,6262.65,291.5499999999993,1,5
4528,Saad Memon,6262.25,1687.8500000000004,1,5
6742,Hassan Qureshi,6255.2,272.0699999999997,2,7
9743,Hassan Raza,6252.72,114.80000000000064,2,7
3898,Ali Siddiqui,6252.209999999999,1089.7799999999995,2,5
7449,Sana Sheikh,6251.76,1833.42,1,6
7808,Hira Qureshi,6247.289999999999,1754.0699999999988,1,3
6181,Ali Khan,6245.2699999999995,1312.6499999999996,2,5
3049,Hira Chaudhry,6244.91,1961.8899999999994,1,7
683,Sana Khan,6244.35,1845.8299999999997,2,11
8460,Sara Raza,6241.92,1730.2600000000002,2,4
540,Ayesha Mirza,6238.44,580.0799999999999,1,4
2987,Fatima Khan,6237.900000000001,95.52000000000044,1,6
8953,Fatima Malik,6234.84,671.4300000000001,2,5
7287,Hamza Buriro,6231.45,1431.0,1,5
4067,Hira Malik,6229.57,1073.1899999999996,2,8
304,Hamza Sheikh,6229.11,1490.3099999999997,2,9
1473,Danish Ali,6228.88,1745.9400000000003,2,4
9620,Imran Memon,6228.85,1692.5,1,5
3302,Fatima Malik,6227.05,1036.23,2,5
6108,Ali Ali,6226.27,1377.9800000000005,2,12
3408,Omar Shah,6225.84,907.5600000000004,1,4
8623,Hassan Ahmed,6223.17,1410.4500000000003,3,9
6563,Hassan Ali,6217.360000000001,1166.0299999999995,5,10
4255,Ali Mirza,6213.94,1582.0199999999995,2,8
4002,Bilal Qureshi,6211.25,1733.0500000000002,1,5
8234,Hamza Hussain,6211.1,1932.3000000000002,1,5
5792,Hassan Memon,6210.52,574.0800000000008,1,4
4467,Sana Ahmed,6207.0,2113.1000000000004,1,5
1017,Ahmed Memon,6206.65,114.59999999999945,1,5
1159,Ahmed Siddiqui,6205.4800000000005,1932.7499999999998,2,7
3649,Bilal Shah,6203.16,1469.58,2,6
3140,Ali Qureshi,6201.299999999999,1862.7599999999993,1,3
3578,Ayesha Shah,6201.04,1336.6400000000003,1,4
7468,Ali Ahmed,6198.08,1919.8200000000006,1,7
8671,Ahmed Ali,6192.32,819.6000000000004,2,8
7488,Danish Khan,6187.68,2066.7299999999996,1,3
8081,Maryam Shah,6187.52,2075.38,2,4
6111,Maryam Ali,6186.5,1553.1999999999998,1,5
1112,Ali Siddiqui,6186.27,950.45,3,10
5507,Ali Ahmed,6180.28,1360.8999999999996,3,8
5249,Zainab Ali,6179.049999999999,1897.5,1,5
3429,Hira Chaudhry,6175.6,1685.2199999999998,3,12
4795,Zainab Malik,6173.79,1285.83,1,7
7799,Ali Qureshi,6172.56,1038.4800000000005,1,4
601,Fahad Sheikh,6171.3,1401.5,2,4
6198,Maryam Ahmed,6170.36,1992.96,1,4
9296,Zainab Qureshi,6168.099999999999,1208.999999999999,1,5
7255,Hira Raza,6162.91,241.5899999999997,2,10
3821,Maryam Buriro,6161.610000000001,1350.1600000000008,1,7
2230,Hassan Hussain,6161.039999999999,963.539999999999,1,6
7888,Omar Shah,6160.32,871.8000000000001,2,8
8760,Usman Ahmed,6160.28,612.04,1,4
6701,Imran Shah,6160.0,342.4399999999996,1,7
9578,Hussain Memon,6158.7699999999995,1653.2,3,12
2770,Danish Iqbal,6157.49,913.0099999999998,2,7
6031,Ayesha Qureshi,6157.2,818.4799999999996,1,4
2405,Omar Mirza,6152.14,1661.2000000000003,2,8
1579,Maham Iqbal,6146.43,1226.76,2,6
4226,Sana Chaudhry,6145.1900000000005,141.98000000000025,2,7
4258,Sana Siddiqui,6144.969999999999,1110.6899999999991,2,8
2310,Maryam Chaudhry,6141.84,785.8200000000006,1,6
1983,Hussain Mirza,6139.88,283.31999999999994,3,12
9539,Usman Memon,6134.099999999999,1776.6999999999998,1,5
7123,Bilal Iqbal,6132.150000000001,1652.3500000000004,1,5
3738,Fatima Memon,6130.549999999999,2311.249999999999,1,5
2002,Ali Siddiqui,6129.88,344.9000000000001,2,10
735,Maham Khan,6129.27,848.5400000000009,1,7
1387,Usman Memon,6127.99,1635.6499999999999,2,9
347,Imran Iqbal,6122.2,1774.8400000000001,1,4
9887,Usman Buriro,6114.22,155.1900000000005,1,7
8156,Hamza Iqbal,6114.06,1343.4400000000003,2,4
8559,Fatima Malik,6110.16,1658.12,1,4
8394,Ahmed Memon,6109.2,1632.88,1,4
6864,Ahmed Malik,6107.43,608.9700000000007,2,9
6210,Hassan Mirza,6107.25,1514.5000000000002,3,7
2824,Fahad Iqbal,6099.18,204.35999999999922,2,10
2326,Omar Iqbal,6097.17,1774.1100000000006,1,3
9342,Danish Khan,6094.75,212.84999999999945,1,5
300,Maryam Hussain,6090.24,1388.2600000000002,3,13
4066,Hassan Buriro,6089.650000000001,1351.4900000000007,1,7
4694,Maham Mirza,6085.51,1231.1100000000006,3,7
2695,Fatima Chaudhry,6085.17,1195.8899999999999,2,9
2116,Ahmed Chaudhry,6084.96,417.15999999999985,1,4
6970,Danish Raza,6082.57,1002.1899999999996,2,7
8326,Maham Shah,6082.12,1709.1199999999992,2,10
116,Fatima Mirza,6078.099999999999,1908.5499999999993,1,5
6387,Zainab Malik,6075.860000000001,1690.4700000000003,2,4
5554,Maryam Ahmed,6075.84,1707.21,1,3
2589,Usman Siddiqui,6074.9400000000005,1354.7399999999998,1,6
9078,Ayesha Memon,6072.450000000001,1712.460000000001,1,3
2793,Fatima Buriro,6071.12,284.03999999999996,1,4
8002,Ali Chaudhry,6071.08,1542.9900000000007,2,11
2996,Ali Sheikh,6070.799999999999,1639.9799999999996,1,6
4775,Imran Khan,6068.6900000000005,1920.9600000000005,2,7
4773,Maryam Khan,6063.450000000001,2118.7000000000007,1,5
7222,Ayesha Ahmed,6061.01,1275.7100000000005,2,8
5555,Usman Hussain,6060.36,1921.1599999999999,2,8
4722,Hussain Raza,6057.0599999999995,256.97999999999956,1,6
3502,Saad Raza,6056.33,1106.5300000000002,3,16
5861,Fatima Hussain,6056.01,1449.54,2,5
8080,Maryam Iqbal,6053.24,1403.92,1,4
7800,Ahmed Malik,6047.74,1415.8600000000001,3,7
495,Usman Buriro,6047.22,2118.540000000001,2,7
382,Imran Iqbal,6046.6,1596.4199999999998,2,4
5044,Sana Qureshi,6045.0,2242.62,1,6
1337,Fahad Ahmed,6044.96,1396.3599999999997,1,4
5592,Maryam Buriro,6044.82,1178.7900000000004,2,6
4278,Imran Mirza,6044.55,1321.9499999999998,1,5
1577,Hussain Buriro,6039.85,1698.0500000000002,1,5
2557,Saad Khan,6033.09,333.97000000000025,1,7
3317,Hussain Buriro,6033.04,1818.1899999999996,2,5
8166,Ayesha Memon,6030.349999999999,1161.5399999999995,2,7
3382,Hassan Mirza,6025.41,350.7000000000007,2,9
2537,Hussain Buriro,6024.57,1589.1299999999992,1,3
2452,Maryam Memon,6019.42,846.2899999999997,2,7
843,Omar Sheikh,6017.9,715.9499999999989,1,5
5040,Saad Buriro,6015.950000000001,1301.9500000000007,1,5
721,Maham Sheikh,6015.0,1948.08,1,4
5388,Hussain Ahmed,6012.049999999999,1537.4499999999991,2,12
696,Hamza Sheikh,6004.099999999999,1943.8999999999996,1,5
3347,Danish Buriro,6003.6900000000005,2161.4400000000005,1,3
3886,Usman Khan,5998.530000000001,1410.510000000001,2,7
9440,Sana Ahmed,5997.48,1211.4199999999998,3,6
5865,Saad Memon,5996.2,912.1700000000001,1,7
7413,Sara Ali,5995.900000000001,734.2500000000009,1,5
550,Ali Siddiqui,5995.26,25.079999999999927,1,6
2536,Imran Raza,5994.799999999999,1640.9799999999989,2,12
9017,Usman Hussain,5993.610000000001,1200.7800000000007,1,7
7539,Hassan Ali,5992.95,574.4099999999994,3,9
7368,Danish Buriro,5991.64,196.96000000000004,1,4
7018,Zainab Khan,5990.45,1429.6799999999998,3,10
3486,Hussain Buriro,5989.59,462.92000000000036,3,8
4887,Danish Ali,5988.54,1230.1800000000003,1,6
121,Hassan Raza,5988.42,425.4499999999998,2,7
6282,Hira Malik,5982.210000000001,891.09,4,15
6998,Zainab Qureshi,5981.9400000000005,598.5600000000004,1,6
8833,Zainab Ali,5981.1,1460.5800000000008,1,6
2507,Sana Iqbal,5978.900000000001,1366.940000000001,2,6
6982,Ali Iqbal,5975.64,1748.6999999999998,1,6
5476,Ahmed Ali,5973.2,1556.1999999999998,1,4
2942,Danish Shah,5972.42,1472.0799999999997,3,10
8828,Zainab Iqbal,5972.4,1153.0199999999995,1,6
127,Hussain Malik,5972.200000000001,2022.69,3,8
3975,Sana Ali,5969.85,606.4499999999998,1,5
1745,Ayesha Memon,5968.9800000000005,47.76000000000022,1,6
4726,Maham Qureshi,5967.26,1403.2600000000002,3,8
6023,Sara Ali,5963.88,1392.0,1,6
496,Hamza Raza,5960.56,1826.92,1,4
2754,Hassan Ali,5959.0,67.72000000000025,1,4
4179,Imran Hussain,5954.16,851.9200000000001,1,4
6620,Ali Malik,5953.4400000000005,1142.2200000000003,1,6
1903,Ali Mirza,5948.56,1024.8400000000001,1,4
8073,Saad Shah,5947.120000000001,1541.0600000000004,2,9
7979,Ayesha Chaudhry,5945.349999999999,347.59999999999945,1,5
7774,Hira Iqbal,5944.049999999999,1871.6699999999992,1,3
5704,Saad Buriro,5943.52,1095.4800000000005,1,4
4504,Maham Siddiqui,5939.68,792.5200000000004,1,4
6703,Fatima Iqbal,5938.09,666.1600000000003,2,5
7378,Saad Iqbal,5937.27,470.92999999999984,2,9
7600,Ayesha Raza,5933.97,1799.9799999999996,1,7
1405,Maham Ahmed,5926.25,816.4399999999994,3,11
9888,Sana Buriro,5924.860000000001,579.6799999999998,4,16
5797,Hira Sheikh,5924.75,746.6299999999997,2,4
3819,Hassan Memon,5924.38,285.9399999999996,2,5
3321,Hamza Khan,5923.54,2211.4400000000005,1,7
3776,Omar Sheikh,5923.38,2026.8600000000006,1,6
3181,Maryam Iqbal,5922.36,1431.5599999999995,1,4
9733,Maham Iqbal,5920.299999999999,1011.8999999999996,1,5
1649,Usman Chaudhry,5919.54,730.2600000000002,1,6
3344,Hussain Ali,5915.709999999999,1258.0999999999995,2,8
7974,Sara Khan,5914.790000000001,1215.4300000000005,2,5
6283,Maham Qureshi,5913.72,819.3600000000006,1,6
9121,Maryam Hussain,5909.32,879.5299999999997,2,8
2128,Hamza Malik,5909.05,1753.3600000000006,1,7
1033,Sana Sheikh,5908.28,858.4399999999996,1,4
6974,Danish Iqbal,5901.7300000000005,488.60999999999996,3,11
5510,Hussain Raza,5899.96,2095.4400000000005,2,9
3981,Omar Ali,5898.379999999999,1097.4399999999996,3,15
1265,Ahmed Raza,5891.860000000001,619.5800000000004,3,11
3023,Sana Sheikh,5890.8,262.15999999999985,1,4
3469,Fatima Malik,5889.4,1753.6399999999994,1,4
266,Sana Ahmed,5887.07,1759.0999999999995,1,7
1719,Bilal Hussain,5884.2,1461.98,2,8
4861,Danish Sheikh,5881.75,1585.9499999999998,1,5
2470,Bilal Qureshi,5880.610000000001,1000.5100000000004,2,4
1451,Zainab Mirza,5878.25,1730.5500000000002,1,5
4605,Omar Memon,5877.57,1768.26,2,3
9306,Maham Siddiqui,5876.7,1558.1899999999996,3,6
6491,Omar Shah,5876.68,200.0,1,4
1438,Omar Sheikh,5874.36,1291.3599999999997,1,4
396,Ahmed Siddiqui,5874.299999999999,1141.7399999999998,1,6
7804,Hira Sheikh,5874.03,1329.72,2,9
9780,Hamza Mirza,5869.38,381.89999999999964,1,6
9763,Ali Buriro,5868.36,1381.9199999999992,1,3
3137,Sana Mirza,5860.700000000001,996.7000000000007,1,5
5484,Imran Qureshi,5859.92,970.5199999999999,3,10
5907,Sana Hussain,5856.2,-77.55999999999949,1,7
8621,Ahmed Iqbal,5855.599999999999,1406.9499999999998,1,5
7415,Maryam Hussain,5850.8099999999995,1251.99,2,7
3206,Danish Siddiqui,5845.799999999999,1127.2799999999997,1,6
7611,Ayesha Buriro,5842.9400000000005,680.29,2,10
4030,Maryam Chaudhry,5839.14,1748.5200000000004,1,6
7089,Hassan Ahmed,5838.7,1070.6499999999996,1,5
6452,Ahmed Malik,5832.9,935.4499999999998,1,5
6467,Omar Shah,5832.570000000001,829.8300000000004,2,9
6856,Ali Qureshi,5830.04,1066.7600000000002,1,4
6598,Fahad Malik,5827.459999999999,971.5699999999993,2,5
9282,Usman Iqbal,5825.0,2272.3500000000004,1,5
8813,Hamza Raza,5824.4400000000005,1658.63,3,8
3991,Fahad Iqbal,5821.849999999999,1269.3499999999995,1,5
1837,Sana Khan,5820.77,1735.7399999999998,3,10
2567,Fatima Khan,5817.45,1960.1999999999998,1,5
5971,Bilal Qureshi,5816.48,1649.3199999999997,1,4
8176,Saad Chaudhry,5813.700000000001,527.9100000000001,2,6
8255,Ahmed Memon,5813.28,1021.0199999999995,1,6
5076,Maryam Shah,5812.52,948.4300000000003,1,7
7614,Omar Siddiqui,5811.64,1594.8000000000002,1,4
1453,Hira Mirza,5809.2699999999995,1667.6099999999997,2,7
3162,Hassan Iqbal,5805.6,1994.3400000000001,1,6
5799,Zainab Hussain,5805.5,1579.2499999999998,2,7
3744,Danish Sheikh,5801.65,117.58999999999969,2,10
7099,Ahmed Shah,5800.69,1700.0199999999995,1,7
4846,Ali Malik,5800.639999999999,1498.9199999999998,3,13
4322,Imran Raza,5799.55,1626.6999999999998,1,5
6622,Hamza Malik,5798.120000000001,1300.0800000000004,2,6
4488,Hussain Ali,5795.82,1306.7700000000004,1,3
7224,Maham Ahmed,5786.849999999999,373.75,1,5
1970,Sara Sheikh,5786.33,563.1400000000004,3,14
3913,Danish Mirza,5784.36,1822.8599999999997,1,6
6854,Fatima Siddiqui,5784.33,1308.1800000000003,1,3
5220,Ahmed Ali,5782.92,1061.5200000000004,1,6
6938,Fahad Raza,5782.41,305.9399999999996,2,9
4814,Omar Iqbal,5780.2,52.279999999999745,1,4
7542,Hira Qureshi,5779.36,850.0199999999993,2,7
4446,Imran Siddiqui,5779.24,1688.6,1,4
1571,Fatima Siddiqui,5774.400000000001,34.25000000000091,1,5
1385,Fatima Iqbal,5772.8099999999995,1631.3399999999992,1,3
5719,Hassan Ali,5770.4,-122.85000000000036,1,5
5712,Fahad Raza,5767.16,1051.7600000000002,1,4
4230,Ayesha Shah,5765.52,2025.2800000000007,1,4
5584,Saad Memon,5763.93,1324.3500000000004,1,3
6871,Zainab Memon,5763.52,2.5600000000004,1,4
2189,Hamza Shah,5761.79,668.9900000000002,2,9
6248,Maryam Iqbal,5756.7,1353.0500000000002,1,5
1454,Maryam Iqbal,5755.4,793.7599999999987,2,6
8317,Omar Chaudhry,5749.14,1593.3499999999997,2,7
6466,Ayesha Mirza,5743.14,1842.17,2,3
1293,Omar Raza,5740.5,68.48999999999967,2,6
8362,Sara Chaudhry,5739.299999999999,-30.720000000000255,1,6
1125,Hussain Siddiqui,5737.29,793.3800000000001,2,11
7394,Usman Buriro,5735.17,580.19,2,10
5253,Omar Shah,5730.76,-68.41999999999939,2,6
3366,Hira Malik,5730.19,1362.1199999999997,3,7
2533,Zainab Memon,5725.880000000001,1015.0100000000004,2,10
2771,Bilal Ahmed,5723.64,1192.5200000000004,1,4
8669,Bilal Raza,5721.84,521.3199999999997,1,4
8415,Bilal Ali,5720.46,1495.9799999999996,1,6
6559,Sana Chaudhry,5719.83,1537.2299999999996,1,3
2816,Fatima Raza,5718.64,-76.03999999999996,1,4
8808,Ali Buriro,5718.15,938.0499999999993,2,8
8492,Zainab Chaudhry,5715.59,1505.7500000000005,2,4
7656,Usman Buriro,5712.66,1232.37,1,3
4621,Bilal Shah,5710.45,919.0999999999999,2,10
1728,Danish Mirza,5704.650000000001,2189.2500000000005,1,7
1656,Zainab Siddiqui,5692.19,728.0,1,7
2806,Bilal Shah,5691.950000000001,1721.4500000000007,1,5
9705,Zainab Malik,5691.64,1343.0300000000002,2,5
5115,Ahmed Ali,5679.78,1439.5199999999995,1,6
1644,Hassan Shah,5676.509999999999,382.96999999999935,1,7
9385,Ali Sheikh,5674.349999999999,925.0999999999995,1,5
9716,Hira Sheikh,5672.64,1797.4500000000003,1,3
7367,Saad Ahmed,5672.0,1573.8400000000001,1,4
6043,Maham Buriro,5671.5599999999995,685.079999999999,1,6
4612,Ayesha Malik,5671.14,986.69,3,9
3935,Maryam Sheikh,5667.16,940.3999999999996,1,4
211,Imran Memon,5665.68,148.97999999999956,1,6
2366,Imran Memon,5663.79,1221.7200000000003,1,3
4798,Ayesha Sheikh,5663.64,1672.2600000000002,1,3
3661,Usman Shah,5660.900000000001,1817.6900000000005,1,7
8581,Fatima Raza,5658.24,1009.5199999999995,1,4
6533,Hamza Memon,5656.92,1442.9399999999996,1,3
4041,Fahad Siddiqui,5654.599999999999,474.52999999999975,1,7
5979,Danish Ahmed,5654.450000000001,1415.4500000000007,1,5
9599,Hira Memon,5652.0,1917.9899999999998,1,3
5548,Sara Hussain,5651.58,644.7399999999998,2,10
2997,Danish Hussain,5650.599999999999,413.6499999999987,1,5
3291,Fatima Qureshi,5650.05,1015.4500000000007,1,5
1773,Ali Hussain,5649.05,1813.14,2,4
4921,Saad Qureshi,5644.71,1881.21,1,3
8116,Sara Iqbal,5644.03,1608.8099999999995,1,7
5252,Hira Khan,5641.52,919.0800000000008,1,4
809,Maham Sheikh,5640.25,1300.3000000000002,1,5
1657,Imran Shah,5638.25,1189.6000000000004,1,5
966,Ahmed Sheikh,5635.86,1270.71,1,3
1355,Sara Chaudhry,5635.04,1246.69,2,7
6201,Ahmed Sheikh,5631.84,1332.87,1,3
8264,Ayesha Iqbal,5630.8,1779.7500000000005,1,7
1209,Maryam Shah,5627.76,616.5600000000004,1,4
9571,Hira Ali,5627.5599999999995,634.0599999999988,2,12
7885,Ahmed Khan,5626.5,1310.1599999999999,1,3
8825,Saad Chaudhry,5625.69,1192.7299999999996,1,7
6515,Usman Ahmed,5623.8,1367.7300000000005,1,7
4336,Hira Ali,5621.08,1348.1599999999994,2,6
1925,Sara Shah,5616.700000000001,572.6900000000005,2,7
264,Imran Ahmed,5616.56,651.5600000000004,2,5
569,Sara Qureshi,5615.23,1660.3699999999994,2,5
7268,Hamza Hussain,5612.610000000001,1336.1000000000001,2,7
3150,Bilal Ahmed,5610.84,1394.67,2,9
8250,Ali Khan,5610.360000000001,1844.7800000000002,1,7
8079,Zainab Iqbal,5609.5,745.0200000000002,3,7
9517,Danish Chaudhry,5607.77,1163.6800000000007,2,5
2897,Omar Iqbal,5607.75,1438.1000000000004,1,5
9192,Hassan Malik,5607.57,1345.619999999999,1,3
4906,Saad Raza,5601.66,1422.7200000000005,2,12
1774,Ayesha Chaudhry,5600.32,1929.9999999999995,1,4
5502,Maryam Sheikh,5597.7,1126.3000000000002,1,5
1821,Sara Chaudhry,5597.2,981.6399999999994,1,4
5586,Ayesha Iqbal,5594.38,1635.43,2,7
3948,Sara Ali,5591.13,423.6400000000001,2,7
9024,Ayesha Sheikh,5589.04,1009.2399999999998,1,4
4666,Hassan Siddiqui,5585.36,521.1599999999999,1,4
7361,Sana Sheikh,5581.54,417.03999999999996,2,8
9247,Fatima Sheikh,5580.45,1549.4699999999998,2,3
8105,Usman Memon,5573.07,1491.0299999999997,1,3
645,Hassan Hussain,5571.35,1086.5,1,5
1106,Hira Buriro,5566.96,1911.1400000000003,1,7
4728,Bilal Shah,5562.900000000001,251.86000000000058,1,7
8377,Usman Memon,5560.04,783.1200000000001,3,12
7635,Omar Ali,5558.7,-343.6300000000001,1,7
5443,Hussain Mirza,5557.73,671.5199999999995,2,9
9589,Fahad Buriro,5556.16,-206.64000000000033,1,4
1814,Maham Shah,5555.719999999999,1563.9499999999998,2,7
5034,Maham Sheikh,5553.3,1570.46,2,4
2417,Omar Shah,5553.25,1400.8000000000002,1,5
1228,Danish Sheikh,5551.089999999999,1627.1099999999994,2,8
9997,Ali Malik,5548.26,366.77999999999975,1,6
5014,Saad Memon,5543.52,1316.88,1,4
8839,Imran Ahmed,5543.16,1298.7600000000002,1,6
4619,Sana Siddiqui,5537.21,943.9500000000003,2,8
2290,Bilal Malik,5531.31,1630.0700000000006,2,11
5144,Sara Chaudhry,5530.71,1049.14,2,9
279,Sara Chaudhry,5528.76,1478.2200000000003,1,6
4487,Hamza Buriro,5527.26,1432.5,1,3
3304,Fahad Iqbal,5526.12,651.54,1,6
5130,Zainab Iqbal,5524.650000000001,551.6000000000004,1,5
6048,Sana Ali,5524.55,857.8000000000002,1,5
6743,Hamza Khan,5523.58,1433.5000000000002,2,4
4352,Saad Ali,5520.12,1452.2799999999997,1,4
4523,Saad Buriro,5519.08,1027.0399999999995,2,6
8091,Hassan Qureshi,5516.799999999999,-12.900000000001455,1,5
1960,Ahmed Hussain,5508.549999999999,1394.0499999999997,2,5
2652,Hussain Siddiqui,5506.599999999999,1156.4499999999998,1,5
8707,Sana Ali,5501.210000000001,1189.6900000000007,2,5
7609,Omar Malik,5499.43,1482.3000000000002,2,12
5429,Maryam Chaudhry,5494.93,387.3100000000004,1,7
1227,Ahmed Sheikh,5494.650000000001,762.1700000000003,5,13
1858,Sara Malik,5493.25,1681.4499999999998,1,5
2185,Imran Sheikh,5492.04,1744.48,1,4
7545,Fatima Raza,5490.4800000000005,1332.9600000000003,2,4
6638,Imran Memon,5489.88,1375.17,1,3
6883,Fatima Qureshi,5481.92,183.33000000000047,2,5
5714,Saad Memon,5475.93,1757.2200000000003,1,3
9872,Imran Mirza,5474.77,14.279999999999745,1,7
7304,Imran Sheikh,5473.35,1740.1000000000004,1,5
4821,Omar Memon,5471.69,1753.2199999999993,1,7
6431,Imran Siddiqui,5468.61,1499.2799999999997,1,3
6937,Ali Chaudhry,5467.0,1733.8300000000004,1,7
6290,Omar Chaudhry,5466.759999999999,1589.6799999999998,2,5
697,Saad Buriro,5466.56,1276.4000000000005,1,4
9343,Sana Mirza,5463.68,1154.08,1,4
3122,Imran Malik,5457.05,959.0500000000002,1,5
4911,Maham Ali,5456.73,729.2699999999998,2,11
1492,Danish Mirza,5456.72,616.8400000000003,2,8
5579,Usman Mirza,5456.22,520.2400000000007,1,7
7382,Maryam Qureshi,5454.88,811.7600000000002,1,4
7862,Fahad Khan,5454.66,661.3800000000001,1,6
7373,Fahad Raza,5454.0599999999995,108.35999999999876,1,6
4547,Sara Iqbal,5453.96,1193.8400000000001,1,4
7349,Sana Shah,5451.32,1295.63,1,7
4939,Saad Hussain,5449.4400000000005,1166.1600000000008,1,6
2956,Hussain Qureshi,5449.08,642.6000000000004,1,7
7015,Sara Shah,5447.68,1226.9000000000003,2,4
5299,Hamza Shah,5446.28,1418.6,1,4
152,Ali Chaudhry,5443.97,788.7600000000002,1,7
320,Maham Iqbal,5442.54,1766.04,2,6
7073,Maryam Malik,5440.360000000001,1641.49,2,3
7430,Saad Chaudhry,5438.219999999999,707.3999999999994,2,12
100,Hamza Iqbal,5436.04,1278.6400000000003,1,4
5595,Imran Raza,5435.48,1244.2199999999998,2,7
42,Hussain Mirza,5428.17,1611.1499999999996,2,5
6753,Ali Buriro,5425.08,1086.96,1,6
637,Imran Memon,5418.8,1360.9,1,5
103,Fatima Shah,5415.5,1481.0,1,5
8466,Sana Sheikh,5411.65,653.3499999999995,1,5
4681,Sara Iqbal,5411.1,262.2000000000007,1,6
2079,Sara Malik,5406.54,365.46000000000004,1,6
9857,Imran Hussain,5405.43,1287.3400000000001,3,6
3829,Danish Iqbal,5404.56,2008.4800000000005,1,4
4764,Danish Sheikh,5403.24,1085.6399999999994,1,3
8215,Usman Shah,5400.589999999999,1109.3699999999992,4,12
3978,Hira Ahmed,5400.48,797.3199999999997,1,4
1708,Sana Siddiqui,5399.68,1562.0400000000004,1,4
4935,Fatima Hussain,5397.39,1436.4600000000005,1,3
8911,Fahad Qureshi,5394.8,1237.4000000000005,1,4
6778,Ahmed Raza,5394.0599999999995,1701.8999999999996,1,6
1298,Hamza Ahmed,5392.59,1297.32,2,7
3742,Fatima Ahmed,5391.05,1559.0400000000004,1,7
1391,Hamza Iqbal,5388.33,923.94,2,9
8420,Ahmed Ali,5383.79,1405.2399999999998,2,5
2156,Zainab Mirza,5380.0,1053.4399999999996,1,4
8751,Zainab Memon,5377.200000000001,1737.420000000001,1,6
4818,Sara Sheikh,5375.29,627.4199999999998,3,9
8600,Ahmed Siddiqui,5371.5599999999995,1723.1999999999998,1,6
1418,Omar Raza,5370.54,1250.48,3,8
1511,Hamza Ali,5369.46,856.2500000000005,2,5
8034,Danish Malik,5368.32,1644.7499999999995,1,3
4602,Hamza Chaudhry,5366.64,477.0600000000002,2,9
2774,Hussain Khan,5363.36,1349.9999999999995,3,7
3923,Hussain Qureshi,5358.150000000001,1404.480000000001,1,7
6473,Maham Iqbal,5357.6,502.8000000000002,1,4
9736,Maryam Raza,5354.4,1798.7999999999993,1,6
8473,Danish Siddiqui,5352.62,600.8799999999997,2,4
3012,Hamza Chaudhry,5349.38,1662.7199999999998,2,8
4638,Ahmed Memon,5349.15,1466.2299999999996,2,5
997,Bilal Hussain,5349.0599999999995,1306.2599999999998,1,6
9481,Imran Iqbal,5347.58,630.9800000000005,1,7
1616,Danish Shah,5346.799999999999,721.0699999999993,3,15
5336,Bilal Buriro,5339.4,535.5199999999995,1,4
7176,Hassan Khan,5334.7300000000005,465.72,2,12
5888,Fatima Ahmed,5334.63,546.8400000000001,1,7
9875,Sara Shah,5332.0199999999995,870.4599999999997,3,8
2796,Ahmed Raza,5332.0199999999995,214.3199999999988,1,6
4761,Hamza Sheikh,5331.76,1397.7200000000003,1,4
4672,Ayesha Malik,5330.2,573.1499999999996,1,5
9988,Zainab Mirza,5327.12,1139.5199999999995,1,4
9949,Ali Hussain,5323.8,690.34,3,4
3475,Omar Raza,5319.0599999999995,2073.2999999999993,1,3
5596,Usman Hussain,5311.0,890.25,1,5
5386,Ahmed Buriro,5307.6,1917.0,1,3
7081,Maham Mirza,5304.72,224.60000000000036,1,4
786,Ahmed Qureshi,5302.68,1247.9100000000008,1,3
6044,Danish Iqbal,5301.12,1328.7199999999998,1,4
6386,Hussain Chaudhry,5300.34,1452.0600000000004,1,6
5906,Bilal Chaudhry,5294.91,1746.33,1,3
3375,Omar Sheikh,5294.8,1056.92,1,4
5991,Maryam Ali,5291.02,1134.420000000001,1,7
4556,Hussain Buriro,5289.299999999999,1625.7599999999993,1,6
4008,Maham Ahmed,5288.200000000001,981.4500000000007,1,5
9886,Sana Mirza,5286.2,1208.1,1,5
9720,Ahmed Khan,5282.7300000000005,1101.8700000000008,1,3
2300,Saad Memon,5280.33,1338.58,2,9
5921,Zainab Siddiqui,5277.79,1853.04,1,7
7357,Danish Memon,5277.16,1727.9499999999998,1,7
9252,Ali Qureshi,5273.8,409.03999999999996,1,4
5533,Danish Sheikh,5266.26,1129.7400000000007,1,6
2578,Danish Mirza,5264.6,752.4000000000005,1,4
3067,Imran Siddiqui,5264.5,1454.2000000000003,1,5
2476,Hamza Khan,5263.9,816.6499999999996,1,5
9455,Ahmed Sheikh,5259.09,1315.5300000000002,1,3
1481,Imran Siddiqui,5256.18,1003.8000000000002,1,6
1261,Ayesha Khan,5254.0,539.3999999999996,1,4
1200,Bilal Buriro,5253.66,831.7199999999993,1,6
4541,Imran Khan,5251.1,1384.0500000000006,1,5
4495,Ali Malik,5251.0199999999995,394.2199999999996,2,8
9882,Hira Ali,5250.61,750.6300000000003,2,7
5184,Usman Memon,5249.88,316.27999999999975,1,4
4549,Hassan Memon,5249.39,956.8400000000004,2,6
9325,Saad Sheikh,5249.099999999999,504.59999999999945,1,5
6928,Zainab Chaudhry,5239.04,938.5600000000004,1,4
4976,Ayesha Siddiqui,5237.7,843.6500000000005,1,5
8893,Sara Buriro,5233.65,1406.8199999999997,1,3
770,Sara Hussain,5232.76,1431.8000000000002,1,4
9203,Sara Siddiqui,5229.24,1414.04,1,4
3494,Zainab Hussain,5227.98,1355.22,2,8
3395,Usman Buriro,5227.799999999999,831.8399999999992,1,6
9619,Hassan Raza,5226.36,1501.0499999999997,1,3
1011,Hamza Hussain,5225.46,1180.6800000000003,1,6
7440,Ayesha Chaudhry,5223.54,1438.86,2,8
7474,Danish Siddiqui,5220.1,436.85000000000036,1,5
6014,Hussain Hussain,5217.610000000001,1542.1400000000008,2,8
255,Bilal Shah,5214.17,818.1399999999999,2,4
2078,Usman Ahmed,5210.94,1636.3899999999999,1,7
8182,Saad Buriro,5208.450000000001,1981.2900000000009,1,3
1368,Ayesha Ahmed,5208.28,1206.2399999999998,1,7
6577,Hussain Siddiqui,5205.36,1667.0999999999995,1,6
3695,Usman Buriro,5202.57,987.7699999999996,2,4
6032,Ali Siddiqui,5201.28,1441.7999999999997,1,4
5123,Hassan Siddiqui,5200.2,954.7300000000002,2,5
95,Usman Malik,5198.1,897.0,2,9
6773,Fahad Siddiqui,5194.6900000000005,1302.7700000000002,2,5
3405,Ali Chaudhry,5190.67,721.7300000000007,2,10
6522,Usman Siddiqui,5187.51,1675.8000000000002,1,3
3182,Maham Shah,5186.639999999999,1238.9199999999992,2,6
3356,Bilal Qureshi,5182.82,19.61999999999989,2,6
5591,Ayesha Siddiqui,5180.879999999999,478.37999999999977,2,10
6413,Zainab Siddiqui,5180.759999999999,1531.7399999999993,2,6
4013,Hussain Chaudhry,5178.88,1736.0000000000005,1,7
4884,Omar Qureshi,5177.16,1313.9399999999998,2,9
6910,Hira Qureshi,5174.97,1036.9500000000007,1,3
5855,Ayesha Khan,5173.28,1433.8099999999995,1,7
9213,Sara Ahmed,5172.63,1692.1799999999998,1,3
7059,Imran Raza,5171.740000000001,1544.2700000000004,1,7
9074,Hassan Memon,5170.0,491.6299999999994,3,13
1936,Ali Ali,5168.68,1234.6400000000003,1,4
3589,Sara Buriro,5167.44,603.8999999999994,2,4
5654,Hussain Qureshi,5167.16,1141.8500000000001,2,9
6207,Omar Qureshi,5165.28,925.8199999999999,2,4
7556,Fahad Chaudhry,5165.1900000000005,1611.21,1,3
3091,Omar Chaudhry,5162.56,331.16000000000076,1,4
7193,Hira Raza,5158.6,1133.38,2,4
7946,Hassan Shah,5157.76,1024.7900000000002,2,4
7615,Bilal Siddiqui,5156.01,1070.37,1,3
3114,Sana Hussain,5154.73,1142.8500000000001,3,8
6087,Zainab Sheikh,5148.68,1080.8400000000001,1,4
6268,Hussain Mirza,5148.56,188.32000000000062,1,4
7383,Maryam Iqbal,5146.15,1104.8799999999999,2,11
2560,Fahad Khan,5143.77,737.100000000001,2,9
6434,Sana Chaudhry,5142.28,1177.1599999999999,1,4
5789,Maham Mirza,5139.44,533.0799999999999,1,4
7655,Fatima Shah,5139.09,1000.3499999999996,2,9
982,Hassan Mirza,5139.0,1323.8000000000002,2,7
2268,Ali Sheikh,5133.42,1562.04,1,6
8170,Hussain Qureshi,5129.32,707.72,2,4
1537,Usman Buriro,5125.32,1115.9999999999995,1,4
5693,Usman Raza,5124.0,1606.3500000000004,1,5
3568,Ali Sheikh,5121.24,1380.1999999999998,1,4
2591,Fahad Buriro,5121.12,1479.12,1,4
7501,Ahmed Sheikh,5120.74,1577.2500000000002,2,4
9036,Ahmed Malik,5118.450000000001,-35.74999999999909,1,5
3377,Maryam Khan,5117.539999999999,1164.5099999999995,2,13
1297,Zainab Ali,5116.099999999999,1123.8999999999996,2,6
454,Ayesha Ahmed,5115.2699999999995,771.2399999999998,1,3
2383,Ayesha Ahmed,5110.0,355.60000000000036,1,5
4269,Sana Buriro,5106.849999999999,1368.4299999999998,1,7
8335,Hussain Shah,5105.5,1290.1499999999996,1,5
4714,Ayesha Chaudhry,5102.73,994.9299999999998,3,7
7300,Omar Hussain,5099.860000000001,831.1400000000003,2,6
1595,Ahmed Mirza,5099.48,1413.3199999999997,1,4
7108,Saad Raza,5096.91,998.8299999999999,1,7
7331,Sana Shah,5092.83,1205.02,2,5
1069,Zainab Khan,5090.76,598.0,1,4
4317,Ayesha Iqbal,5087.28,956.3399999999992,1,3
1361,Maryam Memon,5081.91,1067.73,1,3
3160,Fatima Malik,5076.03,1561.6499999999996,1,3
8204,Sara Raza,5073.96,1334.1600000000003,1,6
8443,Ali Malik,5073.01,1393.5600000000004,2,8
8864,Ayesha Raza,5071.08,1325.0999999999995,1,6
511,Ahmed Ali,5069.12,764.7600000000002,1,4
8366,Fahad Iqbal,5068.72,1742.4800000000005,1,4
8586,Sana Qureshi,5068.04,-56.279999999999745,1,4
7097,Maryam Sheikh,5068.0,575.2399999999999,2,8
9453,Maryam Mirza,5067.66,1123.2,2,9
3152,Hussain Raza,5065.799999999999,1331.9999999999995,1,6
3401,Fahad Ali,5064.43,327.670000000001,1,7
1038,Hira Siddiqui,5062.88,279.58000000000044,2,5
1525,Hussain Memon,5056.64,-95.23999999999978,1,4
3471,Danish Siddiqui,5055.8,481.3599999999997,2,5
1353,Ahmed Malik,5055.0,149.22000000000025,1,6
7679,Usman Chaudhry,5054.5199999999995,810.75,1,3
3651,Maham Malik,5054.45,218.0,1,5
1548,Imran Buriro,5044.91,1391.6300000000003,2,3
7016,Danish Iqbal,5044.19,532.4199999999996,2,11
423,Ali Khan,5043.7,51.19999999999948,2,6
7746,Hira Raza,5043.24,1388.0,1,4
3411,Maham Hussain,5036.88,1128.3600000000001,1,4
6364,Ayesha Ali,5036.71,1520.3500000000001,2,8
9419,Maryam Sheikh,5033.42,1347.0600000000004,2,3
8905,Hamza Iqbal,5032.94,1286.0399999999995,2,6
21,Hussain Buriro,5027.82,110.52999999999975,1,7
9468,Danish Hussain,5027.6,1469.7000000000003,1,5
9286,Hussain Ali,5024.49,551.7299999999996,1,3
4883,Maham Hussain,5024.24,572.6799999999994,1,4
3063,Hassan Shah,5023.01,931.77,3,11
8711,Maryam Memon,5020.4400000000005,805.920000000001,1,6
1287,Sara Qureshi,5019.24,861.2799999999997,1,4
5,Usman Ali,5019.21,-57.67999999999938,1,7
9329,Zainab Khan,5019.049999999999,782.5999999999995,1,5
5254,Ali Mirza,5011.0199999999995,365.03999999999905,1,6
8852,Hussain Ahmed,5009.88,223.92000000000007,1,6
2598,Omar Siddiqui,5009.72,1367.7200000000003,1,4
7260,Omar Khan,5009.1900000000005,723.3300000000008,1,3
3575,Bilal Malik,5008.6,1419.8800000000006,1,4
902,Fatima Shah,5002.16,1425.15,2,5
3084,Hamza Buriro,5000.48,1075.9199999999998,2,8
7080,Bilal Iqbal,4998.82,1261.6399999999999,3,8
4607,Imran Mirza,4997.85,726.5,1,5
1838,Maryam Siddiqui,4991.78,221.1999999999996,2,10
5894,Zainab Mirza,4991.56,1518.1200000000003,1,4
1627,Hussain Qureshi,4991.32,464.0899999999992,3,6
9035,Hamza Siddiqui,4991.2,1787.08,1,4
8246,Omar Ahmed,4988.5199999999995,234.29999999999927,1,6
4046,Zainab Shah,4987.26,934.22,2,9
3046,Usman Iqbal,4985.59,1436.3000000000002,2,11
8792,Usman Mirza,4985.3099999999995,732.1799999999994,1,3
7783,Ayesha Sheikh,4981.41,447.15999999999985,1,7
6935,Hira Hussain,4979.4,280.6199999999999,1,6
8644,Hussain Malik,4977.08,471.2399999999993,2,4
6347,Saad Iqbal,4974.72,1193.52,1,3
5261,Saad Hussain,4974.13,1128.83,2,5
9707,Ayesha Buriro,4970.85,943.2000000000007,1,3
5041,Hassan Shah,4970.44,955.7599999999998,2,7
6892,Fatima Malik,4970.139999999999,1604.61,2,14
1161,Ahmed Khan,4966.7,1552.2999999999997,1,5
5813,Maryam Memon,4964.89,696.5200000000002,2,8
5883,Fatima Buriro,4964.16,503.31000000000006,3,15
8330,Maham Sheikh,4963.74,1018.6299999999999,2,7
7285,Hassan Chaudhry,4963.5,32.42999999999961,2,9
6092,Ahmed Ali,4962.75,1227.9499999999998,1,5
3621,Zainab Hussain,4962.240000000001,1256.4000000000005,2,9
6128,Saad Khan,4961.07,1076.9999999999995,1,3
8859,Saad Shah,4960.82,500.96000000000026,2,7
6190,Maham Hussain,4960.6,967.0500000000002,1,5
723,Hassan Khan,4957.900000000001,1134.7000000000007,1,5
1466,Hussain Memon,4957.32,1196.6100000000004,2,11
5817,Usman Malik,4956.8099999999995,1186.5599999999995,1,3
7594,Ali Mirza,4956.799999999999,1305.5,2,10
5736,Fatima Iqbal,4956.24,601.1399999999994,1,6
6095,Hussain Iqbal,4952.56,1515.4400000000005,1,4
8626,Danish Khan,4948.15,1320.3199999999997,2,6
2411,Zainab Memon,4947.21,1314.8400000000001,1,3
6159,Bilal Khan,4943.67,764.9199999999998,2,7
766,Ahmed Khan,4942.95,1040.6200000000001,3,11
5085,Fahad Chaudhry,4940.95,761.25,1,7
6531,Bilal Malik,4940.55,849.5700000000002,2,5
9311,Maham Shah,4939.55,956.69,1,7
8512,Bilal Sheikh,4939.360000000001,616.7,2,9
7814,Maryam Shah,4936.61,1691.3599999999997,2,9
2732,Sara Malik,4936.34,1560.5,2,10
8209,Danish Hussain,4934.58,1602.0900000000001,1,3
2455,Maham Hussain,4933.799999999999,453.0599999999995,1,3
9925,Ahmed Ali,4933.7,1044.4499999999998,1,5
9876,Omar Qureshi,4933.35,850.4100000000003,3,10
3826,Omar Raza,4932.32,1492.04,2,8
4816,Ali Khan,4931.639999999999,1012.6500000000001,2,13
6100,Omar Ahmed,4925.74,1638.1599999999996,2,6
3296,Ali Iqbal,4921.6,278.72000000000025,1,4
7105,Maham Malik,4921.16,359.96000000000004,1,4
9411,Hira Qureshi,4920.04,1192.12,1,4
9077,Omar Mirza,4915.96,598.9100000000003,2,5
9605,Danish Ahmed,4915.92,1084.92,1,4
8433,Fatima Chaudhry,4915.29,721.7700000000004,1,3
3149,Hassan Mirza,4911.24,1485.0499999999997,2,5
9911,Omar Ali,4909.32,878.8799999999997,1,6
8485,Omar Buriro,4908.28,996.1199999999999,1,4
3875,Sana Iqbal,4907.46,1302.3000000000002,1,6
1497,Hussain Mirza,4906.58,1057.6999999999996,2,14
5199,Sara Buriro,4906.49,280.72000000000014,2,4
2690,Fatima Sheikh,4904.700000000001,1333.2000000000007,1,6
3945,Danish Ahmed,4902.44,1146.2699999999998,2,3
3392,Omar Memon,4898.68,502.4599999999998,2,9
796,Sara Qureshi,4893.96,1382.25,1,3
1889,Zainab Mirza,4893.87,1611.9299999999998,1,3
2198,Zainab Sheikh,4892.45,1479.9499999999998,1,5
3491,Bilal Raza,4886.82,727.8299999999999,1,3
3058,Hussain Ahmed,4886.8,-85.44999999999982,1,5
4199,Hira Ahmed,4882.03,309.6099999999997,2,9
7100,Maham Khan,4880.509999999999,1477.1999999999998,2,4
8850,Hussain Iqbal,4878.18,112.80000000000018,1,6
3484,Imran Raza,4874.88,1316.31,1,3
7503,Sana Ahmed,4873.26,1308.8599999999997,2,4
4161,Hira Sheikh,4872.52,887.4799999999998,2,8
9513,Hassan Shah,4868.57,1101.6599999999999,1,7
7986,Maham Shah,4867.36,1025.7200000000003,4,6
4315,Bilal Khan,4867.28,529.2599999999998,2,10
1273,Danish Qureshi,4866.1,771.25,1,5
8684,Hamza Mirza,4865.240000000001,281.98000000000053,2,6
7444,Sara Ahmed,4861.38,1746.6599999999999,1,6
9978,Hamza Mirza,4856.8,670.3500000000004,1,5
8477,Zainab Buriro,4854.150000000001,-15.349999999999454,1,5
6139,Fahad Ahmed,4850.28,1240.92,1,3
1624,Maham Ali,4848.04,1130.48,1,4
7675,Hamza Sheikh,4847.28,1048.62,1,6
3912,Ali Sheikh,4846.86,1388.0399999999995,1,6
2269,Ahmed Memon,4846.14,1726.5600000000004,1,6
1817,Ali Buriro,4824.3,631.9199999999996,2,9
5449,Sara Raza,4817.0,1156.3000000000002,1,5
6786,Ahmed Sheikh,4816.950000000001,388.6800000000012,1,3
9943,Sana Buriro,4813.71,1287.75,1,3
6247,Bilal Iqbal,4813.08,1492.26,2,5
5319,Ali Siddiqui,4808.860000000001,389.27000000000044,1,7
4239,Fatima Raza,4804.5,421.28999999999996,1,3
2644,Bilal Mirza,4802.120000000001,1605.1400000000003,2,3
3586,Fahad Mirza,4801.58,1305.5,1,7
5091,Danish Siddiqui,4800.599999999999,563.5,1,7
9457,Sana Shah,4800.28,845.1399999999999,2,7
2745,Fahad Qureshi,4796.799999999999,279.1699999999996,2,8
8437,Bilal Siddiqui,4794.58,815.79,2,8
3216,Fahad Buriro,4794.54,724.5900000000001,3,6
3971,Maryam Iqbal,4792.59,1257.6799999999998,2,3
2388,Bilal Khan,4791.34,712.01,2,5
7694,Saad Shah,4783.94,808.1999999999999,3,7
921,Ayesha Ali,4782.78,1248.5699999999997,1,3
7411,Danish Buriro,4781.74,678.3099999999997,3,11
159,Sara Memon,4779.8,328.2399999999998,1,4
6567,Sara Raza,4776.4,1546.9599999999996,1,4
6480,Ayesha Qureshi,4768.65,817.6499999999996,1,3
3179,Hira Khan,4764.6900000000005,476.97000000000025,1,3
9037,Sana Chaudhry,4760.96,982.1600000000003,2,4
6097,Ayesha Khan,4760.65,1484.5999999999995,1,5
9463,Hassan Malik,4758.81,665.5600000000002,2,8
4326,Fahad Raza,4753.89,1097.6400000000003,1,3
2922,Sana Khan,4751.12,1596.4,1,4
2782,Maham Ali,4747.92,885.9099999999999,3,13
3265,Danish Qureshi,4746.8,1330.15,1,5
4095,Hussain Shah,4744.55,1321.0500000000002,1,5
6105,Sara Siddiqui,4740.74,636.9500000000004,2,5
2905,Fatima Qureshi,4740.3099999999995,217.56999999999948,2,7
2416,Hamza Ali,4738.91,167.7699999999996,2,7
40,Sana Memon,4730.8,709.1999999999998,1,5
8799,Hamza Ahmed,4726.959999999999,582.4199999999998,3,8
824,Hamza Hussain,4726.549999999999,1591.3999999999996,1,5
8481,Hassan Khan,4725.29,903.9300000000001,2,5
5131,Hussain Malik,4724.85,1418.3500000000004,1,5
111,Hassan Siddiqui,4724.2,1214.5700000000002,2,5
5471,Omar Hussain,4722.1,669.24,2,3
2566,Hamza Qureshi,4720.68,751.3500000000004,1,3
3052,Fatima Ali,4718.79,1158.7899999999997,3,11
7561,Fahad Chaudhry,4716.139999999999,59.41999999999996,2,6
8372,Ayesha Raza,4711.4400000000005,882.0300000000007,1,3
8403,Hira Raza,4708.76,372.28000000000065,1,4
4339,Maham Sheikh,4707.42,623.6400000000003,1,6
3513,Hassan Iqbal,4704.4800000000005,547.920000000001,1,3
4431,Saad Malik,4703.32,188.04000000000048,2,8
4720,Hamza Ahmed,4703.09,537.5999999999995,1,7
555,Imran Khan,4700.25,866.5799999999999,1,3
4500,Ahmed Buriro,4699.52,1614.3999999999996,2,8
6292,Imran Chaudhry,4699.0199999999995,1670.1599999999994,1,3
440,Zainab Hussain,4698.42,816.9000000000005,1,6
3663,Fatima Chaudhry,4695.32,953.4000000000001,1,7
785,Imran Iqbal,4694.3099999999995,396.53999999999996,1,3
5875,Ahmed Ahmed,4692.04,887.5999999999999,1,4
7954,Ali Khan,4692.03,1392.1599999999994,1,7
8141,Hussain Malik,4687.73,608.2199999999996,3,13
6393,Saad Malik,4685.99,572.8600000000004,3,9
594,Hassan Raza,4684.62,526.4700000000001,2,7
9593,Hassan Chaudhry,4683.6,1638.9,1,5
1828,Hira Sheikh,4681.96,416.3199999999997,1,4
6166,Danish Hussain,4681.71,1493.2800000000002,1,3
5308,Sana Malik,4678.96,100.35999999999967,1,4
6152,Bilal Memon,4677.58,832.3399999999999,2,10
8354,Sara Ahmed,4672.74,1672.5900000000001,1,3
9189,Omar Buriro,4672.2,993.1999999999998,1,4
8309,Maryam Qureshi,4668.85,1405.3199999999997,3,12
873,Usman Iqbal,4668.3,39.400000000000546,1,5
4663,Ayesha Siddiqui,4666.88,1704.48,1,2
8314,Hussain Malik,4666.64,1075.8000000000002,1,4
5588,Ahmed Malik,4661.41,1490.7,2,7
9987,Maryam Mirza,4661.37,977.4099999999999,1,7
3697,Bilal Malik,4658.48,406.4399999999996,1,4
2365,Hassan Hussain,4657.3,810.1400000000003,2,3
5959,Ayesha Memon,4652.2,837.0,1,4
5018,Maham Sheikh,4648.63,1015.2800000000007,1,7
5542,Hira Raza,4645.259999999999,1241.3399999999995,2,10
6106,Fahad Iqbal,4643.4,1296.9299999999994,1,3
2936,Maham Sheikh,4643.32,655.1999999999998,1,4
9929,Usman Buriro,4642.65,976.2299999999996,1,3
3158,Fahad Khan,4640.53,1128.6800000000003,2,8
4674,Fahad Malik,4640.36,1448.7599999999998,1,4
5001,Hamza Shah,4640.0,1191.7000000000003,2,10
9276,Ali Khan,4639.389999999999,1253.28,2,7
7742,Maham Siddiqui,4637.9400000000005,1058.1000000000004,1,6
4461,Sara Siddiqui,4635.72,645.5400000000004,1,6
6086,Hira Mirza,4635.09,741.5400000000004,1,3
7494,Ahmed Ali,4630.44,828.8399999999997,1,4
5479,Zainab Raza,4628.55,29.0,1,5
9628,Ali Qureshi,4628.299999999999,801.9799999999997,2,6
258,Saad Ali,4626.450000000001,573.090000000001,1,3
5924,Danish Malik,4623.9,1433.3399999999997,1,6
9427,Zainab Ahmed,4623.12,802.9699999999998,2,5
2208,Fatima Siddiqui,4617.99,1446.6599999999999,1,3
5036,Usman Ahmed,4616.68,857.2000000000003,1,4
6419,Hassan Chaudhry,4615.5599999999995,900.7799999999997,1,6
5884,Sara Iqbal,4612.860000000001,781.8300000000008,1,7
3658,Fahad Siddiqui,4611.72,873.0,1,6
7880,Zainab Iqbal,4611.25,766.6000000000004,1,5
3622,Usman Malik,4611.2,547.3499999999999,1,5
2855,Zainab Buriro,4611.150000000001,149.8499999999999,2,11
1580,Hira Chaudhry,4608.78,1335.8,2,8
9961,Usman Siddiqui,4605.64,695.8000000000002,1,4
7782,Usman Malik,4599.72,1330.6800000000003,1,3
6203,Hamza Raza,4599.12,1193.1599999999999,1,6
4325,Danish Shah,4593.84,1344.05,2,5
3849,Zainab Shah,4593.450000000001,1464.04,4,9
4108,Ahmed Memon,4591.15,127.80000000000018,1,5
1334,Usman Iqbal,4582.91,1489.1799999999998,2,10
5208,Hamza Chaudhry,4578.72,284.5500000000002,1,3
7174,Hussain Hussain,4573.62,344.6999999999998,1,6
6339,Fatima Ahmed,4572.96,663.4499999999998,1,3
6733,Maham Mirza,4572.36,942.9599999999999,2,8
738,Saad Malik,4571.66,1584.82,2,12
7223,Hussain Sheikh,4570.860000000001,1162.9,2,6
9291,Imran Siddiqui,4567.56,1484.0400000000004,1,4
7391,Imran Shah,4566.24,852.2400000000002,2,9
6502,Ahmed Malik,4562.66,1154.5100000000002,3,7
9801,Hamza Khan,4561.14,1333.5,1,6
2086,Omar Shah,4560.28,546.8799999999997,1,4
4853,Ahmed Mirza,4558.38,231.17999999999938,1,6
3473,Maham Raza,4554.41,597.2400000000002,1,7
9084,Fahad Shah,4550.1,1185.3000000000006,1,6
8127,Ayesha Siddiqui,4549.66,996.1099999999999,2,3
4092,Sara Buriro,4549.47,307.1100000000006,1,3
2319,Danish Sheikh,4548.490000000001,796.9000000000008,2,7
4366,Sana Ali,4548.09,1714.4400000000005,1,3
6313,Ali Iqbal,4547.4800000000005,1244.1,2,3
1505,Maryam Mirza,4547.36,4.279999999999745,1,4
28,Fatima Khan,4546.700000000001,1276.4200000000003,2,5
1211,Bilal Buriro,4543.76,702.4400000000005,2,5
3154,Danish Ali,4543.03,769.3199999999999,3,6
8708,Sana Khan,4542.04,834.3600000000001,1,4
4938,Fahad Memon,4541.53,266.9699999999998,2,4
4464,Usman Iqbal,4538.34,1103.31,4,8
509,Omar Sheikh,4538.02,1138.4199999999996,2,11
5628,Maryam Buriro,4533.78,266.22000000000025,1,6
5748,Imran Iqbal,4533.6900000000005,663.3900000000008,1,3
5527,Imran Malik,4530.76,600.7200000000003,1,4
8853,Bilal Ahmed,4529.16,1395.6,1,6
2534,Zainab Khan,4527.76,1037.7200000000003,1,4
6504,Zainab Chaudhry,4525.049999999999,1369.829999999999,1,3
4971,Sana Hussain,4524.59,1477.4199999999998,2,14
3083,Usman Hussain,4524.54,1317.0,1,6
1494,Sara Buriro,4522.25,905.1500000000001,1,5
6154,Imran Malik,4519.47,955.4100000000003,1,3
5000,Sana Hussain,4515.43,1341.3799999999997,2,7
1542,Bilal Shah,4513.0,271.32000000000016,2,8
8266,Sana Iqbal,4510.23,-127.20000000000027,2,7
5593,Bilal Raza,4508.1,993.0,1,6
3410,Sara Ali,4507.44,700.7999999999997,1,4
5519,Ayesha Ahmed,4506.57,1549.4999999999995,1,3
1980,Ahmed Shah,4505.860000000001,1335.4600000000003,2,3
6174,Maham Siddiqui,4503.98,1066.7299999999998,3,7
3779,Danish Buriro,4500.92,240.8800000000001,1,4
7550,Hira Khan,4500.35,594.8000000000002,1,5
1582,Hussain Malik,4500.03,1105.37,3,10
5412,Hassan Buriro,4498.62,1272.8400000000001,1,6
1304,Zainab Shah,4492.0,1144.3400000000001,2,8
8278,Fahad Buriro,4491.85,167.20000000000073,1,5
5694,Zainab Mirza,4485.61,755.1899999999997,2,5
1174,Hamza Buriro,4484.83,622.9299999999994,1,7
1910,Maryam Chaudhry,4483.17,863.3400000000001,1,3
3804,Zainab Ahmed,4480.82,577.0400000000001,2,8
5011,Usman Shah,4479.299999999999,1099.0199999999995,1,6
2541,Hamza Sheikh,4478.3099999999995,78.38999999999942,1,3
4374,Ahmed Ahmed,4477.799999999999,1263.0599999999995,1,6
1766,Omar Ali,4477.66,411.73,2,6
2357,Fahad Sheikh,4477.24,1518.0,1,4
5666,Saad Memon,4476.41,503.8100000000002,2,9
8679,Danish Buriro,4467.45,14.699999999999818,1,5
5896,Hira Buriro,4465.4,1252.4799999999996,1,4
9991,Omar Malik,4465.38,1362.0,1,6
7470,Bilal Raza,4464.2699999999995,819.6299999999992,1,3
6815,Sara Sheikh,4460.9400000000005,179.24999999999966,2,9
6981,Maryam Iqbal,4459.7699999999995,1322.6399999999994,1,3
2168,Imran Siddiqui,4459.66,574.3400000000001,2,4
4312,Fahad Buriro,4455.28,1239.08,1,4
3232,Usman Ali,4449.299999999999,1241.7599999999993,1,6
7218,Fahad Memon,4440.370000000001,674.0500000000002,2,10
2349,Ahmed Ali,4437.12,713.8800000000001,1,3
8620,Fahad Memon,4435.66,1469.2199999999998,1,2
3941,Omar Ali,4434.9,1081.62,1,3
4076,Danish Siddiqui,4434.7699999999995,1407.4099999999999,2,8
9219,Ali Buriro,4430.08,1640.6399999999999,1,2
6068,Maham Shah,4426.860000000001,702.8399999999999,3,12
9717,Usman Shah,4425.17,700.7200000000003,2,3
5890,Saad Ali,4424.89,1236.79,2,4
1403,Hussain Iqbal,4423.950000000001,103.59000000000106,1,3
2547,Ali Iqbal,4422.06,776.4400000000004,2,8
1606,Saad Malik,4419.0,133.91999999999956,2,9
9963,Sana Ahmed,4416.09,837.0300000000002,1,3
5843,Maryam Malik,4414.92,1588.2600000000002,1,3
8786,Hassan Shah,4412.73,979.4399999999996,1,7
113,Sara Malik,4411.48,798.2799999999997,1,4
2248,Hamza Hussain,4410.18,1088.7900000000004,2,11
2553,Hassan Hussain,4400.79,885.1499999999996,1,3
4148,Ahmed Memon,4397.34,523.4700000000003,1,3
7153,Ali Iqbal,4396.14,1405.2200000000003,1,2
3087,Imran Shah,4390.42,691.52,3,7
8360,Ali Ahmed,4388.85,339.0600000000004,1,3
9353,Hira Qureshi,4387.81,1149.1299999999999,2,9
7984,Omar Iqbal,4387.25,1063.44,1,7
5972,Omar Khan,4380.8,282.4800000000005,1,4
8025,Ayesha Shah,4378.349999999999,1333.2499999999995,1,5
6645,Sara Hussain,4377.96,1131.6399999999999,1,4
551,Fatima Sheikh,4375.1,965.5900000000004,2,7
6288,Usman Iqbal,4373.58,1160.0699999999997,1,3
5839,Fahad Sheikh,4368.74,1406.3399999999997,1,2
4963,Ahmed Sheikh,4368.63,704.1599999999999,1,3
4651,Usman Mirza,4367.78,1259.1799999999996,2,4
6011,Omar Buriro,4366.16,519.04,1,4
5103,Hira Khan,4364.68,952.8199999999997,2,6
8648,Hassan Shah,4362.76,957.03,3,5
1975,Saad Ahmed,4358.91,625.1700000000001,1,3
9082,Sana Qureshi,4357.32,1042.1999999999998,1,6
1132,Ali Sheikh,4355.07,622.77,1,3
905,Ahmed Iqbal,4352.55,33.19999999999982,1,5
7233,Maham Ahmed,4350.54,1601.3400000000001,1,3
8248,Maham Ali,4348.86,814.5,1,6
8480,Danish Mirza,4348.74,155.22000000000025,1,3
4455,Hamza Sheikh,4343.34,1297.92,1,6
2179,Saad Shah,4340.5,1631.6000000000004,1,5
1540,Usman Siddiqui,4338.97,793.3000000000003,2,3
6772,Ahmed Raza,4334.679999999999,894.4499999999996,2,6
5284,Hussain Qureshi,4333.5,170.57999999999993,1,3
6647,Ali Ali,4332.96,238.84000000000015,1,4
1134,Hira Memon,4331.139999999999,706.2,2,4
7744,Hira Chaudhry,4328.4,1048.6799999999994,1,3
2183,Sana Mirza,4326.870000000001,131.77999999999997,2,10
3952,Hamza Iqbal,4319.92,1015.2000000000003,1,4
8324,Maham Iqbal,4314.64,1417.1400000000003,1,2
8862,Maham Qureshi,4311.97,1003.9900000000002,3,9
3098,Hamza Qureshi,4311.79,1432.62,1,7
6933,Saad Raza,4309.049999999999,1290.6299999999992,1,3
8615,Maryam Ali,4304.969999999999,474.9699999999999,2,13
6520,Hamza Malik,4299.4800000000005,1140.7300000000002,2,9
489,Ahmed Raza,4297.95,1002.9499999999998,1,5
4177,Hamza Hussain,4289.0,288.3499999999999,1,5
6684,Ali Mirza,4286.73,439.17999999999984,1,7
1988,Ahmed Memon,4283.56,338.3200000000004,2,8
1693,Maham Shah,4282.72,1136.6400000000003,1,4
7325,Danish Memon,4278.32,919.3599999999997,1,4
7387,Ayesha Raza,4278.05,1266.35,1,5
9197,Omar Raza,4277.37,1248.8900000000003,2,7
5078,Fatima Ahmed,4276.86,1198.2199999999998,2,8
7442,Sara Mirza,4274.97,437.3600000000001,1,7
6066,Saad Chaudhry,4273.92,1110.6,2,8
2769,Ahmed Mirza,4273.71,444.6900000000005,1,3
357,Sara Buriro,4270.05,990.6199999999997,2,7
7178,Fahad Iqbal,4269.52,1276.38,2,6
9320,Hassan Ali,4268.5199999999995,757.9799999999996,1,6
6091,Hira Khan,4267.75,446.7999999999997,1,5
2752,Ali Memon,4267.63,815.6099999999999,3,7
9253,Sana Memon,4265.61,206.0399999999995,1,3
8414,Maryam Malik,4264.47,526.75,1,7
2840,Maryam Khan,4262.68,713.3000000000002,2,4
2581,Omar Khan,4260.98,1491.1199999999994,1,2
2726,Bilal Buriro,4260.53,1263.8500000000001,2,5
1844,Hassan Iqbal,4255.0,728.6500000000001,1,5
800,Danish Memon,4254.740000000001,1429.1200000000003,1,7
442,Ayesha Ahmed,4252.51,371.4599999999996,2,9
4989,Usman Chaudhry,4251.46,358.15999999999985,2,12
8942,Hassan Ali,4249.25,788.8099999999997,2,4
1815,Danish Mirza,4248.93,713.46,1,3
5998,Imran Mirza,4247.16,1354.3499999999997,2,3
4631,Omar Malik,4246.86,1185.5399999999995,1,6
9412,Sara Qureshi,4244.360000000001,328.1400000000001,2,4
5323,Fahad Mirza,4244.1,500.41999999999996,2,3
5684,Sara Raza,4243.3,603.1000000000004,1,5
4327,Hamza Khan,4242.47,308.17,2,5
5179,Ali Sheikh,4239.84,443.6399999999999,1,3
9374,Hassan Iqbal,4237.92,178.5999999999999,1,4
6463,Hamza Memon,4236.889999999999,563.4999999999995,1,7
8300,Hassan Qureshi,4232.64,1319.7300000000005,1,3
4498,Ali Sheikh,4229.1900000000005,869.9400000000005,1,3
6870,Hira Raza,4228.58,1148.2399999999996,2,7
7014,Omar Memon,4226.97,1189.2900000000004,1,3
485,Imran Khan,4225.65,1362.35,1,5
8161,Hira Qureshi,4225.0199999999995,1255.7999999999993,1,6
8855,Omar Raza,4223.95,801.4499999999998,1,5
7064,Hassan Khan,4221.03,1108.36,2,3
2329,Hassan Raza,4217.77,1020.4799999999999,2,4
7518,Fatima Memon,4216.51,363.64999999999986,2,11
9326,Sara Sheikh,4216.45,906.7799999999997,1,7
9603,Usman Memon,4215.48,915.9599999999996,2,12
4416,Imran Buriro,4215.08,1279.02,1,2
3136,Zainab Buriro,4207.12,1255.3399999999997,2,10
8103,Fatima Buriro,4206.55,1177.62,2,5
7172,Bilal Raza,4201.5,626.7000000000003,1,6
3900,Zainab Ahmed,4199.8099999999995,798.12,2,8
6508,Bilal Khan,4199.72,756.1400000000003,1,7
6402,Hamza Shah,4198.96,1274.1,1,2
8232,Zainab Shah,4198.73,938.51,2,9
3959,Hira Ali,4197.6900000000005,823.4100000000008,1,3
8863,Saad Mirza,4194.84,726.2500000000005,2,11
3682,Ali Ahmed,4194.79,1103.83,3,6
969,Omar Raza,4190.889999999999,1299.9199999999996,2,6
2667,Omar Chaudhry,4189.5599999999995,463.0199999999995,1,6
2572,Hira Raza,4180.16,242.2000000000004,2,7
1358,Zainab Siddiqui,4177.6,1343.7400000000002,1,2
4411,Fatima Qureshi,4174.5199999999995,967.3,2,8
6250,Usman Qureshi,4172.58,-123.75,1,3
7386,Usman Buriro,4168.719999999999,570.1799999999996,2,4
9470,Sana Shah,4167.86,438.44000000000005,2,7
1187,Ahmed Qureshi,4166.650000000001,1204.3000000000004,2,7
5546,Sana Malik,4165.56,1042.1200000000003,1,4
7044,Fatima Shah,4162.81,1420.49,2,8
9754,Danish Khan,4161.78,230.63999999999987,2,6
4977,Ahmed Siddiqui,4160.77,359.19,2,7
9068,Hamza Raza,4160.64,236.7199999999998,2,8
3911,Hussain Sheikh,4159.38,690.7800000000002,3,7
680,Hassan Qureshi,4156.26,571.5,1,6
4460,Sara Mirza,4155.900000000001,635.9500000000003,1,7
8755,Hamza Ahmed,4155.06,475.02000000000044,1,7
6510,Fahad Raza,4153.049999999999,1302.44,3,17
1781,Ahmed Ahmed,4150.96,1493.7200000000003,1,4
9830,Hira Sheikh,4148.9400000000005,801.96,1,3
1335,Ahmed Iqbal,4148.110000000001,551.5400000000004,2,5
7506,Maryam Buriro,4147.86,881.0099999999993,1,3
4218,Hamza Ali,4144.6,730.8400000000001,2,8
6543,Hussain Chaudhry,4144.08,698.1600000000003,2,8
6921,Maryam Buriro,4142.13,1385.8200000000002,1,3
479,Ayesha Hussain,4139.2,881.28,2,6
4220,Bilal Memon,4136.700000000001,991.2000000000007,1,3
2884,Hamza Malik,4135.57,886.8999999999997,3,6
4120,Zainab Sheikh,4133.34,1292.4,1,3
1074,Hussain Iqbal,4133.28,1385.2399999999998,1,2
679,Hamza Ahmed,4132.5599999999995,1070.3999999999996,1,6
5726,Maham Chaudhry,4129.86,511.0199999999995,1,3
3936,Ahmed Shah,4127.9400000000005,645.7800000000007,1,3
6266,Omar Mirza,4125.12,1054.7399999999998,1,3
5994,Fatima Chaudhry,4124.24,1281.6,1,2
9942,Danish Shah,4122.18,1293.7200000000003,1,6
8673,Maryam Iqbal,4121.38,572.0099999999998,2,7
7505,Saad Sheikh,4121.1,1196.88,1,6
810,Hassan Iqbal,4120.88,1088.8000000000002,1,4
5947,Hussain Khan,4118.04,1363.88,1,4
6652,Sana Iqbal,4116.6,656.6500000000005,1,5
6398,Fatima Ahmed,4114.81,1277.6499999999999,2,9
3633,Zainab Raza,4112.8,583.0700000000002,2,10
6600,Ahmed Qureshi,4110.889999999999,1215.8999999999996,1,7
3088,Fatima Siddiqui,4109.45,717.5999999999999,1,5
5201,Saad Shah,4109.22,1076.4600000000005,1,3
4721,Ayesha Siddiqui,4108.0,1389.75,1,5
2217,Fahad Ali,4105.84,492.8800000000001,1,4
3492,Saad Khan,4105.59,757.28,3,8
8570,Hussain Buriro,4103.46,885.96,2,3
6651,Sara Hussain,4092.45,1205.6499999999996,1,5
3507,Sara Sheikh,4089.95,324.0500000000002,1,5
2511,Fahad Siddiqui,4087.16,525.3999999999996,1,4
5097,Ali Memon,4086.04,813.7700000000001,2,3
4900,Sara Buriro,4083.16,748.47,2,6
6678,Saad Chaudhry,4082.99,999.0599999999997,2,10
7844,Fatima Raza,4082.6499999999996,1016.3199999999999,2,4
9099,Hussain Raza,4082.25,158.76000000000022,1,3
3998,Danish Siddiqui,4077.89,718.7999999999997,2,3
644,Imran Shah,4076.91,1449.8399999999997,1,3
8287,Hassan Siddiqui,4074.3599999999997,863.6799999999998,2,10
1778,Ayesha Siddiqui,4073.88,194.01000000000022,1,3
5699,Hira Mirza,4073.5299999999997,1262.97,2,4
3751,Fahad Ali,4071.82,991.1200000000001,2,5
7549,Bilal Ali,4068.92,455.96000000000004,1,4
3326,Usman Mirza,4067.08,822.4199999999997,2,3
2249,Hamza Qureshi,4064.08,468.48,1,4
2377,Danish Chaudhry,4061.51,352.4100000000003,3,9
6609,Zainab Ali,4061.3300000000004,111.72000000000025,1,7
7853,Hussain Raza,4053.12,910.5,1,3
2554,Maham Iqbal,4051.65,339.8499999999999,1,5
7408,Sara Raza,4050.8199999999997,506.7199999999998,2,10
8062,Hussain Shah,4050.79,725.8599999999996,2,9
9454,Fatima Memon,4049.3,589.3500000000004,1,5
1498,Maham Hussain,4046.88,895.4799999999998,2,7
6602,Danish Ali,4046.28,959.8000000000002,1,4
2914,Hussain Memon,4044.6000000000004,1413.9900000000002,1,3
4751,Imran Ahmed,4042.44,499.2900000000004,1,3
6571,Bilal Memon,4041.7,172.74000000000007,2,6
6945,Saad Qureshi,4041.21,975.8100000000004,1,3
3261,Ali Ali,4032.92,829.96,1,4
4273,Hassan Mirza,4031.5499999999997,863.6999999999994,1,3
5170,Fahad Malik,4027.2,1375.12,1,4
7908,Saad Mirza,4026.88,608.0799999999999,1,4
1280,Ali Raza,4026.8,1177.38,1,2
9487,Saad Hussain,4024.92,1080.5,1,2
9263,Sara Memon,4022.75,1001.5,1,5
9299,Hassan Hussain,4021.58,1090.2999999999997,2,4
9950,Hussain Raza,4020.6099999999997,628.7399999999999,3,10
3542,Sara Raza,4020.0,232.6199999999999,1,6
2736,Sana Siddiqui,4019.56,1142.52,1,4
7365,Ayesha Ahmed,4015.9800000000005,944.0400000000004,1,3
1380,Omar Siddiqui,4014.91,1060.3400000000001,2,5
775,Fatima Khan,4012.1400000000003,370.2900000000002,2,6
5784,Hassan Mirza,4010.4900000000002,697.8800000000001,2,6
7823,Imran Malik,4010.16,754.04,1,4
9208,Imran Siddiqui,4007.5499999999997,384.44999999999936,1,3
9126,Fatima Iqbal,3992.6499999999996,1112.5999999999995,1,5
6287,Maham Sheikh,3990.04,541.36,2,6
7847,Hassan Sheikh,3988.12,787.4400000000003,3,5
7038,Danish Buriro,3987.76,260.6800000000003,1,4
4568,Usman Khan,3983.14,720.1900000000003,2,4
7577,Zainab Chaudhry,3981.6,933.6799999999998,1,4
4185,Fatima Chaudhry,3981.57,856.4699999999998,1,3
1669,Zainab Khan,3976.99,1169.9899999999998,3,11
4349,Sara Sheikh,3976.4700000000003,1492.65,1,3
6681,Sana Hussain,3976.4199999999996,419.4399999999996,1,7
8791,Danish Chaudhry,3976.05,947.5,1,5
1665,Omar Chaudhry,3975.6,-36.88000000000011,1,4
5120,Ayesha Sheikh,3975.0899999999997,1092.6999999999998,2,3
9598,Danish Qureshi,3974.5999999999995,1232.4899999999993,1,7
9747,Usman Hussain,3974.1000000000004,1354.1100000000001,1,3
3930,Ahmed Chaudhry,3970.15,578.8300000000002,2,5
9014,Ahmed Malik,3969.77,1195.3199999999997,1,7
4670,Hira Malik,3969.36,1075.52,1,4
5869,Hassan Ali,3967.0199999999995,659.4599999999996,1,3
1937,Fahad Sheikh,3964.96,283.58000000000015,2,12
6450,Omar Buriro,3963.0099999999998,717.4599999999994,2,6
3650,Ayesha Mirza,3954.1900000000005,1234.8100000000002,3,13
3887,Sana Iqbal,3951.1500000000005,493.8500000000008,1,7
8827,Ali Memon,3950.14,987.0,1,2
4945,Imran Sheikh,3949.75,341.46000000000004,1,7
4957,Ayesha Mirza,3948.42,1021.0400000000001,2,6
3104,Sara Buriro,3946.6499999999996,596.3099999999995,1,3
7592,Maryam Chaudhry,3945.94,373.3999999999997,2,7
5002,Zainab Hussain,3943.25,629.4000000000001,1,5
8897,Sana Shah,3941.88,1008.6300000000001,1,3
9706,Hamza Ali,3941.0,700.55,2,8
5745,Omar Memon,3940.02,811.86,3,15
8538,Usman Iqbal,3938.15,113.40000000000009,1,5
8297,Fahad Memon,3936.63,1249.28,2,3
5221,Fatima Ali,3935.37,331.3899999999999,2,10
2937,Sara Malik,3934.7000000000003,1042.6500000000005,1,7
9072,Ahmed Malik,3934.4,811.6399999999999,1,4
1648,Hussain Buriro,3934.32,204.48000000000002,1,6
5897,Bilal Ali,3932.3199999999997,110.25,1,7
8235,Imran Chaudhry,3931.44,-52.70999999999958,1,3
1312,Hassan Chaudhry,3925.56,1254.06,1,3
1943,Hussain Siddiqui,3924.24,625.2799999999997,1,4
2602,Danish Memon,3921.69,850.0799999999999,1,3
4852,Omar Memon,3920.5499999999997,937.6799999999998,1,3
2930,Hamza Memon,3914.8,803.4000000000001,1,4
2485,Ali Mirza,3912.7200000000003,337.9200000000005,1,6
6335,Danish Buriro,3911.34,1028.8899999999999,2,7
4731,Hussain Malik,3904.41,733.5599999999995,1,3
2016,Zainab Sheikh,3902.8500000000004,1163.3500000000004,1,5
1875,Imran Chaudhry,3901.96,1171.96,1,4
6905,Ahmed Sheikh,3901.74,951.1799999999998,1,3
446,Ahmed Memon,3897.12,1072.66,2,6
9255,Hamza Mirza,3895.58,24.62000000000009,2,6
5283,Saad Iqbal,3892.65,519.46,2,4
7397,Fatima Qureshi,3892.2799999999997,832.0899999999997,1,7
148,Zainab Sheikh,3891.56,1200.1,1,2
7838,Bilal Memon,3891.51,1011.0600000000004,1,3
5028,Ayesha Malik,3891.0,313.2800000000002,1,4
8338,Omar Ali,3889.71,1190.1599999999999,1,3
3859,Hira Memon,3888.7200000000003,861.4200000000001,1,6
207,Bilal Ali,3887.7,1135.7999999999997,1,5
8997,Hassan Mirza,3886.4600000000005,1050.5500000000002,3,9
8040,Usman Mirza,3885.56,1228.3200000000002,1,4
7314,Sara Hussain,3881.28,1034.8400000000001,1,4
1308,Hassan Memon,3880.79,774.0299999999995,2,9
975,Ali Malik,3880.29,924.0,2,5
7894,Hira Ahmed,3873.6000000000004,883.9800000000005,1,6
2719,Ayesha Khan,3873.35,890.1500000000001,1,5
93,Fatima Siddiqui,3871.7999999999997,241.13999999999987,1,3
9671,Zainab Malik,3869.7000000000003,-0.5999999999994543,1,3
1092,Maryam Hussain,3867.21,975.3899999999999,1,3
9059,Hussain Khan,3863.1000000000004,1148.87,2,13
1373,Hussain Siddiqui,3862.6,311.9200000000001,1,4
7859,Sara Mirza,3861.2999999999997,940.8599999999997,1,6
3565,Bilal Iqbal,3858.95,1060.7999999999997,1,5
6374,Hamza Memon,3858.2999999999997,840.6299999999997,1,3
5814,Zainab Memon,3857.56,1135.8400000000001,1,2
9217,Fahad Iqbal,3856.4,400.9200000000001,1,4
6629,Omar Shah,3855.9599999999996,605.8199999999999,2,9
895,Fatima Buriro,3850.0800000000004,1053.7400000000002,2,7
8988,Imran Iqbal,3849.42,881.46,1,6
2332,Hussain Qureshi,3846.56,1028.6,1,4
4085,Fatima Raza,3846.3500000000004,820.4500000000004,2,7
5420,Ali Qureshi,3842.5800000000004,1104.6000000000004,1,7
1154,Hamza Ahmed,3841.56,450.2399999999998,1,6
7723,Bilal Khan,3840.12,423.02999999999975,1,3
2576,Hussain Hussain,3837.58,1093.42,1,2
3768,Usman Qureshi,3837.5,430.48000000000025,2,4
3430,Ayesha Mirza,3837.44,1002.2600000000002,1,2
4904,Fahad Chaudhry,3835.96,826.4000000000001,1,4
2593,Maham Hussain,3835.3500000000004,209.00000000000045,1,5
348,Ahmed Shah,3834.8999999999996,481.9900000000001,2,3
1594,Maham Siddiqui,3834.38,1326.3000000000002,1,2
6833,Hassan Shah,3834.35,171.0,1,5
6776,Zainab Qureshi,3832.32,194.08000000000038,1,4
2325,Bilal Shah,3831.42,757.8200000000003,3,7
6470,Maham Mirza,3831.1000000000004,1045.97,2,8
4823,Fatima Hussain,3830.6,941.5999999999999,1,4
8701,Ayesha Malik,3830.03,869.8400000000001,3,7
1089,Hassan Sheikh,3829.15,1196.5000000000005,1,5
7891,Ahmed Raza,3827.2,-120.76000000000022,1,4
3548,Saad Iqbal,3825.8999999999996,930.8399999999997,1,3
5826,Fatima Ahmed,3825.0,1036.83,1,3
6309,Ahmed Qureshi,3824.39,1188.9699999999998,2,7
8639,Ali Raza,3822.78,1328.7000000000003,1,2
2789,Sana Iqbal,3822.17,697.9000000000002,2,3
5532,Fatima Mirza,3820.92,1009.02,1,2
2065,Zainab Siddiqui,3820.1700000000005,545.2200000000005,2,6
204,Ayesha Ahmed,3816.9,1040.0500000000002,1,5
1412,Hassan Iqbal,3811.8900000000003,363.56999999999994,2,9
3670,Hassan Raza,3811.2,799.5300000000001,3,11
9728,Bilal Shah,3811.0000000000005,1201.64,2,7
5090,Danish Malik,3810.7799999999997,700.5299999999997,1,3
5051,Danish Shah,3810.66,667.5599999999995,1,6
542,Saad Raza,3809.66,880.5,1,2
5515,Omar Ali,3808.88,1449.2800000000002,1,2
933,Danish Siddiqui,3805.38,1379.25,1,3
7338,Saad Sheikh,3801.72,813.56,1,4
7136,Fatima Memon,3800.5,1381.9500000000003,1,5
4370,Sara Siddiqui,3798.12,1350.33,1,3
8731,Hassan Shah,3795.7,1326.85,1,5
4040,Ali Mirza,3791.86,809.3000000000002,1,2
4817,Usman Shah,3791.58,-12.360000000000127,1,6
9205,Ali Khan,3787.34,918.74,2,8
6711,Hussain Ahmed,3785.5299999999997,1054.1299999999997,1,7
1655,Ali Iqbal,3782.94,1196.1600000000003,1,6
5606,Ayesha Raza,3779.76,925.6200000000003,1,2
312,Hussain Siddiqui,3779.1000000000004,646.8500000000004,1,5
9685,Maryam Ahmed,3774.45,1037.9499999999998,1,5
3092,Hussain Chaudhry,3773.58,272.00999999999976,1,3
4096,Usman Malik,3769.05,341.22000000000025,2,5
2906,Hira Hussain,3768.7400000000002,842.8900000000002,2,5
1482,Saad Ali,3767.05,849.5299999999999,2,5
4014,Sana Khan,3765.55,826.6899999999999,2,10
5442,Omar Mirza,3763.9700000000003,658.2800000000002,2,14
1024,Fatima Sheikh,3763.44,1167.33,1,3
6099,Ali Hussain,3761.8,1031.28,2,8
6192,Usman Ahmed,3758.0,1215.5,1,2
2207,Hamza Memon,3752.92,598.7099999999998,3,9
7235,Maham Hussain,3752.9,1007.56,1,2
6249,Omar Hussain,3750.42,684.0300000000002,1,3
5315,Hira Qureshi,3749.6000000000004,571.5000000000002,2,4
9409,Omar Memon,3748.6,1192.1200000000001,2,5
6834,Maham Iqbal,3747.34,1463.0,1,2
7850,Ali Memon,3747.16,1059.52,1,4
9626,Hassan Memon,3747.12,582.4199999999996,1,6
7490,Hassan Khan,3745.7,573.71,3,10
4016,Bilal Raza,3745.65,1145.3500000000004,1,5
3146,Ayesha Hussain,3744.8999999999996,632.8199999999997,1,6
844,Ayesha Siddiqui,3744.6499999999996,990.9499999999998,1,5
1002,Omar Siddiqui,3744.2,760.7,2,7
492,Zainab Hussain,3742.5,1148.04,1,6
1517,Sana Ali,3742.13,709.94,1,7
480,Saad Siddiqui,3741.8999999999996,1082.3099999999995,1,3
7181,Ayesha Shah,3741.74,1047.2999999999997,1,2
6484,Maham Buriro,3740.79,914.3400000000001,2,5
9643,Fahad Chaudhry,3736.28,721.8400000000001,1,4
1120,Fatima Chaudhry,3734.1000000000004,1076.9500000000007,1,5
5610,Bilal Memon,3731.82,892.3800000000001,1,3
9512,Usman Siddiqui,3731.7300000000005,-78.35999999999967,1,3
19,Fahad Mirza,3731.0700000000006,1182.94,2,7
9701,Hamza Khan,3730.5,569.5499999999997,1,5
3298,Saad Sheikh,3729.1399999999994,793.17,2,10
9026,Usman Sheikh,3726.6,1322.6799999999998,1,4
8706,Hassan Siddiqui,3726.0699999999997,1047.4799999999998,2,4
2654,Omar Buriro,3725.88,712.2000000000003,1,4
2813,Usman Memon,3723.8599999999997,203.44000000000005,2,4
615,Hussain Malik,3721.48,1046.56,1,2
1957,Hussain Raza,3720.29,429.24000000000024,1,7
7196,Hamza Iqbal,3720.04,62.59999999999991,1,4
3795,Hassan Raza,3717.3099999999995,905.7899999999995,2,11
7008,Hassan Khan,3714.9000000000005,416.3600000000006,1,7
427,Saad Shah,3714.1499999999996,-50.61000000000058,1,3
8550,Sara Hussain,3709.9,180.25000000000045,1,5
3889,Danish Chaudhry,3704.89,500.7500000000001,4,21
7836,Ayesha Qureshi,3704.8,392.7600000000002,1,4
3999,Sara Qureshi,3703.38,865.8000000000002,1,6
4077,Ayesha Hussain,3699.93,966.0,1,3
4457,Hira Ahmed,3699.35,307.5,1,5
927,Fatima Ahmed,3698.04,700.1100000000001,1,3
4679,Sara Ali,3696.66,602.5400000000001,2,8
2241,Fatima Malik,3695.29,1100.97,2,4
220,Ahmed Qureshi,3695.0,1385.2399999999998,1,4
459,Zainab Buriro,3692.46,802.3800000000001,1,6
8164,Hamza Shah,3690.99,362.1300000000001,1,3
2362,Imran Khan,3685.1400000000003,253.95000000000027,1,3
1696,Bilal Sheikh,3683.7,1044.4399999999998,2,3
7671,Zainab Iqbal,3680.1400000000003,638.69,2,5
5642,Hassan Buriro,3675.3500000000004,1054.0500000000002,1,5
2762,Maham Chaudhry,3675.21,492.6100000000001,2,3
5965,Saad Memon,3674.79,708.2999999999997,1,3
1496,Fatima Hussain,3672.7799999999997,518.3699999999999,1,3
9567,Ayesha Shah,3672.55,662.0999999999999,1,5
8307,Fatima Memon,3669.89,474.52999999999986,2,11
8104,Ali Memon,3667.27,692.0699999999999,2,5
3280,Saad Ali,3667.18,829.44,1,2
6800,Saad Ahmed,3667.17,988.5,1,3
3226,Maham Mirza,3666.49,801.9399999999999,2,3
2709,Omar Ahmed,3662.27,645.38,2,8
5134,Hamza Sheikh,3658.8599999999997,500.5799999999999,1,6
7840,Hamza Malik,3657.71,381.0999999999997,2,5
4418,Imran Khan,3657.44,585.8000000000002,1,4
332,Ali Shah,3656.88,816.3600000000001,1,3
9807,Zainab Memon,3656.48,253.63999999999987,1,4
4683,Hamza Buriro,3655.96,197.1199999999999,1,7
8252,Hassan Ahmed,3654.09,1100.3,2,2
3493,Saad Mirza,3653.43,725.2800000000002,1,3
643,Omar Khan,3653.14,1310.44,1,2
499,Zainab Qureshi,3652.8500000000004,930.3000000000002,1,5
1169,Fatima Mirza,3650.55,8.050000000000182,1,5
7990,Fatima Mirza,3644.84,973.8600000000001,1,2
1710,Ahmed Malik,3644.84,982.1200000000003,1,4
3631,Usman Ali,3644.6899999999996,580.9899999999998,2,4
1985,Sana Hussain,3641.1299999999997,682.5699999999997,2,7
6008,Saad Mirza,3640.44,-0.6600000000003092,1,3
2829,Danish Mirza,3639.87,361.26,2,3
2882,Hussain Ali,3639.7,658.7100000000003,2,3
1031,Fahad Raza,3639.64,975.7199999999998,1,2
8572,Sara Iqbal,3636.7200000000003,711.4200000000001,1,6
5397,Hamza Malik,3636.08,1081.36,2,8
4024,Ayesha Chaudhry,3632.45,980.7499999999995,1,5
5727,Maham Hussain,3630.78,1364.0600000000004,1,2
5543,Ali Raza,3628.8900000000003,439.32000000000016,1,3
5438,Fatima Shah,3627.0,755.8400000000001,1,4
9829,Danish Siddiqui,3626.28,677.6800000000003,1,4
6189,Sara Hussain,3625.4,1104.3000000000002,1,2
9146,Saad Memon,3623.9700000000003,189.5200000000002,2,6
6073,Ayesha Khan,3623.07,705.21,1,3
8788,Ahmed Hussain,3620.12,537.5999999999999,1,4
3350,Hamza Qureshi,3616.56,694.9500000000003,4,6
9776,Hussain Ali,3615.24,928.9399999999998,2,4
960,Fatima Sheikh,3615.0,-215.34000000000015,1,6
9806,Hussain Chaudhry,3614.2400000000002,1075.48,1,7
9569,Hamza Ali,3613.56,683.1999999999998,1,4
8243,Hussain Iqbal,3613.48,782.6500000000001,3,8
1843,Saad Ahmed,3612.3599999999997,674.3999999999996,1,3
2856,Bilal Iqbal,3609.09,960.0,1,3
2068,Saad Iqbal,3605.66,732.7999999999997,1,2
790,Hassan Hussain,3603.91,469.9000000000002,3,12
1841,Sara Khan,3602.46,-84.24000000000024,1,6
6637,Fatima Ali,3601.1400000000003,196.6800000000003,1,6
2111,Hassan Sheikh,3598.0600000000004,438.62000000000035,2,6
6064,Imran Siddiqui,3597.55,1046.9500000000003,1,5
4662,Danish Chaudhry,3595.7599999999998,785.54,1,7
4328,Ali Buriro,3593.0999999999995,211.4699999999998,1,7
6404,Ahmed Sheikh,3593.0299999999997,656.6699999999996,1,7
4536,Hassan Ali,3590.2,829.7499999999995,1,5
2799,Zainab Memon,3589.9300000000003,845.3599999999999,2,2
9674,Sana Raza,3586.6200000000003,639.9900000000005,2,7
7399,Maryam Iqbal,3577.56,359.74,2,6
3684,Sara Sheikh,3577.3,84.60000000000036,1,5
2406,Usman Shah,3572.99,736.4399999999999,3,10
54,Maham Hussain,3566.98,1135.3400000000001,1,2
3683,Saad Siddiqui,3566.0200000000004,323.5000000000001,2,4
3624,Hassan Mirza,3565.8999999999996,899.3499999999999,1,5
7347,Ali Qureshi,3564.56,370.48,1,4
2504,Fatima Mirza,3561.12,168.80999999999995,1,3
8145,Maham Hussain,3559.8599999999997,499.9199999999996,1,6
50,Maryam Ahmed,3559.7999999999997,537.6599999999999,1,3
2811,Ali Khan,3557.6800000000003,1286.1800000000003,1,7
3409,Fahad Sheikh,3556.94,747.0600000000001,2,5
5138,Usman Khan,3556.55,987.32,2,5
2360,Ayesha Ahmed,3553.7599999999998,236.53000000000003,2,14
8898,Sana Malik,3553.42,925.9200000000001,1,2
2748,Maham Ahmed,3548.46,916.2000000000003,1,3
7569,Hassan Chaudhry,3543.75,817.9299999999996,2,8
6513,Maham Ahmed,3543.26,494.0500000000001,2,5
2301,Saad Iqbal,3543.22,1140.6599999999999,2,4
9147,Fatima Shah,3536.0,930.44,2,4
3932,Maham Raza,3535.8,929.6000000000004,1,2
1467,Hussain Siddiqui,3532.04,822.1999999999998,1,4
341,Sara Ahmed,3531.15,1138.7600000000002,1,7
832,Hussain Raza,3529.32,1131.1800000000003,1,6
1709,Maryam Chaudhry,3528.2699999999995,-74.79000000000042,1,3
3939,Ayesha Sheikh,3521.94,361.4300000000004,2,3
3667,Hamza Shah,3521.38,1176.25,2,2
2463,Hamza Ali,3521.32,1059.88,1,4
1720,Imran Mirza,3519.81,399.6599999999996,2,6
3252,Zainab Raza,3518.2200000000003,1255.5,1,6
471,Hira Siddiqui,3516.02,1076.24,2,5
5343,Maryam Chaudhry,3514.42,362.6400000000002,2,5
5341,Fahad Qureshi,3507.48,890.04,1,4
7743,Sana Mirza,3505.83,829.6199999999999,1,3
5685,Fahad Siddiqui,3505.4700000000003,296.4300000000003,1,3
2837,Saad Hussain,3504.2,338.0,2,6
361,Hassan Chaudhry,3503.45,335.1199999999998,2,4
6332,Ahmed Iqbal,3502.08,72.72000000000025,1,3
3504,Maryam Hussain,3501.8999999999996,393.7199999999998,1,6
2435,Imran Memon,3500.64,1025.3199999999997,1,2
230,Danish Ali,3499.8199999999997,1037.5299999999997,2,4
331,Hussain Buriro,3499.04,1022.5999999999999,1,4
5681,Danish Chaudhry,3498.16,1031.3599999999997,1,4
4433,Danish Mirza,3497.36,1050.3000000000002,1,2
3450,Imran Mirza,3497.36,835.02,1,2
1235,Ali Shah,3494.9700000000003,664.2800000000002,2,3
7929,Usman Khan,3493.05,847.9499999999999,2,6
6738,Imran Raza,3491.95,181.29999999999973,1,5
2967,Hamza Malik,3491.57,782.1700000000002,3,16
5477,Imran Shah,3489.83,287.0699999999999,2,8
1796,Hassan Malik,3489.6,399.03999999999996,1,4
2393,Danish Qureshi,3488.7400000000002,1112.7800000000002,2,8
5301,Sara Raza,3486.7799999999997,-7.710000000000036,1,3
5017,Fahad Sheikh,3485.58,930.9899999999998,1,3
9186,Hassan Iqbal,3485.09,518.7100000000003,3,4
2628,Hamza Qureshi,3481.6000000000004,686.8500000000004,1,5
190,Omar Shah,3477.81,740.7599999999999,3,13
3924,Bilal Chaudhry,3475.58,1134.44,1,2
8210,Bilal Iqbal,3472.7999999999997,1022.0999999999999,1,5
478,Maham Hussain,3471.42,1075.23,1,3
3892,Danish Hussain,3465.42,83.79000000000042,1,7
7869,Danish Raza,3465.12,504.50999999999976,1,3
4927,Danish Shah,3464.4399999999996,806.5899999999999,2,12
6029,Sana Chaudhry,3461.85,1022.9799999999996,1,7
2261,Saad Memon,3461.72,465.4399999999996,1,4
4477,Omar Raza,3456.34,927.95,2,6
9522,Danish Hussain,3455.88,631.6800000000003,1,3
8262,Ali Ali,3455.46,931.1300000000003,2,4
3428,Fahad Chaudhry,3455.2,106.25,1,5
8431,Hussain Khan,3454.42,1021.0,1,2
8861,Sana Shah,3454.26,541.5400000000004,1,2
6730,Ahmed Raza,3453.6899999999996,777.1899999999998,2,2
7728,Omar Shah,3452.82,1007.8800000000001,1,6
3529,Omar Mirza,3452.13,1053.21,2,11
3953,Maryam Iqbal,3450.16,-0.44000000000005457,1,4
9791,Maryam Shah,3450.1400000000003,-172.5499999999995,2,5
2074,Ayesha Mirza,3450.0899999999997,945.3399999999995,2,4
752,Usman Malik,3446.03,248.07999999999993,1,7
9448,Hira Sheikh,3446.01,1071.5700000000002,1,3
8728,Hira Qureshi,3445.6,810.6999999999998,1,5
7953,Bilal Chaudhry,3444.42,855.8200000000002,1,7
2523,Danish Qureshi,3444.3900000000003,997.7400000000007,1,3
703,Hussain Ahmed,3443.88,991.44,1,3
5975,Hussain Iqbal,3443.88,868.6800000000003,1,6
3902,Sara Mirza,3436.71,970.4699999999998,1,3
685,Saad Hussain,3436.56,883.6799999999998,1,2
4868,Omar Shah,3435.6,813.7599999999998,2,8
9239,Hassan Buriro,3435.47,248.08000000000007,2,7
1513,Omar Hussain,3434.9,791.3300000000002,2,7
515,Sana Qureshi,3434.58,942.6599999999999,1,6
374,Zainab Malik,3431.91,972.3899999999995,2,6
3908,Fatima Chaudhry,3431.46,-52.38000000000011,1,6
8873,Bilal Khan,3431.25,374.27999999999975,2,6
5966,Usman Shah,3430.7,790.06,1,2
9428,Usman Siddiqui,3430.32,960.7200000000003,1,2
4454,Fahad Hussain,3428.88,179.03999999999996,1,4
7310,Hussain Qureshi,3428.35,680.7999999999997,1,5
8171,Danish Iqbal,3426.4800000000005,665.0400000000002,2,9
132,Bilal Chaudhry,3426.36,146.57999999999993,1,7
619,Ali Ali,3426.0,818.2399999999998,1,2
4378,Sara Ahmed,3423.4700000000003,919.8,2,2
3985,Ali Qureshi,3423.2699999999995,1063.7099999999996,1,3
6694,Fahad Mirza,3422.84,949.2000000000003,1,4
2767,Zainab Siddiqui,3420.5000000000005,552.1200000000001,2,12
7745,Usman Buriro,3418.52,731.5999999999999,1,4
3719,Danish Iqbal,3418.46,990.2200000000003,1,2
6610,Hamza Khan,3417.75,528.5999999999999,1,5
5958,Ahmed Ali,3416.56,585.8299999999999,1,7
11,Zainab Qureshi,3416.2,495.3399999999997,1,2
203,Fatima Sheikh,3415.3500000000004,796.1000000000004,1,5
2835,Maham Memon,3410.92,331.32000000000016,1,4
6792,Maham Malik,3410.82,656.56,1,2
4136,Hamza Khan,3408.06,526.4100000000003,1,3
1562,Fatima Hussain,3407.9,925.6600000000003,1,2
1952,Zainab Khan,3406.7999999999997,1152.2999999999997,1,3
6461,Imran Shah,3406.5299999999997,1160.7299999999996,1,3
9491,Maryam Qureshi,3405.92,666.6100000000001,1,7
5914,Sana Malik,3405.06,967.5999999999999,1,2
1729,Maham Khan,3403.1400000000003,622.3800000000006,1,3
9102,Saad Sheikh,3403.1399999999994,59.31999999999971,2,5
5307,Ali Iqbal,3402.96,746.52,1,4
1573,Maham Raza,3396.6299999999997,225.0899999999993,3,11
180,Ahmed Buriro,3395.1499999999996,660.3899999999996,2,13
3772,Omar Iqbal,3395.1,874.0,1,2
4499,Usman Mirza,3393.24,1026.8799999999997,1,2
7294,Maham Ahmed,3392.86,495.1600000000002,2,7
4471,Ahmed Chaudhry,3392.44,877.2400000000002,1,4
8634,Imran Hussain,3387.7799999999997,991.5899999999997,1,3
1282,Hira Siddiqui,3387.43,642.3599999999997,2,5
9271,Bilal Khan,3384.21,343.0799999999999,1,3
2912,Fahad Ahmed,3382.72,248.91999999999962,1,4
2525,Bilal Chaudhry,3382.63,748.0999999999999,2,3
6411,Ayesha Khan,3382.1200000000003,1130.1500000000005,1,7
9954,Danish Sheikh,3381.66,82.4399999999996,1,3
2059,Ali Ali,3381.14,1109.1599999999999,2,5
5467,Hassan Buriro,3380.29,389.55999999999995,2,5
363,Maham Ali,3379.26,1198.2800000000002,1,2
4917,Omar Buriro,3378.0,492.75,1,5
7712,Omar Buriro,3377.19,1237.1399999999999,1,3
5200,Usman Raza,3374.48,861.1599999999999,1,2
6093,Ahmed Hussain,3368.34,866.5500000000002,1,3
1223,Sana Chaudhry,3367.76,464.48,1,4
3131,Hassan Siddiqui,3365.02,414.19999999999993,2,10
8451,Saad Iqbal,3361.86,1037.2000000000003,1,2
4920,Hassan Siddiqui,3360.8999999999996,743.6399999999999,1,6
3614,Ali Chaudhry,3360.4700000000003,989.5200000000002,2,5
3987,Ayesha Shah,3358.47,333.9999999999998,2,5
5547,Ahmed Iqbal,3357.84,804.73,2,7
5988,Ayesha Qureshi,3357.83,470.8899999999999,1,7
2622,Imran Iqbal,3355.7999999999997,522.4799999999996,1,6
1589,Maryam Malik,3354.01,379.3900000000001,2,5
9932,Maham Memon,3354.0,368.90999999999985,1,3
4894,Zainab Malik,3353.8799999999997,1037.6399999999994,2,4
3431,Sara Raza,3352.42,1032.6800000000003,1,2
3559,Zainab Hussain,3352.04,961.6799999999998,1,2
4890,Maryam Iqbal,3350.92,982.3800000000001,1,2
7685,Maham Khan,3350.56,963.44,2,5
7536,Sara Iqbal,3349.2000000000003,82.88000000000028,2,8
1163,Sara Mirza,3348.6,425.96000000000004,1,2
8331,Bilal Ahmed,3345.12,395.5199999999995,1,3
7948,Ali Siddiqui,3344.76,946.6200000000003,1,6
3437,Saad Malik,3343.8599999999997,522.6299999999997,1,3
3962,Zainab Ali,3342.48,482.98,1,2
265,Imran Chaudhry,3339.7,326.0,2,8
3415,Fatima Malik,3338.0,639.7199999999998,1,4
9546,Ali Malik,3337.12,632.48,1,4
5621,Maryam Siddiqui,3336.85,562.0999999999999,1,5
8454,Bilal Iqbal,3336.0,919.0,1,4
77,Imran Malik,3335.76,286.9200000000001,1,6
5600,Zainab Sheikh,3334.5,684.7800000000002,2,4
7201,Ahmed Qureshi,3333.3999999999996,656.0599999999997,2,7
6400,Zainab Mirza,3331.6000000000004,906.2000000000003,1,5
9270,Hamza Chaudhry,3327.31,707.74,3,9
9509,Fatima Memon,3325.06,737.62,2,6
8230,Ayesha Hussain,3324.72,1041.7799999999997,1,2
2827,Ahmed Siddiqui,3322.65,742.0800000000003,2,7
7500,Fatima Khan,3322.0499999999997,809.1999999999998,1,5
8976,Maham Ali,3321.84,909.6900000000005,1,3
1294,Omar Malik,3318.77,802.3399999999997,1,7
6472,Ahmed Hussain,3316.92,522.0,1,6
5093,Danish Qureshi,3316.0,767.9000000000001,1,5
7155,Imran Mirza,3312.58,1040.88,1,2
4440,Hamza Malik,3311.1099999999997,109.4599999999997,2,9
2618,Omar Mirza,3310.05,759.4500000000003,1,5
7261,Maham Chaudhry,3305.24,1051.7199999999998,1,4
2200,Ahmed Hussain,3304.89,1117.42,2,8
8439,Ayesha Iqbal,3303.9300000000003,615.9300000000003,1,7
5505,Hamza Chaudhry,3303.23,217.84000000000015,1,7
3284,Hassan Ali,3299.3999999999996,1066.0499999999993,1,3
7029,Hira Hussain,3299.32,210.0300000000003,2,8
1352,Usman Mirza,3297.2200000000003,1042.8500000000004,2,9
9556,Ahmed Khan,3293.1400000000003,827.1900000000003,2,5
1286,Danish Chaudhry,3289.1400000000003,-18.23999999999978,1,6
3176,Hamza Khan,3288.96,1096.3600000000001,1,2
634,Ahmed Qureshi,3287.34,876.7200000000003,1,2
2570,Ahmed Iqbal,3287.02,515.8200000000002,1,2
3456,Maryam Buriro,3286.8599999999997,1131.0599999999995,1,6
7004,Hussain Sheikh,3286.48,978.7199999999998,1,4
2558,Usman Shah,3282.8999999999996,-70.61999999999989,1,3
1238,Hassan Siddiqui,3280.7799999999997,620.6400000000001,2,3
78,Ayesha Hussain,3279.7200000000003,936.6600000000003,1,3
813,Sana Iqbal,3278.24,1035.1599999999999,1,7
15,Zainab Siddiqui,3278.1099999999997,557.05,2,5
1786,Maham Mirza,3277.59,675.1199999999999,1,3
8311,Danish Chaudhry,3277.45,847.4499999999998,1,5
2358,Ali Sheikh,3274.74,389.73,1,3
2437,Ahmed Raza,3274.24,890.8999999999996,1,2
7996,Hassan Qureshi,3273.43,878.5600000000001,2,5
7806,Sara Memon,3272.51,381.79000000000013,2,5
5770,Danish Buriro,3267.4200000000005,964.8400000000004,2,7
9319,Imran Buriro,3266.86,998.6800000000003,1,2
4857,Zainab Siddiqui,3266.12,927.8399999999997,1,4
6475,Sana Ali,3263.04,604.9000000000001,1,2
1394,Bilal Khan,3262.7999999999997,868.0999999999999,1,5
6074,Ali Ahmed,3262.1400000000003,-49.97999999999956,1,3
535,Hamza Khan,3260.78,483.20000000000016,2,4
8214,Danish Hussain,3255.72,721.3599999999997,1,4
661,Hassan Malik,3255.52,353.7399999999998,1,2
9172,Omar Memon,3254.35,1070.0499999999997,1,5
5425,Imran Chaudhry,3253.04,1225.6999999999998,1,7
5195,Hassan Chaudhry,3252.2000000000003,965.8500000000004,1,5
4189,Hussain Ali,3252.04,163.7399999999999,2,7
5287,Hussain Buriro,3247.3900000000003,763.6700000000001,2,4
1370,Fatima Qureshi,3245.68,89.11999999999989,1,4
4496,Ali Qureshi,3243.7200000000003,730.6800000000003,1,6
5834,Hamza Hussain,3243.2999999999997,814.9799999999998,2,10
4713,Bilal Hussain,3240.3,246.60000000000014,2,9
7667,Maham Buriro,3240.1499999999996,754.6299999999997,2,7
8071,Ali Siddiqui,3240.12,633.1199999999999,1,4
3618,Omar Ahmed,3239.8500000000004,405.60000000000036,1,5
8747,Hira Memon,3239.5,315.39999999999964,1,5
5900,Saad Khan,3239.42,1167.92,1,2
5473,Maryam Iqbal,3239.4,783.5999999999999,1,4
6514,Usman Buriro,3239.35,315.24999999999955,1,5
1818,Saad Sheikh,3238.14,625.9200000000001,1,2
8347,Hamza Hussain,3237.78,356.1400000000003,1,2
6685,Zainab Shah,3237.24,248.0699999999997,1,3
3457,Bilal Iqbal,3235.19,310.94000000000005,1,7
4724,Saad Hussain,3233.1,717.3499999999999,1,5
6649,Imran Chaudhry,3232.88,475.0,1,4
6379,Bilal Malik,3229.5299999999997,1163.7299999999996,1,3
7828,Ayesha Ahmed,3229.26,829.9200000000001,1,2
5970,Maryam Buriro,3228.7200000000003,197.8800000000001,1,6
7872,Saad Khan,3227.07,418.62000000000035,1,3
2660,Maham Shah,3226.5,587.7,2,6
8996,Danish Iqbal,3226.29,973.99,2,3
2658,Ayesha Raza,3224.99,896.8999999999999,2,11
6195,Maham Khan,3219.24,452.89999999999964,1,2
5804,Sara Raza,3217.2000000000003,293.2300000000005,1,7
377,Ahmed Iqbal,3214.0,847.58,2,5
5767,Imran Qureshi,3211.26,531.9900000000002,1,3
1045,Hamza Khan,3211.1800000000003,603.9300000000003,3,19
5010,Danish Siddiqui,3206.49,701.6100000000001,1,7
6116,Ahmed Buriro,3204.3099999999995,619.3299999999997,2,9
6331,Fatima Siddiqui,3204.0299999999997,331.7399999999998,1,3
3705,Zainab Khan,3201.58,578.46,1,2
1459,Maryam Iqbal,3198.64,135.07999999999993,1,4
3113,Omar Memon,3198.1499999999996,1068.4499999999998,1,3
4937,Maham Qureshi,3198.04,562.44,1,4
5759,Ayesha Shah,3195.56,287.1199999999999,1,4
657,Maham Mirza,3194.3199999999997,871.7599999999995,2,7
4324,Hira Khan,3192.67,370.97,2,3
4810,Ayesha Raza,3189.94,261.5799999999999,1,2
104,Maham Iqbal,3189.92,687.8400000000001,1,2
8494,Ali Chaudhry,3189.9,194.20000000000027,1,2
4212,Usman Qureshi,3189.12,770.8399999999997,1,2
2896,Sara Ali,3184.7999999999997,878.9999999999995,1,6
3864,Ali Qureshi,3183.72,521.3399999999997,1,2
3403,Ayesha Sheikh,3182.74,408.7999999999997,1,2
7483,Ali Raza,3181.17,537.8699999999999,1,3
6877,Imran Khan,3180.2699999999995,838.1999999999994,1,3
4423,Zainab Hussain,3177.7799999999997,885.2399999999998,1,6
8418,Imran Mirza,3177.05,486.0500000000003,2,10
9584,Zainab Mirza,3172.7999999999997,381.09999999999945,1,5
1480,Zainab Sheikh,3171.74,1066.4399999999996,1,2
8226,Ayesha Ahmed,3170.4,935.54,1,2
5955,Zainab Siddiqui,3168.7799999999997,1015.5599999999995,1,6
9688,Sara Mirza,3166.68,958.3199999999997,1,4
6420,Maryam Memon,3163.36,623.52,1,4
9722,Danish Iqbal,3163.23,631.8200000000002,1,7
5206,Maryam Khan,3163.04,984.3600000000001,1,4
2717,Hamza Sheikh,3162.71,844.0099999999998,2,3
9200,Sara Sheikh,3161.35,155.5699999999995,2,4
2900,Sana Siddiqui,3159.82,537.5200000000001,2,8
3169,Zainab Ali,3157.76,18.360000000000127,1,4
6698,Fatima Ali,3154.92,291.06999999999994,2,4
1417,Hamza Raza,3150.7000000000003,-67.82999999999993,1,7
8087,Fahad Iqbal,3148.38,790.6600000000003,1,2
8515,Sana Qureshi,3145.18,500.96000000000004,1,2
6560,Hira Shah,3143.84,957.7400000000002,1,7
878,Maryam Malik,3141.54,305.2199999999998,1,2
939,Usman Chaudhry,3141.1499999999996,515.2499999999998,2,6
7035,Zainab Ahmed,3138.72,454.2199999999998,1,2
7481,Zainab Sheikh,3136.72,836.8499999999997,2,4
8931,Fahad Hussain,3136.0199999999995,1079.3999999999996,1,3
7730,Omar Ahmed,3135.42,715.1199999999999,1,2
1964,Zainab Ahmed,3132.56,199.42000000000007,1,2
7727,Imran Ali,3130.9500000000003,451.6800000000003,1,3
1395,Ali Mirza,3129.75,390.14999999999964,1,3
2302,Hamza Buriro,3128.19,1062.3899999999999,1,3
226,Saad Chaudhry,3126.76,1013.3899999999999,1,7
8424,Hira Iqbal,3126.6499999999996,962.06,2,7
8218,Hussain Raza,3122.17,375.4599999999998,3,15
9034,Ahmed Chaudhry,3121.38,857.0999999999999,2,12
8846,Ali Raza,3120.56,893.39,2,6
4842,Ayesha Siddiqui,3120.4399999999996,157.88999999999976,2,6
7793,Fahad Ahmed,3120.33,890.6399999999999,1,3
7280,Fatima Buriro,3112.9500000000003,827.61,2,9
8055,Maham Iqbal,3111.79,579.53,4,12
579,Hassan Mirza,3110.7999999999997,375.5999999999999,1,5
4914,Imran Iqbal,3106.96,481.4000000000001,1,4
2700,Imran Chaudhry,3103.38,913.2600000000002,1,3
1314,Saad Khan,3101.5699999999997,729.4,2,5
2590,Ahmed Siddiqui,3100.88,358.4000000000001,1,4
2346,Ali Khan,3099.33,982.5299999999997,1,3
2973,Bilal Ali,3097.59,854.79,1,3
1175,Usman Sheikh,3097.56,901.0500000000002,2,3
2778,Sana Sheikh,3097.42,562.2600000000002,1,2
1860,Hira Shah,3095.19,614.1300000000001,1,3
219,Sana Chaudhry,3089.13,238.28999999999996,1,3
5563,Maryam Ali,3088.66,127.87999999999977,2,10
9842,Danish Shah,3085.96,679.7200000000003,1,2
4893,Fatima Siddiqui,3085.24,745.8,2,7
6527,Hussain Malik,3079.8599999999997,480.9899999999998,1,3
2849,Ahmed Buriro,3073.42,505.12000000000035,1,7
3703,Ayesha Raza,3070.24,241.95999999999958,1,2
3556,Ali Buriro,3068.72,313.86,2,11
7437,Saad Ali,3065.36,129.4000000000001,1,2
4905,Hassan Memon,3065.2,744.2399999999998,1,4
183,Hassan Sheikh,3064.16,172.15999999999985,1,2
3567,Maham Mirza,3063.8999999999996,385.8299999999995,1,3
3379,Zainab Siddiqui,3062.84,438.8000000000002,1,2
3550,Usman Mirza,3061.59,948.1500000000001,1,7
1357,Imran Sheikh,3061.48,519.52,1,2
3830,Maryam Hussain,3060.73,582.1999999999998,2,7
7186,Ali Siddiqui,3058.95,821.8199999999997,1,3
7427,Hira Iqbal,3058.3999999999996,-65.85000000000036,1,5
8441,Sara Buriro,3056.84,96.53999999999996,1,2
622,Saad Sheikh,3055.32,1044.3200000000002,1,4
5879,Ali Memon,3054.74,474.0,1,2
6734,Usman Buriro,3053.26,529.5200000000004,1,2
7517,Ali Chaudhry,3050.3900000000003,698.9400000000003,2,6
4169,Omar Raza,3048.22,302.5399999999995,1,7
9936,Hassan Malik,3047.4,872.1199999999999,1,2
2093,Ahmed Raza,3046.11,622.5900000000001,1,3
3215,Hira Ahmed,3046.04,164.8,2,10
7725,Maham Mirza,3045.29,901.9699999999998,2,7
9588,Hussain Sheikh,3044.2799999999997,443.9399999999996,1,6
9089,Ali Sheikh,3042.9,771.4000000000001,1,7
2951,Imran Ahmed,3041.82,506.53999999999996,1,2
8729,Hassan Ali,3041.56,378.09,2,8
9551,Saad Chaudhry,3040.3500000000004,950.1600000000003,1,3
9996,Saad Siddiqui,3038.1000000000004,393.4800000000005,1,6
8650,Ali Hussain,3037.98,538.6199999999999,1,3
5658,Maham Buriro,3037.16,837.1299999999997,1,7
7830,Sana Ahmed,3036.8199999999997,691.3599999999999,2,6
3979,Hira Sheikh,3036.46,164.1199999999999,2,4
2615,Ahmed Malik,3032.31,854.9599999999999,2,3
1675,Hassan Buriro,3031.77,178.16999999999962,1,3
2962,Hira Iqbal,3031.14,426.05999999999995,1,6
5466,Hamza Mirza,3030.76,163.64000000000033,1,4
3393,Usman Iqbal,3030.7200000000003,1143.2400000000002,1,3
3986,Usman Ali,3029.46,65.58999999999969,1,7
4534,Fahad Sheikh,3028.58,466.88,2,4
2605,Fatima Khan,3028.5,939.56,1,2
8421,Usman Malik,3027.0099999999998,601.1399999999996,2,4
1962,Fatima Siddiqui,3023.05,585.99,2,7
6550,Imran Malik,3022.75,979.75,1,5
5623,Zainab Hussain,3021.75,255.15000000000003,2,9
3746,Hassan Memon,3021.5499999999997,1007.3499999999999,1,5
7147,Hassan Qureshi,3020.55,1027.6200000000003,1,3
7892,Fatima Chaudhry,3020.22,329.9599999999996,1,2
4895,Hira Memon,3018.2999999999997,-138.55000000000018,1,5
9104,Bilal Memon,3016.5,435.53999999999996,1,6
2661,Hamza Mirza,3014.9,810.8000000000002,1,2
4593,Saad Memon,3012.1499999999996,206.51999999999953,1,3
5961,Fahad Khan,3010.41,361.3199999999997,2,6
9709,Hira Buriro,3009.74,95.29999999999973,1,2
2495,Imran Chaudhry,3009.16,681.8799999999997,1,4
3129,Maryam Memon,3008.82,956.2500000000001,2,8
5312,Saad Shah,3006.44,646.48,1,4
7926,Ahmed Ahmed,3003.6800000000003,752.4800000000001,2,6
4445,Sana Ali,3001.66,648.8399999999997,1,2
7692,Ahmed Siddiqui,3001.58,591.78,2,6
7695,Omar Shah,3001.42,668.0999999999999,1,2
823,Hassan Malik,3001.38,221.80000000000018,1,2
7441,Omar Chaudhry,2998.96,386.1999999999998,1,4
57,Sana Siddiqui,2993.8500000000004,721.0500000000002,1,3
5399,Omar Memon,2992.44,756.6600000000003,1,6
3536,Bilal Buriro,2991.48,999.48,1,4
1258,Hassan Mirza,2990.2,520.9399999999998,2,4
464,Zainab Malik,2988.43,735.2399999999999,2,8
3774,Hira Mirza,2987.12,675.3499999999999,2,3
1848,Omar Hussain,2986.14,607.7999999999997,1,3
2542,Ali Siddiqui,2984.0,450.8800000000001,1,2
2311,Maryam Iqbal,2983.02,928.86,2,12
8371,Hamza Siddiqui,2982.92,561.9600000000002,2,5
3790,Maryam Memon,2982.7799999999997,308.6099999999997,1,3
9802,Zainab Hussain,2974.75,392.9499999999998,1,5
8604,Omar Iqbal,2974.37,457.79999999999984,2,3
260,Fatima Raza,2974.3,382.5600000000002,2,4
9682,Bilal Khan,2973.2,486.52,1,4
5831,Omar Memon,2971.7,456.5,2,3
6218,Hamza Memon,2965.6200000000003,878.2900000000004,1,7
1883,Ayesha Siddiqui,2964.56,869.7499999999999,2,2
4959,Ahmed Qureshi,2963.3,106.76000000000022,1,2
2446,Danish Raza,2957.92,789.1800000000003,1,7
8820,Sara Chaudhry,2957.73,744.69,2,6
8802,Saad Malik,2957.16,799.98,1,3
709,Maryam Siddiqui,2953.5,183.89999999999964,1,6
5866,Sana Malik,2951.34,686.7600000000002,1,3
2866,Danish Ali,2944.44,443.25,1,3
4305,Sara Khan,2940.09,584.7600000000002,1,3
6392,Zainab Hussain,2937.32,340.6600000000003,1,2
1812,Hamza Siddiqui,2936.1000000000004,69.24000000000024,1,3
3989,Ahmed Iqbal,2936.08,575.1199999999999,1,7
48,Fahad Malik,2934.36,136.01999999999998,1,3
2490,Imran Hussain,2933.0,693.5200000000001,2,7
642,Omar Mirza,2932.23,3.9900000000002365,1,7
7747,Ali Raza,2932.0,207.8800000000001,1,2
4992,Hamza Mirza,2929.92,1098.7200000000003,1,6
5203,Danish Ahmed,2929.1,265.52,1,2
4224,Fatima Ahmed,2928.42,120.5899999999998,2,5
9734,Omar Ahmed,2927.55,434.30999999999995,1,3
8270,Danish Qureshi,2924.1400000000003,246.07000000000016,2,2
7375,Bilal Raza,2923.1,810.0,1,2
1912,Zainab Ahmed,2918.8,859.5,1,5
3570,Usman Malik,2918.38,516.7200000000003,1,2
9930,Fatima Sheikh,2916.9,728.6300000000001,1,7
5150,Maham Malik,2916.8,507.3000000000002,1,5
7279,Zainab Hussain,2916.64,434.48,1,2
7559,Maryam Mirza,2913.54,677.5400000000001,2,5
7423,Hassan Malik,2911.6,652.6399999999999,1,4
9127,Hira Shah,2910.06,479.0999999999999,1,6
3812,Danish Ahmed,2909.27,585.69,1,7
814,Sana Raza,2906.68,498.6499999999999,3,5
9959,Ahmed Siddiqui,2904.3,1009.2600000000002,1,3
26,Maham Ahmed,2899.24,495.27999999999975,1,2
2089,Hamza Memon,2899.08,500.03999999999996,1,2
9696,Hamza Qureshi,2897.55,485.40000000000055,1,3
8007,Ayesha Raza,2897.25,868.6799999999998,1,3
5004,Maryam Ahmed,2895.57,633.8700000000003,1,3
780,Saad Mirza,2895.0,904.9200000000001,1,2
8283,Ayesha Qureshi,2894.85,838.9499999999998,2,7
9297,Maham Ali,2894.51,611.1100000000002,2,6
3142,Sana Ahmed,2894.0,1031.9399999999998,2,7
9957,Hussain Buriro,2892.7,895.2199999999998,1,2
2105,Usman Hussain,2891.46,951.0,1,3
270,Zainab Khan,2890.12,458.1999999999998,1,4
7812,Fahad Raza,2888.28,877.2800000000002,1,4
8727,Fahad Iqbal,2888.1000000000004,732.1200000000003,1,6
7085,Imran Hussain,2886.09,399.3300000000004,1,3
788,Hassan Malik,2883.6000000000004,943.1400000000003,1,3
4308,Hussain Qureshi,2882.9500000000003,612.3000000000002,1,5
6454,Ayesha Malik,2882.18,863.9399999999998,1,2
9866,Imran Siddiqui,2881.4300000000003,458.93000000000006,2,5
1947,Ayesha Shah,2880.62,308.32000000000005,2,9
7239,Danish Sheikh,2880.29,70.13999999999987,1,7
7591,Ali Qureshi,2879.51,229.1400000000001,2,3
55,Fatima Memon,2872.58,16.340000000000146,1,2
9535,Ahmed Chaudhry,2867.24,776.56,1,4
9761,Zainab Chaudhry,2866.65,29.600000000000364,1,5
4020,Hamza Memon,2860.17,-33.98999999999978,1,3
1075,Danish Mirza,2859.36,623.0700000000002,1,3
153,Zainab Ahmed,2853.58,273.8600000000001,1,2
6063,Bilal Ahmed,2853.35,967.75,1,5
5401,Zainab Memon,2852.8500000000004,718.0500000000002,1,3
4296,Ayesha Siddiqui,2848.98,883.22,1,2
9948,Hira Shah,2848.95,820.8999999999996,1,5
4232,Hira Khan,2848.44,840.0800000000002,1,4
9774,Omar Raza,2847.0299999999997,138.50999999999976,1,3
1249,Danish Chaudhry,2840.16,-14.88000000000011,1,2
4234,Omar Buriro,2836.95,535.0499999999997,1,5
8448,Maryam Memon,2834.65,711.69,1,7
37,Fatima Ali,2832.92,576.8200000000002,1,2
7911,Imran Iqbal,2831.64,724.1999999999998,2,6
8462,Fatima Hussain,2830.88,765.4800000000002,2,8
8636,Ahmed Sheikh,2830.8,833.3600000000001,1,4
2343,Zainab Memon,2830.7,531.2199999999998,1,2
45,Maham Mirza,2829.42,809.7,1,6
3490,Maryam Sheikh,2829.25,85.0,1,5
5165,Maryam Hussain,2827.8999999999996,775.5699999999998,2,8
3355,Usman Sheikh,2825.38,478.5799999999999,1,2
8737,Maham Raza,2822.3999999999996,292.1099999999997,1,3
1522,Hamza Sheikh,2821.5,367.3499999999999,1,5
1129,Maham Hussain,2819.7599999999998,551.3999999999999,2,8
2489,Sana Ali,2819.39,629.44,3,5
5433,Danish Hussain,2817.76,506.1500000000001,2,7
2479,Hussain Qureshi,2815.65,966.6500000000001,1,5
4376,Usman Ahmed,2811.38,452.3600000000001,1,2
4926,Hussain Qureshi,2811.0299999999997,187.4399999999996,1,3
3759,Ali Chaudhry,2810.8,594.8000000000002,1,4
3608,Usman Shah,2809.04,322.3600000000001,1,4
6785,Sana Hussain,2807.82,-106.55999999999995,1,6
834,Maham Memon,2806.2,506.9699999999998,1,3
1825,Saad Buriro,2805.2,633.56,1,4
8906,Sara Shah,2802.59,301.55999999999995,1,7
9555,Maryam Ahmed,2802.5,862.5999999999999,1,5
4042,Zainab Buriro,2802.45,396.8399999999997,1,3
3010,Maham Buriro,2801.37,706.9499999999998,1,3
9303,Hassan Shah,2801.2400000000002,144.7600000000002,2,6
2792,Sara Ali,2800.9500000000003,1031.2000000000003,1,5
8844,Fahad Raza,2800.14,695.1199999999999,1,2
9046,Ali Khan,2796.18,702.3799999999997,1,2
1658,Ayesha Mirza,2793.4,237.80000000000018,1,2
2721,Zainab Sheikh,2793.1499999999996,432.62999999999977,2,9
3273,Hussain Hussain,2792.52,280.2399999999998,1,4
8956,Sara Qureshi,2792.23,114.10000000000036,1,7
2266,Ali Ali,2791.95,988.5499999999997,1,5
7544,Bilal Iqbal,2791.6,668.6399999999999,1,7
262,Hussain Mirza,2791.34,802.6800000000001,1,2
8222,Imran Buriro,2789.86,735.0,1,2
8006,Ali Memon,2787.1200000000003,17.080000000000382,1,7
7524,Imran Ahmed,2786.94,706.1399999999999,1,2
7452,Maryam Malik,2786.6299999999997,593.1099999999997,1,7
1507,Ali Buriro,2786.3,462.8000000000002,1,5
5005,Imran Khan,2784.45,330.6999999999998,1,5
2155,Danish Hussain,2784.3,616.48,1,2
7737,Sana Buriro,2781.0299999999997,-8.670000000000073,1,3
1702,Hussain Iqbal,2780.48,96.92000000000007,1,2
7352,Maryam Ahmed,2779.16,695.8799999999997,1,4
6716,Omar Mirza,2776.6,836.6000000000001,2,10
2586,Maryam Siddiqui,2775.2,319.64999999999964,1,5
4200,Fahad Ali,2772.2000000000003,132.70000000000027,1,5
5863,Bilal Hussain,2770.77,-95.55000000000018,1,3
3118,Maham Memon,2770.38,630.3,2,12
4901,Sara Sheikh,2767.75,971.1000000000001,1,5
4702,Saad Siddiqui,2766.6000000000004,545.3000000000002,1,5
4106,Hira Ali,2766.45,881.2199999999998,1,3
6433,Hamza Ali,2765.0600000000004,597.3400000000001,2,8
7628,Zainab Chaudhry,2763.8199999999997,500.74999999999983,2,9
3307,Imran Khan,2763.53,17.84999999999991,1,7
7768,Hassan Qureshi,2759.55,811.5,1,3
9015,Usman Iqbal,2758.91,244.7199999999998,1,7
7485,Omar Malik,2757.08,357.5999999999999,1,4
730,Bilal Sheikh,2756.3,339.8000000000002,1,2
584,Ali Qureshi,2755.1299999999997,669.6899999999996,1,7
6071,Hamza Chaudhry,2752.6,276.9200000000001,1,4
1609,Ali Siddiqui,2751.2400000000002,508.44000000000005,1,3
7684,Zainab Mirza,2751.0099999999998,933.3299999999999,2,5
9438,Zainab Buriro,2749.75,418.4499999999998,1,5
4484,Sara Shah,2747.61,-132.5999999999999,1,3
4124,Ayesha Qureshi,2746.46,175.03999999999996,1,2
6217,Hira Raza,2744.46,145.44000000000005,1,6
7703,Saad Raza,2743.76,239.96000000000004,1,4
971,Hussain Shah,2738.4800000000005,779.0100000000002,2,9
9580,Maryam Ali,2734.56,515.6700000000001,1,3
1556,Zainab Buriro,2734.44,474.1800000000003,1,3
5687,Maham Ali,2734.25,703.5500000000002,1,5
9053,Ali Chaudhry,2733.36,200.2800000000002,1,6
206,Hussain Shah,2730.7,407.89999999999964,1,5
9676,Sana Ali,2726.95,613.4,2,3
1733,Omar Buriro,2724.25,742.5,1,5
8871,Maham Raza,2723.64,309.6399999999999,1,4
1382,Omar Khan,2722.7,1007.8399999999999,1,2
5570,Sana Chaudhry,2722.5,564.7200000000003,1,6
9815,Hamza Iqbal,2721.6,509.7999999999997,1,2
7752,Maham Malik,2720.46,971.2199999999998,1,6
9335,Omar Hussain,2716.5,290.15999999999985,1,6
851,Bilal Ahmed,2716.17,241.3800000000001,1,3
9910,Danish Mirza,2716.04,671.77,4,12
8453,Saad Ahmed,2713.23,320.3399999999998,3,3
2162,Fatima Shah,2709.6,797.4399999999998,1,2
833,Zainab Qureshi,2708.02,904.01,2,8
7215,Zainab Mirza,2707.9700000000003,535.1200000000003,2,4
3461,Bilal Siddiqui,2706.44,930.1200000000001,1,4
7732,Fahad Siddiqui,2706.43,494.2200000000001,3,3
146,Danish Malik,2705.66,311.5799999999999,1,2
5372,Fatima Iqbal,2705.6400000000003,779.1400000000001,2,5
2243,Fatima Qureshi,2704.92,72.07999999999993,1,4
2493,Hussain Khan,2701.89,607.5899999999997,1,3
2025,Hamza Siddiqui,2700.44,739.78,1,2
8003,Saad Malik,2698.7,416.77999999999975,1,2
3844,Ahmed Hussain,2697.66,610.3299999999999,1,7
241,Bilal Mirza,2695.37,384.89999999999986,2,7
7259,Fahad Memon,2693.35,649.45,1,5
1272,Saad Qureshi,2693.05,781.9799999999999,2,2
5464,Maham Buriro,2693.02,869.02,1,2
1341,Hassan Ali,2690.8700000000003,824.8100000000004,1,7
4695,Ayesha Qureshi,2689.8,585.9000000000005,1,6
2820,Hassan Chaudhry,2689.4,794.3200000000002,1,2
6957,Bilal Malik,2687.84,304.32000000000016,1,4
7467,Hira Shah,2687.16,502.4699999999998,1,3
2519,Imran Raza,2685.68,5.099999999999909,1,2
9397,Hamza Raza,2685.29,631.59,3,6
5188,Sara Sheikh,2684.94,532.7600000000002,1,2
7612,Ahmed Buriro,2684.6,494.5,1,5
6417,Ahmed Siddiqui,2683.98,849.1200000000001,1,2
2260,Sara Siddiqui,2681.44,273.0799999999999,1,4
8358,Danish Ali,2681.35,730.3800000000001,1,7
1363,Maham Hussain,2681.3,638.7200000000003,1,2
7042,Ali Ahmed,2681.22,638.6599999999999,1,2
5033,Ahmed Khan,2680.1,552.5999999999999,1,5
5070,Usman Sheikh,2679.48,521.8799999999997,1,6
9855,Fatima Ali,2678.94,851.96,1,2
1390,Omar Khan,2678.4500000000003,589.6500000000001,1,5
812,Imran Khan,2678.2799999999997,497.4899999999998,1,3
4116,Hamza Malik,2677.25,699.25,1,5
5183,Sana Khan,2673.8500000000004,270.34000000000015,2,8
2968,Danish Malik,2673.3999999999996,135.65999999999963,2,5
6343,Ahmed Chaudhry,2671.44,357.3299999999999,1,3
6881,Saad Khan,2671.24,665.1199999999999,1,4
1747,Omar Buriro,2670.78,619.48,1,2
1311,Danish Qureshi,2667.42,795.6300000000001,1,3
7985,Maryam Buriro,2667.1499999999996,798.75,2,4
4542,Hussain Khan,2666.55,380.58000000000027,2,6
8249,Fatima Qureshi,2665.22,-55.24000000000024,1,2
9241,Ali Malik,2664.5,462.6199999999999,1,2
990,Ahmed Buriro,2664.45,436.64999999999964,1,3
5447,Usman Mirza,2660.12,832.5,1,2
1049,Imran Mirza,2659.2000000000003,69.5,1,5
3893,Fatima Sheikh,2658.33,509.2199999999998,1,3
7822,Maryam Raza,2657.76,645.0999999999999,2,6
6371,Fatima Chaudhry,2656.15,396.98,2,3
2768,Ahmed Memon,2656.05,408.84000000000015,1,3
3449,Bilal Malik,2655.76,649.6400000000003,1,4
1356,Ahmed Khan,2653.62,223.25999999999976,1,3
852,Hira Ahmed,2652.42,566.8599999999999,2,6
7905,Zainab Iqbal,2650.28,22.40000000000009,1,4
1014,Maryam Iqbal,2647.86,904.0800000000002,1,6
4310,Ali Hussain,2646.7000000000003,90.65000000000055,1,5
9586,Hamza Mirza,2645.75,446.75,1,5
7096,Ali Shah,2644.5299999999997,346.25999999999976,1,3
6950,Danish Chaudhry,2641.32,839.8000000000002,1,4
9779,Danish Memon,2639.8700000000003,554.5600000000004,2,4
373,Maham Qureshi,2636.2,462.6399999999999,1,2
2647,Hamza Memon,2634.63,13.260000000000218,1,3
385,Hassan Qureshi,2632.64,365.3599999999997,1,4
5749,Ayesha Iqbal,2626.7300000000005,806.2400000000002,2,6
7722,Sana Mirza,2625.27,783.69,1,3
6927,Hamza Shah,2625.0,36.68000000000029,1,7
2705,Sana Memon,2624.58,598.8,1,6
4656,Maham Chaudhry,2623.67,172.20000000000027,1,7
6320,Maryam Hussain,2623.5299999999997,516.27,1,3
3811,Imran Raza,2623.04,656.26,1,2
5512,Hira Raza,2621.76,772.1200000000001,1,4
7316,Sana Ahmed,2620.54,688.94,1,2
9711,Sana Mirza,2619.41,198.85999999999996,3,3
9204,Hamza Qureshi,2618.21,710.4299999999998,1,7
5342,Hira Khan,2618.0,750.25,1,5
1420,Usman Iqbal,2617.86,344.4600000000005,1,3
1443,Omar Ahmed,2616.84,424.77,1,3
6575,Omar Siddiqui,2616.39,598.71,2,3
9518,Ayesha Qureshi,2616.38,595.7499999999998,2,2
6758,Bilal Chaudhry,2615.1000000000004,746.7300000000005,1,3
1152,Sana Chaudhry,2612.8799999999997,439.88999999999976,3,11
5575,Danish Malik,2611.76,662.2800000000002,1,4
149,Danish Siddiqui,2611.3,509.3000000000002,1,5
8217,Sara Mirza,2610.36,652.8300000000002,1,3
5985,Maryam Memon,2609.96,651.5399999999997,2,4
7780,Zainab Memon,2609.92,656.2000000000002,2,6
7626,Hamza Khan,2609.56,208.15999999999985,2,6
7071,Ahmed Hussain,2608.54,868.3799999999999,1,2
4396,Zainab Siddiqui,2607.8500000000004,449.0500000000002,1,5
1479,Ahmed Sheikh,2606.9700000000003,59.79000000000042,1,3
9700,Hamza Shah,2604.76,975.1200000000001,1,4
1984,Maham Shah,2602.8,548.73,1,3
4225,Danish Shah,2601.69,155.89999999999992,3,6
1630,Sana Siddiqui,2598.2200000000003,654.95,2,10
9090,Sara Siddiqui,2596.47,673.01,2,9
431,Saad Chaudhry,2595.96,760.98,1,2
6289,Bilal Qureshi,2595.92,732.04,1,4
2841,Hussain Buriro,2595.73,153.39000000000001,3,10
769,Hussain Ali,2594.3999999999996,581.0999999999995,1,3
2868,Hira Raza,2590.93,412.9899999999997,2,4
4974,Hira Chaudhry,2589.2599999999998,881.4099999999997,2,8
9831,Bilal Buriro,2588.34,680.57,2,7
299,Sana Buriro,2588.1000000000004,455.6400000000003,1,6
740,Usman Siddiqui,2587.5,696.8999999999999,1,6
6142,Maham Ahmed,2585.22,394.9399999999996,1,2
712,Sana Memon,2585.16,444.15999999999985,1,2
1769,Ali Ali,2581.32,376.4100000000003,1,3
5891,Hassan Iqbal,2579.91,254.3399999999997,1,3
1695,Bilal Memon,2578.02,970.8,1,6
5478,Ahmed Siddiqui,2575.86,377.8800000000001,1,3
9465,Omar Iqbal,2575.38,498.55999999999995,1,2
6906,Maryam Mirza,2574.66,718.5600000000001,2,9
9594,Bilal Hussain,2573.52,418.8600000000001,1,6
3717,Omar Memon,2570.36,952.1800000000001,1,2
4784,Usman Raza,2570.08,215.15999999999985,1,4
4221,Fatima Ahmed,2561.91,486.19000000000005,2,5
4289,Sana Iqbal,2560.6,797.7899999999997,1,7
4434,Hassan Qureshi,2558.5499999999997,553.4999999999998,1,5
1524,Sara Buriro,2554.98,434.02,2,8
458,Sana Siddiqui,2554.76,627.0400000000002,1,4
6900,Zainab Iqbal,2554.6499999999996,560.8799999999997,1,3
1816,Fatima Raza,2552.06,-49.210000000000036,1,7
2666,Sana Mirza,2551.65,891.6000000000001,1,5
8781,Bilal Raza,2549.7599999999998,678.9899999999998,1,3
9349,Saad Memon,2544.36,778.8000000000002,1,6
4412,Maryam Khan,2541.78,345.72000000000025,1,2
7204,Zainab Iqbal,2540.67,657.1800000000002,2,9
3195,Usman Hussain,2539.65,821.44,2,4
161,Hamza Ali,2534.04,250.70999999999987,2,5
8399,Fahad Iqbal,2530.74,17.039999999999964,1,2
6088,Hassan Shah,2530.5,730.7999999999997,1,7
934,Hassan Buriro,2530.1499999999996,476.49999999999955,1,5
3345,Hira Sheikh,2525.98,523.98,1,2
2921,Maham Iqbal,2524.5299999999997,303.81999999999994,2,7
2916,Hamza Ahmed,2521.83,846.96,1,3
2032,Maryam Sheikh,2521.36,479.08000000000015,1,2
3914,Bilal Qureshi,2521.04,60.88999999999987,2,7
7610,Maham Chaudhry,2520.09,705.2199999999999,2,2
3545,Hassan Malik,2519.34,662.0699999999999,2,2
9723,Ali Sheikh,2515.4700000000003,348.72000000000025,1,3
1226,Danish Chaudhry,2512.91,162.67000000000007,2,3
5978,Omar Qureshi,2507.1,786.1499999999999,1,5
1935,Usman Memon,2506.34,516.08,2,8
9423,Hamza Raza,2505.8999999999996,237.62999999999965,1,3
4570,Imran Raza,2505.66,197.53999999999996,1,2
8664,Hamza Chaudhry,2504.44,871.1200000000001,1,2
5647,Maham Raza,2499.02,677.04,1,2
8507,Bilal Raza,2499.0,264.8000000000002,1,5
2750,Saad Khan,2496.56,458.31999999999994,1,4
1953,Fahad Buriro,2496.04,610.1399999999999,1,2
8461,Ali Chaudhry,2490.74,747.2399999999998,1,2
6915,Ahmed Buriro,2490.35,711.2,1,5
8185,Zainab Qureshi,2489.25,507.14999999999986,1,3
197,Omar Raza,2488.96,73.55999999999995,1,2
1145,Imran Siddiqui,2485.68,436.7399999999998,1,3
7886,Hira Qureshi,2480.2000000000003,226.80000000000018,1,5
5911,Sara Iqbal,2479.5699999999997,443.2199999999999,2,5
3338,Sana Chaudhry,2479.33,694.3199999999999,3,9
5403,Maryam Qureshi,2477.68,772.9999999999998,1,2
3435,Sara Ali,2476.6,412.73000000000025,2,7
1723,Imran Memon,2475.46,633.4099999999997,2,2
5046,Hussain Iqbal,2474.7799999999997,543.6999999999999,2,6
9789,Omar Shah,2473.56,611.78,1,2
8382,Hassan Raza,2471.1000000000004,222.0600000000004,1,6
6976,Danish Khan,2469.1,555.1099999999999,2,8
3361,Fahad Malik,2468.0,497.3000000000002,1,5
7400,Hussain Buriro,2467.15,796.4500000000003,1,5
5597,Hira Chaudhry,2463.96,784.76,1,4
6306,Danish Ali,2462.26,27.720000000000255,1,2
5747,Ali Ahmed,2459.3700000000003,869.3100000000003,2,3
1360,Sana Ahmed,2457.08,122.92000000000007,1,4
8554,Sana Memon,2455.5,666.6499999999999,2,10
3644,Hira Ahmed,2454.5,304.3000000000003,2,7
1783,Maham Shah,2452.92,108.17999999999984,1,3
6914,Ayesha Buriro,2451.42,781.1400000000001,1,6
4790,Hassan Memon,2450.78,230.46000000000004,1,2
4357,Fahad Iqbal,2448.57,855.72,1,3
5422,Saad Sheikh,2446.44,343.55999999999995,1,6
8020,Sana Hussain,2444.58,909.96,1,2
8124,Fahad Ahmed,2444.5299999999997,250.44,2,4
6216,Bilal Ahmed,2442.76,410.4000000000003,1,4
7047,Hussain Qureshi,2442.3,684.6000000000004,1,6
1518,Ahmed Iqbal,2441.0099999999998,605.4899999999998,1,3
143,Ayesha Iqbal,2439.54,484.0999999999999,1,2
2743,Zainab Ahmed,2438.6,534.8799999999999,2,4
6621,Sana Mirza,2438.56,650.76,1,4
646,Usman Mirza,2435.02,310.3199999999998,2,5
8800,Bilal Siddiqui,2432.88,323.32000000000016,1,4
8010,Hassan Raza,2432.67,384.08000000000015,3,7
2783,Ahmed Hussain,2431.1099999999997,263.7099999999999,2,6
2401,Maryam Raza,2429.34,544.1100000000001,1,3
9184,Sara Iqbal,2428.88,417.94000000000005,1,2
629,Usman Raza,2428.41,395.5499999999997,1,3
979,Zainab Sheikh,2428.02,665.2099999999998,1,7
2227,Fatima Memon,2425.7,239.8499999999999,1,5
8547,Fahad Buriro,2425.38,707.6000000000001,1,2
9018,Ahmed Qureshi,2424.12,672.3299999999999,1,3
5118,Danish Buriro,2423.5499999999997,862.0499999999997,1,5
3654,Zainab Shah,2421.72,113.89999999999964,1,2
1726,Fatima Khan,2420.94,288.48,1,6
2895,Zainab Iqbal,2418.57,783.2400000000002,1,3
456,Maham Ahmed,2418.32,202.32000000000016,1,4
7579,Sara Khan,2418.24,44.379999999999654,1,2
6986,Saad Hussain,2414.25,489.6700000000001,2,2
7957,Omar Qureshi,2410.94,521.3,1,2
7275,Danish Memon,2407.92,710.9700000000003,1,3
3233,Hassan Sheikh,2401.89,33.32000000000011,2,13
6707,Ayesha Ahmed,2400.9,69.59999999999991,1,5
8284,Hassan Sheikh,2397.54,208.55999999999995,1,3
1969,Zainab Sheikh,2395.7400000000002,559.5600000000004,1,3
5415,Sara Memon,2393.72,29.81999999999971,1,7
7738,Ali Siddiqui,2392.7200000000003,766.97,2,8
2807,Maryam Malik,2387.59,300.9200000000001,2,4
1784,Ayesha Ahmed,2387.52,459.9200000000001,1,4
1173,Sana Shah,2387.11,188.68000000000006,2,11
4419,Bilal Khan,2386.36,318.62000000000035,1,2
1842,Usman Raza,2386.04,284.05999999999995,1,2
7584,Imran Buriro,2381.1000000000004,706.2300000000005,1,3
4585,Hira Memon,2380.8,211.02000000000044,1,6
925,Zainab Ahmed,2376.72,773.9199999999998,1,4
8603,Usman Malik,2376.3599999999997,440.5299999999999,3,4
7638,Maham Iqbal,2375.6499999999996,484.98999999999984,2,4
9356,Hussain Malik,2374.04,340.52,1,4
3256,Bilal Mirza,2373.46,345.31000000000006,2,5
7220,Hussain Ahmed,2372.56,491.20000000000005,1,4
2756,Ayesha Buriro,2369.96,606.7600000000002,2,5
7250,Saad Hussain,2367.48,528.9000000000001,1,6
1553,Sara Malik,2367.47,557.4799999999998,1,7
7881,Hassan Malik,2367.26,722.3300000000002,1,7
9273,Imran Chaudhry,2364.03,602.5500000000002,2,5
2306,Ahmed Malik,2359.7999999999997,117.44999999999936,1,5
4753,Ali Qureshi,2358.8,617.4000000000001,1,4
7048,Hamza Malik,2358.04,171.1199999999999,1,4
2141,Fatima Chaudhry,2353.05,389.0500000000002,1,5
5500,Sana Shah,2344.4700000000003,715.3800000000003,1,3
8607,Saad Shah,2341.36,521.2,1,4
1068,Ayesha Memon,2339.04,332.6700000000001,1,3
2213,Hamza Chaudhry,2337.48,809.8600000000001,1,2
6479,Fatima Shah,2335.3,414.9000000000001,1,2
7324,Saad Chaudhry,2334.3,322.5500000000002,1,5
1744,Hamza Iqbal,2331.57,607.5300000000002,1,3
8645,Usman Malik,2329.94,324.28,1,2
5066,Bilal Sheikh,2321.9,549.3800000000001,1,2
317,Ayesha Qureshi,2315.35,552.1999999999998,1,5
4444,Hira Chaudhry,2311.76,840.5100000000002,1,1
1147,Usman Buriro,2302.68,827.4099999999999,1,1
5099,Maryam Mirza,2299.68,434.0999999999999,1,3
5728,Saad Malik,2298.68,13.9800000000002,3,8
5574,Hamza Mirza,2292.3,327.72000000000025,1,6
7876,Saad Ali,2292.08,843.3299999999999,1,1
4158,Ali Ali,2289.38,592.6000000000001,1,2
3446,Hassan Qureshi,2289.06,448.8000000000002,1,6
5941,Usman Memon,2286.76,658.3600000000001,1,4
7058,Fahad Ahmed,2284.28,289.8000000000002,1,4
8894,Usman Shah,2284.17,428.27999999999986,2,9
2341,Hamza Ahmed,2275.56,344.5999999999999,1,4
1503,Sara Qureshi,2274.28,606.9200000000003,1,4
4348,Fatima Chaudhry,2273.3999999999996,491.6999999999998,1,6
7315,Hamza Malik,2272.92,351.0600000000002,1,2
2716,Saad Shah,2272.0,445.02,2,8
2822,Hira Memon,2268.75,532.0500000000002,1,5
6183,Omar Mirza,2264.85,748.9999999999998,1,7
1642,Saad Ali,2262.04,316.29999999999995,2,4
7102,Danish Shah,2260.84,749.8400000000001,1,4
5272,Hira Chaudhry,2255.2200000000003,444.9000000000001,1,6
32,Omar Iqbal,2254.98,426.69000000000005,1,3
6984,Omar Buriro,2253.5,372.27,2,11
482,Danish Shah,2253.45,611.1599999999999,1,3
7820,Hira Siddiqui,2251.48,417.6300000000001,2,6
5750,Ali Iqbal,2248.89,43.13999999999987,1,3
7583,Sana Ahmed,2245.3500000000004,254.3400000000006,1,3
6899,Fahad Hussain,2243.13,553.3500000000001,1,3
4307,Omar Raza,2240.64,638.9599999999998,1,2
848,Hussain Memon,2240.46,621.24,1,2
5974,Fatima Iqbal,2239.94,634.0,1,2
3590,Omar Malik,2239.54,243.53999999999996,1,2
791,Bilal Shah,2237.46,808.4300000000001,1,1
8271,Fahad Sheikh,2237.25,597.6499999999999,1,5
4756,Usman Raza,2235.29,341.88,2,4
6046,Fatima Qureshi,2235.08,683.8,1,2
2512,Hira Siddiqui,2234.25,526.8599999999999,2,2
7213,Imran Hussain,2232.81,125.47000000000006,2,3
7983,Fatima Chaudhry,2232.6000000000004,633.1200000000003,1,6
5701,Hamza Mirza,2231.6,208.15999999999985,1,2
415,Fahad Khan,2231.4,306.2800000000002,1,2
23,Ahmed Iqbal,2229.36,483.48,1,4
5232,Ali Chaudhry,2228.0,444.5999999999999,1,4
395,Zainab Khan,2227.33,712.2299999999999,2,12
5782,Fahad Iqbal,2227.06,425.2500000000002,2,4
6947,Fahad Memon,2226.04,665.8799999999999,1,2
9877,Hussain Mirza,2214.0,146.26000000000022,1,2
1185,Hussain Ahmed,2213.68,634.9999999999998,1,4
4747,Zainab Siddiqui,2212.05,529.1100000000001,1,3
9079,Sara Khan,2210.53,428.8900000000001,1,7
4646,Sana Iqbal,2209.86,213.9000000000001,1,6
6224,Ali Ahmed,2206.48,673.5899999999999,2,7
1561,Maryam Iqbal,2206.25,188.0999999999999,1,5
4819,Saad Raza,2203.88,136.34000000000015,1,2
1036,Hussain Hussain,2202.9,418.91000000000014,2,5
4739,Hamza Ali,2202.36,329.84000000000015,1,4
2573,Maryam Buriro,2201.04,97.11999999999989,1,4
7299,Maryam Chaudhry,2200.29,423.33000000000004,2,5
9012,Danish Memon,2199.4500000000003,703.0800000000002,2,5
3047,Hussain Siddiqui,2198.2200000000003,448.5600000000002,1,6
9979,Ahmed Ali,2195.64,231.05999999999995,1,6
5953,Zainab Siddiqui,2194.72,682.4199999999998,1,2
9387,Fahad Chaudhry,2193.33,546.4799999999998,1,3
830,Danish Shah,2193.3199999999997,609.7099999999999,3,6
1305,Zainab Mirza,2191.6299999999997,131.38999999999987,1,7
4003,Imran Mirza,2191.56,604.8,1,2
945,Ahmed Siddiqui,2191.48,153.39999999999986,2,8
4682,Imran Khan,2190.66,691.2299999999998,1,3
8240,Maham Qureshi,2188.92,758.8400000000001,1,4
3488,Hamza Buriro,2188.34,357.9200000000001,1,2
6942,Imran Sheikh,2188.22,726.1799999999998,1,2
3993,Sara Ali,2186.78,582.4600000000003,1,2
5358,Hamza Siddiqui,2186.36,489.32000000000016,1,4
7618,Zainab Memon,2185.7000000000003,755.4000000000002,2,10
3612,Omar Malik,2185.34,705.7200000000003,1,2
4949,Danish Hussain,2183.34,345.5600000000002,1,2
5024,Fatima Hussain,2181.99,490.6400000000001,2,3
10000,Omar Sheikh,2181.95,500.67999999999995,2,6
5032,Fahad Mirza,2180.7,155.2199999999998,1,6
267,Hussain Malik,2179.8500000000004,83.50000000000045,1,5
1604,Saad Mirza,2179.8,-32.45999999999958,1,6
4197,Imran Ali,2177.62,188.7199999999998,1,2
2035,Sara Ali,2177.06,650.56,1,2
2356,Bilal Buriro,2173.52,277.79999999999995,1,4
1061,Maham Iqbal,2173.05,244.86000000000013,1,3
1095,Fatima Raza,2172.0499999999997,437.62,2,5
2064,Ali Ali,2171.4,513.1000000000001,1,7
6862,Danish Chaudhry,2170.8,113.68000000000029,1,4
5430,Hassan Hussain,2170.8,738.9300000000003,1,1
4560,Omar Memon,2170.58,388.2499999999999,2,5
6936,Ali Memon,2168.98,393.53999999999996,1,2
6708,Ayesha Sheikh,2162.52,497.76999999999987,2,7
9317,Ayesha Chaudhry,2161.6,365.3599999999999,1,4
513,Danish Khan,2156.37,728.9699999999998,1,3
3119,Danish Malik,2156.0,705.46,1,1
758,Usman Chaudhry,2155.08,759.24,1,6
1127,Usman Sheikh,2152.76,673.6600000000003,1,2
3940,Maham Ali,2152.05,549.5000000000002,1,5
1762,Danish Ahmed,2151.7799999999997,343.9199999999996,1,3
3272,Hamza Raza,2148.09,558.3900000000001,1,7
7672,Bilal Ahmed,2144.25,483.0,1,3
7949,Fahad Malik,2143.14,397.0799999999999,1,2
7791,Omar Memon,2143.02,699.77,1,1
8519,Saad Raza,2136.61,631.63,2,4
5806,Hamza Memon,2135.39,693.1299999999999,1,1
4973,Hussain Malik,2133.7200000000003,469.6800000000003,1,3
828,Hussain Shah,2133.09,292.98,1,3
9496,Hassan Ahmed,2130.64,515.2599999999998,1,2
5864,Hira Buriro,2130.36,239.46000000000004,1,2
6264,Fatima Memon,2130.27,323.2499999999998,2,2
588,Ali Qureshi,2127.75,132.05999999999995,2,2
3834,Sana Sheikh,2127.4,790.3499999999999,1,5
750,Fatima Mirza,2126.46,276.42999999999984,1,7
4401,Hira Buriro,2126.18,628.6599999999999,1,2
3381,Ali Malik,2124.36,106.88000000000011,1,2
2031,Hassan Khan,2123.88,115.92000000000007,1,6
497,Hussain Siddiqui,2122.36,600.3200000000002,1,4
4804,Hamza Siddiqui,2122.2599999999998,602.9099999999999,1,3
2669,Sara Raza,2120.32,621.6600000000001,1,2
3271,Imran Iqbal,2119.04,104.68000000000006,1,2
9928,Hira Khan,2118.72,752.5299999999997,1,1
2175,Maham Qureshi,2118.6000000000004,-53.33999999999969,1,3
1207,Imran Hussain,2116.48,723.28,1,4
1324,Sana Buriro,2114.7,473.2399999999998,1,2
6648,Bilal Khan,2113.96,130.66000000000008,1,2
3961,Hamza Malik,2113.36,332.48,1,2
3827,Bilal Malik,2113.06,455.90000000000003,3,4
8076,Ahmed Sheikh,2111.3999999999996,394.97999999999956,1,6
7792,Ali Sheikh,2111.12,322.03999999999996,1,2
6549,Ali Memon,2110.7400000000002,261.63000000000005,2,9
2067,Sara Sheikh,2110.64,640.4999999999998,1,1
9300,Zainab Ali,2109.93,749.9699999999998,1,1
9753,Omar Malik,2108.65,432.3000000000001,3,7
7046,Saad Iqbal,2108.33,533.7900000000002,2,4
9573,Omar Siddiqui,2107.92,183.12000000000012,1,4
4850,Sara Buriro,2106.84,607.4100000000001,1,3
6042,Maham Khan,2106.68,248.43999999999983,1,4
6793,Ahmed Memon,2105.7599999999998,175.9799999999998,1,3
9066,Omar Hussain,2104.76,210.2100000000005,1,7
8029,Hamza Iqbal,2100.56,446.48,1,4
1020,Saad Siddiqui,2100.48,729.0,1,4
1151,Bilal Ahmed,2098.24,-5.720000000000255,1,2
2804,Fatima Raza,2096.34,722.8600000000001,1,2
438,Hira Sheikh,2095.4,20.0,1,5
1549,Hussain Malik,2094.4,-61.73999999999978,1,7
4344,Ahmed Shah,2094.18,409.1099999999997,1,3
8885,Hassan Sheikh,2094.06,487.5999999999999,1,2
8990,Hassan Qureshi,2093.7,313.4200000000001,2,4
9376,Fahad Shah,2091.12,159.17999999999984,1,6
9240,Hira Iqbal,2090.3999999999996,141.2999999999995,1,3
321,Hira Chaudhry,2089.44,47.63999999999987,1,6
286,Imran Siddiqui,2089.28,616.1000000000001,1,1
541,Imran Iqbal,2088.82,701.7000000000003,1,2
4875,Sara Sheikh,2087.2,471.7500000000001,2,5
6013,Imran Khan,2083.62,550.9200000000001,1,6
5020,Saad Siddiqui,2079.22,665.7999999999997,1,2
9811,Maham Malik,2078.43,296.6399999999999,1,3
4768,Ahmed Raza,2078.34,431.1400000000001,1,2
3739,Saad Buriro,2077.43,772.5399999999997,1,1
3116,Fatima Hussain,2075.24,339.9399999999998,1,2
6037,Fatima Chaudhry,2074.32,291.72,1,6
5286,Maham Ali,2071.94,257.79999999999995,1,2
6049,Hamza Shah,2070.4,255.30000000000018,2,8
1533,Sara Raza,2068.2,612.0399999999997,1,4
7205,Fahad Hussain,2067.88,336.48,1,4
1668,Ahmed Shah,2067.0,535.9200000000001,1,4
7963,Bilal Memon,2066.0,608.3,1,5
880,Sana Raza,2064.25,225.64999999999998,2,3
2780,Zainab Ahmed,2064.05,451.8000000000002,1,5
9836,Ayesha Khan,2060.32,554.7800000000002,1,2
9223,Ahmed Qureshi,2057.8,490.0000000000002,1,4
3130,Sara Iqbal,2054.14,401.5999999999999,1,2
2836,Omar Hussain,2053.9700000000003,494.84000000000003,2,11
3283,Ali Malik,2050.8599999999997,534.55,2,3
3675,Imran Buriro,2050.77,640.74,1,1
3897,Sara Malik,2050.38,552.3500000000001,1,1
7232,Ahmed Shah,2050.3500000000004,542.6400000000003,1,3
8417,Hira Iqbal,2049.5099999999998,106.67999999999984,1,3
9999,Hussain Qureshi,2049.13,686.72,1,1
8848,Usman Raza,2048.16,159.05999999999972,1,6
7969,Danish Ali,2048.05,282.5500000000002,1,5
5816,Maryam Buriro,2046.45,347.34000000000015,2,14
3807,Fatima Hussain,2045.98,621.72,1,2
8568,Imran Siddiqui,2043.0,176.39999999999986,1,6
4699,Usman Sheikh,2042.84,99.0,1,4
3825,Zainab Memon,2038.9,432.48,1,2
6305,Hamza Memon,2037.3500000000001,565.1100000000001,1,7
8753,Danish Buriro,2036.1299999999999,490.56999999999994,2,3
31,Imran Buriro,2033.2900000000002,523.4600000000003,1,7
7242,Hassan Malik,2031.2800000000002,-60.779999999999944,2,9
755,Fahad Memon,2029.67,589.6400000000001,2,3
4055,Hira Mirza,2028.67,186.50999999999988,2,4
6307,Ahmed Memon,2026.1,598.7199999999998,1,2
5992,Fatima Memon,2025.44,551.26,1,2
8923,Bilal Khan,2024.5,154.07999999999993,1,2
8288,Omar Chaudhry,2021.68,639.22,1,2
5825,Fatima Qureshi,2020.17,667.46,1,1
1004,Ayesha Ahmed,2015.91,526.5300000000002,1,3
9116,Ayesha Mirza,2015.6999999999998,591.8399999999997,1,6
5787,Danish Chaudhry,2015.4299999999998,316.1299999999999,2,2
980,Hira Ahmed,2014.3200000000002,458.94000000000005,1,3
4860,Sana Malik,2010.65,631.96,2,3
7093,Zainab Mirza,2010.6000000000001,-28.5,1,6
1398,Ahmed Chaudhry,2008.92,738.51,1,1
3674,Ali Qureshi,2008.19,362.30999999999995,2,3
4597,Fahad Siddiqui,2006.4900000000002,345.21000000000026,1,3
9787,Ayesha Shah,2003.1599999999999,287.78000000000003,2,8
8778,Hussain Buriro,2002.12,373.7199999999998,1,4
9178,Ali Sheikh,1999.5,676.1400000000001,1,2
6592,Sara Memon,1997.54,406.0099999999999,2,4
8918,Imran Shah,1993.16,228.0,1,4
2066,Ali Chaudhry,1992.81,584.96,1,1
2408,Sara Malik,1990.03,580.0,1,1
2509,Ahmed Sheikh,1986.9499999999998,630.6499999999999,1,5
4118,Omar Mirza,1986.92,545.6000000000001,1,2
3630,Hassan Ahmed,1984.5,464.18000000000006,1,2
8422,Ali Mirza,1983.73,603.24,1,1
7422,Zainab Ahmed,1981.2,370.79999999999995,1,2
3572,Saad Ahmed,1980.06,527.22,1,3
2270,Danish Chaudhry,1980.0,561.5699999999999,1,3
2225,Sana Chaudhry,1979.7900000000002,468.1700000000001,2,8
4174,Bilal Malik,1979.0900000000001,487.0400000000001,2,4
7833,Omar Ali,1977.33,539.04,1,1
5058,Sara Raza,1977.3,418.30999999999983,2,10
4909,Usman Memon,1976.9499999999998,579.3,1,5
3657,Zainab Ahmed,1975.38,470.7900000000002,1,3
9552,Usman Ali,1974.58,401.17999999999984,1,2
8113,Imran Iqbal,1974.3,318.3799999999999,1,2
2177,Sana Siddiqui,1973.8200000000002,641.64,2,6
1105,Usman Ahmed,1972.54,615.99,1,1
4031,Omar Sheikh,1971.27,260.1300000000001,1,3
7227,Sara Khan,1970.3200000000002,471.70000000000005,2,4
5383,Imran Buriro,1970.02,389.72,1,2
6221,Ayesha Siddiqui,1969.95,282.72000000000025,2,9
7165,Ali Chaudhry,1968.71,556.3299999999999,1,1
5870,Usman Ahmed,1968.69,297.4800000000001,2,9
912,Hamza Chaudhry,1968.54,577.54,1,2
9466,Usman Shah,1967.0,638.24,1,2
1998,Zainab Qureshi,1966.44,360.08000000000004,2,14
2394,Sana Khan,1966.0,111.65000000000009,1,5
5629,Ahmed Khan,1965.88,5.7800000000002,1,2
1310,Hira Iqbal,1961.63,672.5800000000002,1,1
869,Zainab Ali,1959.74,315.76,1,2
4691,Ali Sheikh,1959.65,286.3499999999999,1,5
4184,Hamza Sheikh,1954.1999999999998,456.14999999999964,1,5
3062,Danish Siddiqui,1952.93,190.68000000000006,1,7
7581,Hassan Shah,1950.8,399.79999999999995,1,4
2354,Fatima Raza,1949.0,460.48,1,4
4657,Ayesha Chaudhry,1946.6999999999998,453.1999999999998,1,5
2143,Hassan Buriro,1943.76,532.28,1,2
5973,Sara Raza,1942.4,416.96000000000004,1,4
6706,Fahad Sheikh,1940.5,440.0500000000002,1,5
9758,Ahmed Sheikh,1938.66,163.5,1,3
7987,Danish Iqbal,1938.62,282.6199999999999,1,2
9260,Maryam Siddiqui,1936.8600000000001,501.0,1,6
6969,Zainab Raza,1936.83,607.6299999999999,1,1
6809,Hira Siddiqui,1935.98,281.1400000000001,1,2
581,Sana Sheikh,1934.14,281.24,1,2
3530,Saad Sheikh,1933.81,514.1899999999999,2,5
8107,Maham Shah,1932.3,662.78,1,2
3905,Hassan Qureshi,1930.6499999999996,460.92999999999984,2,10
334,Zainab Mirza,1929.97,408.49,2,2
2432,Fahad Memon,1928.8500000000001,457.44000000000005,1,3
9444,Omar Malik,1928.18,456.98,1,2
6118,Hira Ali,1926.3999999999999,86.86999999999966,1,7
4309,Maham Iqbal,1926.25,80.14999999999986,1,5
8612,Hussain Memon,1924.51,537.04,2,14
9157,Sara Siddiqui,1920.2,267.45000000000005,1,5
8334,Sara Raza,1918.8999999999999,275.89999999999986,1,5
6275,Ahmed Khan,1914.26,376.33999999999986,2,2
5151,Ahmed Hussain,1913.66,594.6800000000001,1,1
3292,Maryam Memon,1913.01,720.27,1,1
7455,Sara Iqbal,1912.06,467.73,1,1
3005,Ahmed Ali,1906.5,328.25999999999976,1,6
1372,Zainab Iqbal,1905.3000000000002,488.7600000000002,1,6
3034,Omar Shah,1905.1,634.5999999999999,1,5
7451,Zainab Shah,1902.06,527.22,1,3
1091,Hira Shah,1898.69,343.74000000000035,2,7
8659,Ali Raza,1896.48,382.0799999999999,1,3
7342,Fatima Malik,1895.64,627.24,1,4
926,Ahmed Shah,1894.81,446.73,1,1
8146,Maryam Raza,1894.3200000000002,518.2200000000003,1,3
3640,Zainab Raza,1890.1799999999998,255.29999999999973,1,6
9100,Bilal Iqbal,1890.0,339.75,1,5
8361,Danish Ahmed,1889.14,187.70000000000005,1,2
8938,Fahad Khan,1888.25,546.69,1,1
5077,Omar Sheikh,1886.57,431.54999999999995,1,7
9864,Ayesha Chaudhry,1886.4,377.6200000000001,1,2
1569,Sana Sheikh,1885.35,529.1999999999998,1,5
6445,Fahad Shah,1883.49,350.6300000000001,1,7
4624,Imran Chaudhry,1882.1999999999998,310.0799999999999,1,3
5302,Ahmed Hussain,1881.85,541.98,1,1
4306,Usman Ali,1881.6999999999998,610.04,2,2
3110,Ali Iqbal,1880.1000000000001,152.27999999999997,1,3
741,Hussain Khan,1877.97,306.41999999999985,1,3
8868,Danish Siddiqui,1875.74,219.74,1,2
7486,Ahmed Buriro,1874.56,264.45000000000005,2,9
767,Imran Ahmed,1869.56,227.55999999999995,1,4
5171,Maryam Memon,1869.04,513.28,1,1
9097,Danish Siddiqui,1867.47,279.0899999999999,1,3
2594,Fahad Ali,1866.32,629.0799999999999,1,4
1056,Bilal Memon,1863.19,460.09000000000015,1,1
3628,Usman Memon,1862.97,349.56,2,7
900,Fatima Sheikh,1862.77,131.66000000000014,2,9
8400,Fahad Buriro,1861.98,382.18000000000006,1,2
9565,Danish Hussain,1861.7199999999998,182.90999999999963,1,7
7278,Omar Hussain,1860.8200000000002,312.84000000000015,2,4
3822,Ayesha Hussain,1860.17,508.1199999999999,2,4
3376,Sara Siddiqui,1860.06,77.9799999999999,2,11
5788,Saad Mirza,1857.52,199.0,1,2
8660,Danish Siddiqui,1857.0900000000001,279.8700000000001,2,9
9119,Saad Hussain,1856.92,562.0600000000002,1,2
7864,Fahad Sheikh,1856.68,184.5200000000002,1,7
4483,Fahad Buriro,1855.59,287.8499999999997,1,3
8456,Zainab Ali,1851.9,532.2800000000002,1,1
5472,Maryam Khan,1849.43,92.56000000000006,2,5
2006,Omar Chaudhry,1849.32,485.8399999999999,1,4
9246,Hussain Raza,1846.17,604.98,1,1
2687,Omar Shah,1844.36,232.7199999999998,1,4
630,Zainab Mirza,1843.73,560.45,2,3
4601,Fatima Hussain,1839.8,398.68000000000006,1,4
2445,Hamza Sheikh,1839.58,200.26,1,2
7202,Hamza Qureshi,1839.48,10.759999999999991,1,2
9669,Omar Chaudhry,1835.93,640.6800000000001,1,1
7149,Omar Memon,1834.12,305.81999999999994,1,2
4,Ahmed Memon,1833.78,161.03999999999996,2,8
9786,Ahmed Hussain,1831.23,166.37999999999988,1,3
3750,Sana Shah,1829.46,272.6299999999999,2,2
764,Hamza Ahmed,1829.25,696.0,1,3
1859,Hamza Shah,1828.3200000000002,217.14000000000033,1,6
1413,Maryam Mirza,1826.1599999999999,42.83999999999992,1,7
6920,Sara Raza,1823.98,411.55999999999995,1,2
7267,Saad Malik,1823.09,585.8999999999999,1,1
8019,Bilal Malik,1821.72,83.27999999999997,1,3
7922,Hira Qureshi,1820.71,414.3600000000001,1,1
5402,Bilal Shah,1817.3,320.2499999999998,1,5
5872,Sana Malik,1816.9499999999998,292.9999999999998,1,5
3033,Omar Shah,1813.68,-67.17999999999984,1,2
3722,Sana Sheikh,1811.37,406.3199999999999,2,9
9148,Bilal Siddiqui,1811.03,660.8699999999999,1,1
5160,Ahmed Malik,1809.58,555.8,1,1
909,Usman Shah,1809.47,408.58,2,4
4150,Ahmed Siddiqui,1808.96,392.08,2,6
5380,Sana Mirza,1808.76,486.34000000000003,2,5
943,Maryam Ahmed,1808.52,518.72,1,4
3888,Ahmed Mirza,1806.88,536.46,1,2
7952,Hira Hussain,1805.6999999999998,395.29999999999995,2,7
4338,Saad Khan,1804.47,328.03,2,3
6102,Sara Ahmed,1802.38,3.380000000000109,1,2
2375,Fahad Qureshi,1799.5000000000002,433.1200000000001,2,7
8665,Fahad Ali,1798.58,362.7099999999999,2,5
6802,Hamza Hussain,1798.1,285.65999999999985,1,2
1690,Fahad Qureshi,1795.5,426.3600000000001,1,3
5662,Zainab Khan,1794.6,388.25,1,1
8957,Usman Memon,1793.47,526.8600000000001,1,1
2379,Sana Ahmed,1792.11,659.8799999999999,1,1
378,Sana Siddiqui,1791.19,336.73,1,1
3436,Hussain Raza,1790.4,348.8800000000001,1,2
5370,Ali Malik,1785.16,-89.0,1,4
1671,Zainab Malik,1784.16,506.33000000000015,2,7
1532,Omar Ali,1783.9899999999998,252.1099999999998,3,9
8137,Hamza Raza,1778.78,209.24,1,2
713,Bilal Mirza,1777.16,517.4000000000001,1,4
6677,Hamza Siddiqui,1775.94,137.91000000000008,1,3
7200,Maham Memon,1775.22,291.8700000000001,1,3
2678,Maham Mirza,1774.16,136.8800000000001,1,2
49,Usman Memon,1773.3,-65.12000000000012,1,2
3368,Hamza Hussain,1772.96,497.79999999999995,1,4
8810,Imran Chaudhry,1772.48,141.55999999999995,1,4
7708,Hira Siddiqui,1770.75,250.13999999999987,1,3
6789,Sara Buriro,1768.0500000000002,662.9100000000003,1,3
2334,Hamza Ahmed,1767.3500000000001,602.21,2,3
18,Fahad Khan,1766.6100000000001,569.4300000000001,1,3
4091,Fatima Ali,1765.3999999999999,421.96000000000004,1,7
1827,Ayesha Sheikh,1761.04,561.1599999999999,1,4
6568,Maham Sheikh,1760.55,332.04999999999995,1,1
1959,Ahmed Mirza,1758.54,230.15999999999985,1,2
3966,Hamza Ali,1758.23,440.05000000000007,3,7
9545,Ali Raza,1756.81,353.49,1,1
9527,Hassan Sheikh,1756.54,596.56,1,1
744,Hussain Khan,1752.12,26.819999999999936,1,2
1244,Usman Khan,1751.57,439.8799999999998,2,3
8628,Maryam Chaudhry,1751.07,193.62,2,3
4953,Maryam Shah,1749.69,499.19000000000005,1,1
6334,Fatima Sheikh,1748.38,433.5,1,2
229,Hassan Hussain,1747.4,361.05000000000024,3,10
2532,Maryam Hussain,1747.2,238.20000000000005,1,2
1208,Omar Sheikh,1747.08,129.33999999999992,1,2
7831,Hussain Iqbal,1747.02,476.5999999999999,1,2
1897,Bilal Hussain,1746.56,161.90999999999985,2,8
9449,Bilal Shah,1743.42,108.16000000000008,1,2
9850,Ali Khan,1740.9,404.6400000000001,1,2
4144,Ahmed Qureshi,1740.68,523.88,2,7
4748,Sana Hussain,1739.1000000000001,297.29999999999995,1,6
3281,Maryam Hussain,1738.94,162.43000000000006,2,4
4056,Hamza Mirza,1738.6799999999998,463.1399999999999,1,6
5086,Ahmed Siddiqui,1738.54,329.21000000000004,1,1
4982,Maham Shah,1737.2400000000002,592.44,1,6
5373,Danish Khan,1736.51,419.51,1,1
7918,Zainab Khan,1732.74,553.56,1,2
941,Omar Shah,1731.8,50.27999999999997,1,4
1597,Hira Ahmed,1730.43,494.9200000000001,1,1
3024,Hassan Raza,1729.7,391.7900000000002,1,7
7447,Maham Hussain,1728.6,165.74,1,2
8149,Hassan Mirza,1726.03,313.53999999999996,1,1
2298,Maryam Khan,1724.8,81.75999999999999,1,7
1805,Maryam Memon,1723.6799999999998,64.01999999999975,1,6
9731,Sara Malik,1721.85,203.3499999999999,1,5
6966,Imran Raza,1721.3999999999999,620.8499999999997,1,3
4792,Danish Khan,1720.18,466.9000000000001,1,7
416,Usman Shah,1719.1,123.44999999999982,1,5
1122,Fatima Ali,1718.64,341.8800000000001,1,4
8567,Hira Chaudhry,1718.3,246.0,1,2
364,Sara Ali,1714.96,365.09000000000015,1,1
8721,Fatima Mirza,1714.61,404.4799999999998,1,1
951,Zainab Sheikh,1713.4,570.0400000000002,1,4
5294,Omar Memon,1712.75,223.52999999999997,1,1
7554,Maryam Shah,1712.48,598.96,1,1
9871,Danish Khan,1711.87,354.31999999999994,1,1
5931,Hassan Iqbal,1710.17,539.69,1,1
6880,Saad Ali,1709.56,97.91999999999985,1,4
9529,Zainab Mirza,1708.3500000000001,408.69000000000005,1,3
8293,Hassan Siddiqui,1707.4,255.70000000000005,1,2
9394,Hassan Shah,1707.38,541.24,1,2
9923,Sana Raza,1704.82,229.26,1,1
2481,Omar Sheikh,1702.5,173.40999999999997,2,7
7257,Hamza Siddiqui,1700.22,569.94,1,3
6528,Bilal Khan,1699.49,503.0899999999999,1,1
7608,Hassan Khan,1696.18,243.96000000000004,1,2
1196,Fatima Ahmed,1695.96,193.85000000000002,2,5
1430,Sara Siddiqui,1695.52,274.1399999999999,1,1
1299,Zainab Memon,1695.46,485.24,1,2
7156,Hassan Buriro,1695.03,168.3599999999999,1,3
8500,Omar Khan,1689.89,306.72,1,1
9908,Saad Buriro,1689.65,136.0,1,5
3659,Hira Chaudhry,1689.42,103.02000000000021,1,3
6726,Ali Qureshi,1689.1499999999999,524.0499999999997,1,5
7502,Sana Memon,1688.8,501.52,1,4
9473,Hussain Khan,1688.5,492.0799999999999,1,2
6691,Sana Siddiqui,1687.9099999999999,433.56,2,5
9505,Imran Raza,1687.75,542.4000000000001,2,4
3335,Fatima Qureshi,1686.73,383.43999999999994,2,4
892,Ali Iqbal,1684.62,311.8499999999999,1,7
9913,Imran Chaudhry,1683.08,181.43999999999983,1,7
4922,Hira Ahmed,1683.0,311.5799999999999,1,3
9156,Ali Chaudhry,1681.85,506.89999999999986,1,5
1640,Saad Memon,1680.8999999999999,95.6400000000001,1,6
3369,Omar Ahmed,1678.8600000000001,17.52000000000021,1,6
3917,Ayesha Sheikh,1678.81,466.79999999999995,1,1
4862,Hassan Chaudhry,1678.6000000000001,110.81000000000017,1,7
4001,Maryam Memon,1677.32,475.4399999999998,1,1
7234,Maryam Qureshi,1674.1799999999998,230.75999999999976,1,3
6428,Usman Qureshi,1673.72,344.11,2,3
2264,Ali Ali,1669.76,184.3599999999999,1,4
5440,Maham Ahmed,1668.14,74.6400000000001,1,2
6516,Ali Sheikh,1665.98,276.24,1,2
5539,Fatima Qureshi,1665.3,547.78,1,2
9796,Usman Hussain,1665.06,232.31999999999994,1,2
3278,Ayesha Raza,1663.08,327.3899999999999,1,3
9532,Ali Hussain,1662.58,123.84999999999992,2,2
457,Omar Iqbal,1662.58,482.78,1,1
2449,Fahad Raza,1661.04,489.6899999999999,2,8
3916,Hussain Malik,1659.0,151.8599999999999,1,2
8736,Ahmed Malik,1658.8,249.81999999999994,1,2
33,Ayesha Malik,1657.89,430.3600000000001,2,3
1436,Bilal Iqbal,1656.95,362.76,1,1
452,Usman Chaudhry,1656.56,344.69000000000005,1,1
7515,Fatima Memon,1654.96,61.38000000000011,1,2
2863,Usman Malik,1652.75,305.76,1,1
2779,Hassan Shah,1651.79,526.8,1,1
6991,Imran Ali,1651.76,565.7,1,2
3026,Ayesha Ahmed,1650.5300000000002,65.5800000000001,2,2
6231,Fatima Chaudhry,1649.85,262.80999999999995,1,1
9348,Hamza Mirza,1648.44,149.96000000000004,1,2
379,Sara Qureshi,1647.37,437.92999999999984,1,1
6155,Danish Siddiqui,1646.0900000000001,288.13,2,8
2036,Ahmed Buriro,1645.98,385.98,1,7
7101,Danish Qureshi,1645.6,120.91999999999985,1,2
5650,Bilal Ahmed,1644.96,563.4000000000001,1,2
2164,Fahad Siddiqui,1643.58,5.2999999999999545,1,2
7578,Hira Khan,1642.86,401.0899999999999,1,1
9560,Fatima Memon,1642.48,140.83999999999992,1,7
1009,Ayesha Memon,1641.9199999999998,305.2399999999998,2,13
9683,Imran Iqbal,1640.2,226.4000000000001,1,4
2438,Hussain Hussain,1639.6000000000001,-59.649999999999864,1,5
9085,Fahad Khan,1639.24,341.22,1,1
6596,Maham Qureshi,1639.02,501.05999999999995,1,2
1435,Fahad Shah,1638.3000000000002,460.5500000000002,1,5
9548,Fahad Memon,1636.92,445.72,1,4
6588,Ali Iqbal,1635.82,182.3599999999999,1,1
7691,Ali Khan,1635.12,360.15999999999985,1,4
4530,Saad Raza,1633.98,384.4200000000001,1,2
351,Zainab Hussain,1633.9499999999998,589.0499999999997,1,3
6646,Ahmed Ali,1631.46,122.42000000000007,1,2
7128,Danish Siddiqui,1629.8,179.24,1,2
8061,Ahmed Hussain,1629.06,274.23,1,3
548,Hamza Ali,1627.32,389.52,1,2
6803,Bilal Sheikh,1625.14,300.46000000000004,1,1
1158,Usman Khan,1624.8,510.91999999999985,1,4
6222,Imran Shah,1622.5,336.5,1,5
7112,Sana Raza,1621.46,395.6600000000001,1,1
9004,Fatima Khan,1620.84,384.5799999999999,1,1
6608,Hassan Shah,1619.58,549.1199999999999,1,2
1727,Fatima Qureshi,1618.72,418.3600000000001,1,4
2063,Maham Sheikh,1618.1100000000001,160.13,2,3
4827,Danish Ahmed,1618.05,354.73,1,1
4233,Fatima Memon,1616.4399999999998,124.87999999999965,1,7
3333,Hira Khan,1614.96,311.28,1,3
9657,Ahmed Siddiqui,1610.54,343.20000000000005,1,2
393,Fatima Raza,1609.68,265.58000000000015,1,2
6260,Sara Shah,1607.67,445.23,2,8
8950,Ayesha Ahmed,1605.03,490.4200000000001,1,7
2028,Ali Qureshi,1602.2400000000002,338.5200000000002,1,6
5480,Hira Iqbal,1600.56,328.6399999999999,1,2
2229,Sana Khan,1600.38,182.46000000000004,1,6
63,Fahad Raza,1600.25,375.05999999999995,1,1
7863,Hira Ali,1599.0,171.48000000000002,1,1
8770,Maryam Ali,1597.7400000000002,295.8000000000002,1,3
1840,Zainab Buriro,1597.3500000000001,175.56000000000017,1,3
1836,Hassan Ali,1597.06,325.22999999999996,2,4
2030,Usman Raza,1594.16,274.84000000000015,1,2
3794,Danish Ahmed,1593.13,237.72000000000025,1,7
8941,Hira Ahmed,1592.16,530.26,1,2
9918,Bilal Siddiqui,1591.96,225.81999999999994,1,2
6160,Hamza Chaudhry,1591.7400000000002,428.8800000000001,1,6
6496,Ahmed Khan,1591.7,246.56999999999994,1,1
7263,Imran Raza,1591.64,478.96000000000004,1,2
9679,Fatima Siddiqui,1591.0,359.1300000000001,1,1
5408,Hussain Ahmed,1590.4499999999998,110.29999999999995,1,5
8599,Hira Siddiqui,1588.21,508.4100000000001,1,1
7182,Danish Siddiqui,1588.08,101.87999999999988,1,4
7358,Bilal Ahmed,1587.16,249.60000000000014,1,2
3903,Maham Memon,1585.64,190.26000000000005,2,2
9167,Imran Hussain,1583.78,129.8599999999999,1,2
3958,Hassan Iqbal,1582.3200000000002,109.83000000000015,1,3
8698,Fatima Qureshi,1581.16,461.72,1,4
1922,Sana Malik,1580.78,178.42000000000002,2,6
310,Ahmed Ahmed,1575.3500000000001,285.8100000000002,1,7
9359,Sana Hussain,1574.28,413.8699999999999,1,1
4022,Saad Ahmed,1573.93,228.02999999999997,1,1
8009,Ayesha Mirza,1571.45,422.52,1,1
3103,Ahmed Iqbal,1569.3000000000002,221.50000000000023,1,5
1550,Hussain Malik,1568.08,480.78,1,2
2308,Sana Siddiqui,1566.52,503.8799999999999,1,2
6265,Sara Siddiqui,1564.51,171.10999999999993,2,5
9868,Hamza Buriro,1564.18,388.84000000000015,1,2
8411,Saad Memon,1562.36,49.27999999999997,1,4
2423,Maham Buriro,1561.8000000000002,377.7900000000002,1,3
5291,Sara Malik,1561.34,386.1999999999998,1,2
9344,Omar Shah,1554.1999999999998,504.5499999999997,1,5
5365,Fatima Chaudhry,1553.3,69.78999999999996,1,7
8699,Zainab Ahmed,1553.02,485.5899999999999,1,7
5715,Maryam Ali,1551.75,340.8499999999999,1,5
7563,Hassan Ali,1550.92,340.70000000000005,1,2
640,Ali Mirza,1550.16,397.76,1,4
6316,Ali Sheikh,1548.69,394.5600000000002,1,3
2869,Bilal Chaudhry,1546.87,452.56999999999994,1,1
6424,Ayesha Buriro,1544.3000000000002,298.8000000000002,1,5
1775,Hamza Hussain,1543.95,466.45000000000005,1,5
5181,Ayesha Hussain,1543.78,529.65,1,1
7633,Imran Chaudhry,1543.42,270.1400000000001,2,5
6882,Fahad Hussain,1541.94,194.57999999999993,1,6
8163,Hussain Shah,1538.64,406.20000000000005,1,4
7425,Hussain Buriro,1536.98,467.8600000000001,1,2
3035,Hassan Iqbal,1533.71,548.02,1,1
8083,Hamza Ali,1532.74,354.52,1,1
9345,Sara Hussain,1530.87,145.9599999999998,1,1
9574,Bilal Memon,1530.39,383.6500000000001,1,1
904,Ali Sheikh,1529.64,276.20000000000005,1,4
3421,Bilal Mirza,1525.38,517.5800000000002,1,2
7951,Saad Hussain,1522.12,373.67999999999984,1,4
2215,Maham Chaudhry,1521.9,289.2600000000002,1,3
2668,Maryam Ali,1521.6299999999999,166.64999999999986,1,3
1115,Bilal Iqbal,1520.65,296.25,1,5
9134,Hassan Raza,1520.04,309.41999999999985,1,6
6546,Ahmed Mirza,1519.33,244.30999999999995,1,1
6626,Usman Chaudhry,1517.58,66.74000000000001,1,2
6238,Danish Memon,1513.44,311.82000000000016,1,2
4673,Saad Khan,1512.24,420.1199999999999,1,3
1787,Hira Malik,1510.29,384.4799999999998,2,9
5540,Sara Khan,1509.3400000000001,460.44,2,2
4260,Imran Malik,1508.3,0.03999999999996362,1,2
2119,Imran Ali,1508.1299999999999,487.5899999999999,1,3
2992,Imran Mirza,1504.88,-33.319999999999936,1,4
7841,Imran Chaudhry,1504.83,354.29999999999995,1,3
545,Hira Ahmed,1503.8100000000002,333.9000000000003,1,7
4105,Hamza Chaudhry,1499.99,452.43000000000006,1,1
653,Maryam Memon,1497.7,136.4200000000002,2,7
8440,Hussain Ahmed,1496.7599999999998,551.6299999999999,2,7
6133,Hamza Memon,1494.78,285.28,1,1
8879,Maryam Ahmed,1494.35,-81.85000000000014,1,5
757,Sara Malik,1493.5100000000002,421.7900000000001,2,11
2382,Ahmed Shah,1490.93,368.69000000000005,1,7
677,Fatima Chaudhry,1490.52,309.96000000000004,1,3
9510,Ahmed Ali,1489.82,240.91999999999985,1,1
9336,Hussain Mirza,1487.68,446.4000000000001,1,4
20,Bilal Hussain,1486.74,439.02,1,6
5892,Danish Raza,1486.12,306.4499999999998,1,1
4410,Maham Ahmed,1485.78,308.15999999999985,1,3
1064,Hamza Hussain,1484.6100000000001,413.3700000000001,1,3
5564,Bilal Ahmed,1483.44,223.82000000000016,1,1
9735,Ali Ali,1482.9,157.24,1,1
1738,Bilal Shah,1482.02,436.3899999999999,1,1
8472,Usman Mirza,1480.92,116.55000000000018,1,7
7143,Usman Buriro,1480.0,205.72000000000003,1,2
6330,Ahmed Shah,1479.78,518.46,1,3
5541,Ahmed Iqbal,1475.07,25.480000000000018,1,1
6234,Danish Shah,1472.8700000000001,441.0700000000001,2,2
6067,Hamza Sheikh,1471.16,458.6600000000001,1,2
2513,Fahad Ali,1470.43,76.0,1,1
684,Hamza Siddiqui,1468.02,307.6099999999999,1,1
5589,Sana Sheikh,1465.52,413.3599999999999,1,4
1491,Sara Khan,1464.82,467.7399999999999,1,1
3231,Hussain Siddiqui,1463.4,117.24000000000001,1,6
7311,Usman Qureshi,1462.8,275.0,1,4
5732,Sana Chaudhry,1462.7,409.1100000000001,1,1
2181,Ali Buriro,1462.52,423.72,1,1
6996,Hussain Mirza,1462.4399999999998,291.75999999999976,1,7
7643,Ahmed Malik,1462.39,76.87000000000012,1,1
715,Bilal Buriro,1459.69,115.24000000000001,1,1
4872,Zainab Shah,1457.68,155.51999999999998,1,1
3174,Sana Iqbal,1457.23,319.6,2,3
4180,Hira Chaudhry,1455.96,204.42000000000007,1,6
5638,Hassan Memon,1454.07,131.96000000000004,1,1
7272,Sana Chaudhry,1453.83,104.30999999999995,1,3
7564,Ahmed Siddiqui,1448.68,508.6,1,4
108,Sara Malik,1448.34,511.4399999999998,1,3
3943,Danish Ahmed,1445.91,332.9000000000001,1,1
8876,Danish Malik,1445.42,383.52,1,2
8447,Hassan Siddiqui,1444.94,365.3600000000001,1,2
7351,Ahmed Khan,1444.72,215.8800000000001,1,4
7681,Omar Iqbal,1443.09,109.15999999999985,1,1
6055,Bilal Khan,1442.28,163.27999999999997,1,2
4943,Usman Raza,1442.27,8.819999999999936,1,1
4478,Fahad Shah,1442.12,-4.650000000000091,1,1
3020,Ayesha Shah,1442.04,215.1099999999999,1,1
3870,Hira Sheikh,1441.81,9.829999999999927,1,1
1477,Imran Siddiqui,1441.13,279.1700000000001,2,8
4176,Hassan Raza,1440.95,274.63,2,4
6162,Ali Raza,1440.83,136.58999999999992,1,1
6460,Ahmed Memon,1440.53,177.66000000000008,1,7
5954,Danish Khan,1439.84,113.07999999999987,2,6
1660,Bilal Khan,1438.96,151.44000000000005,1,4
4811,Hussain Sheikh,1437.6,395.1999999999998,1,4
443,Danish Buriro,1434.52,312.20000000000005,1,4
636,Omar Ali,1432.44,132.24000000000024,1,6
6782,Ahmed Qureshi,1431.96,296.18000000000006,1,2
8666,Fatima Hussain,1431.24,459.80999999999995,1,3
4147,Ahmed Khan,1431.06,405.40999999999985,1,1
5446,Fatima Malik,1430.93,440.73,2,4
2170,Sara Sheikh,1430.9,96.87,2,3
6081,Ahmed Ahmed,1430.65,356.6300000000001,1,1
2488,Danish Mirza,1427.2,519.3,1,5
447,Zainab Iqbal,1426.0500000000002,372.8100000000002,2,6
6760,Fahad Shah,1423.36,231.57999999999993,1,2
8654,Ayesha Ali,1421.49,447.03,1,3
9784,Sara Shah,1417.78,460.6700000000001,1,7
7356,Fahad Qureshi,1416.74,464.98,1,2
1583,Hassan Siddiqui,1414.6,288.12000000000006,2,8
5474,Maham Shah,1414.04,85.63999999999987,1,4
9852,Ayesha Memon,1412.73,225.74,2,2
5873,Sana Ali,1411.3,274.3399999999999,1,2
3324,Hassan Mirza,1410.72,310.3800000000001,1,2
617,Saad Buriro,1408.48,301.68000000000006,1,4
2529,Imran Mirza,1404.5500000000002,254.44000000000023,2,7
9833,Hira Memon,1403.16,53.6400000000001,1,3
9009,Fahad Memon,1402.87,280.9699999999998,1,1
419,Danish Ahmed,1402.46,347.20000000000005,1,2
7240,Omar Mirza,1402.36,220.66999999999985,1,1
5698,Sana Chaudhry,1401.9499999999998,207.89999999999986,1,5
5682,Zainab Qureshi,1401.72,209.48000000000002,1,4
1333,Usman Raza,1401.6,36.44999999999982,1,1
9443,Zainab Memon,1401.45,443.45000000000005,1,5
929,Omar Raza,1401.3999999999999,503.79999999999984,1,5
3025,Hussain Malik,1400.58,273.65999999999985,1,3
5794,Hussain Ali,1398.75,118.21000000000001,2,3
9721,Ahmed Memon,1397.18,354.69000000000005,1,1
2873,Ali Khan,1395.5500000000002,490.45000000000016,1,5
9651,Ali Mirza,1395.13,-27.25,1,1
5361,Ayesha Hussain,1393.41,99.87000000000012,1,3
5242,Saad Malik,1392.74,249.01999999999998,1,2
9592,Fatima Ali,1391.85,365.4000000000001,1,3
342,Saad Iqbal,1391.79,410.19999999999993,1,1
4643,Ali Sheikh,1391.74,357.28,1,2
1716,Usman Buriro,1388.65,225.57000000000016,1,1
6369,Omar Raza,1388.12,391.7199999999999,1,4
1063,Sara Shah,1387.7,48.840000000000146,1,2
9750,Maryam Ali,1385.87,189.14999999999984,2,6
7595,Usman Hussain,1384.26,50.430000000000064,1,3
2919,Fahad Khan,1382.6999999999998,393.77999999999986,1,6
3253,Ayesha Malik,1381.1000000000001,462.1400000000001,1,7
4603,Maryam Iqbal,1380.9,507.1100000000001,1,1
9964,Hassan Iqbal,1380.73,299.5999999999999,1,1
1190,Saad Hussain,1379.3899999999999,203.11999999999995,2,4
8900,Fahad Ahmed,1379.1499999999999,179.99999999999977,1,5
4886,Hassan Mirza,1376.88,266.58000000000015,1,2
5651,Saad Chaudhry,1374.36,339.3799999999999,1,2
1839,Omar Buriro,1374.16,321.10000000000014,1,2
590,Bilal Khan,1374.1200000000001,225.81000000000017,1,3
8722,Bilal Sheikh,1371.94,349.81000000000006,1,1
5951,Imran Qureshi,1370.5,318.58000000000004,2,3
4213,Ahmed Siddiqui,1369.8500000000001,170.70000000000005,1,5
2637,Usman Siddiqui,1369.84,476.2399999999999,1,4
5990,Saad Sheikh,1369.15,160.60000000000014,1,1
6034,Bilal Khan,1369.04,461.92999999999995,1,1
7884,Sara Memon,1368.54,462.48,1,6
2994,Imran Raza,1366.75,308.04999999999995,1,5
8889,Danish Buriro,1365.52,501.38,1,2
2948,Zainab Buriro,1365.48,470.22,1,6
3915,Sana Qureshi,1365.28,251.16000000000008,1,4
8125,Imran Iqbal,1364.12,350.0899999999999,1,1
7051,Saad Iqbal,1363.14,189.17999999999998,2,2
8704,Hira Qureshi,1357.1,312.1700000000001,2,2
1260,Hassan Iqbal,1354.81,221.0999999999999,1,1
1965,Hira Buriro,1347.04,-13.190000000000055,1,1
3778,Maryam Ali,1347.0,470.54999999999995,1,1
1754,Danish Mirza,1345.65,201.55999999999995,2,3
1512,Omar Ahmed,1344.1200000000001,300.3000000000002,1,3
94,Hussain Qureshi,1343.3,101.03999999999996,1,1
5893,Hamza Sheikh,1343.1599999999999,92.25999999999999,1,7
5583,Sana Malik,1341.15,41.6400000000001,1,3
9905,Maryam Raza,1340.19,286.84000000000015,1,1
8038,Ali Sheikh,1339.6,105.15999999999997,2,3
1891,Ahmed Shah,1338.95,203.45000000000005,1,5
3581,Ali Buriro,1336.88,405.7600000000001,1,4
2484,Usman Qureshi,1336.58,257.18,2,6
2575,Omar Raza,1336.02,437.25,1,1
6252,Hussain Shah,1334.71,343.87,1,1
7185,Usman Ali,1334.34,6.699999999999818,1,1
4281,Saad Khan,1334.28,190.54999999999995,1,1
6078,Hira Qureshi,1334.0900000000001,11.63000000000008,2,2
6389,Imran Iqbal,1333.96,292.72,1,2
4513,Fahad Chaudhry,1333.17,33.24000000000001,1,3
1633,Zainab Hussain,1329.21,443.9000000000001,1,1
4422,Maryam Ahmed,1327.74,57.81999999999988,2,4
842,Ali Buriro,1323.54,215.70000000000005,1,6
4466,Fahad Ahmed,1322.25,-29.059999999999945,1,1
570,Sara Raza,1322.02,71.12000000000012,1,7
3200,Sana Chaudhry,1318.92,344.76000000000005,2,3
1607,Hamza Iqbal,1316.91,308.59000000000003,1,1
242,Bilal Buriro,1316.52,336.29999999999995,1,3
4362,Maham Raza,1313.08,49.90999999999997,2,13
8221,Imran Malik,1311.08,158.89999999999986,1,2
9150,Usman Ali,1310.7,189.90000000000003,2,4
8197,Sara Hussain,1308.11,260.56999999999994,1,1
2809,Maham Ahmed,1307.67,197.70000000000005,1,3
1471,Sara Iqbal,1306.98,361.3800000000001,1,6
5483,Omar Qureshi,1306.4,89.71000000000004,1,1
605,Bilal Iqbal,1305.6,312.27999999999986,1,4
6740,Omar Malik,1305.3600000000001,271.68000000000006,1,6
3315,Ayesha Malik,1305.21,-74.16000000000008,1,3
4087,Bilal Raza,1305.0,201.5999999999999,1,2
7354,Hira Raza,1302.1999999999998,196.27999999999992,2,2
1663,Ayesha Buriro,1299.85,174.24,1,1
6668,Saad Sheikh,1298.1799999999998,139.62999999999994,2,3
5243,Hassan Malik,1297.65,135.68000000000006,1,1
353,Hassan Raza,1295.53,46.51999999999998,1,1
6958,Saad Raza,1294.13,263.06999999999994,2,2
3193,Usman Raza,1293.28,308.1299999999999,2,10
2009,Bilal Ahmed,1292.77,61.41000000000008,1,1
2671,Hamza Hussain,1289.75,437.64,1,7
2843,Zainab Siddiqui,1289.56,386.31999999999994,1,1
228,Sana Raza,1289.08,75.81999999999994,1,1
700,Ali Malik,1287.9,226.5,1,3
4497,Saad Sheikh,1287.3899999999999,298.45000000000005,2,9
1276,Hira Malik,1287.32,356.69999999999993,1,2
3855,Ayesha Hussain,1286.38,286.71000000000015,1,1
5268,Fahad Chaudhry,1285.65,94.68000000000006,1,1
3842,Fahad Hussain,1284.52,451.3299999999999,1,1
2777,Hira Hussain,1283.28,286.36,1,4
4802,Hussain Shah,1282.51,310.36,1,1
4575,Ayesha Mirza,1281.15,340.75,1,5
1684,Maryam Malik,1281.07,256.03999999999996,1,1
985,Danish Ahmed,1278.89,318.18000000000006,1,1
3845,Ali Iqbal,1277.8799999999999,391.16999999999985,1,3
4962,Sara Ahmed,1277.22,233.27999999999997,1,6
1931,Zainab Hussain,1276.43,318.04000000000013,2,7
1722,Fatima Shah,1273.23,138.68000000000006,1,1
9755,Fahad Hussain,1271.46,219.13999999999987,2,9
7371,Fatima Malik,1270.75,301.85,2,3
380,Hassan Memon,1265.44,91.5,1,2
1336,Maham Mirza,1263.81,372.47,2,5
2925,Maryam Khan,1263.32,287.27,1,1
1130,Ali Iqbal,1262.72,436.5,1,2
9637,Saad Raza,1262.0,0.31999999999993634,1,4
3094,Omar Iqbal,1260.92,351.44000000000005,1,4
6016,Sara Khan,1259.91,139.23000000000002,1,3
7815,Danish Raza,1253.22,69.5,1,2
2157,Hamza Ali,1251.9,339.84000000000015,1,6
3096,Imran Khan,1250.3,316.25,1,5
2274,Sana Mirza,1250.28,434.22,1,2
1921,Fahad Sheikh,1249.37,273.6399999999999,1,1
7617,Hamza Malik,1245.6,390.8399999999999,1,4
3610,Bilal Shah,1244.07,300.8499999999999,1,1
8914,Sara Siddiqui,1243.89,47.180000000000064,1,1
7788,Imran Mirza,1243.42,424.6200000000001,1,1
1327,Saad Qureshi,1239.85,299.65,1,5
2041,Imran Malik,1237.42,345.14000000000004,2,7
1160,Fahad Buriro,1236.89,136.81000000000017,1,1
2312,Danish Ali,1236.12,289.9999999999999,1,4
9596,Usman Sheikh,1235.85,454.4399999999998,1,3
1046,Fahad Malik,1234.38,327.1100000000001,1,1
5590,Imran Hussain,1231.6,285.7399999999999,1,2
8974,Danish Khan,1230.55,287.3299999999999,1,1
2823,Maryam Khan,1229.8799999999999,255.2399999999999,1,6
5111,Hamza Ahmed,1226.84,66.40000000000003,2,5
2839,Zainab Qureshi,1225.54,253.18000000000004,2,8
7057,Hamza Mirza,1224.69,324.78,1,3
7040,Usman Chaudhry,1224.4,40.2800000000002,1,4
8142,Bilal Shah,1224.14,53.97000000000003,1,1
8717,Omar Ahmed,1223.15,214.6300000000001,1,1
1862,Maham Iqbal,1223.11,292.92999999999995,1,1
4776,Maham Ali,1222.78,407.23,1,1
9704,Ali Malik,1219.6200000000001,255.84000000000015,1,6
2516,Hamza Mirza,1218.88,76.84000000000015,1,4
6003,Sana Raza,1218.29,392.95,2,2
1121,Usman Hussain,1211.38,192.30000000000007,1,2
7319,Ali Siddiqui,1211.06,277.5,1,1
3371,Ali Chaudhry,1210.99,448.72,1,1
308,Hira Hussain,1210.74,2.8199999999999363,1,6
6375,Danish Malik,1208.31,270.77,1,1
7214,Saad Hussain,1206.84,191.93999999999983,1,3
1290,Saad Raza,1206.32,288.0799999999999,1,2
9681,Zainab Raza,1206.28,318.64,1,4
4820,Imran Raza,1203.6,215.51999999999987,1,4
4749,Omar Chaudhry,1202.91,-4.4099999999998545,1,3
6075,Hassan Mirza,1199.34,141.89999999999986,1,6
8095,Ayesha Khan,1198.93,369.47,1,1
2171,Ahmed Siddiqui,1198.78,166.38999999999987,1,1
4557,Fahad Buriro,1198.3600000000001,149.90000000000003,2,4
9437,Imran Malik,1198.28,224.79999999999995,1,2
8140,Hamza Malik,1195.86,199.92000000000002,2,2
9488,Ahmed Sheikh,1195.67,242.17999999999995,2,4
4502,Hira Siddiqui,1195.48,186.38,1,2
5389,Ayesha Siddiqui,1194.3600000000001,344.0400000000002,1,3
2790,Fatima Qureshi,1193.29,123.6099999999999,1,1
4196,Saad Sheikh,1191.96,320.0400000000001,1,2
9684,Imran Malik,1190.53,324.13,1,1
7676,Ahmed Sheikh,1189.88,52.960000000000036,1,2
7530,Imran Ahmed,1188.72,363.6600000000001,1,2
2540,Danish Sheikh,1188.31,179.9899999999999,1,1
9160,Usman Siddiqui,1185.8,295.28,1,4
4559,Omar Khan,1182.72,62.200000000000045,1,4
8296,Maham Siddiqui,1181.19,222.2700000000001,1,1
8203,Danish Shah,1180.04,198.53999999999996,1,2
2731,Fahad Khan,1178.45,214.37,1,1
531,Maham Memon,1177.46,-44.450000000000045,1,1
5129,Maham Chaudhry,1176.96,365.13,1,3
3707,Hira Malik,1176.06,315.8399999999999,1,6
9922,Maryam Raza,1173.05,288.9,1,1
7741,Zainab Sheikh,1169.35,39.75,1,5
8236,Ali Ali,1162.56,340.68000000000006,1,6
7848,Imran Malik,1162.16,183.1400000000001,1,2
8831,Ali Khan,1160.88,47.80000000000018,1,2
6293,Fahad Chaudhry,1160.7,295.58000000000004,1,1
5857,Danish Raza,1160.6,371.64999999999986,1,1
600,Danish Hussain,1159.39,274.6000000000001,2,9
8177,Hira Hussain,1157.8,431.4799999999999,1,4
7516,Maham Sheikh,1155.27,93.68000000000006,1,1
4946,Sana Mirza,1155.15,180.36000000000013,1,1
5716,Ayesha Ahmed,1154.76,115.25999999999999,1,3
7557,Ali Malik,1152.28,159.02999999999997,1,1
5164,Fahad Siddiqui,1151.6999999999998,386.6999999999998,1,3
4191,Usman Ali,1150.8100000000002,126.02000000000001,2,4
4182,Maham Ali,1150.74,58.72000000000003,1,2
3718,Ayesha Mirza,1147.88,230.3800000000001,1,1
2098,Sana Sheikh,1146.82,46.07999999999993,1,2
8147,Imran Shah,1146.0,255.9000000000001,1,6
3054,Ali Buriro,1145.16,1.3200000000001637,1,6
702,Bilal Malik,1145.03,265.9,1,1
7939,Ali Shah,1143.6499999999999,73.19999999999982,1,5
8237,Saad Chaudhry,1143.52,212.89999999999998,1,2
4529,Danish Shah,1141.74,51.180000000000064,1,3
8434,Ayesha Hussain,1141.3500000000001,218.1500000000002,1,5
4599,Imran Malik,1139.16,237.2800000000001,1,4
9897,Zainab Hussain,1136.26,-26.190000000000055,1,1
5490,Maryam Buriro,1134.75,117.93000000000006,1,3
3635,Fatima Raza,1134.6799999999998,391.47999999999996,2,6
2939,Imran Shah,1133.0,93.50999999999999,1,1
5448,Ayesha Qureshi,1131.8999999999999,369.03999999999985,1,7
5353,Zainab Hussain,1131.36,187.6199999999999,1,2
4448,Fatima Sheikh,1129.32,232.5,1,6
2949,Ali Iqbal,1128.48,326.61,1,1
6750,Hassan Memon,1128.16,137.22000000000003,2,4
8458,Bilal Chaudhry,1126.44,161.06999999999994,1,3
2468,Omar Raza,1126.36,275.69999999999993,1,2
474,Saad Ahmed,1126.15,59.74000000000001,1,1
3748,Fahad Chaudhry,1125.04,177.2199999999999,1,2
2461,Saad Chaudhry,1124.6,154.67999999999995,1,4
3365,Hassan Malik,1124.44,232.74,1,2
672,Hassan Raza,1123.5,47.75999999999999,1,6
7900,Fahad Malik,1121.78,325.31999999999994,1,1
5926,Fatima Ahmed,1119.76,302.28,1,1
3044,Ayesha Siddiqui,1117.25,273.68,2,4
9738,Ayesha Ahmed,1116.72,140.24000000000012,2,6
3828,Hassan Malik,1116.51,193.59000000000003,1,1
8375,Bilal Hussain,1115.4299999999998,68.89999999999998,2,4
3652,Imran Shah,1115.2,288.20000000000005,1,4
9115,Ahmed Siddiqui,1114.84,138.5999999999999,1,4
327,Usman Mirza,1110.84,348.53999999999996,1,6
1301,Fahad Shah,1109.8,319.9699999999999,1,1
4882,Imran Raza,1109.15,262.60000000000014,1,5
2713,Hamza Shah,1108.65,179.19000000000005,1,3
6752,Ayesha Malik,1105.0900000000001,287.7700000000001,1,7
8053,Saad Chaudhry,1103.99,186.68000000000006,1,1
3603,Ali Sheikh,1103.45,234.70000000000005,1,5
2442,Fatima Ahmed,1100.47,148.81000000000006,1,1
837,Bilal Buriro,1099.56,356.8799999999999,1,6
8619,Danish Ahmed,1098.24,273.24,1,1
326,Fatima Hussain,1097.9,267.0,1,5
1942,Sana Siddiqui,1096.85,173.89999999999986,1,5
8775,Ahmed Memon,1095.67,335.5300000000001,1,1
4654,Hira Ali,1094.94,267.72,1,3
5622,Bilal Malik,1094.5900000000001,228.69000000000017,1,7
2410,Zainab Chaudhry,1093.55,62.5,1,5
9033,Fatima Qureshi,1093.32,251.27999999999997,1,3
1289,Bilal Siddiqui,1092.88,202.6400000000001,1,4
6295,Maryam Ali,1090.52,284.20000000000005,2,9
7148,Hamza Buriro,1086.33,180.85999999999999,2,2
5983,Bilal Mirza,1084.01,160.49,1,1
1340,Sana Qureshi,1082.37,260.93999999999994,1,1
9652,Fahad Mirza,1081.4,379.08000000000004,1,1
4501,Ayesha Khan,1080.26,302.41999999999996,1,2
3191,Bilal Ahmed,1079.76,326.24,1,2
1555,Imran Shah,1079.03,4.1099999999999,1,1
5456,Maryam Sheikh,1077.72,134.47000000000003,1,7
2197,Ali Ali,1076.53,62.819999999999936,1,1
6412,Omar Buriro,1076.25,199.3499999999999,2,10
6747,Omar Hussain,1074.84,205.14999999999998,2,6
5376,Zainab Memon,1073.08,135.15999999999997,1,2
7637,Hira Sheikh,1070.6,214.14999999999998,1,5
2677,Hassan Sheikh,1069.4,213.5,1,5
3693,Maryam Ali,1069.3,357.16999999999996,1,1
81,Saad Hussain,1068.34,301.03,1,1
6606,Ahmed Ali,1066.23,83.13,1,1
3895,Danish Chaudhry,1065.68,285.95000000000005,1,7
140,Ahmed Ali,1065.6,28.319999999999936,1,3
9821,Sara Mirza,1063.81,248.36999999999995,2,12
195,Fahad Ahmed,1062.42,298.2400000000001,1,2
6838,Usman Hussain,1059.33,235.06999999999994,1,1
4515,Sana Ali,1058.44,144.5200000000001,1,4
6197,Fatima Buriro,1057.77,239.4699999999999,1,7
8065,Ayesha Iqbal,1057.08,386.03999999999996,1,1
1111,Imran Ahmed,1051.74,112.79999999999995,1,6
3894,Sara Sheikh,1051.42,291.6,1,1
9489,Hassan Iqbal,1051.36,115.99999999999989,1,1
4692,Sara Shah,1051.26,234.77999999999997,1,7
8801,Hussain Ahmed,1050.81,172.2299999999999,1,3
7849,Fatima Shah,1048.07,255.28999999999996,1,1
5377,Bilal Shah,1047.09,116.7299999999999,1,3
3061,Usman Raza,1046.23,255.88,1,1
1468,Danish Shah,1046.18,118.66000000000008,1,2
4572,Ahmed Chaudhry,1043.9,266.0500000000002,1,5
1782,Ayesha Buriro,1043.48,56.960000000000036,1,4
252,Saad Chaudhry,1040.52,105.65999999999997,1,6
8075,Maham Iqbal,1039.59,73.34999999999991,1,3
7604,Ayesha Raza,1039.4499999999998,284.5999999999998,1,5
1901,Imran Raza,1037.45,30.90000000000009,1,5
5930,Usman Khan,1035.63,114.48000000000002,2,2
9367,Omar Memon,1033.97,322.20000000000005,1,1
595,Sana Khan,1033.59,268.94999999999993,1,1
660,Ayesha Qureshi,1030.74,317.53999999999996,1,1
2505,Sara Malik,1030.61,203.4899999999999,1,7
3841,Omar Memon,1030.38,286.46000000000015,1,1
9742,Fatima Qureshi,1027.53,258.27,1,1
5695,Hussain Buriro,1025.91,160.2700000000001,1,1
6821,Omar Hussain,1021.3,119.20000000000005,1,5
7716,Maham Khan,1021.25,279.89,1,1
5567,Maryam Hussain,1020.62,347.79999999999995,1,2
1567,Maham Ali,1020.06,227.6199999999999,1,2
9528,Ali Ali,1019.1199999999999,248.8199999999999,2,10
6469,Maryam Iqbal,1017.27,138.96000000000004,1,1
3498,Sara Buriro,1015.4399999999998,92.02999999999982,3,13
4787,Hussain Malik,1011.48,84.15999999999997,1,4
6939,Maryam Ali,1009.28,-49.0,1,4
1772,Ahmed Buriro,1008.8,91.75,1,5
7927,Bilal Ahmed,1008.64,140.58000000000004,1,2
5743,Fahad Buriro,1008.59,289.33000000000004,1,1
7236,Sana Buriro,1008.3500000000001,151.7600000000001,1,7
3076,Ali Chaudhry,1007.74,231.77999999999997,1,2
3723,Hira Mirza,1002.98,249.01,1,1
7966,Hassan Mirza,1000.6,157.19,2,5
5356,Bilal Chaudhry,998.2,48.59000000000003,1,1
7971,Omar Hussain,996.6,106.05000000000007,1,1
1994,Hamza Ali,995.6800000000001,56.56000000000006,1,7
9144,Ahmed Memon,993.1200000000001,131.19000000000005,1,3
8714,Ahmed Memon,992.46,197.19000000000005,1,7
4564,Fahad Mirza,991.26,11.569999999999936,1,1
7664,Hira Iqbal,990.36,2.419999999999959,1,2
7271,Bilal Mirza,989.5,163.60000000000002,1,1
9879,Zainab Ahmed,985.88,131.11,1,1
6442,Hira Chaudhry,985.3499999999999,113.6099999999999,1,3
235,Hussain Chaudhry,981.8399999999999,311.6399999999999,1,3
8090,Usman Ali,981.76,214.23000000000002,1,1
8580,Ali Ahmed,978.92,164.91999999999996,1,2
5362,Ali Ali,978.6299999999999,206.18999999999983,1,3
165,Hassan Raza,975.53,235.87,1,1
5191,Sara Hussain,975.24,165.13,1,7
1157,Zainab Khan,974.38,48.60000000000002,1,1
2335,Sara Siddiqui,973.26,66.77999999999997,1,3
9819,Sana Qureshi,972.9,34.99000000000001,1,1
7298,Ali Ali,972.5,287.24,1,1
9955,Hamza Memon,969.36,37.08000000000004,1,3
6495,Hamza Mirza,968.25,51.92999999999995,1,1
8196,Hassan Sheikh,966.5600000000001,241.08000000000004,1,7
506,Bilal Buriro,966.21,47.0,1,1
5081,Danish Ahmed,963.31,132.85000000000005,2,2
5153,Saad Sheikh,963.04,247.14,1,2
3833,Maham Siddiqui,962.97,173.14,1,1
175,Hussain Ahmed,962.78,161.35000000000002,1,7
8702,Usman Raza,962.58,56.280000000000086,1,2
9357,Maham Iqbal,961.08,104.55000000000007,1,3
1813,Danish Buriro,960.5799999999999,246.93999999999997,2,2
7645,Sara Memon,960.3000000000001,234.36000000000013,1,6
1137,Bilal Siddiqui,956.68,311.4,1,4
24,Ayesha Chaudhry,956.3700000000001,313.2900000000001,1,3
9094,Saad Shah,954.85,211.09000000000003,1,1
9483,Imran Iqbal,954.37,169.76,1,1
7865,Ahmed Buriro,953.46,279.48,1,6
2013,Fatima Ahmed,952.92,185.78999999999996,1,3
4119,Saad Malik,952.17,126.13,1,1
6244,Hussain Buriro,951.14,130.14,1,2
3135,Bilal Memon,949.8299999999999,89.17999999999995,1,7
4509,Omar Buriro,947.65,275.19999999999993,1,5
8348,Sara Ahmed,947.44,218.53000000000003,2,4
7739,Bilal Ali,946.01,126.98000000000002,1,1
1181,Maryam Buriro,945.94,327.55000000000007,1,1
9354,Hira Memon,945.28,189.19999999999993,1,2
2985,Hussain Khan,942.84,239.20000000000005,1,4
3687,Sana Qureshi,942.75,149.79999999999995,1,5
2714,Danish Ahmed,941.96,-19.360000000000014,1,4
125,Maham Khan,940.2,85.68000000000006,1,4
274,Ayesha Raza,938.63,103.45999999999992,1,7
8995,Ali Siddiqui,937.6,92.68000000000006,1,4
4068,Sara Memon,935.94,156.44000000000005,1,1
8486,Hira Mirza,935.5,154.38,1,2
4284,Maham Ali,935.32,115.5200000000001,1,1
7689,Hira Qureshi,933.1999999999999,17.899999999999977,1,5
3458,Hussain Chaudhry,929.78,16.360000000000014,1,1
278,Saad Sheikh,929.11,266.13,1,1
858,Maryam Chaudhry,926.24,124.27999999999997,1,4
5043,Hussain Malik,925.47,14.699999999999932,1,7
8884,Hassan Khan,923.3,49.309999999999945,1,1
4658,Hassan Ali,922.06,114.30999999999995,1,1
6165,Bilal Chaudhry,921.98,209.24,1,2
2859,Hussain Buriro,921.72,174.42000000000007,1,3
9762,Fatima Khan,920.0799999999999,295.2599999999999,1,7
3883,Fatima Memon,918.85,357.20000000000005,1,5
6918,Ali Hussain,918.1899999999999,106.47000000000003,1,7
6358,Ayesha Iqbal,916.12,236.67999999999995,1,2
6878,Fahad Malik,915.6,139.60000000000002,1,4
4286,Imran Ahmed,915.48,214.07999999999993,1,6
7992,Danish Iqbal,914.4000000000001,290.3700000000001,1,3
9170,Sara Malik,910.56,121.43999999999983,1,3
8598,Danish Hussain,907.92,136.5,1,3
7187,Saad Shah,902.79,204.39999999999998,1,7
214,Fahad Mirza,902.6999999999999,64.79999999999984,1,3
6138,Hira Ahmed,897.42,297.76,1,2
6410,Hassan Shah,897.02,50.10000000000002,1,2
6255,Bilal Chaudhry,896.52,340.6,1,2
6355,Maham Malik,895.12,212.04999999999995,1,1
8980,Bilal Hussain,894.58,72.04000000000008,1,2
1795,Hira Chaudhry,893.38,215.09000000000003,1,1
7022,Zainab Iqbal,892.1999999999999,125.06999999999994,1,3
82,Ayesha Siddiqui,889.9499999999999,97.32000000000005,1,3
2131,Usman Shah,889.47,215.34000000000003,1,1
3753,Maham Siddiqui,888.58,149.2700000000001,1,1
6717,Maryam Buriro,888.23,179.39999999999998,1,1
9543,Bilal Siddiqui,884.9,234.42999999999995,1,1
4840,Danish Ahmed,884.0300000000001,275.8700000000001,1,7
4832,Ahmed Malik,883.0500000000001,55.65000000000009,1,7
974,Hussain Chaudhry,880.18,226.73000000000002,1,7
3330,Sana Shah,879.41,76.44000000000005,1,7
817,Ahmed Chaudhry,878.4,224.69000000000003,2,5
3463,Hamza Khan,878.12,252.48000000000002,1,4
6791,Hamza Qureshi,877.65,133.14999999999998,1,5
568,Maryam Khan,877.0,152.58000000000004,1,2
336,Saad Hussain,876.9300000000001,310.2900000000001,1,3
5742,Ali Hussain,875.66,251.32999999999993,1,1
5337,Hamza Memon,871.74,18.08000000000004,1,2
7138,Fatima Shah,870.63,157.75,1,1
7107,Saad Hussain,869.74,193.5,1,1
8795,Sana Raza,869.0999999999999,309.53999999999985,1,3
5101,Usman Raza,861.1500000000001,90.66000000000008,1,3
641,Sara Buriro,859.56,190.81999999999994,1,1
6710,Ayesha Ahmed,854.46,190.86000000000013,1,6
2017,Bilal Malik,852.92,121.62,1,2
4155,Sara Raza,852.65,219.80000000000007,1,5
1448,Bilal Raza,852.44,161.0,1,4
2347,Saad Mirza,851.78,244.65999999999997,1,2
7327,Hussain Iqbal,851.61,73.62,1,3
7810,Saad Khan,848.12,317.82000000000005,1,1
670,Maham Siddiqui,845.15,148.75,1,5
6686,Hamza Qureshi,844.12,75.72000000000003,1,4
8658,Hira Sheikh,843.3,172.0,1,2
928,Hassan Mirza,843.29,271.11,1,7
2174,Ali Ahmed,842.65,146.64999999999998,1,5
6501,Hira Chaudhry,840.51,146.16000000000008,1,3
6595,Saad Iqbal,840.44,65.92000000000007,1,4
2127,Saad Qureshi,839.16,57.23000000000002,1,1
3636,Hamza Khan,836.5,235.51999999999998,1,1
5458,Ali Hussain,836.25,239.70000000000005,1,3
5176,Fahad Khan,834.6500000000001,200.0,1,5
5585,Sara Memon,833.6999999999999,-9.870000000000118,1,7
275,Zainab Memon,833.3,247.39999999999998,1,2
1225,Maham Ahmed,831.79,259.13,1,1
5499,Usman Khan,831.12,216.86,1,2
2071,Sara Mirza,830.73,136.39,2,7
2056,Ali Sheikh,827.46,117.12,1,2
9013,Ahmed Chaudhry,825.82,96.56000000000006,1,2
6437,Hassan Sheikh,824.4,197.43999999999994,1,4
1963,Maryam Raza,824.04,264.4799999999999,1,3
706,Ahmed Raza,823.87,211.89,1,1
7529,Sara Qureshi,823.28,213.31999999999994,1,4
3444,Fahad Qureshi,822.8,281.03999999999996,1,4
3316,Fatima Khan,822.8,155.33999999999992,1,2
9906,Ali Memon,822.39,246.38,1,1
1916,Fahad Shah,821.0,190.04999999999995,1,5
501,Danish Buriro,818.96,-11.199999999999932,1,2
4243,Hassan Sheikh,818.88,296.64,1,1
3585,Omar Chaudhry,818.45,185.90000000000006,2,5
7802,Maryam Mirza,816.58,210.12,1,2
2172,Fatima Shah,816.28,148.03999999999996,1,2
6020,Sara Iqbal,813.7,213.64999999999998,1,5
8534,Saad Chaudhry,813.06,283.5,1,2
9861,Hassan Ahmed,813.06,243.7499999999999,1,3
2699,Imran Qureshi,811.25,156.5999999999999,1,5
9670,Danish Chaudhry,811.0,140.96000000000004,1,2
5114,Hamza Iqbal,809.58,122.5,1,1
5406,Omar Memon,808.28,99.93999999999994,1,2
9710,Ayesha Hussain,808.26,11.139999999999986,1,2
4839,Danish Ali,807.04,197.67999999999995,1,4
8642,Zainab Iqbal,807.0,54.950000000000045,1,1
8740,Maham Hussain,806.88,210.59000000000003,1,1
9974,Sana Qureshi,805.5,69.35000000000002,1,1
284,Usman Shah,805.3799999999999,241.13999999999987,1,3
7348,Sara Sheikh,805.1999999999999,63.89999999999998,1,5
9054,Zainab Buriro,804.86,264.75,2,7
8601,Fahad Raza,804.44,54.60000000000002,1,7
223,Zainab Hussain,803.88,157.85000000000002,1,1
8295,Fatima Memon,803.52,179.51999999999998,1,1
994,Danish Shah,801.6,290.36,1,2
1539,Hassan Mirza,800.97,-25.37999999999988,1,3
1914,Hamza Raza,800.28,211.91999999999996,1,4
5452,Ali Raza,800.1,188.15999999999997,1,7
9070,Hassan Qureshi,799.8299999999999,183.48999999999995,2,10
3277,Hussain Sheikh,799.44,192.8800000000001,1,2
3224,Bilal Memon,798.61,64.50999999999999,1,1
7321,Usman Khan,797.58,4.0200000000000955,1,3
9665,Zainab Ali,797.53,54.92999999999995,1,1
7933,Maham Ali,797.39,204.07000000000002,2,4
3145,Bilal Mirza,797.18,265.8599999999999,1,1
4259,Zainab Iqbal,796.92,297.17999999999995,1,6
6367,Maryam Siddiqui,794.29,68.87,1,1
6813,Ahmed Qureshi,793.11,231.96000000000004,1,1
774,Hira Mirza,792.32,89.24000000000001,1,2
5149,Sana Chaudhry,792.28,194.75,3,4
4347,Saad Buriro,791.82,67.07000000000005,1,1
7861,Maham Hussain,791.58,119.53000000000009,1,1
3440,Sana Raza,790.5,20.00999999999999,1,3
3453,Maryam Khan,790.03,91.68999999999994,1,1
8426,Hamza Raza,789.81,126.55999999999995,1,7
3938,Bilal Hussain,789.6,169.09000000000003,1,1
2291,Hussain Iqbal,789.05,59.47,2,3
4543,Ayesha Iqbal,788.96,136.72000000000003,1,1
6414,Fatima Iqbal,788.75,231.79999999999995,1,5
819,Hussain Hussain,787.02,220.26,1,3
1756,Saad Raza,785.15,78.01999999999998,1,1
2414,Hussain Raza,784.42,59.14999999999998,1,1
194,Ahmed Mirza,784.36,42.0,1,1
1043,Hassan Hussain,779.2,78.20000000000005,1,2
9629,Bilal Iqbal,776.7,80.84000000000003,1,1
8565,Sana Siddiqui,775.75,174.79999999999995,1,5
5746,Zainab Ali,775.22,189.32000000000005,1,2
7639,Sana Raza,773.6999999999999,77.21999999999991,1,6
783,Sana Siddiqui,773.29,101.16999999999996,1,1
7424,Hira Sheikh,768.84,186.68000000000006,1,4
1918,Hassan Memon,768.36,162.56000000000006,1,4
3552,Maryam Raza,766.82,110.96000000000004,1,2
1581,Hassan Chaudhry,766.44,200.99,1,1
9880,Bilal Qureshi,763.1,252.20000000000005,1,2
5957,Danish Raza,760.04,61.48000000000002,1,4
682,Omar Shah,759.67,139.77999999999997,2,5
4730,Maham Siddiqui,758.04,149.35999999999999,2,5
1465,Hussain Hussain,756.94,194.84000000000003,1,1
7809,Bilal Iqbal,751.2,179.5200000000001,1,2
2053,Ahmed Siddiqui,749.4200000000001,2.0300000000000864,1,7
6101,Zainab Raza,746.46,134.82000000000005,1,3
4932,Fahad Hussain,744.48,230.27999999999997,1,3
8738,Maham Qureshi,740.25,100.04999999999995,1,3
4061,Fatima Iqbal,739.25,118.0,2,2
7634,Maryam Raza,737.0,67.57000000000005,1,1
343,Hussain Mirza,736.65,-29.24000000000001,1,1
967,Danish Iqbal,736.55,171.63,1,1
6353,Hassan Buriro,735.1800000000001,67.5,1,3
8723,Danish Memon,734.64,140.43999999999994,1,2
4292,Bilal Khan,734.0999999999999,128.78999999999985,1,3
5920,Usman Malik,733.02,100.27999999999997,1,2
3301,Hassan Iqbal,732.76,211.55999999999995,1,2
6692,Maham Khan,731.1,127.58000000000004,1,1
5677,Sana Ahmed,730.6,164.38,1,2
124,Maham Siddiqui,729.3,61.93999999999994,1,1
4994,Fatima Qureshi,729.24,181.87,1,1
7076,Omar Siddiqui,728.56,159.03999999999996,1,7
1128,Bilal Memon,725.56,140.55999999999995,1,4
4710,Ahmed Qureshi,721.04,91.67999999999995,1,2
8798,Sana Hussain,720.6,191.30000000000007,1,5
3337,Hamza Sheikh,718.08,135.92000000000007,1,4
333,Sana Memon,717.43,180.7399999999999,1,7
4951,Sana Shah,715.86,157.98000000000002,1,2
7521,Fahad Khan,715.32,101.7600000000001,1,4
6187,Ali Memon,714.7,203.80000000000007,1,2
6725,Hamza Siddiqui,712.44,68.92000000000007,1,4
6879,Sara Memon,712.24,229.34000000000003,1,2
9989,Maryam Qureshi,710.93,60.5,1,1
3128,Bilal Ali,709.82,17.940000000000055,1,2
1590,Usman Ahmed,707.88,205.44000000000005,1,6
964,Omar Ali,707.61,87.6,2,8
4592,Fahad Sheikh,706.77,236.54999999999995,1,3
1100,Sana Ahmed,703.17,20.41999999999996,1,1
2353,Sara Shah,701.3,148.29999999999995,1,5
597,Hussain Memon,699.28,215.32,1,4
7587,Ali Ahmed,698.8199999999999,174.83999999999992,1,3
2568,Sara Ali,697.78,144.0,1,1
8419,Hussain Qureshi,696.44,145.12,1,4
6944,Bilal Raza,695.2,128.98000000000002,1,2
8963,Bilal Memon,694.39,100.46000000000004,1,1
8540,Hassan Shah,693.78,-9.960000000000036,1,6
6696,Ali Malik,692.32,139.7600000000001,1,4
6351,Imran Buriro,690.88,128.34000000000003,1,1
7663,Imran Hussain,688.9,211.40999999999997,1,1
375,Hamza Ahmed,688.26,-26.5,1,2
4897,Ahmed Shah,686.44,71.70000000000005,1,2
9499,Maham Iqbal,685.49,198.75,1,1
6279,Hussain Buriro,685.26,167.89999999999998,1,2
9233,Maham Raza,684.96,234.84000000000003,1,2
4769,Sara Shah,684.25,42.889999999999986,1,1
6185,Hira Ahmed,683.9499999999999,38.34999999999991,1,5
5936,Usman Raza,681.69,191.40000000000003,1,1
2429,Danish Hussain,680.28,36.69999999999993,1,2
7465,Sana Iqbal,677.52,205.56,1,4
6401,Fahad Ahmed,677.16,171.03999999999996,1,2
208,Ali Memon,675.64,118.51999999999998,1,4
6103,Zainab Mirza,675.5500000000001,248.75000000000006,1,5
4137,Hassan Sheikh,675.02,82.13999999999999,1,2
8984,Imran Mirza,675.0,165.01,1,1
5802,Maham Hussain,670.05,181.39999999999992,1,5
546,Zainab Siddiqui,669.77,38.43999999999994,1,1
2995,Fahad Raza,668.77,89.28999999999996,1,1
4006,Sana Ahmed,668.0799999999999,175.76999999999992,1,7
4754,Hussain Sheikh,667.4,154.8499999999999,1,5
6781,Bilal Qureshi,667.29,33.60000000000002,1,3
1461,Hamza Buriro,664.3000000000001,218.00000000000006,1,5
4779,Maham Malik,663.89,84.88999999999999,1,1
5334,Ayesha Ahmed,663.66,133.47000000000003,1,3
3213,Saad Buriro,663.5999999999999,-3.3600000000001273,1,6
1270,Zainab Sheikh,662.87,78.70000000000005,1,1
1944,Ahmed Ahmed,660.16,72.98000000000002,1,2
7762,Sara Iqbal,658.3,143.79999999999995,1,5
1322,Usman Siddiqui,657.0,138.84000000000003,1,6
2963,Imran Ali,655.66,0.8700000000000045,1,1
3784,Ayesha Shah,653.76,48.879999999999995,1,1
3706,Ahmed Ahmed,653.04,90.33999999999992,1,1
6363,Imran Sheikh,651.64,217.65999999999997,1,2
179,Hussain Chaudhry,648.08,176.08000000000004,1,4
7434,Maryam Ahmed,647.52,6.899999999999977,1,6
5850,Saad Buriro,647.42,157.65999999999997,1,2
1852,Usman Chaudhry,646.86,147.0,1,6
6329,Bilal Siddiqui,646.79,142.73999999999995,1,1
5777,Hira Memon,643.4,91.97000000000003,1,1
7307,Ali Ali,641.5999999999999,107.24999999999989,1,5
781,Bilal Shah,640.92,162.29999999999995,1,2
4676,Hira Ahmed,638.68,144.21999999999997,1,1
7755,Imran Siddiqui,637.76,116.67999999999995,1,2
7811,Maham Ali,636.84,76.68000000000006,1,2
1083,Saad Chaudhry,635.5300000000001,187.25000000000006,1,7
8726,Ayesha Chaudhry,632.25,114.68999999999994,1,3
359,Zainab Sheikh,632.2,244.8,1,5
5194,Hussain Memon,631.6,223.70000000000005,1,2
3017,Maham Iqbal,631.55,126.75,1,5
5786,Ahmed Buriro,623.0,142.39999999999998,1,2
1793,Maham Shah,621.51,51.690000000000055,1,3
1946,Sana Chaudhry,621.1800000000001,83.31000000000006,1,3
7340,Hira Chaudhry,620.63,90.01999999999998,1,1
9839,Ahmed Mirza,620.58,164.55000000000007,1,3
8131,Imran Hussain,619.44,93.86000000000001,1,2
4667,Maryam Mirza,618.66,182.0999999999999,1,6
7063,Ahmed Malik,616.44,162.00000000000006,1,4
1037,Ayesha Qureshi,615.91,138.72999999999996,1,1
4903,Fahad Ahmed,615.41,12.409999999999968,1,1
3294,Zainab Sheikh,611.69,100.48000000000008,1,1
8011,Hamza Iqbal,611.66,9.709999999999923,1,1
5227,Imran Ahmed,610.02,182.69,1,1
7630,Omar Mirza,609.5,145.01999999999998,1,2
8742,Sara Hussain,606.45,174.04000000000002,1,1
4345,Zainab Memon,603.76,104.83999999999997,1,4
7302,Maham Hussain,600.98,25.370000000000005,1,1
2320,Maryam Chaudhry,600.72,79.94000000000005,1,1
3848,Maryam Memon,600.2,203.55,2,5
8000,Hira Iqbal,599.8,137.67999999999995,1,4
704,Hamza Chaudhry,599.36,152.92000000000002,1,4
826,Hussain Khan,599.2,131.96000000000004,1,4
8168,Sana Iqbal,597.52,13.600000000000023,1,2
2502,Maryam Memon,596.4699999999999,169.79999999999995,2,7
2051,Ahmed Iqbal,596.44,141.20000000000005,1,4
8524,Fatima Siddiqui,595.64,96.03999999999996,1,4
6843,Ahmed Memon,595.55,-9.460000000000036,1,1
9136,Ayesha Memon,595.12,57.56000000000006,1,4
2443,Ali Shah,594.87,184.68000000000006,1,3
5565,Imran Chaudhry,594.0,119.14999999999998,1,5
1474,Sana Sheikh,592.8,43.77999999999997,1,2
6907,Bilal Buriro,592.75,49.64999999999998,1,5
914,Hassan Iqbal,590.52,91.71999999999997,1,4
9142,Ali Iqbal,588.36,207.84000000000003,1,4
8396,Ali Raza,588.3,175.61999999999995,1,6
4288,Saad Shah,585.02,103.88,1,1
3399,Ahmed Memon,584.98,63.42000000000007,1,2
6589,Fahad Mirza,584.43,177.84999999999997,1,1
3680,Fahad Khan,580.95,187.48000000000002,1,1
6898,Sana Khan,579.72,83.90000000000003,1,2
4384,Usman Sheikh,578.88,133.2,1,3
3669,Saad Qureshi,577.98,163.38000000000005,1,6
5434,Hamza Siddiqui,577.92,101.91999999999996,1,2
9536,Danish Qureshi,576.06,205.75999999999993,1,1
8219,Hassan Siddiqui,575.4,193.55,1,7
3183,Danish Sheikh,575.28,17.660000000000004,2,7
2370,Hamza Sheikh,573.7199999999999,83.2999999999999,1,7
79,Hassan Raza,572.96,165.56000000000006,1,2
3300,Hassan Khan,570.55,71.69999999999999,1,5
2385,Hassan Khan,570.4,79.78999999999996,1,1
1999,Ali Mirza,568.35,78.60000000000002,1,5
1103,Fatima Buriro,567.5699999999999,183.77999999999992,1,3
1586,Maryam Iqbal,563.85,164.75000000000006,1,5
9477,Sara Raza,560.88,119.61000000000001,1,3
9043,Sara Qureshi,558.84,64.00000000000006,1,4
3947,Hamza Shah,558.45,70.95000000000005,1,3
8594,Omar Siddiqui,558.42,48.819999999999936,1,2
3424,Hassan Siddiqui,556.54,148.23999999999995,1,2
8986,Saad Buriro,552.78,185.84999999999997,1,1
9826,Fatima Khan,551.09,31.230000000000018,1,1
649,Bilal Memon,550.48,38.780000000000086,1,7
2138,Ali Buriro,549.1500000000001,136.68000000000006,1,3
2191,Imran Ali,547.64,194.09999999999997,1,2
7308,Danish Buriro,546.6899999999999,97.52999999999997,1,3
9112,Ali Qureshi,546.54,135.41999999999996,1,6
500,Saad Sheikh,546.4200000000001,167.86000000000007,1,7
3420,Ahmed Mirza,545.79,16.93999999999994,1,7
3508,Ayesha Mirza,543.0600000000001,99.72000000000003,1,3
2021,Hamza Hussain,542.92,22.479999999999905,1,4
3208,Usman Khan,540.45,54.40000000000009,1,5
9740,Bilal Hussain,539.77,33.599999999999966,1,7
1698,Hamza Buriro,539.66,119.86999999999995,1,1
5381,Usman Shah,538.95,97.82000000000005,1,1
8766,Sara Siddiqui,537.86,125.06,1,2
7313,Hassan Siddiqui,536.17,38.589999999999975,2,3
8789,Ayesha Malik,535.52,100.57999999999998,1,2
6077,Sara Hussain,534.68,125.05999999999995,1,1
3041,Fahad Qureshi,533.94,93.56000000000006,1,2
120,Hamza Hussain,533.92,63.809999999999945,1,1
9783,Omar Hussain,530.73,64.32,1,1
337,Maryam Ali,529.6,119.56,1,4
9462,Hamza Khan,529.4399999999999,99.32999999999993,1,3
2361,Sana Mirza,528.9,-1.6700000000000728,1,1
8536,Maryam Shah,528.76,65.75999999999999,1,2
4443,Hussain Chaudhry,528.26,67.65999999999997,1,1
9313,Hassan Shah,527.84,116.76000000000005,1,4
2090,Fatima Siddiqui,525.78,138.68999999999994,1,3
7459,Fahad Ali,523.57,146.92000000000007,1,1
2854,Ayesha Malik,519.08,87.92000000000002,1,4
2890,Sara Ali,518.74,141.79000000000002,1,1
6885,Sara Iqbal,518.22,150.28000000000003,1,1
8057,Ali Raza,514.3199999999999,-22.980000000000018,1,6
9338,Danish Raza,512.76,124.62,1,6
3711,Sara Chaudhry,510.72,107.96000000000004,1,4
209,Saad Ali,509.40000000000003,82.08000000000004,1,6
9399,Ali Buriro,509.17999999999995,136.77999999999992,1,7
2104,Imran Iqbal,507.39,165.57,1,1
523,Sara Ahmed,505.82,76.77999999999997,1,2
1475,Zainab Sheikh,504.28,55.31999999999999,1,4
85,Hamza Khan,504.15000000000003,107.37000000000006,1,3
4889,Danish Qureshi,503.97,32.190000000000055,1,3
4476,Hassan Hussain,502.59999999999997,145.10999999999996,1,7
3022,Omar Buriro,500.58,7.6299999999999955,1,1
7513,Hamza Khan,500.5,144.68,1,2
3797,Zainab Hussain,500.46000000000004,106.10000000000001,2,6
5275,Ayesha Qureshi,497.82,49.349999999999966,1,1
3780,Hassan Iqbal,497.7,65.07999999999998,1,2
4173,Hamza Iqbal,496.0,133.22000000000003,1,1
7266,Hussain Khan,495.63,78.69,1,1
1176,Zainab Buriro,495.06,124.16000000000003,1,2
7906,Omar Ahmed,493.66,120.20000000000005,1,2
7428,Zainab Ahmed,492.52,68.62,1,2
7198,Ayesha Chaudhry,492.24,102.78000000000003,1,6
1670,Fahad Chaudhry,491.13,48.690000000000055,1,3
751,Zainab Shah,488.44,65.71999999999997,1,2
5674,Maryam Raza,488.3,83.52000000000004,1,2
7169,Fatima Raza,486.77,132.82,1,1
366,Sara Siddiqui,486.64,133.32999999999998,1,1
5917,Maryam Buriro,484.89,19.94999999999999,1,7
1296,Ahmed Qureshi,483.48,157.44,1,1
2521,Omar Ahmed,481.81,120.18,1,1
1853,Imran Sheikh,480.88,145.07999999999998,1,2
156,Hira Memon,480.29999999999995,-2.5500000000000114,1,3
6012,Saad Memon,478.68,110.75999999999999,1,6
9229,Maham Buriro,477.94,75.58999999999997,1,1
9898,Saad Buriro,477.87,95.10000000000002,1,1
9432,Sara Shah,476.61,101.90999999999997,1,3
6573,Fahad Hussain,475.0,75.92000000000002,1,4
3928,Sara Mirza,474.29999999999995,97.01999999999992,1,6
8860,Hamza Shah,474.04,79.87,1,1
9606,Sana Iqbal,473.46,26.819999999999993,1,3
2369,Ahmed Qureshi,472.94,126.16000000000003,1,2
8935,Maryam Mirza,471.08,67.53999999999996,1,2
9595,Imran Sheikh,469.08,109.58999999999997,1,1
4975,Imran Raza,468.92,67.94,1,2
3390,Hassan Malik,468.29999999999995,64.04999999999995,1,3
251,Hassan Hussain,467.86,122.34000000000003,1,2
2808,Sana Memon,466.52,36.91999999999996,1,4
9139,Maham Malik,461.8,62.80000000000001,1,5
9384,Fatima Chaudhry,460.63,123.76999999999998,1,1
3188,Hassan Mirza,460.43,123.81,1,1
6114,Usman Iqbal,459.65999999999997,79.31999999999994,1,6
4880,Fahad Qureshi,459.63,99.06,1,3
9921,Fatima Shah,456.59,38.839999999999975,1,1
154,Hamza Raza,456.52,126.88,1,2
5366,Ayesha Iqbal,455.55,2.400000000000034,1,1
4409,Omar Chaudhry,454.77,104.66999999999996,1,1
1153,Imran Ali,454.64,107.80000000000001,1,2
5601,Saad Sheikh,452.64,73.13999999999999,1,2
3994,Danish Malik,448.98,130.34000000000003,1,2
4931,Zainab Buriro,448.90999999999997,56.41999999999996,1,7
7770,Imran Memon,447.87,92.24000000000001,1,1
2315,Maham Qureshi,447.32,52.04000000000002,1,4
2228,Maryam Ali,446.98,113.85999999999997,2,7
4847,Sana Ahmed,441.33000000000004,95.49000000000001,1,3
1979,Zainab Buriro,439.4200000000001,100.47000000000003,2,6
8084,Maryam Raza,436.41,79.33000000000004,1,1
2853,Hamza Mirza,435.88,101.89999999999998,1,2
6382,Hassan Chaudhry,435.46,14.099999999999966,1,2
164,Usman Khan,432.12,3.9399999999999977,1,2
6362,Hassan Hussain,431.5,136.10000000000002,1,1
5112,Ayesha Hussain,430.26,113.42000000000002,1,2
3279,Hassan Malik,430.04,25.24000000000001,1,4
9418,Ayesha Buriro,429.0,43.68000000000001,1,3
4757,Fatima Siddiqui,428.4,81.23999999999995,1,4
836,Maham Raza,426.63,36.44999999999999,1,3
9941,Maryam Chaudhry,426.52,52.39999999999998,1,2
4985,Usman Malik,422.5,33.97000000000003,1,1
6301,Danish Shah,421.68,83.06,1,2
2498,Maryam Shah,420.24,136.26,1,2
3081,Usman Shah,420.14,-2.400000000000034,1,2
1446,Hassan Raza,420.07,128.52999999999997,1,1
6110,Imran Hussain,416.93,79.35000000000002,1,1
6303,Danish Sheikh,416.6,32.80000000000001,1,2
6010,Ahmed Mirza,415.16,35.900000000000034,1,2
247,Maham Hussain,413.68,35.879999999999995,1,1
4398,Ayesha Buriro,411.04,63.08000000000004,1,2
1279,Maham Mirza,409.21,141.68,1,1
9933,Ayesha Sheikh,409.02,61.5,1,3
145,Zainab Sheikh,407.44,-7.639999999999986,1,1
8912,Bilal Sheikh,407.04,108.18,1,3
2646,Danish Chaudhry,405.2,78.69999999999999,1,2
9775,Fatima Buriro,404.52,111.79999999999995,1,4
1765,Hussain Ali,402.21,84.63,1,3
6848,Ahmed Siddiqui,401.46,122.94,1,6
4081,Hussain Qureshi,399.58,25.5,1,2
986,Danish Chaudhry,398.8,108.25,1,5
4539,Sara Ahmed,398.65000000000003,8.000000000000057,1,5
5702,Ali Ali,398.07,56.85000000000002,1,3
5571,Ahmed Ahmed,394.68,94.45999999999998,1,2
5264,Fahad Chaudhry,394.45,39.46999999999997,1,1
465,Ayesha Raza,393.36,68.12,1,4
3373,Fahad Mirza,389.64,19.879999999999995,1,1
6257,Saad Hussain,388.72,37.400000000000034,1,4
6211,Zainab Khan,388.71000000000004,94.71000000000004,1,7
2766,Sana Iqbal,388.44,97.11000000000001,1,1
8513,Maham Sheikh,383.8,56.35000000000002,1,5
798,Sara Ahmed,382.26,14.460000000000036,1,6
2957,Hira Ahmed,382.02,107.03999999999996,1,2
4090,Hira Ahmed,381.54,65.44,1,2
6586,Sara Shah,380.12,119.51999999999998,1,1
7709,Sana Qureshi,377.3,89.19999999999999,1,1
5428,Bilal Mirza,376.82,97.62,1,2
5928,Sara Mirza,376.75,51.44999999999999,1,5
9993,Maryam Qureshi,375.73,99.99000000000001,1,1
6383,Omar Hussain,375.2,78.5,1,2
6756,Danish Ali,373.08,4.839999999999975,1,2
8921,Fatima Siddiqui,372.44,30.319999999999993,1,4
4616,Sana Malik,366.94,95.07999999999998,1,2
5256,Sana Chaudhry,357.49,79.62,1,1
6457,Sara Sheikh,356.0,81.39999999999998,1,5
172,Maryam Sheikh,355.74,103.36000000000001,1,2
2805,Maryam Ali,354.76,68.38999999999999,1,7
9117,Hassan Ahmed,353.34000000000003,102.39000000000001,1,3
583,Zainab Ali,352.74,58.68000000000001,1,3
3270,Hamza Ahmed,351.24,43.31999999999999,1,3
9179,Sana Buriro,345.94,117.28999999999999,1,1
8675,Omar Ali,340.95000000000005,20.130000000000052,1,3
7445,Sara Khan,336.76,100.78,1,2
3105,Bilal Hussain,335.82,82.68,1,6
3009,Hamza Ali,334.4,67.57999999999998,1,2
9248,Imran Qureshi,333.44,106.63999999999999,1,4
3239,Usman Qureshi,332.5,10.620000000000005,1,1
8467,Ali Qureshi,331.32,67.19999999999999,1,4
7915,Imran Chaudhry,327.52,7.9599999999999795,1,2
9482,Zainab Qureshi,326.9,43.27999999999997,1,2
5096,Ali Raza,324.26,44.01999999999998,1,2
6228,Hussain Malik,322.94,83.63,1,1
2348,Sara Mirza,320.82,33.31,1,1
2603,Zainab Siddiqui,318.56,86.12,1,4
8765,Danish Qureshi,316.85,6.090000000000032,1,1
6796,Hussain Raza,316.74,52.77000000000004,1,3
3798,Fatima Buriro,310.20000000000005,5.640000000000043,1,6
5690,Hassan Chaudhry,309.64,87.11999999999998,1,4
9658,Fatima Khan,309.06,2.340000000000032,1,6
7930,Usman Memon,307.08,77.33999999999997,1,2
117,Ali Buriro,305.55,8.329999999999984,1,7
2634,Zainab Hussain,305.28,45.95999999999998,1,2
5871,Maryam Hussain,304.81,12.170000000000016,1,1
2688,Sara Memon,303.63,74.09999999999997,1,3
8306,Danish Ali,303.09999999999997,102.99999999999994,1,5
9990,Sana Qureshi,302.8,60.96000000000001,1,4
1087,Saad Buriro,302.7,42.920000000000016,1,2
3972,Sana Ahmed,300.44,46.879999999999995,1,4
2741,Saad Ali,298.27,43.46999999999997,1,1
6853,Sana Memon,297.78,69.16,1,7
7976,Hira Chaudhry,296.76,72.44,1,2
773,Usman Raza,296.2,27.879999999999995,1,2
5993,Hira Iqbal,293.8,61.120000000000005,1,4
6823,Hamza Sheikh,293.21,-9.090000000000032,1,1
8048,Usman Iqbal,292.2,100.16999999999999,1,1
6069,Ali Malik,291.6,29.640000000000043,1,4
5553,Hamza Qureshi,290.5,9.199999999999989,1,5
8195,Danish Chaudhry,286.75,16.100000000000023,1,1
9111,Hira Iqbal,286.68,69.21000000000001,1,1
319,Usman Malik,286.36,7.189999999999998,1,1
314,Hamza Qureshi,285.98,21.620000000000005,1,2
1864,Hassan Sheikh,285.0,82.75,1,5
518,Ahmed Buriro,283.66,56.170000000000016,1,1
7461,Zainab Sheikh,283.25,86.94,1,1
7067,Fahad Memon,282.1,79.62000000000003,1,1
6229,Usman Siddiqui,278.04,47.48000000000002,1,2
7988,Hira Iqbal,276.4,66.39999999999998,1,5
3417,Ayesha Hussain,276.14,18.21999999999997,1,2
8001,Saad Raza,273.63,56.620000000000005,1,1
4807,Ahmed Siddiqui,273.21,36.889999999999986,1,1
6614,Hussain Ali,272.36,52.620000000000005,1,2
6168,Sara Siddiqui,271.97,24.400000000000034,1,1
8794,Sana Buriro,270.71999999999997,70.5,1,6
845,Imran Ali,270.39,83.30999999999997,1,1
9003,Ali Sheikh,270.2,16.400000000000006,1,5
4129,Sana Buriro,265.02,54.74999999999997,1,1
3109,Ayesha Ahmed,264.72,-9.20999999999998,1,1
2740,Ahmed Raza,263.84,88.69999999999999,1,2
3904,Usman Sheikh,263.57,12.47999999999999,1,1
662,Zainab Chaudhry,263.02,25.109999999999985,1,1
5740,Hussain Qureshi,260.33,77.10999999999999,1,1
5198,Bilal Qureshi,257.82,5.850000000000023,1,3
2684,Ahmed Raza,256.97,64.75000000000003,1,7
4493,Usman Iqbal,254.56,9.080000000000013,1,4
6671,Ali Qureshi,254.45,18.75,1,5
1750,Hassan Siddiqui,253.32,32.34,1,3
5943,Maham Ahmed,252.03000000000003,89.79000000000002,1,3
1685,Ayesha Ali,248.88,40.120000000000005,1,4
9847,Saad Mirza,247.45000000000002,40.46000000000001,1,7
4254,Fatima Sheikh,247.39999999999998,8.349999999999966,1,5
795,Fahad Khan,242.74,40.08000000000001,1,1
6665,Imran Shah,240.89999999999998,71.63999999999999,1,6
1155,Hamza Raza,240.44,26.810000000000002,1,1
6607,Maryam Mirza,240.28,39.400000000000006,1,4
9110,Imran Qureshi,239.6,40.23999999999998,1,4
8609,Hira Shah,238.98,40.23999999999998,1,1
1819,Zainab Sheikh,238.7,36.29999999999998,1,2
3095,Hassan Siddiqui,238.3,46.5,1,2
6017,Saad Ahmed,237.88,21.599999999999994,1,2
3374,Ali Ahmed,235.62,29.189999999999998,1,3
8143,Hamza Malik,235.55,57.599999999999994,1,5
3724,Hassan Siddiqui,233.57,51.01999999999998,1,1
2288,Sara Buriro,232.82,59.079999999999984,1,7
1015,Zainab Qureshi,229.63,72.03,1,1
491,Sana Memon,225.7,61.329999999999984,1,1
2664,Sana Shah,221.75,5.22999999999999,1,1
5404,Sara Ahmed,220.06,78.07,1,1
4104,Fatima Malik,220.04,17.0,1,4
9073,Hira Hussain,219.78,60.140000000000015,1,2
2144,Sara Mirza,218.8,33.48000000000002,1,4
5627,Hamza Buriro,218.32,29.560000000000002,1,4
9611,Maryam Iqbal,218.11,71.32000000000002,1,1
9576,Ahmed Raza,216.92999999999998,70.69999999999996,1,7
1179,Ayesha Shah,215.69,23.47,1,1
421,Bilal Hussain,215.03,44.41999999999999,1,1
8587,Fatima Ahmed,210.39,44.339999999999975,1,3
9703,Usman Iqbal,210.28,43.610000000000014,1,7
9198,Bilal Shah,208.85,44.359999999999985,1,1
3269,Hamza Iqbal,208.6,61.91999999999999,1,4
4276,Fahad Khan,206.78,9.240000000000009,1,1
1067,Zainab Qureshi,205.56,69.66000000000003,1,6
3514,Usman Iqbal,204.1,75.44999999999999,1,1
514,Ahmed Malik,203.45999999999998,53.93999999999997,1,3
7188,Maryam Malik,202.02,43.02000000000001,1,3
742,Bilal Ali,201.38,45.81,1,1
3406,Danish Mirza,201.20000000000002,15.650000000000006,1,5
6666,Sara Memon,201.19,36.69999999999999,1,1
9621,Ali Ahmed,200.74,49.150000000000006,1,1
2612,Imran Mirza,200.61,37.20000000000002,1,3
4074,Saad Ahmed,200.26,72.22,1,2
1218,Fatima Raza,199.58,44.10000000000002,1,2
3099,Maryam Shah,199.32,65.13,1,3
9038,Hamza Raza,195.68,33.360000000000014,1,2
1313,Imran Raza,195.59,60.360000000000014,1,1
5488,Danish Ahmed,194.14,30.879999999999995,1,2
5793,Hamza Ali,193.89,14.189999999999998,1,1
3106,Ahmed Memon,193.41,55.26000000000002,1,3
3672,Danish Hussain,192.60000000000002,67.26000000000002,1,6
7586,Saad Qureshi,191.48,20.19999999999999,1,4
4343,Hira Raza,191.22,17.439999999999998,1,1
7763,Sara Shah,190.87,22.05000000000001,1,1
5812,Maham Ali,190.61,60.130000000000024,1,1
2426,Imran Memon,189.12,17.200000000000017,1,1
3053,Danish Hussain,188.64000000000001,32.07000000000002,1,3
2140,Sara Mirza,186.03,64.2,1,1
2029,Danish Sheikh,184.52,-9.119999999999976,1,4
335,Imran Ali,181.78,64.72,1,2
7775,Hamza Memon,176.82,24.71999999999997,1,6
5933,Fahad Malik,176.78,45.120000000000005,1,1
9590,Saad Ahmed,176.16,49.55999999999999,1,3
6179,Saad Qureshi,175.47,19.110000000000014,1,3
7937,Hassan Shah,174.66,50.46000000000001,1,6
358,Imran Buriro,173.48,31.75999999999999,1,4
2178,Fatima Mirza,173.36,36.32000000000002,1,2
7855,Ali Shah,172.58,44.5,1,2
6769,Fatima Mirza,170.85000000000002,39.900000000000006,1,5
7074,Omar Sheikh,169.23,24.17999999999998,1,1
6526,Hassan Iqbal,167.78,42.980000000000004,1,2
9862,Sana Sheikh,166.22,9.609999999999985,1,1
494,Maryam Malik,165.05,56.670000000000016,1,1
5156,Omar Khan,163.79999999999998,40.52999999999999,1,7
1801,Ayesha Hussain,163.67,57.849999999999994,1,1
6462,Hussain Buriro,162.68,32.120000000000005,1,4
5374,Sana Raza,162.65,27.900000000000006,1,1
7152,Ahmed Buriro,161.11,35.70000000000002,1,1
4942,Omar Khan,160.71,54.890000000000015,1,1
942,Hussain Mirza,159.81,26.25,1,7
935,Ali Buriro,158.66,28.560000000000002,1,1
1623,Sara Mirza,158.57999999999998,37.94999999999999,1,3
5013,Ahmed Shah,157.64999999999998,39.71999999999997,1,3
1538,Sana Buriro,157.38,30.779999999999987,1,3
7392,Usman Khan,157.21,45.60000000000001,1,1
981,Danish Iqbal,152.4,14.180000000000007,1,2
8136,Ahmed Siddiqui,151.98,43.04999999999998,1,3
1136,Hamza Malik,146.52,15.960000000000008,1,4
708,Sana Buriro,146.34,16.28,1,1
7956,Danish Memon,145.26,18.629999999999995,1,3
4235,Sara Ali,144.41,20.299999999999997,1,7
1905,Zainab Hussain,144.35,22.239999999999995,1,1
6158,Zainab Khan,142.93,27.200000000000003,1,1
5322,Maham Hussain,142.48,45.519999999999996,1,2
162,Maryam Chaudhry,142.29,5.6699999999999875,1,3
2832,Fahad Siddiqui,141.93,47.82000000000001,1,3
9269,Fatima Chaudhry,141.83,17.10000000000001,1,1
9196,Usman Ahmed,141.71,25.370000000000005,1,1
1718,Usman Hussain,141.03,18.30000000000001,1,3
3980,Saad Hussain,140.57999999999998,13.199999999999989,1,3
6135,Bilal Malik,140.33,28.940000000000012,1,1
936,Ali Shah,139.92,28.139999999999986,1,2
2237,Fatima Ahmed,139.72,27.58,1,2
4789,Omar Ahmed,136.82,15.709999999999994,1,1
4874,Usman Raza,135.32999999999998,35.48999999999998,1,3
3906,Zainab Memon,134.42,39.79999999999998,1,2
4576,Danish Ahmed,134.39999999999998,48.869999999999976,1,3
9149,Ahmed Qureshi,134.2,48.83999999999999,1,1
7958,Ayesha Shah,133.6,19.83999999999999,1,1
8793,Hussain Malik,133.5,15.539999999999992,1,3
9808,Usman Khan,131.04,43.5,1,6
6818,Sana Ahmed,129.28,49.69,1,1
7968,Sana Mirza,127.04,22.66000000000001,1,2
4580,Sana Ali,126.45,5.269999999999996,1,1
1987,Hassan Shah,125.27,47.78999999999999,1,1
8506,Hamza Malik,123.33,28.379999999999995,1,1
3937,Ayesha Qureshi,122.99000000000001,41.09000000000002,1,7
9245,Saad Qureshi,119.61,12.670000000000002,1,1
5932,Maryam Shah,119.49000000000001,39.13000000000001,1,7
2125,Imran Qureshi,118.48,22.86,1,2
3531,Fatima Khan,115.26,30.959999999999994,1,6
9814,Hira Khan,115.14000000000001,30.51000000000002,1,3
5007,Hira Buriro,112.92,21.60000000000001,1,4
9284,Ahmed Ahmed,111.57,21.389999999999986,1,1
4546,Zainab Malik,111.4,11.690000000000012,1,1
7020,Ali Raza,110.86,12.909999999999997,1,1
7173,Hussain Buriro,110.25,9.209999999999994,1,1
835,Zainab Memon,109.5,4.5,1,2
6777,Danish Qureshi,109.41,2.009999999999991,1,1
9334,Ali Hussain,107.85,12.450000000000003,1,5
8206,Saad Qureshi,106.1,25.679999999999993,1,2
4323,Ali Hussain,104.74,4.61999999999999,1,1
1926,Sara Khan,103.48,14.689999999999998,1,1
2010,Hussain Memon,102.24,33.36,1,6
7887,Maham Malik,101.94,32.519999999999996,1,6
534,Imran Hussain,101.23,32.13000000000001,1,1
1767,Ahmed Iqbal,101.02,5.3999999999999915,1,2
8750,Maham Raza,99.22,24.659999999999997,1,2
3787,Hussain Iqbal,98.8,17.039999999999992,1,1
1954,Sara Iqbal,97.53,19.260000000000005,1,3
4274,Sara Mirza,93.38,22.19999999999999,1,2
1168,Sana Raza,93.13,20.36999999999999,1,1
547,Danish Qureshi,92.0,5.8799999999999955,1,1
3030,Maryam Qureshi,88.64,3.0,1,2
9234,Maham Chaudhry,88.54,31.540000000000006,1,1
5823,Fatima Memon,87.46,20.33999999999999,1,2
9222,Fahad Malik,84.9,10.89,1,3
1066,Sara Iqbal,83.01,12.55,2,2
4620,Maryam Sheikh,77.31,8.790000000000006,1,1
3518,Danish Ahmed,77.28,22.810000000000002,1,1
5535,Ayesha Mirza,76.96,7.1699999999999875,1,1
4650,Danish Siddiqui,76.1,20.07999999999999,1,2
9278,Hussain Khan,74.82,13.109999999999992,1,1
4334,Fahad Sheikh,74.79,20.160000000000004,1,1
8816,Omar Malik,71.91,2.6999999999999886,1,3
574,Zainab Buriro,71.36,24.119999999999997,1,2
5608,Fatima Raza,69.35,4.25,1,1
9023,Maryam Chaudhry,69.1,6.719999999999992,1,1
3042,Usman Chaudhry,68.94,24.21,1,1
9890,Ali Chaudhry,68.1,18.459999999999994,1,2
4661,Bilal Memon,62.88,-0.0799999999999983,1,1
1044,Sara Hussain,61.54,10.799999999999997,1,2
4080,Imran Siddiqui,60.42,17.230000000000004,1,1
9047,Fatima Shah,57.42,6.119999999999997,1,6
8655,Usman Qureshi,51.78,1.259999999999998,1,1
1325,Imran Malik,50.32,12.32,1,4
6674,Fatima Siddiqui,48.48,17.109999999999996,1,1
4290,Imran Hussain,47.09,13.380000000000003,1,1
7700,Usman Raza,46.48,1.7399999999999949,1,1
7860,Ali Buriro,43.69,0.5300000000000011,1,1
8265,Imran Hussain,42.1,6.300000000000004,1,5
7034,Fatima Ali,39.96,6.399999999999999,1,1
365,Fatima Hussain,39.92,5.359999999999999,1,4
9689,Fatima Ali,38.6,10.39,1,1
2975,Imran Sheikh,35.76,5.25,1,3
498,Zainab Hussain,32.89,5.43,1,1
7680,Zainab Iqbal,31.06,8.54,1,2
9531,Omar Raza,29.98,7.260000000000002,1,2
1415,Maryam Ali,29.6,11.41,1,1
748,Ayesha Siddiqui,23.6,4.800000000000001,1,2
9824,Hira Siddiqui,18.26,4.290000000000001,1,1
6896,Hassan Ali,18.08,2.219999999999999,1,2
6300,Ayesha Iqbal,15.14,3.1000000000000014,1,2
4965,Usman Shah,14.98,4.9,1,2
846,Maham Chaudhry,14.62,2.879999999999999,1,2
