customer_id,customer_name,total_orders,total_quantity,total_revenue,total_cost,total_profit,first_purchase,last_purchase,average_order_value,customer_lifespan_days,profit_margin,customer_lifetime_value,customer_segment
2422,Ahmed Ahmed,5,23,36477.92,28139.63,8338.29,2022-07-05,2026-02-15,7295.58,1321,22.86,36477.92,VIP
356,Hira Sheikh,4,25,32583.2,23469.29,9113.91,2022-12-09,2025-10-25,8145.8,1051,27.97,32583.2,VIP
3569,Sana Mirza,6,22,32108.28,23685.84,8422.44,2022-07-22,2023-05-10,5351.38,292,26.23,32108.28,VIP
9459,Maham Raza,4,20,31923.02,24509.52,7413.5,2022-12-30,2025-12-14,7980.75,1080,23.22,31923.02,VIP
2184,Hussain Ahmed,3,19,31444.61,24598.48,6846.13,2023-05-20,2023-12-31,10481.54,225,21.77,31444.61,VIP
7262,Fatima Mirza,4,19,31202.34,22512.57,8689.77,2022-03-05,2024-05-22,7800.58,809,27.85,31202.34,VIP
7454,Hassan Hussain,4,21,30986.44,24331.11,6655.33,2022-08-20,2026-05-14,7746.61,1363,21.48,30986.44,VIP
9434,Maryam Siddiqui,4,22,30975.52,21508.99,9466.53,2023-08-06,2025-10-27,7743.88,813,30.56,30975.52,VIP
5324,Omar Khan,5,24,30511.51,23656.65,6854.86,2022-01-23,2026-08-06,6102.3,1656,22.47,30511.51,VIP
7023,Danish Qureshi,3,19,27789.34,22418.87,5370.47,2023-07-20,2026-01-27,9263.11,922,19.33,27789.34,VIP
7090,Saad Malik,5,18,27552.01,19557.19,7994.82,2023-09-18,2025-06-27,5510.4,648,29.02,27552.01,VIP
7648,Hamza Qureshi,4,18,27501.51,21859.39,5642.12,2022-02-12,2025-10-01,6875.38,1327,20.52,27501.51,VIP
8385,Sana Ahmed,4,22,27414.09,20959.4,6454.69,2022-01-10,2025-03-18,6853.52,1163,23.55,27414.09,VIP
6127,Zainab Shah,4,19,26912.57,19561.75,7350.82,2022-04-29,2024-03-30,6728.14,701,27.31,26912.57,VIP
2076,Hamza Sheikh,4,16,26802.1,18834.8,7967.3,2022-07-23,2026-01-17,6700.52,1274,29.73,26802.1,VIP
1183,Maham Ali,4,19,26193.84,19686.15,6507.69,2022-08-06,2025-07-20,6548.46,1079,24.84,26193.84,VIP
694,Sana Malik,3,19,25975.18,22566.91,3408.27,2024-02-14,2026-02-05,8658.39,722,13.12,25975.18,VIP
9547,Bilal Memon,5,22,25913.32,20826.59,5086.73,2022-05-18,2025-01-03,5182.66,961,19.63,25913.32,VIP
7274,Fahad Shah,4,23,25826.01,20438.82,5387.19,2023-04-27,2026-03-13,6456.5,1051,20.86,25826.01,VIP
244,Hamza Sheikh,3,19,25685.92,17926.25,7759.67,2023-03-25,2026-05-05,8561.97,1137,30.21,25685.92,VIP
3767,Danish Sheikh,4,19,25663.7,20020.86,5642.84,2022-04-02,2025-11-13,6415.92,1321,21.99,25663.7,VIP
5351,Fatima Chaudhry,5,23,25572.86,21209.63,4363.23,2023-04-12,2026-07-08,5114.57,1183,17.06,25572.86,VIP
1359,Ayesha Memon,3,18,25503.3,18087.96,7415.34,2025-06-19,2026-07-01,8501.1,377,29.08,25503.3,VIP
5360,Bilal Mirza,5,24,25394.32,19949.98,5444.34,2022-02-06,2025-12-10,5078.86,1403,21.44,25394.32,VIP
8920,Imran Buriro,3,16,25383.05,19467.71,5915.34,2024-06-10,2026-08-06,8461.02,787,23.3,25383.05,VIP
5952,Usman Siddiqui,3,17,25271.22,21694.92,3576.3,2022-12-17,2025-05-05,8423.74,870,14.15,25271.22,VIP
3311,Hassan Iqbal,4,24,25258.18,20078.96,5179.22,2023-01-05,2025-06-14,6314.54,891,20.51,25258.18,VIP
1894,Hussain Khan,4,19,25193.57,17379.78,7813.79,2022-05-07,2025-11-19,6298.39,1292,31.02,25193.57,VIP
6453,Imran Sheikh,4,20,25172.63,17119.69,8052.94,2022-04-29,2026-01-01,6293.16,1343,31.99,25172.63,VIP
6812,Maryam Malik,3,19,24967.69,19047.56,5920.13,2026-02-23,2026-04-22,8322.56,58,23.71,24967.69,VIP
6768,Omar Sheikh,3,16,24965.58,17666.28,7299.3,2022-07-04,2024-11-25,8321.86,875,29.24,24965.58,VIP
2052,Hussain Khan,2,14,24953.74,16362.01,8591.73,2023-02-21,2026-05-21,12476.87,1185,34.43,24953.74,VIP
2950,Maryam Chaudhry,3,17,24947.54,20168.87,4778.67,2023-03-26,2026-02-06,8315.85,1048,19.15,24947.54,VIP
9894,Hira Chaudhry,5,23,24857.19,17284.77,7572.42,2022-01-03,2026-01-16,4971.44,1474,30.46,24857.19,VIP
8968,Ayesha Malik,4,18,24808.67,22381.02,2427.65,2022-01-19,2026-07-17,6202.17,1640,9.79,24808.67,VIP
7466,Omar Khan,2,14,24803.31,18341.05,6462.26,2023-07-09,2025-03-08,12401.66,608,26.05,24803.31,VIP
6679,Maryam Khan,5,19,24666.68,19714.05,4952.63,2022-11-25,2025-12-23,4933.34,1124,20.08,24666.68,VIP
4331,Imran Ali,4,17,24618.42,17729.49,6888.93,2024-07-01,2026-06-14,6154.6,713,27.98,24618.42,VIP
2440,Hira Buriro,3,15,24575.91,17080.5,7495.41,2023-12-07,2025-02-26,8191.97,447,30.5,24575.91,VIP
3764,Hamza Shah,4,23,24557.06,20008.93,4548.13,2022-01-22,2025-07-27,6139.26,1282,18.52,24557.06,VIP
4078,Ayesha Raza,4,17,24493.2,17573.75,6919.45,2022-11-10,2026-07-27,6123.3,1355,28.25,24493.2,VIP
4320,Maham Qureshi,2,14,24455.83,19434.17,5021.66,2022-03-14,2025-12-29,12227.92,1386,20.53,24455.83,VIP
1884,Hira Buriro,3,17,24426.63,21770.82,2655.81,2022-02-04,2026-02-21,8142.21,1478,10.87,24426.63,VIP
698,Usman Raza,5,27,24418.7,20567.47,3851.23,2022-06-25,2025-07-20,4883.74,1121,15.77,24418.7,VIP
3615,Imran Hussain,5,24,24384.38,17554.42,6829.96,2022-10-26,2026-05-04,4876.88,1286,28.01,24384.38,VIP
130,Hussain Raza,3,16,24336.92,18646.7,5690.22,2022-08-30,2025-03-05,8112.31,918,23.38,24336.92,VIP
6763,Sana Chaudhry,3,15,24187.05,18595.98,5591.07,2022-11-24,2026-04-25,8062.35,1248,23.12,24187.05,VIP
8405,Hira Chaudhry,3,15,24138.63,16645.23,7493.4,2023-03-16,2024-08-25,8046.21,528,31.04,24138.63,VIP
6212,Fatima Buriro,5,19,24120.14,19399.91,4720.23,2022-06-26,2026-01-29,4824.03,1313,19.57,24120.14,VIP
5783,Hussain Siddiqui,2,12,23981.6,16487.61,7493.99,2023-11-14,2023-12-09,11990.8,25,31.25,23981.6,VIP
3694,Maham Raza,4,21,23923.32,18662.98,5260.34,2022-07-07,2025-12-07,5980.83,1249,21.99,23923.32,VIP
8915,Maham Siddiqui,6,17,23891.65,18524.26,5367.39,2022-11-12,2026-02-17,3981.94,1193,22.47,23891.65,VIP
2122,Danish Khan,3,18,23868.56,18575.08,5293.48,2022-10-24,2024-09-22,7956.19,699,22.18,23868.56,VIP
5461,Maryam Memon,3,17,23643.49,17575.34,6068.15,2022-07-17,2025-05-17,7881.16,1035,25.67,23643.49,VIP
4275,Ahmed Shah,3,16,23635.72,16424.52,7211.2,2024-06-16,2026-04-11,7878.57,664,30.51,23635.72,VIP
5411,Fahad Malik,4,23,23525.99,17941.3,5584.69,2023-01-27,2025-11-26,5881.5,1034,23.74,23525.99,VIP
7209,Fahad Ahmed,4,19,23504.37,18869.29,4635.08,2023-12-26,2024-04-26,5876.09,122,19.72,23504.37,VIP
8470,Maham Qureshi,5,21,23466.63,19948.8,3517.83,2022-05-01,2025-05-25,4693.33,1120,14.99,23466.63,VIP
4482,Fahad Hussain,3,16,23418.53,17660.35,5758.18,2022-05-31,2026-01-25,7806.18,1335,24.59,23418.53,VIP
4856,Hassan Iqbal,4,19,23416.17,18551.52,4864.65,2023-11-10,2026-04-27,5854.04,899,20.77,23416.17,VIP
1846,Ayesha Hussain,3,15,23319.21,17011.92,6307.29,2022-04-09,2024-09-25,7773.07,900,27.05,23319.21,VIP
8531,Sana Hussain,2,14,23311.89,19519.64,3792.25,2023-08-05,2025-08-12,11655.94,738,16.27,23311.89,VIP
6788,Maryam Memon,3,15,23104.56,17768.82,5335.74,2022-04-09,2024-08-16,7701.52,860,23.09,23104.56,VIP
245,Maham Hussain,2,10,23080.18,14498.54,8581.64,2023-07-12,2024-04-07,11540.09,270,37.18,23080.18,VIP
2121,Hamza Malik,4,18,23067.28,16885.86,6181.42,2022-01-25,2026-04-24,5766.82,1550,26.8,23067.28,VIP
2639,Usman Mirza,4,20,23048.48,19631.22,3417.26,2022-04-09,2024-10-28,5762.12,933,14.83,23048.48,VIP
3755,Maryam Siddiqui,5,20,22993.08,18440.83,4552.25,2022-05-12,2024-10-25,4598.62,897,19.8,22993.08,VIP
3125,Ahmed Ahmed,2,13,22897.54,17013.81,5883.73,2022-12-15,2025-09-12,11448.77,1002,25.7,22897.54,VIP
6204,Fatima Ahmed,3,15,22859.92,17680.19,5179.73,2023-01-16,2025-04-30,7619.97,835,22.66,22859.92,VIP
9749,Ayesha Mirza,3,20,22839.52,15741.18,7098.34,2023-08-04,2026-04-13,7613.17,983,31.08,22839.52,VIP
7720,Fatima Siddiqui,4,20,22735.34,19248.98,3486.36,2022-06-28,2024-04-27,5683.84,669,15.33,22735.34,VIP
123,Maryam Ali,3,20,22718.27,18271.66,4446.61,2022-12-09,2025-10-01,7572.76,1027,19.57,22718.27,VIP
74,Ali Shah,2,12,22619.76,17277.9,5341.86,2022-07-02,2022-07-27,11309.88,25,23.62,22619.76,VIP
4596,Hassan Iqbal,3,16,22602.31,16450.5,6151.81,2022-04-30,2024-07-06,7534.1,798,27.22,22602.31,VIP
9051,Fatima Ali,3,14,22592.42,16474.02,6118.4,2022-03-08,2022-09-29,7530.81,205,27.08,22592.42,VIP
4337,Bilal Khan,3,13,22479.43,18232.74,4246.69,2022-03-22,2026-01-23,7493.14,1403,18.89,22479.43,VIP
9032,Zainab Chaudhry,4,16,22407.99,17422.99,4985.0,2023-01-10,2026-07-01,5602.0,1268,22.25,22407.99,VIP
9714,Ayesha Buriro,3,17,22272.74,16294.56,5978.18,2023-08-21,2025-11-10,7424.25,812,26.84,22272.74,VIP
5848,Fahad Shah,2,13,22256.68,16623.24,5633.44,2024-11-23,2026-06-04,11128.34,558,25.31,22256.68,VIP
9630,Ayesha Hussain,4,16,21984.02,14912.49,7071.53,2022-03-29,2026-03-10,5496.0,1442,32.17,21984.02,VIP
6254,Hamza Qureshi,3,17,21949.01,16231.73,5717.28,2022-05-09,2025-09-10,7316.34,1220,26.05,21949.01,VIP
4049,Hamza Qureshi,6,18,21917.16,16118.19,5798.97,2022-11-18,2025-03-04,3652.86,837,26.46,21917.16,VIP
7625,Saad Siddiqui,3,14,21818.01,16094.48,5723.53,2023-06-21,2024-10-18,7272.67,485,26.23,21818.01,VIP
7813,Hira Memon,3,16,21772.02,15313.58,6458.44,2023-05-07,2025-10-11,7257.34,888,29.66,21772.02,VIP
8739,Ali Buriro,2,12,21534.09,16792.53,4741.56,2022-10-06,2026-07-20,10767.04,1383,22.02,21534.09,VIP
9494,Ayesha Raza,2,13,21508.8,17541.18,3967.62,2023-09-07,2024-11-12,10754.4,432,18.45,21508.8,VIP
5029,Sara Raza,2,13,21464.86,17393.64,4071.22,2023-03-07,2023-12-31,10732.43,299,18.97,21464.86,VIP
473,Hassan Ali,3,14,21391.57,16828.41,4563.16,2023-06-14,2024-08-27,7130.52,440,21.33,21391.57,VIP
6985,Saad Malik,4,28,21351.19,16904.86,4446.33,2022-01-09,2026-03-30,5337.8,1541,20.82,21351.19,VIP
7570,Ayesha Iqbal,3,14,21290.61,18473.4,2817.21,2022-07-20,2025-12-13,7096.87,1242,13.23,21290.61,VIP
2219,Hira Iqbal,3,17,21259.29,16280.66,4978.63,2022-04-04,2025-10-26,7086.43,1301,23.42,21259.29,VIP
3561,Zainab Memon,2,13,21257.62,16776.95,4480.67,2022-12-07,2023-09-25,10628.81,292,21.08,21257.62,VIP
6060,Hassan Chaudhry,3,13,21224.37,17600.72,3623.65,2026-01-14,2026-02-20,7074.79,37,17.07,21224.37,VIP
7168,Hira Ahmed,2,14,21215.04,17503.5,3711.54,2023-04-01,2024-03-13,10607.52,347,17.49,21215.04,VIP
6619,Imran Shah,2,11,21179.68,13628.92,7550.76,2025-06-22,2025-10-16,10589.84,116,35.65,21179.68,VIP
3340,Imran Sheikh,2,14,21092.96,16256.17,4836.79,2022-05-12,2024-12-22,10546.48,955,22.93,21092.96,VIP
5368,Omar Buriro,2,14,21081.55,15601.88,5479.67,2025-01-19,2026-07-22,10540.78,549,25.99,21081.55,VIP
2480,Imran Iqbal,3,18,21059.4,17436.36,3623.04,2022-05-17,2023-08-17,7019.8,457,17.2,21059.4,VIP
9478,Fahad Buriro,2,13,21044.8,14673.96,6370.84,2023-05-21,2024-05-31,10522.4,376,30.27,21044.8,VIP
6952,Sara Iqbal,3,13,21012.49,16242.49,4770.0,2026-06-27,2026-08-21,7004.16,55,22.7,21012.49,VIP
7795,Fahad Hussain,2,12,20978.01,16080.58,4897.43,2024-04-02,2024-12-21,10489.0,263,23.35,20978.01,VIP
1212,Hassan Mirza,3,14,20929.29,15147.15,5782.14,2023-11-21,2025-10-14,6976.43,693,27.63,20929.29,VIP
4044,Hira Chaudhry,3,14,20906.78,15141.18,5765.6,2022-02-24,2026-03-09,6968.93,1474,27.58,20906.78,VIP
1142,Hamza Buriro,3,14,20898.68,16631.17,4267.51,2023-10-05,2024-04-27,6966.23,205,20.42,20898.68,VIP
4533,Maryam Hussain,2,11,20889.1,14848.11,6040.99,2022-09-11,2025-10-18,10444.55,1133,28.92,20889.1,VIP
3132,Usman Chaudhry,2,11,20824.83,14994.93,5829.9,2024-10-30,2025-08-18,10412.42,292,27.99,20824.83,VIP
6581,Omar Mirza,3,15,20812.86,15347.55,5465.31,2022-04-13,2023-03-16,6937.62,337,26.26,20812.86,VIP
9151,Hassan Qureshi,2,13,20765.04,14734.62,6030.42,2022-11-10,2022-11-30,10382.52,20,29.04,20765.04,VIP
9912,Sana Hussain,5,19,20726.73,14824.06,5902.67,2023-02-11,2026-07-13,4145.35,1248,28.48,20726.73,VIP
7659,Hussain Ahmed,2,13,20713.25,15381.22,5332.03,2022-05-15,2022-12-24,10356.62,223,25.74,20713.25,VIP
8777,Zainab Siddiqui,5,16,20631.82,16246.68,4385.14,2022-01-25,2025-08-24,4126.36,1307,21.25,20631.82,VIP
7350,Hamza Ali,2,13,20601.03,16960.15,3640.88,2025-06-11,2025-06-17,10300.52,6,17.67,20601.03,VIP
6660,Bilal Siddiqui,3,12,20588.2,14269.69,6318.51,2023-10-26,2026-07-30,6862.73,1008,30.69,20588.2,VIP
9727,Ahmed Shah,2,12,20541.44,14362.14,6179.3,2025-06-09,2026-01-17,10270.72,222,30.08,20541.44,VIP
9083,Fahad Ali,2,14,20318.48,14023.45,6295.03,2022-07-22,2024-10-14,10159.24,815,30.98,20318.48,VIP
635,Saad Khan,3,17,20268.66,16980.95,3287.71,2024-01-30,2025-11-08,6756.22,648,16.22,20268.66,VIP
6624,Ali Siddiqui,4,17,20224.93,14365.58,5859.35,2023-12-15,2026-01-03,5056.23,750,28.97,20224.93,VIP
1267,Imran Ahmed,4,24,20223.68,18400.0,1823.68,2022-07-28,2025-10-20,5055.92,1180,9.02,20223.68,VIP
1499,Hamza Qureshi,4,18,20120.84,15787.62,4333.22,2023-04-23,2025-12-20,5030.21,972,21.54,20120.84,VIP
726,Bilal Khan,3,13,20082.45,14941.87,5140.58,2023-08-30,2025-06-25,6694.15,665,25.6,20082.45,VIP
439,Zainab Buriro,3,17,20073.27,14632.16,5441.11,2024-01-12,2026-01-03,6691.09,722,27.11,20073.27,VIP
1243,Hamza Qureshi,2,12,20054.09,13871.05,6183.04,2023-04-04,2025-08-17,10027.04,866,30.83,20054.09,VIP
8969,Sara Chaudhry,4,13,20031.87,14900.41,5131.46,2024-11-22,2026-07-19,5007.97,604,25.62,20031.87,VIP
3678,Imran Raza,3,17,19974.84,16533.3,3441.54,2024-09-18,2026-05-13,6658.28,602,17.23,19974.84,VIP
8039,Imran Ali,5,19,19974.54,15147.52,4827.02,2022-12-07,2025-10-27,3994.91,1055,24.17,19974.54,VIP
9687,Fatima Mirza,5,18,19972.79,17250.88,2721.91,2022-08-06,2025-01-03,3994.56,881,13.63,19972.79,VIP
441,Ahmed Mirza,3,12,19936.52,14274.32,5662.2,2023-11-18,2024-08-18,6645.51,274,28.4,19936.52,VIP
8469,Hira Sheikh,3,17,19922.79,14702.64,5220.15,2022-06-14,2025-12-28,6640.93,1293,26.2,19922.79,VIP
5773,Danish Shah,4,19,19888.73,13828.15,6060.58,2022-03-10,2024-05-30,4972.18,812,30.47,19888.73,VIP
2810,Imran Ahmed,4,18,19852.83,15268.37,4584.46,2022-09-07,2024-02-27,4963.21,538,23.09,19852.83,VIP
5617,Hussain Siddiqui,2,14,19802.37,14987.49,4814.88,2022-11-07,2025-03-01,9901.18,845,24.31,19802.37,VIP
1330,Hira Ahmed,5,21,19800.49,16225.97,3574.52,2023-03-14,2026-06-03,3960.1,1177,18.05,19800.49,VIP
9067,Bilal Qureshi,3,15,19746.57,17516.66,2229.91,2023-08-16,2026-03-29,6582.19,956,11.29,19746.57,VIP
9986,Maham Iqbal,4,16,19738.42,16188.65,3549.77,2024-02-04,2026-05-24,4934.6,840,17.98,19738.42,VIP
1881,Hussain Sheikh,2,11,19730.84,15188.33,4542.51,2023-01-10,2025-01-27,9865.42,748,23.02,19730.84,VIP
3177,Hassan Chaudhry,2,11,19660.97,13950.61,5710.36,2022-02-18,2023-03-21,9830.48,396,29.04,19660.97,VIP
2648,Imran Buriro,4,14,19602.35,16466.19,3136.16,2022-03-04,2025-06-12,4900.59,1196,16.0,19602.35,VIP
3001,Maryam Mirza,3,14,19591.7,14586.57,5005.13,2022-05-02,2023-03-31,6530.57,333,25.55,19591.7,VIP
9314,Imran Raza,3,18,19573.65,16950.89,2622.76,2022-07-15,2026-08-07,6524.55,1484,13.4,19573.65,VIP
8115,Imran Ali,4,18,19558.46,15075.54,4482.92,2023-07-29,2026-02-19,4889.62,936,22.92,19558.46,VIP
3721,Hussain Hussain,3,16,19556.89,14015.8,5541.09,2022-12-11,2024-05-12,6518.96,518,28.33,19556.89,VIP
4363,Imran Hussain,3,15,19471.81,14128.49,5343.32,2023-02-16,2025-06-30,6490.6,865,27.44,19471.81,VIP
248,Bilal Siddiqui,3,13,19426.29,15157.85,4268.44,2025-08-20,2026-03-18,6475.43,210,21.97,19426.29,VIP
7336,Imran Chaudhry,3,11,19367.0,13899.98,5467.02,2023-02-15,2025-10-23,6455.67,981,28.23,19367.0,VIP
89,Sara Ahmed,2,12,19306.38,13891.86,5414.52,2023-12-15,2026-04-17,9653.19,854,28.05,19306.38,VIP
1346,Sara Hussain,2,12,19260.74,14911.93,4348.81,2024-05-23,2024-10-22,9630.37,152,22.58,19260.74,VIP
7006,Sara Siddiqui,4,18,19248.4,15145.19,4103.21,2023-12-30,2026-06-19,4812.1,902,21.32,19248.4,VIP
7928,Sara Siddiqui,3,19,19201.84,18347.59,854.25,2025-01-06,2026-01-04,6400.61,363,4.45,19201.84,VIP
8576,Usman Sheikh,2,14,19179.3,15774.71,3404.59,2022-03-25,2023-02-14,9589.65,326,17.75,19179.3,VIP
3241,Hira Chaudhry,3,15,19163.67,15877.29,3286.38,2022-10-26,2025-12-13,6387.89,1144,17.15,19163.67,VIP
6456,Saad Buriro,3,15,19160.39,15600.55,3559.84,2023-12-08,2026-04-18,6386.8,862,18.58,19160.39,VIP
8819,Usman Buriro,3,13,19137.68,13120.2,6017.48,2024-08-25,2025-08-10,6379.23,350,31.44,19137.68,VIP
8602,Maham Khan,5,13,18968.29,13764.15,5204.14,2022-07-11,2026-05-23,3793.66,1412,27.44,18968.29,VIP
6193,Fahad Ahmed,2,11,18957.29,12672.01,6285.28,2023-01-28,2024-10-24,9478.64,635,33.15,18957.29,VIP
5027,Maham Siddiqui,3,13,18936.98,13972.81,4964.17,2023-06-28,2026-02-01,6312.33,949,26.21,18936.98,VIP
7062,Fahad Khan,2,14,18931.15,12959.17,5971.98,2023-11-26,2024-06-02,9465.58,189,31.55,18931.15,VIP
3733,Ayesha Raza,2,9,18928.93,12556.09,6372.84,2025-03-18,2026-03-18,9464.46,365,33.67,18928.93,VIP
3800,Ali Malik,2,10,18911.54,13997.2,4914.34,2025-08-19,2025-09-20,9455.77,32,25.99,18911.54,VIP
2091,Hira Qureshi,3,16,18911.09,14850.3,4060.79,2022-11-22,2026-03-02,6303.7,1196,21.47,18911.09,VIP
6164,Hussain Raza,3,11,18904.55,14247.06,4657.49,2023-08-07,2025-04-20,6301.52,622,24.64,18904.55,VIP
847,Hira Qureshi,2,11,18892.6,12655.87,6236.73,2022-09-30,2023-10-20,9446.3,385,33.01,18892.6,VIP
5663,Bilal Sheikh,2,13,18879.39,13376.33,5503.06,2024-01-05,2024-06-30,9439.7,177,29.15,18879.39,VIP
2765,Ali Ali,2,10,18847.94,13139.2,5708.74,2023-07-14,2023-12-03,9423.97,142,30.29,18847.94,VIP
9525,Saad Ali,4,16,18832.5,14421.38,4411.12,2022-11-22,2025-12-28,4708.12,1132,23.42,18832.5,VIP
7603,Ali Sheikh,3,9,18782.31,13152.36,5629.95,2022-04-09,2022-07-20,6260.77,102,29.97,18782.31,VIP
7921,Sana Hussain,3,15,18775.98,15203.01,3572.97,2025-11-22,2026-06-28,6258.66,218,19.03,18775.98,VIP
6418,Hamza Shah,2,13,18737.78,13344.23,5393.55,2025-02-02,2025-05-01,9368.89,88,28.78,18737.78,VIP
4635,Sara Hussain,4,14,18697.36,13544.51,5152.85,2022-08-02,2026-07-09,4674.34,1437,27.56,18697.36,VIP
6153,Hussain Qureshi,3,16,18661.81,16020.54,2641.27,2023-03-05,2026-06-24,6220.6,1207,14.15,18661.81,VIP
4333,Hamza Ali,4,16,18626.08,15304.16,3321.92,2025-02-04,2026-07-23,4656.52,534,17.83,18626.08,VIP
7538,Hamza Mirza,4,18,18623.73,16975.99,1647.74,2023-03-08,2025-11-29,4655.93,997,8.85,18623.73,VIP
3487,Usman Memon,3,13,18601.23,13455.06,5146.17,2022-04-22,2024-06-27,6200.41,797,27.67,18601.23,VIP
6476,Ali Khan,3,13,18593.62,14033.17,4560.45,2025-10-04,2026-08-05,6197.87,305,24.53,18593.62,VIP
2704,Sara Mirza,2,13,18566.4,15125.85,3440.55,2023-06-21,2024-11-01,9283.2,499,18.53,18566.4,VIP
9250,Hussain Mirza,4,15,18555.52,12343.25,6212.27,2022-04-07,2025-10-04,4638.88,1276,33.48,18555.52,VIP
3312,Danish Iqbal,3,16,18530.26,15033.36,3496.9,2022-04-13,2024-11-13,6176.75,945,18.87,18530.26,VIP
5691,Bilal Raza,3,15,18521.94,12849.96,5671.98,2022-07-24,2024-02-08,6173.98,564,30.62,18521.94,VIP
1974,Ali Qureshi,3,13,18512.53,15185.48,3327.05,2022-04-14,2026-02-28,6170.84,1416,17.97,18512.53,VIP
1917,Danish Hussain,2,11,18502.33,13406.03,5096.3,2023-05-28,2025-05-10,9251.17,713,27.54,18502.33,VIP
6144,Fatima Hussain,2,13,18443.56,13058.37,5385.19,2022-06-13,2024-05-14,9221.78,701,29.2,18443.56,VIP
9563,Zainab Khan,3,17,18431.28,14190.4,4240.88,2024-06-19,2024-10-04,6143.76,107,23.01,18431.28,VIP
5725,Saad Mirza,4,14,18420.22,13424.25,4995.97,2022-01-26,2026-02-15,4605.06,1481,27.12,18420.22,VIP
8323,Imran Khan,3,12,18420.08,14560.6,3859.48,2022-05-08,2026-02-01,6140.03,1365,20.95,18420.08,VIP
2597,Fatima Ali,3,14,18418.22,15075.99,3342.23,2022-07-21,2025-03-25,6139.41,978,18.15,18418.22,VIP
9616,Hussain Siddiqui,4,20,18233.43,14625.67,3607.76,2023-09-19,2025-04-20,4558.36,579,19.79,18233.43,VIP
4803,Ayesha Khan,2,9,18232.83,12131.28,6101.55,2023-08-05,2026-03-02,9116.42,940,33.46,18232.83,VIP
5976,Hira Shah,3,15,18222.84,13822.74,4400.1,2023-06-29,2025-05-29,6074.28,700,24.15,18222.84,VIP
9846,Sana Raza,3,13,18198.09,14822.33,3375.76,2022-10-29,2025-11-11,6066.03,1109,18.55,18198.09,VIP
747,Ali Malik,3,15,18139.77,14878.06,3261.71,2024-06-26,2025-11-23,6046.59,515,17.98,18139.77,VIP
9293,Danish Memon,3,17,18125.87,14337.97,3787.9,2023-05-25,2026-07-20,6041.96,1152,20.9,18125.87,VIP
4507,Maham Siddiqui,3,12,18125.83,13136.2,4989.63,2022-08-14,2026-02-03,6041.94,1269,27.53,18125.83,VIP
8425,Hassan Qureshi,3,16,18115.65,15087.11,3028.54,2022-06-20,2023-12-20,6038.55,548,16.72,18115.65,VIP
9617,Hassan Khan,3,12,18111.66,13272.03,4839.63,2022-06-20,2025-10-12,6037.22,1210,26.72,18111.66,VIP
6980,Ali Memon,3,15,18107.05,13863.45,4243.6,2022-08-09,2025-07-25,6035.68,1081,23.44,18107.05,VIP
240,Hira Ali,3,14,18098.42,13082.89,5015.53,2022-05-22,2026-03-22,6032.81,1400,27.71,18098.42,VIP
1506,Omar Sheikh,2,12,18055.83,13132.4,4923.43,2023-11-05,2024-01-15,9027.91,71,27.27,18055.83,VIP
1547,Sara Shah,3,14,18052.52,14530.72,3521.8,2022-01-24,2026-04-28,6017.51,1555,19.51,18052.52,VIP
2057,Hussain Iqbal,2,10,18045.07,11643.17,6401.9,2023-11-22,2025-05-08,9022.54,533,35.48,18045.07,VIP
9191,Maryam Siddiqui,3,20,18029.53,12860.78,5168.75,2024-01-10,2024-11-03,6009.84,298,28.67,18029.53,VIP
8617,Maham Raza,3,11,18013.97,13964.49,4049.48,2022-09-29,2024-08-16,6004.66,687,22.48,18013.97,VIP
1143,Hira Mirza,3,15,18009.03,14993.76,3015.27,2025-10-02,2026-03-23,6003.01,172,16.74,18009.03,VIP
1343,Zainab Sheikh,2,14,17981.88,14073.71,3908.17,2024-01-26,2025-07-27,8990.94,548,21.73,17981.88,VIP
3016,Fahad Memon,2,14,17944.36,14505.33,3439.03,2024-11-18,2025-09-12,8972.18,298,19.16,17944.36,VIP
4216,Ahmed Ahmed,2,11,17898.01,15393.64,2504.37,2025-10-30,2025-12-02,8949.0,33,13.99,17898.01,VIP
3165,Ahmed Hussain,2,12,17866.44,12639.96,5226.48,2026-01-16,2026-03-13,8933.22,56,29.25,17866.44,VIP
1062,Sana Hussain,4,17,17863.73,14212.73,3651.0,2023-11-25,2026-02-25,4465.93,823,20.44,17863.73,VIP
1887,Zainab Ali,2,14,17749.83,13244.35,4505.48,2025-02-03,2025-05-22,8874.91,108,25.38,17749.83,VIP
3648,Usman Qureshi,3,15,17666.81,13145.91,4520.9,2022-09-07,2026-05-13,5888.94,1344,25.59,17666.81,VIP
2862,Hira Sheikh,2,10,17638.29,11722.67,5915.62,2023-02-03,2025-12-30,8819.14,1061,33.54,17638.29,VIP
7212,Saad Buriro,2,13,17630.32,12984.51,4645.81,2022-05-08,2026-01-09,8815.16,1342,26.35,17630.32,VIP
6314,Fahad Ahmed,2,14,17618.23,15699.39,1918.84,2023-01-01,2026-01-23,8809.12,1118,10.89,17618.23,VIP
627,Ahmed Buriro,3,16,17609.74,16061.0,1548.74,2024-12-13,2026-07-03,5869.91,567,8.79,17609.74,VIP
5919,Maham Chaudhry,5,17,17489.77,13678.33,3811.44,2022-06-20,2026-03-22,3497.95,1371,21.79,17489.77,VIP
8771,Saad Ali,2,13,17468.67,12894.18,4574.49,2024-07-23,2024-09-24,8734.34,63,26.19,17468.67,VIP
3230,Hamza Sheikh,2,12,17465.83,12957.35,4508.48,2023-10-21,2025-06-23,8732.92,611,25.81,17465.83,VIP
4246,Ayesha Shah,2,12,17463.84,11522.46,5941.38,2023-03-21,2023-07-25,8731.92,126,34.02,17463.84,VIP
6286,Hussain Raza,2,12,17456.8,12970.87,4485.93,2022-06-02,2025-01-22,8728.4,965,25.7,17456.8,VIP
1213,Hamza Raza,3,14,17446.24,13494.34,3951.9,2023-11-16,2024-12-07,5815.41,387,22.65,17446.24,VIP
9579,Fatima Ali,3,13,17428.91,13081.42,4347.49,2022-05-12,2026-05-16,5809.64,1465,24.94,17428.91,VIP
8442,Hira Malik,2,12,17427.96,12688.98,4738.98,2022-05-10,2026-05-10,8713.98,1461,27.19,17427.96,VIP
2221,Hamza Qureshi,3,17,17415.68,11797.76,5617.92,2023-02-26,2024-11-30,5805.23,643,32.26,17415.68,VIP
7206,Saad Siddiqui,2,11,17409.27,14990.46,2418.81,2024-02-07,2024-03-25,8704.64,47,13.89,17409.27,VIP
6919,Ahmed Malik,4,19,17390.24,12836.11,4554.13,2022-11-03,2023-11-14,4347.56,376,26.19,17390.24,VIP
2606,Hassan Ahmed,3,15,17374.26,12712.94,4661.32,2022-08-23,2026-08-15,5791.42,1453,26.83,17374.26,VIP
6377,Omar Malik,3,15,17358.32,13080.44,4277.88,2022-04-09,2026-06-09,5786.11,1522,24.64,17358.32,VIP
3108,Sara Hussain,3,18,17345.16,13150.2,4194.96,2022-08-21,2025-11-17,5781.72,1184,24.19,17345.16,VIP
2959,Hamza Shah,3,16,17309.24,14484.47,2824.77,2022-08-08,2025-06-14,5769.75,1041,16.32,17309.24,VIP
1725,Maryam Sheikh,4,13,17271.28,13656.54,3614.74,2022-10-02,2024-03-11,4317.82,526,20.93,17271.28,VIP
6348,Ayesha Memon,3,12,17266.38,15569.42,1696.96,2023-11-21,2026-07-28,5755.46,980,9.83,17266.38,VIP
3997,Hira Ali,4,15,17261.07,13568.71,3692.36,2022-04-06,2025-03-01,4315.27,1060,21.39,17261.07,VIP
8428,Sana Shah,3,13,17259.29,13382.36,3876.93,2023-09-08,2026-03-06,5753.1,910,22.46,17259.29,VIP
8694,Hira Khan,2,10,17254.7,12807.4,4447.3,2026-01-01,2026-07-23,8627.35,203,25.77,17254.7,VIP
9849,Omar Qureshi,3,15,17236.65,14844.06,2392.59,2023-03-16,2025-04-03,5745.55,749,13.88,17236.65,VIP
631,Bilal Chaudhry,3,17,17205.89,14423.47,2782.42,2022-05-26,2026-07-22,5735.3,1518,16.17,17205.89,VIP
8118,Maham Qureshi,2,11,17162.83,12305.93,4856.9,2022-03-22,2023-01-08,8581.42,292,28.3,17162.83,VIP
8436,Hira Buriro,3,17,17157.3,14850.62,2306.68,2024-11-14,2025-07-01,5719.1,229,13.44,17157.3,VIP
5327,Imran Hussain,2,12,17137.92,14351.28,2786.64,2026-04-26,2026-06-18,8568.96,53,16.26,17137.92,VIP
468,Ayesha Iqbal,4,16,17110.05,14437.72,2672.33,2022-12-06,2024-11-13,4277.51,708,15.62,17110.05,VIP
2124,Bilal Ahmed,2,10,17080.67,11679.0,5401.67,2023-11-17,2024-06-28,8540.33,224,31.62,17080.67,VIP
4190,Imran Sheikh,2,13,17080.21,13604.5,3475.71,2022-01-18,2025-11-10,8540.1,1392,20.35,17080.21,VIP
6611,Fatima Memon,3,18,17036.96,14599.69,2437.27,2024-01-20,2026-04-02,5678.99,803,14.31,17036.96,VIP
9739,Hamza Hussain,2,12,17003.82,13507.44,3496.38,2022-09-28,2024-12-20,8501.91,814,20.56,17003.82,VIP
3954,Maham Memon,4,11,16956.53,13421.35,3535.18,2022-05-21,2025-11-30,4239.13,1289,20.85,16956.53,VIP
5379,Hussain Shah,2,11,16947.49,12884.19,4063.3,2024-09-17,2026-01-24,8473.74,494,23.98,16947.49,VIP
1411,Zainab Mirza,2,8,16946.0,11558.88,5387.12,2025-11-17,2026-08-18,8473.0,274,31.79,16946.0,VIP
8148,Saad Shah,4,21,16928.2,13583.28,3344.92,2023-05-16,2026-06-11,4232.05,1122,19.76,16928.2,VIP
408,Maham Mirza,3,15,16921.8,13053.35,3868.45,2025-11-11,2026-05-03,5640.6,173,22.86,16921.8,VIP
5552,Saad Khan,3,10,16904.47,11094.84,5809.63,2024-11-29,2024-12-30,5634.82,31,34.37,16904.47,VIP
9719,Maryam Mirza,3,15,16893.65,14128.31,2765.34,2022-11-27,2024-02-05,5631.22,435,16.37,16893.65,VIP
508,Zainab Mirza,3,14,16883.61,11286.43,5597.18,2022-06-19,2025-07-26,5627.87,1133,33.15,16883.61,VIP
6617,Hamza Siddiqui,3,16,16878.67,12735.62,4143.05,2023-06-28,2024-01-06,5626.22,192,24.55,16878.67,VIP
6722,Ali Qureshi,2,10,16860.12,14228.88,2631.24,2022-04-18,2024-11-25,8430.06,952,15.61,16860.12,VIP
8954,Hussain Iqbal,3,13,16843.45,12814.14,4029.31,2022-08-24,2024-11-05,5614.48,804,23.92,16843.45,VIP
9301,Bilal Buriro,4,17,16823.3,12451.74,4371.56,2023-03-11,2026-07-12,4205.83,1219,25.99,16823.3,VIP
3534,Ali Ahmed,2,11,16812.95,14854.46,1958.49,2022-08-05,2026-05-11,8406.48,1375,11.65,16812.95,VIP
7463,Sara Khan,2,12,16801.28,14551.69,2249.59,2022-09-15,2024-07-15,8400.64,669,13.39,16801.28,VIP
9737,Maryam Khan,3,14,16800.88,13324.76,3476.12,2022-05-31,2026-01-25,5600.29,1335,20.69,16800.88,VIP
9295,Usman Ahmed,2,12,16788.02,11517.26,5270.76,2022-09-18,2024-12-29,8394.01,833,31.4,16788.02,VIP
7567,Imran Khan,3,18,16782.37,11701.37,5081.0,2022-05-29,2024-07-19,5594.12,782,30.28,16782.37,VIP
2,Hira Siddiqui,2,11,16779.29,11576.65,5202.64,2023-02-07,2026-01-29,8389.64,1087,31.01,16779.29,VIP
5841,Bilal Qureshi,3,13,16776.15,13501.84,3274.31,2022-04-24,2025-08-06,5592.05,1200,19.52,16776.15,VIP
1194,Saad Iqbal,2,14,16745.19,13422.43,3322.76,2024-04-02,2025-07-29,8372.59,483,19.84,16745.19,VIP
9441,Hussain Raza,2,11,16714.99,13843.23,2871.76,2023-11-10,2026-03-12,8357.49,853,17.18,16714.99,VIP
3653,Imran Malik,2,10,16689.84,12738.66,3951.18,2024-08-09,2024-12-26,8344.92,139,23.67,16689.84,VIP
9062,Sana Chaudhry,3,13,16664.75,12377.01,4287.74,2023-10-27,2025-06-01,5554.92,583,25.73,16664.75,VIP
6842,Zainab Iqbal,2,12,16661.79,12826.83,3834.96,2025-10-21,2026-03-25,8330.9,155,23.02,16661.79,VIP
1434,Hamza Ahmed,3,15,16646.84,12969.14,3677.7,2023-12-13,2026-03-17,5548.95,825,22.09,16646.84,VIP
5905,Danish Siddiqui,3,19,16641.78,14400.71,2241.07,2022-01-08,2023-08-15,5547.26,584,13.47,16641.78,VIP
4406,Imran Raza,3,15,16636.03,14219.88,2416.15,2022-09-16,2024-01-12,5545.34,483,14.52,16636.03,VIP
2368,Danish Siddiqui,3,13,16632.34,13818.97,2813.37,2022-12-11,2026-08-12,5544.11,1340,16.92,16632.34,VIP
9405,Maham Memon,3,12,16608.04,13603.16,3004.88,2023-06-19,2025-11-14,5536.01,879,18.09,16608.04,VIP
3673,Sara Malik,3,18,16603.32,13317.24,3286.08,2022-05-28,2025-06-19,5534.44,1118,19.79,16603.32,VIP
9381,Fahad Siddiqui,2,12,16597.92,13773.3,2824.62,2023-02-17,2023-07-19,8298.96,152,17.02,16597.92,VIP
7456,Bilal Raza,4,19,16594.07,12793.58,3800.49,2023-02-27,2025-09-07,4148.52,923,22.9,16594.07,VIP
4480,Ayesha Iqbal,2,11,16583.22,15295.69,1287.53,2022-07-16,2022-07-31,8291.61,15,7.76,16583.22,VIP
5673,Hira Qureshi,3,17,16576.94,11994.63,4582.31,2022-02-19,2024-01-14,5525.65,694,27.64,16576.94,VIP
4050,Ahmed Memon,3,12,16564.23,14155.95,2408.28,2022-04-01,2026-02-13,5521.41,1414,14.54,16564.23,VIP
6825,Maham Raza,2,14,16559.06,13289.01,3270.05,2024-09-08,2025-10-27,8279.53,414,19.75,16559.06,VIP
2151,Bilal Hussain,3,13,16504.63,11400.5,5104.13,2022-06-06,2023-12-07,5501.54,549,30.93,16504.63,VIP
3604,Saad Shah,5,18,16502.82,13857.17,2645.65,2022-08-13,2025-10-13,3300.56,1157,16.03,16502.82,VIP
3259,Bilal Raza,3,15,16497.07,13225.67,3271.4,2024-03-31,2025-10-16,5499.02,564,19.83,16497.07,VIP
7142,Hamza Memon,3,13,16488.91,15098.06,1390.85,2022-10-09,2025-02-08,5496.3,853,8.44,16488.91,VIP
4697,Ayesha Siddiqui,2,9,16483.77,12146.43,4337.34,2022-02-11,2023-04-23,8241.88,436,26.31,16483.77,VIP
8745,Fahad Raza,3,13,16474.52,13875.21,2599.31,2024-04-29,2026-04-05,5491.51,706,15.78,16474.52,VIP
9962,Maham Siddiqui,4,10,16472.1,11205.23,5266.87,2023-07-08,2025-04-13,4118.02,645,31.97,16472.1,VIP
4426,Bilal Qureshi,2,11,16470.54,12738.77,3731.77,2023-01-15,2026-03-02,8235.27,1142,22.66,16470.54,VIP
323,Maham Malik,3,13,16436.25,12262.43,4173.82,2022-06-07,2026-07-19,5478.75,1503,25.39,16436.25,VIP
2697,Danish Mirza,2,10,16390.66,10467.48,5923.18,2022-08-24,2023-08-04,8195.33,345,36.14,16390.66,VIP
2738,Ahmed Sheikh,2,12,16377.12,11592.42,4784.7,2022-04-01,2022-08-07,8188.56,128,29.22,16377.12,VIP
8410,Hira Memon,4,14,16371.47,14193.0,2178.47,2022-09-07,2026-07-12,4092.87,1404,13.31,16371.47,VIP
1721,Imran Khan,2,11,16351.95,12500.47,3851.48,2024-03-07,2024-06-21,8175.98,106,23.55,16351.95,VIP
3236,Ali Ali,3,11,16343.83,11011.02,5332.81,2022-04-05,2026-06-27,5447.94,1544,32.63,16343.83,VIP
1659,Maryam Qureshi,2,12,16335.99,13571.08,2764.91,2024-07-23,2025-06-04,8168.0,316,16.93,16335.99,VIP
4353,Hira Hussain,2,11,16296.8,13173.66,3123.14,2025-08-08,2026-07-03,8148.4,329,19.16,16296.8,VIP
8959,Sana Khan,2,13,16288.52,14021.94,2266.58,2022-01-27,2024-10-26,8144.26,1003,13.92,16288.52,VIP
1565,Zainab Buriro,2,12,16259.67,13942.28,2317.39,2022-06-20,2023-12-28,8129.84,556,14.25,16259.67,VIP
2524,Maham Hussain,3,13,16255.61,12012.25,4243.36,2024-02-09,2025-04-29,5418.54,445,26.1,16255.61,VIP
5999,Ahmed Mirza,2,10,16245.77,10853.43,5392.34,2023-01-18,2024-03-28,8122.88,435,33.19,16245.77,VIP
212,Maham Raza,2,12,16240.1,11298.7,4941.4,2023-12-03,2024-07-27,8120.05,237,30.43,16240.1,VIP
2857,Fatima Hussain,3,15,16220.01,12158.86,4061.15,2022-05-28,2024-11-11,5406.67,898,25.04,16220.01,VIP
527,Zainab Iqbal,4,15,16205.94,12291.82,3914.12,2024-03-02,2026-08-16,4051.48,897,24.15,16205.94,VIP
4915,Fahad Malik,2,9,16205.12,11893.2,4311.92,2024-06-20,2026-05-03,8102.56,682,26.61,16205.12,VIP
8709,Maryam Khan,3,18,16194.14,12071.76,4122.38,2023-04-06,2026-01-20,5398.05,1020,25.46,16194.14,VIP
6267,Hussain Ali,2,10,16190.74,13404.96,2785.78,2024-01-19,2024-03-04,8095.37,45,17.21,16190.74,VIP
5031,Hassan Khan,2,9,16186.8,13263.27,2923.53,2024-10-16,2025-06-19,8093.4,246,18.06,16186.8,VIP
3221,Danish Malik,2,9,16121.19,12231.12,3890.07,2022-02-28,2024-02-07,8060.6,709,24.13,16121.19,VIP
7464,Sana Chaudhry,3,12,16103.56,10581.6,5521.96,2022-01-02,2025-11-19,5367.85,1417,34.29,16103.56,VIP
6841,Sara Memon,3,9,16099.64,11599.47,4500.17,2022-04-25,2026-07-22,5366.55,1549,27.95,16099.64,VIP
9641,Danish Memon,3,15,16098.92,14159.08,1939.84,2023-06-06,2025-07-20,5366.31,775,12.05,16098.92,VIP
4451,Hassan Mirza,2,10,16073.08,11310.9,4762.18,2024-07-12,2026-06-25,8036.54,713,29.63,16073.08,VIP
6770,Bilal Qureshi,2,13,16051.8,12355.55,3696.25,2023-02-01,2026-01-13,8025.9,1077,23.03,16051.8,VIP
7162,Omar Siddiqui,2,13,16033.08,12499.22,3533.86,2022-01-31,2024-06-09,8016.54,860,22.04,16033.08,VIP
6765,Hira Malik,3,14,15970.74,12943.18,3027.56,2024-05-25,2024-12-22,5323.58,211,18.96,15970.74,VIP
8349,Hussain Khan,2,9,15962.85,11543.86,4418.99,2022-08-10,2023-12-11,7981.42,488,27.68,15962.85,VIP
5576,Ali Ali,2,14,15961.26,11215.12,4746.14,2022-05-09,2025-06-15,7980.63,1133,29.74,15961.26,VIP
2327,Hamza Shah,3,13,15950.73,10284.73,5666.0,2022-10-22,2024-07-15,5316.91,632,35.52,15950.73,VIP
4053,Hussain Raza,2,10,15947.4,11555.4,4392.0,2022-07-04,2024-01-01,7973.7,546,27.54,15947.4,VIP
8933,Ali Ahmed,2,12,15942.78,12281.46,3661.32,2022-05-20,2025-09-07,7971.39,1206,22.97,15942.78,VIP
4262,Sara Chaudhry,4,14,15903.33,12535.46,3367.87,2023-02-25,2026-08-16,3975.83,1268,21.18,15903.33,VIP
7980,Omar Siddiqui,3,13,15897.53,13100.23,2797.3,2022-09-21,2023-03-04,5299.18,164,17.6,15897.53,VIP
5212,Fahad Shah,2,8,15883.55,10630.44,5253.11,2022-11-18,2023-06-12,7941.78,206,33.07,15883.55,VIP
6324,Bilal Ali,3,11,15871.26,14418.91,1452.35,2022-01-30,2023-11-03,5290.42,642,9.15,15871.26,VIP
2436,Hussain Iqbal,3,14,15864.8,12307.54,3557.26,2024-09-15,2026-03-03,5288.27,534,22.42,15864.8,VIP
14,Ayesha Mirza,2,10,15861.88,11687.32,4174.56,2022-04-10,2024-09-19,7930.94,893,26.32,15861.88,VIP
2712,Ahmed Shah,3,16,15860.63,10960.24,4900.39,2025-06-14,2026-04-16,5286.88,306,30.9,15860.63,VIP
7925,Ahmed Mirza,3,9,15849.6,11493.54,4356.06,2022-07-02,2025-02-19,5283.2,963,27.48,15849.6,VIP
2256,Bilal Sheikh,2,14,15832.11,14193.83,1638.28,2022-07-30,2026-06-06,7916.06,1407,10.35,15832.11,VIP
2118,Bilal Khan,4,19,15830.61,13039.74,2790.87,2022-03-17,2026-01-18,3957.65,1403,17.63,15830.61,VIP
1288,Maham Malik,2,9,15820.77,11039.6,4781.17,2023-10-17,2023-10-24,7910.38,7,30.22,15820.77,VIP
9699,Ahmed Ahmed,3,12,15793.78,14724.17,1069.61,2023-03-18,2026-02-06,5264.59,1056,6.77,15793.78,VIP
2060,Usman Khan,2,10,15768.9,10304.68,5464.22,2023-12-16,2025-09-12,7884.45,636,34.65,15768.9,VIP
6005,Zainab Khan,2,11,15767.47,11598.47,4169.0,2022-07-28,2024-08-30,7883.74,764,26.44,15767.47,VIP
243,Fatima Shah,2,9,15763.38,11665.64,4097.74,2023-09-20,2026-02-18,7881.69,882,26.0,15763.38,VIP
2148,Imran Iqbal,2,11,15736.1,10425.2,5310.9,2023-06-29,2023-10-31,7868.05,124,33.75,15736.1,VIP
7003,Zainab Raza,2,8,15725.3,11416.67,4308.63,2022-09-17,2026-06-23,7862.65,1375,27.4,15725.3,VIP
9420,Ayesha Iqbal,2,8,15713.68,11575.04,4138.64,2024-10-28,2026-01-09,7856.84,438,26.34,15713.68,VIP
9835,Ali Mirza,2,8,15712.87,10852.97,4859.9,2024-09-18,2024-10-21,7856.44,33,30.93,15712.87,VIP
9415,Fatima Mirza,3,12,15691.26,12384.35,3306.91,2023-08-12,2026-08-05,5230.42,1089,21.07,15691.26,VIP
9108,Zainab Siddiqui,3,16,15674.23,13001.13,2673.1,2022-01-02,2026-03-07,5224.74,1525,17.05,15674.23,VIP
4083,Bilal Memon,2,9,15644.47,11990.89,3653.58,2023-12-30,2026-02-16,7822.24,779,23.35,15644.47,VIP
1850,Bilal Buriro,3,13,15640.62,14558.56,1082.06,2022-05-20,2026-06-28,5213.54,1500,6.92,15640.62,VIP
4522,Zainab Siddiqui,2,12,15636.37,11399.76,4236.61,2023-06-11,2024-10-31,7818.18,508,27.09,15636.37,VIP
9322,Hassan Malik,2,10,15632.68,13233.26,2399.42,2025-05-07,2025-11-10,7816.34,187,15.35,15632.68,VIP
2460,Danish Sheikh,2,13,15622.55,13515.2,2107.35,2023-11-11,2024-06-01,7811.28,203,13.49,15622.55,VIP
2085,Zainab Memon,1,7,15613.5,9741.27,5872.23,2024-08-17,2024-08-17,15613.5,0,37.61,15613.5,VIP
413,Maryam Ali,5,24,15594.32,11127.74,4466.58,2022-08-06,2025-08-23,3118.86,1113,28.64,15594.32,VIP
2860,Ali Siddiqui,2,9,15566.13,11509.98,4056.15,2022-10-29,2023-03-08,7783.06,130,26.06,15566.13,VIP
147,Saad Malik,3,15,15542.02,13364.2,2177.82,2022-06-20,2025-10-27,5180.67,1225,14.01,15542.02,VIP
8585,Zainab Mirza,3,15,15525.41,11760.18,3765.23,2022-02-24,2023-02-23,5175.14,364,24.25,15525.41,VIP
2194,Bilal Khan,3,13,15521.96,11756.33,3765.63,2022-02-25,2025-09-18,5173.99,1301,24.26,15521.96,VIP
3634,Maham Siddiqui,3,9,15508.63,10870.05,4638.58,2022-07-10,2026-07-01,5169.54,1452,29.91,15508.63,VIP
2891,Hussain Ahmed,5,15,15488.91,13811.52,1677.39,2023-01-31,2025-04-06,3097.78,796,10.83,15488.91,VIP
8688,Maham Shah,2,8,15470.3,9891.8,5578.5,2022-07-03,2022-10-29,7735.15,118,36.06,15470.3,VIP
3198,Sana Ali,2,8,15419.33,11117.71,4301.62,2023-11-29,2026-05-14,7709.66,897,27.9,15419.33,VIP
1620,Fahad Khan,2,12,15408.42,11369.81,4038.61,2022-02-17,2023-04-16,7704.21,423,26.21,15408.42,VIP
7170,Fatima Khan,2,11,15405.75,13459.08,1946.67,2022-02-15,2024-03-07,7702.88,751,12.64,15405.75,VIP
2240,Fahad Raza,3,15,15384.64,13004.63,2380.01,2024-01-18,2025-07-30,5128.21,559,15.47,15384.64,VIP
2199,Bilal Shah,3,18,15353.58,11889.24,3464.34,2023-08-29,2026-02-25,5117.86,911,22.56,15353.58,VIP
7254,Omar Hussain,4,17,15353.5,12232.49,3121.01,2022-10-05,2026-01-14,3838.38,1197,20.33,15353.5,VIP
9435,Imran Buriro,2,9,15348.34,12666.76,2681.58,2024-01-11,2024-08-23,7674.17,225,17.47,15348.34,VIP
7534,Hira Khan,4,17,15337.53,12634.9,2702.63,2022-09-19,2024-12-13,3834.38,816,17.62,15337.53,VIP
9231,Imran Khan,1,7,15337.28,10366.3,4970.98,2024-10-19,2024-10-19,15337.28,0,32.41,15337.28,VIP
4026,Bilal Iqbal,2,13,15318.38,11380.36,3938.02,2022-09-02,2026-02-18,7659.19,1265,25.71,15318.38,VIP
5127,Maryam Siddiqui,2,9,15301.51,11421.54,3879.97,2023-01-05,2025-01-27,7650.76,753,25.36,15301.51,VIP
656,Zainab Qureshi,2,12,15297.81,11819.23,3478.58,2022-09-13,2025-10-09,7648.91,1122,22.74,15297.81,VIP
2990,Usman Hussain,4,21,15296.65,11408.34,3888.31,2023-04-19,2024-08-01,3824.16,470,25.42,15296.65,VIP
5349,Hassan Hussain,4,16,15282.16,11208.13,4074.03,2022-03-16,2025-09-08,3820.54,1272,26.66,15282.16,VIP
5996,Ahmed Qureshi,2,12,15274.48,11387.57,3886.91,2022-03-18,2023-07-31,7637.24,500,25.45,15274.48,VIP
6047,Danish Qureshi,2,10,15233.88,12491.64,2742.24,2022-03-04,2023-02-09,7616.94,342,18.0,15233.88,VIP
8712,Fatima Ali,2,9,15226.05,10429.38,4796.67,2022-11-24,2024-10-24,7613.02,700,31.5,15226.05,VIP
3617,Ayesha Qureshi,2,13,15201.5,12793.37,2408.13,2022-01-29,2026-04-08,7600.75,1530,15.84,15201.5,VIP
2134,Omar Chaudhry,2,11,15187.35,13125.7,2061.65,2024-11-05,2025-02-20,7593.68,107,13.57,15187.35,VIP
5630,Maryam Malik,3,13,15185.79,10997.38,4188.41,2022-10-06,2024-07-13,5061.93,646,27.58,15185.79,VIP
9976,Imran Ali,3,15,15176.42,10947.04,4229.38,2023-12-31,2026-07-04,5058.81,916,27.87,15176.42,VIP
1013,Ahmed Sheikh,2,11,15167.92,12022.21,3145.71,2024-04-16,2024-05-04,7583.96,18,20.74,15167.92,VIP
8657,Hussain Ahmed,3,11,15166.87,10835.81,4331.06,2023-07-15,2024-08-26,5055.62,408,28.56,15166.87,VIP
5828,Sara Shah,2,9,15155.25,9980.42,5174.83,2023-12-06,2025-01-11,7577.62,402,34.15,15155.25,VIP
8591,Ali Sheikh,2,10,15150.47,12068.91,3081.56,2024-10-01,2025-04-02,7575.24,183,20.34,15150.47,VIP
5808,Maham Mirza,2,10,15119.46,11853.54,3265.92,2023-02-05,2025-06-22,7559.73,868,21.6,15119.46,VIP
1119,Usman Malik,3,15,15115.72,12362.78,2752.94,2024-08-02,2026-07-06,5038.57,703,18.21,15115.72,VIP
5671,Saad Hussain,3,13,15108.91,11196.32,3912.59,2022-10-20,2025-07-12,5036.3,996,25.9,15108.91,VIP
2152,Hassan Khan,4,18,15102.93,12202.64,2900.29,2022-08-18,2026-08-19,3775.73,1462,19.2,15102.93,VIP
593,Ayesha Malik,4,18,15093.64,11316.89,3776.75,2023-10-09,2026-01-17,3773.41,831,25.02,15093.64,VIP
4019,Saad Ali,4,18,15084.54,11807.89,3276.65,2022-12-27,2025-11-08,3771.14,1047,21.72,15084.54,VIP
9467,Saad Shah,2,12,15050.78,13198.63,1852.15,2022-04-19,2023-05-30,7525.39,406,12.31,15050.78,VIP
8368,Hamza Buriro,2,12,15045.02,10972.17,4072.85,2022-01-30,2026-07-02,7522.51,1614,27.07,15045.02,VIP
1250,Ali Chaudhry,2,10,15038.91,11681.69,3357.22,2024-08-24,2025-05-31,7519.46,280,22.32,15038.91,VIP
8167,Maham Memon,2,12,15032.22,11904.42,3127.8,2022-11-20,2025-10-21,7516.11,1066,20.81,15032.22,VIP
4537,Ali Hussain,3,11,15026.56,12125.96,2900.6,2022-09-19,2025-02-28,5008.85,893,19.3,15026.56,VIP
6302,Imran Sheikh,2,12,15021.96,11307.42,3714.54,2022-01-08,2026-02-16,7510.98,1500,24.73,15021.96,VIP
5231,Saad Mirza,2,12,15020.94,11890.44,3130.5,2022-01-24,2026-01-25,7510.47,1462,20.84,15020.94,VIP
9211,Ali Iqbal,2,10,15016.48,11837.2,3179.28,2023-04-19,2025-07-10,7508.24,813,21.17,15016.48,VIP
8508,Maryam Shah,2,12,14991.73,10655.74,4335.99,2023-10-11,2025-01-15,7495.86,462,28.92,14991.73,VIP
5016,Ahmed Malik,1,7,14991.06,10240.86,4750.2,2023-06-19,2023-06-19,14991.06,0,31.69,14991.06,VIP
7075,Usman Buriro,2,10,14959.03,12773.97,2185.06,2024-01-20,2026-01-08,7479.52,719,14.61,14959.03,VIP
6494,Sana Ahmed,3,12,14952.16,12419.92,2532.24,2025-05-17,2026-04-08,4984.05,326,16.94,14952.16,VIP
2817,Zainab Malik,3,15,14939.14,12703.72,2235.42,2022-07-11,2024-10-29,4979.71,841,14.96,14939.14,VIP
7790,Saad Shah,3,15,14935.05,10851.66,4083.39,2024-04-08,2025-12-12,4978.35,613,27.34,14935.05,VIP
2293,Sana Hussain,2,13,14926.25,12664.83,2261.42,2022-06-05,2023-06-01,7463.12,361,15.15,14926.25,VIP
1433,Ahmed Khan,3,12,14920.56,12149.23,2771.33,2023-07-16,2025-03-27,4973.52,620,18.57,14920.56,VIP
2340,Hira Ali,2,9,14908.62,10654.05,4254.57,2024-11-05,2024-11-14,7454.31,9,28.54,14908.62,VIP
5862,Sana Khan,2,9,14895.28,10943.99,3951.29,2022-07-29,2022-08-31,7447.64,33,26.53,14895.28,VIP
2742,Hamza Mirza,2,9,14869.05,12209.97,2659.08,2022-12-11,2024-05-09,7434.52,515,17.88,14869.05,VIP
818,Ayesha Raza,4,19,14862.23,13358.46,1503.77,2022-08-30,2025-07-05,3715.56,1040,10.12,14862.23,VIP
2073,Hassan Malik,2,9,14852.49,11547.9,3304.59,2024-10-12,2025-12-10,7426.24,424,22.25,14852.49,VIP
3782,Fatima Mirza,4,16,14845.37,12430.55,2414.82,2023-02-08,2025-04-11,3711.34,793,16.27,14845.37,VIP
1878,Ali Malik,2,9,14830.39,10539.67,4290.72,2024-02-19,2025-11-07,7415.2,627,28.93,14830.39,VIP
6499,Hussain Qureshi,3,17,14829.48,11688.26,3141.22,2024-03-27,2026-04-23,4943.16,757,21.18,14829.48,VIP
4032,Hussain Qureshi,4,19,14807.79,11019.0,3788.79,2022-10-28,2024-05-14,3701.95,564,25.59,14807.79,VIP
9120,Danish Mirza,3,13,14807.29,11930.11,2877.18,2022-10-18,2025-01-14,4935.76,819,19.43,14807.29,VIP
4760,Imran Chaudhry,2,11,14801.4,10387.83,4413.57,2022-05-20,2023-05-15,7400.7,360,29.82,14801.4,VIP
1339,Saad Chaudhry,1,7,14794.57,9438.45,5356.12,2022-08-14,2022-08-14,14794.57,0,36.2,14794.57,VIP
5730,Hamza Malik,1,7,14794.36,9519.72,5274.64,2022-02-19,2022-02-19,14794.36,0,35.65,14794.36,VIP
6349,Zainab Sheikh,2,10,14793.48,12146.78,2646.7,2023-10-23,2025-04-29,7396.74,554,17.89,14793.48,VIP
2173,Omar Sheikh,3,14,14783.6,10432.94,4350.66,2023-05-24,2026-02-18,4927.87,1001,29.43,14783.6,VIP
8017,Zainab Buriro,3,10,14778.95,13468.51,1310.44,2022-02-26,2025-05-10,4926.32,1169,8.87,14778.95,VIP
889,Hamza Ahmed,3,12,14776.49,11321.13,3455.36,2023-12-30,2026-03-27,4925.5,818,23.38,14776.49,VIP
5791,Maham Mirza,2,12,14774.1,11686.02,3088.08,2025-01-11,2025-05-11,7387.05,120,20.9,14774.1,VIP
4121,Sara Iqbal,4,11,14767.56,11104.45,3663.11,2022-02-05,2024-02-17,3691.89,742,24.81,14767.56,VIP
7632,Sana Memon,3,15,14765.99,10731.3,4034.69,2022-02-17,2025-01-25,4922.0,1073,27.32,14765.99,VIP
7005,Ali Chaudhry,1,7,14759.15,10361.89,4397.26,2023-04-07,2023-04-07,14759.15,0,29.79,14759.15,VIP
7903,Maham Iqbal,2,9,14754.37,10710.49,4043.88,2022-01-30,2023-07-28,7377.18,544,27.41,14754.37,VIP
2670,Omar Sheikh,2,7,14738.65,10153.85,4584.8,2022-10-05,2025-01-19,7369.32,837,31.11,14738.65,VIP
4318,Danish Buriro,2,10,14701.45,12068.9,2632.55,2023-09-27,2024-01-02,7350.72,97,17.91,14701.45,VIP
9005,Hira Khan,2,8,14688.66,9641.52,5047.14,2023-07-17,2024-10-13,7344.33,454,34.36,14688.66,VIP
6468,Fahad Buriro,2,11,14686.23,11098.28,3587.95,2023-06-05,2024-11-27,7343.12,541,24.43,14686.23,VIP
9632,Sara Iqbal,4,14,14680.37,10102.22,4578.15,2023-02-11,2025-04-18,3670.09,797,31.19,14680.37,VIP
940,Sara Ali,2,10,14672.66,11663.99,3008.67,2025-05-06,2026-03-01,7336.33,299,20.51,14672.66,VIP
1379,Fahad Hussain,2,10,14650.75,11957.35,2693.4,2025-01-15,2026-06-09,7325.38,510,18.38,14650.75,VIP
3223,Ali Buriro,3,13,14650.55,11994.15,2656.4,2023-09-22,2026-07-21,4883.52,1033,18.13,14650.55,VIP
7366,Hassan Ali,2,12,14634.61,13149.92,1484.69,2023-12-06,2024-10-15,7317.3,314,10.15,14634.61,VIP
8397,Hira Raza,3,10,14631.54,11248.71,3382.83,2022-11-11,2025-05-28,4877.18,929,23.12,14631.54,VIP
7092,Sara Raza,3,14,14617.62,11656.3,2961.32,2022-02-06,2023-05-08,4872.54,456,20.26,14617.62,VIP
9105,Sana Memon,2,9,14614.99,10445.57,4169.42,2022-10-06,2025-03-02,7307.5,878,28.53,14614.99,VIP
2944,Saad Ahmed,3,14,14609.61,10633.57,3976.04,2023-03-13,2026-06-14,4869.87,1189,27.22,14609.61,VIP
4167,Sara Khan,2,10,14585.84,10740.71,3845.13,2023-03-26,2025-08-24,7292.92,882,26.36,14585.84,VIP
9585,Saad Mirza,3,13,14584.0,10889.48,3694.52,2022-04-28,2025-12-30,4861.33,1342,25.33,14584.0,VIP
5244,Imran Shah,3,13,14582.32,11577.63,3004.69,2022-09-11,2025-06-04,4860.77,997,20.61,14582.32,VIP
6539,Ali Sheikh,2,9,14577.15,11310.18,3266.97,2023-06-30,2023-07-31,7288.58,31,22.41,14577.15,VIP
3595,Bilal Khan,4,18,14576.1,11394.77,3181.33,2023-12-14,2024-07-25,3644.02,224,21.83,14576.1,VIP
5234,Hamza Siddiqui,4,19,14568.13,12657.37,1910.76,2023-08-07,2026-06-24,3642.03,1052,13.12,14568.13,VIP
372,Maryam Malik,1,7,14563.22,10382.54,4180.68,2026-08-06,2026-08-06,14563.22,0,28.71,14563.22,VIP
6233,Saad Mirza,2,11,14551.0,10549.32,4001.68,2024-06-26,2024-12-12,7275.5,169,27.5,14551.0,VIP
3515,Ayesha Chaudhry,1,7,14550.41,9264.29,5286.12,2023-12-07,2023-12-07,14550.41,0,36.33,14550.41,VIP
8030,Fahad Raza,3,12,14546.82,12027.92,2518.9,2022-09-10,2026-02-04,4848.94,1243,17.32,14546.82,VIP
9971,Fahad Memon,3,15,14545.14,11488.66,3056.48,2023-05-19,2025-04-02,4848.38,684,21.01,14545.14,VIP
710,Fahad Sheikh,2,11,14541.83,10553.96,3987.87,2023-04-19,2025-12-30,7270.92,986,27.42,14541.83,VIP
6498,Bilal Sheikh,2,8,14533.14,9773.34,4759.8,2022-12-20,2025-02-16,7266.57,789,32.75,14533.14,VIP
7914,Ayesha Chaudhry,2,9,14533.0,11103.44,3429.56,2023-04-05,2024-03-04,7266.5,334,23.6,14533.0,VIP
3969,Hussain Siddiqui,1,7,14529.27,10387.37,4141.9,2022-10-27,2022-10-27,14529.27,0,28.51,14529.27,VIP
5245,Saad Siddiqui,3,17,14521.15,12055.31,2465.84,2022-06-10,2024-08-27,4840.38,809,16.98,14521.15,VIP
5022,Omar Mirza,3,9,14517.81,10491.8,4026.01,2023-06-23,2024-02-21,4839.27,243,27.73,14517.81,VIP
1876,Sana Buriro,2,9,14513.94,10990.77,3523.17,2022-03-14,2025-06-13,7256.97,1187,24.27,14513.94,VIP
8092,Sara Khan,2,10,14512.79,11288.6,3224.19,2022-02-22,2023-08-29,7256.4,553,22.22,14512.79,VIP
860,Ayesha Sheikh,3,18,14501.53,10350.65,4150.88,2022-08-15,2024-08-03,4833.84,719,28.62,14501.53,VIP
8618,Omar Memon,3,13,14488.94,10918.84,3570.1,2023-12-10,2025-10-28,4829.65,688,24.64,14488.94,VIP
7754,Sana Mirza,3,16,14484.26,10932.76,3551.5,2023-05-08,2025-02-25,4828.09,659,24.52,14484.26,VIP
7977,Danish Mirza,3,13,14464.16,9893.64,4570.52,2022-03-21,2025-04-09,4821.39,1115,31.6,14464.16,VIP
1389,Zainab Chaudhry,2,11,14454.08,12478.02,1976.06,2024-03-12,2024-06-05,7227.04,85,13.67,14454.08,VIP
6683,Fatima Raza,5,24,14446.61,10471.98,3974.63,2023-08-10,2026-05-06,2889.32,1000,27.51,14446.61,VIP
4194,Maryam Mirza,1,7,14432.18,9832.97,4599.21,2025-07-17,2025-07-17,14432.18,0,31.87,14432.18,VIP
3029,Ali Hussain,4,17,14426.09,11072.35,3353.74,2022-02-02,2025-06-28,3606.52,1242,23.25,14426.09,VIP
8231,Hassan Shah,4,19,14394.73,10224.99,4169.74,2022-12-05,2025-10-24,3598.68,1054,28.97,14394.73,VIP
3522,Maryam Chaudhry,5,15,14392.44,11793.47,2598.97,2022-03-30,2025-11-25,2878.49,1336,18.06,14392.44,VIP
5139,Fahad Shah,3,14,14392.29,13621.25,771.04,2024-09-04,2025-10-07,4797.43,398,5.36,14392.29,VIP
8192,Saad Mirza,3,12,14384.24,12087.18,2297.06,2023-01-17,2024-06-16,4794.75,516,15.97,14384.24,VIP
561,Ali Ali,2,13,14381.8,12742.1,1639.7,2025-01-26,2025-02-10,7190.9,15,11.4,14381.8,VIP
3715,Fahad Mirza,2,10,14359.87,11342.94,3016.93,2024-06-09,2024-07-10,7179.94,31,21.01,14359.87,VIP
1972,Imran Iqbal,3,15,14357.68,10849.42,3508.26,2023-04-04,2026-05-30,4785.89,1152,24.43,14357.68,VIP
9244,Maham Shah,2,13,14339.31,13698.31,641.0,2022-06-16,2023-11-26,7169.65,528,4.47,14339.31,VIP
4665,Ayesha Raza,3,19,14328.84,13419.5,909.34,2023-01-31,2025-12-25,4776.28,1059,6.35,14328.84,VIP
9633,Hira Shah,2,9,14324.48,10872.8,3451.68,2022-04-25,2023-03-16,7162.24,325,24.1,14324.48,VIP
3995,Ali Shah,3,10,14320.89,10976.79,3344.1,2022-09-08,2025-12-04,4773.63,1183,23.35,14320.89,VIP
1704,Omar Hussain,4,23,14295.31,11505.1,2790.21,2022-01-20,2023-09-30,3573.83,618,19.52,14295.31,VIP
7970,Omar Khan,2,10,14283.02,12465.5,1817.52,2023-05-05,2023-09-14,7141.51,132,12.73,14283.02,VIP
8205,Imran Malik,2,10,14282.16,10921.46,3360.7,2024-11-03,2026-04-01,7141.08,514,23.53,14282.16,VIP
5306,Omar Hussain,2,9,14279.19,12720.12,1559.07,2024-01-28,2025-05-11,7139.6,469,10.92,14279.19,VIP
549,Danish Buriro,2,13,14266.57,11222.36,3044.21,2022-05-11,2024-11-26,7133.28,930,21.34,14266.57,VIP
5652,Hassan Siddiqui,2,9,14266.05,10551.78,3714.27,2023-06-04,2024-01-03,7133.02,213,26.04,14266.05,VIP
9188,Maham Hussain,4,15,14220.72,10794.18,3426.54,2024-02-21,2025-02-25,3555.18,370,24.1,14220.72,VIP
9330,Fahad Hussain,3,10,14216.66,10899.42,3317.24,2024-09-07,2025-02-20,4738.89,166,23.33,14216.66,VIP
2946,Sara Siddiqui,3,19,14201.51,12054.5,2147.01,2023-01-07,2025-07-10,4733.84,915,15.12,14201.51,VIP
2834,Usman Mirza,2,10,14200.83,11700.45,2500.38,2022-06-18,2022-10-26,7100.42,130,17.61,14200.83,VIP
7797,Ahmed Shah,2,12,14192.94,11375.38,2817.56,2023-11-04,2024-05-12,7096.47,190,19.85,14192.94,VIP
9103,Hussain Sheikh,3,12,14153.99,11626.81,2527.18,2022-04-21,2024-01-22,4718.0,641,17.85,14153.99,VIP
4796,Usman Ahmed,4,14,14137.18,9952.1,4185.08,2022-05-18,2025-11-08,3534.3,1270,29.6,14137.18,VIP
9883,Saad Hussain,2,10,14119.06,8975.54,5143.52,2023-05-04,2025-05-25,7059.53,752,36.43,14119.06,VIP
4518,Fahad Malik,3,17,14112.17,11287.76,2824.41,2024-03-10,2026-06-15,4704.06,827,20.01,14112.17,VIP
4837,Fahad Ali,2,7,14097.65,10095.36,4002.29,2024-03-02,2025-11-25,7048.82,633,28.39,14097.65,VIP
1008,Maryam Malik,2,9,14092.44,10475.4,3617.04,2022-03-02,2023-07-26,7046.22,511,25.67,14092.44,VIP
6423,Hira Memon,2,10,14076.92,12025.39,2051.53,2022-04-24,2025-02-10,7038.46,1023,14.57,14076.92,VIP
6361,Sana Qureshi,3,18,14052.27,13048.6,1003.67,2023-02-23,2026-07-20,4684.09,1243,7.14,14052.27,VIP
4407,Sana Chaudhry,2,11,14049.34,11697.77,2351.57,2022-05-25,2026-04-24,7024.67,1430,16.74,14049.34,VIP
6615,Hussain Iqbal,3,17,14047.81,12345.61,1702.2,2023-08-19,2026-03-29,4682.6,953,12.12,14047.81,VIP
3791,Ali Shah,4,10,14025.1,10238.25,3786.85,2022-09-24,2024-10-21,3506.28,758,27.0,14025.1,VIP
4925,Hira Sheikh,4,14,14011.31,13031.01,980.3,2023-03-16,2025-09-10,3502.83,909,7.0,14011.31,VIP
825,Saad Mirza,2,8,14009.03,11127.54,2881.49,2022-03-06,2025-01-29,7004.52,1060,20.57,14009.03,VIP
2496,Maryam Sheikh,3,15,14002.12,11054.38,2947.74,2022-09-18,2024-06-29,4667.37,650,21.05,14002.12,VIP
7910,Hussain Qureshi,2,9,13998.25,10373.97,3624.28,2025-04-07,2026-06-08,6999.12,427,25.89,13998.25,VIP
7106,Omar Khan,3,15,13987.44,10282.02,3705.42,2022-04-02,2024-04-24,4662.48,753,26.49,13987.44,VIP
5320,Maham Malik,4,11,13987.38,11591.2,2396.18,2022-03-19,2026-06-24,3496.84,1558,17.13,13987.38,VIP
850,Omar Iqbal,3,9,13980.07,9814.33,4165.74,2022-12-19,2025-01-15,4660.02,758,29.8,13980.07,VIP
4424,Usman Shah,3,12,13978.81,9130.21,4848.6,2022-05-24,2025-03-27,4659.6,1038,34.69,13978.81,VIP
5278,Imran Memon,2,10,13977.48,11995.44,1982.04,2023-06-18,2025-11-16,6988.74,882,14.18,13977.48,VIP
7491,Hussain Iqbal,4,18,13961.16,11105.66,2855.5,2023-06-05,2026-08-19,3490.29,1171,20.45,13961.16,VIP
271,Sara Khan,3,9,13949.07,10599.12,3349.95,2024-11-22,2026-08-09,4649.69,625,24.02,13949.07,VIP
5419,Fatima Ahmed,1,6,13944.36,8808.12,5136.24,2026-08-18,2026-08-18,13944.36,0,36.83,13944.36,VIP
6599,Ayesha Ali,2,8,13942.3,10354.77,3587.53,2023-08-02,2025-05-10,6971.15,647,25.73,13942.3,VIP
7995,Zainab Khan,3,16,13942.16,12982.78,959.38,2022-08-24,2026-02-01,4647.39,1257,6.88,13942.16,VIP
4127,Ali Sheikh,2,9,13933.64,10327.32,3606.32,2022-09-01,2026-05-02,6966.82,1339,25.88,13933.64,VIP
9741,Bilal Sheikh,3,14,13902.43,10710.65,3191.78,2023-09-24,2025-11-18,4634.14,786,22.96,13902.43,VIP
5059,Saad Hussain,3,16,13893.35,11121.08,2772.27,2024-05-16,2025-11-01,4631.12,534,19.95,13893.35,VIP
3982,Sana Siddiqui,5,14,13883.72,10403.23,3480.49,2022-01-20,2026-08-05,2776.74,1658,25.07,13883.72,VIP
6169,Saad Qureshi,2,10,13872.29,10329.89,3542.4,2022-05-22,2026-06-14,6936.14,1484,25.54,13872.29,VIP
6912,Usman Hussain,3,14,13869.9,11378.5,2491.4,2024-02-15,2025-04-15,4623.3,425,17.96,13869.9,VIP
2469,Saad Raza,3,15,13865.17,11877.48,1987.69,2022-03-26,2025-01-04,4621.72,1015,14.34,13865.17,VIP
3956,Ali Raza,1,7,13863.01,9854.67,4008.34,2026-04-22,2026-04-22,13863.01,0,28.91,13863.01,VIP
9591,Maham Memon,3,15,13862.29,12647.06,1215.23,2024-01-15,2025-09-21,4620.76,615,8.77,13862.29,VIP
3358,Imran Sheikh,3,14,13856.06,10191.36,3664.7,2024-07-30,2026-05-05,4618.69,644,26.45,13856.06,VIP
9064,Hussain Buriro,4,13,13841.3,10949.52,2891.78,2023-02-09,2025-04-30,3460.32,811,20.89,13841.3,VIP
4595,Ayesha Shah,2,12,13839.96,10218.59,3621.37,2022-08-24,2026-05-21,6919.98,1366,26.17,13839.96,VIP
3040,Sana Hussain,2,10,13824.42,9654.36,4170.06,2023-08-16,2026-05-08,6912.21,996,30.16,13824.42,VIP
9316,Usman Iqbal,2,11,13823.03,9986.72,3836.31,2024-01-16,2024-12-05,6911.52,324,27.75,13823.03,VIP
2267,Sara Buriro,2,11,13818.57,11000.79,2817.78,2022-05-04,2023-08-02,6909.28,455,20.39,13818.57,VIP
552,Imran Ahmed,2,8,13810.96,9615.85,4195.11,2023-04-06,2025-10-18,6905.48,926,30.38,13810.96,VIP
6422,Maryam Sheikh,4,12,13803.79,10267.02,3536.77,2023-07-12,2025-01-02,3450.95,540,25.62,13803.79,VIP
9065,Hamza Ahmed,2,13,13802.95,10868.9,2934.05,2023-02-11,2024-05-18,6901.48,462,21.26,13802.95,VIP
5393,Danish Iqbal,1,7,13802.74,9289.84,4512.9,2026-02-03,2026-02-03,13802.74,0,32.7,13802.74,VIP
171,Maryam Malik,3,17,13790.91,11786.98,2003.93,2024-02-19,2025-04-08,4596.97,414,14.53,13790.91,VIP
2381,Saad Mirza,3,15,13786.0,13037.27,748.73,2023-08-02,2025-10-26,4595.33,816,5.43,13786.0,VIP
9900,Hamza Chaudhry,3,17,13784.49,10390.51,3393.98,2024-03-01,2025-04-03,4594.83,398,24.62,13784.49,VIP
4723,Sara Malik,3,11,13764.03,11019.53,2744.5,2023-02-27,2024-07-28,4588.01,517,19.94,13764.03,VIP
5241,Bilal Ahmed,2,12,13761.18,11287.16,2474.02,2022-06-26,2024-01-04,6880.59,557,17.98,13761.18,VIP
1117,Imran Ahmed,3,10,13751.39,10125.63,3625.76,2022-11-05,2026-03-28,4583.8,1239,26.37,13751.39,VIP
7867,Hamza Khan,2,14,13738.48,12627.86,1110.62,2022-05-24,2023-02-19,6869.24,271,8.08,13738.48,VIP
1401,Maham Siddiqui,2,10,13729.1,10233.72,3495.38,2022-09-29,2025-07-29,6864.55,1034,25.46,13729.1,VIP
5559,Hamza Memon,2,11,13721.24,9529.22,4192.02,2022-07-29,2024-12-12,6860.62,867,30.55,13721.24,VIP
8260,Ali Raza,2,13,13707.45,10906.67,2800.78,2023-12-13,2024-03-20,6853.72,98,20.43,13707.45,VIP
3007,Hira Raza,2,9,13697.97,9482.52,4215.45,2022-04-08,2025-06-14,6848.98,1163,30.77,13697.97,VIP
7050,Fatima Malik,4,22,13687.45,10433.92,3253.53,2022-12-01,2026-06-06,3421.86,1283,23.77,13687.45,VIP
3102,Usman Ahmed,2,7,13678.19,9200.75,4477.44,2022-07-25,2023-02-15,6839.1,205,32.73,13678.19,VIP
7955,Maryam Mirza,2,12,13664.82,10114.86,3549.96,2024-06-02,2025-05-07,6832.41,339,25.98,13664.82,VIP
5944,Omar Mirza,1,6,13630.38,8957.1,4673.28,2025-08-20,2025-08-20,13630.38,0,34.29,13630.38,VIP
6319,Fahad Sheikh,2,9,13602.84,9850.23,3752.61,2023-11-01,2026-06-26,6801.42,968,27.59,13602.84,VIP
586,Maryam Hussain,2,13,13601.68,8985.78,4615.9,2025-02-23,2026-07-07,6800.84,499,33.94,13601.68,VIP
807,Hira Memon,3,12,13592.79,10886.81,2705.98,2022-07-28,2023-04-21,4530.93,267,19.91,13592.79,VIP
4535,Zainab Sheikh,3,14,13589.82,10774.33,2815.49,2023-08-14,2026-04-03,4529.94,963,20.72,13589.82,VIP
410,Hira Iqbal,2,9,13586.82,10276.83,3309.99,2022-08-31,2024-08-13,6793.41,713,24.36,13586.82,VIP
9471,Sana Memon,2,13,13573.61,11223.78,2349.83,2025-05-29,2025-12-25,6786.8,210,17.31,13573.61,VIP
1149,Hussain Sheikh,3,14,13573.46,9683.64,3889.82,2022-06-18,2026-06-25,4524.49,1468,28.66,13573.46,VIP
1749,Hassan Sheikh,2,10,13572.24,9807.96,3764.28,2022-01-18,2022-02-13,6786.12,26,27.74,13572.24,VIP
3769,Usman Hussain,3,12,13566.43,9197.59,4368.84,2022-10-26,2025-04-11,4522.14,898,32.2,13566.43,VIP
3611,Omar Hussain,3,15,13551.49,9691.62,3859.87,2023-10-26,2024-12-31,4517.16,432,28.48,13551.49,VIP
3526,Saad Siddiqui,1,6,13545.78,8982.96,4562.82,2022-05-04,2022-05-04,13545.78,0,33.68,13545.78,VIP
9132,Ali Buriro,2,13,13522.74,11092.13,2430.61,2024-04-03,2026-02-25,6761.37,693,17.97,13522.74,VIP
7150,Hamza Hussain,1,7,13522.46,10283.0,3239.46,2023-03-01,2023-03-01,13522.46,0,23.96,13522.46,VIP
315,Zainab Qureshi,5,9,13510.54,10514.69,2995.85,2025-05-27,2026-05-07,2702.11,345,22.17,13510.54,VIP
5968,Hassan Malik,3,13,13505.29,9411.63,4093.66,2023-05-27,2025-03-22,4501.76,665,30.31,13505.29,VIP
1763,Bilal Shah,3,10,13489.7,10711.4,2778.3,2022-05-04,2025-10-20,4496.57,1265,20.6,13489.7,VIP
1347,Imran Siddiqui,2,11,13486.43,10030.66,3455.77,2025-04-22,2026-01-08,6743.22,261,25.62,13486.43,VIP
3196,Maham Qureshi,2,9,13474.98,8856.89,4618.09,2022-06-11,2022-07-31,6737.49,50,34.27,13474.98,VIP
6219,Omar Ahmed,2,12,13468.66,11378.68,2089.98,2024-10-28,2025-08-31,6734.33,307,15.52,13468.66,VIP
8527,Ali Mirza,3,12,13463.71,11598.52,1865.19,2022-03-31,2025-06-30,4487.9,1187,13.85,13463.71,VIP
664,Hira Ali,2,9,13448.44,11648.87,1799.57,2023-05-04,2023-07-21,6724.22,78,13.38,13448.44,VIP
1641,Ahmed Buriro,2,9,13446.87,11262.15,2184.72,2024-10-20,2025-12-08,6723.44,414,16.25,13446.87,VIP
6695,Omar Siddiqui,3,11,13438.44,12850.08,588.36,2023-11-17,2025-07-17,4479.48,608,4.38,13438.44,VIP
1734,Zainab Shah,3,11,13422.58,10184.32,3238.26,2024-12-02,2026-03-03,4474.19,456,24.13,13422.58,VIP
70,Hamza Siddiqui,2,12,13421.82,10692.6,2729.22,2023-03-30,2025-04-29,6710.91,761,20.33,13421.82,VIP
4165,Hussain Hussain,2,12,13404.65,9862.6,3542.05,2023-05-07,2025-08-25,6702.33,841,26.42,13404.65,VIP
4527,Ali Memon,1,7,13385.96,10364.83,3021.13,2024-10-06,2024-10-06,13385.96,0,22.57,13385.96,VIP
7025,Sana Ali,1,7,13385.05,10164.63,3220.42,2023-03-21,2023-03-21,13385.05,0,24.06,13385.05,VIP
3006,Omar Buriro,2,11,13358.11,8840.88,4517.23,2022-08-19,2024-10-02,6679.05,775,33.82,13358.11,VIP
9236,Usman Malik,2,11,13358.09,11709.44,1648.65,2023-07-11,2024-06-20,6679.04,345,12.34,13358.09,VIP
4704,Fahad Qureshi,4,13,13355.15,10913.7,2441.45,2023-06-24,2026-01-11,3338.79,932,18.28,13355.15,VIP
8878,Ali Memon,2,14,13352.71,9289.77,4062.94,2025-02-19,2026-04-20,6676.36,425,30.43,13352.71,VIP
8713,Omar Buriro,3,14,13342.36,11846.38,1495.98,2022-08-11,2025-02-15,4447.45,919,11.21,13342.36,VIP
1084,Hamza Mirza,3,12,13339.87,10857.23,2482.64,2022-08-09,2025-01-18,4446.62,893,18.61,13339.87,VIP
8817,Zainab Mirza,4,16,13326.07,10672.77,2653.3,2023-11-09,2026-07-07,3331.52,971,19.91,13326.07,VIP
7211,Sana Sheikh,2,10,13317.6,11212.2,2105.4,2023-02-11,2023-08-16,6658.8,186,15.81,13317.6,VIP
1392,Maham Mirza,2,7,13313.46,10224.66,3088.8,2022-06-14,2022-12-20,6656.73,189,23.2,13313.46,VIP
6946,Maham Buriro,2,9,13311.61,9274.31,4037.3,2025-07-28,2025-11-22,6655.8,117,30.33,13311.61,VIP
9533,Fatima Iqbal,3,11,13311.11,10345.57,2965.54,2024-06-25,2025-08-25,4437.04,426,22.28,13311.11,VIP
7576,Imran Iqbal,2,12,13301.94,8803.05,4498.89,2023-08-28,2024-12-29,6650.97,489,33.82,13301.94,VIP
7704,Imran Hussain,2,9,13295.52,10532.2,2763.32,2022-07-29,2025-10-03,6647.76,1162,20.78,13295.52,VIP
4664,Hussain Ali,3,14,13288.4,11677.46,1610.94,2023-01-10,2025-04-16,4429.47,827,12.12,13288.4,VIP
4574,Sara Qureshi,1,6,13287.48,8293.5,4993.98,2026-05-20,2026-05-20,13287.48,0,37.58,13287.48,VIP
7832,Ayesha Memon,2,12,13270.52,10713.75,2556.77,2024-12-04,2025-06-07,6635.26,185,19.27,13270.52,VIP
4746,Usman Khan,2,9,13254.31,10037.12,3217.19,2022-06-24,2024-04-06,6627.16,652,24.27,13254.31,VIP
2785,Hamza Shah,3,12,13249.59,10818.96,2430.63,2023-04-11,2025-03-01,4416.53,690,18.34,13249.59,VIP
7457,Zainab Memon,3,7,13246.87,9189.59,4057.28,2022-06-03,2025-11-12,4415.62,1258,30.63,13246.87,VIP
776,Bilal Mirza,2,11,13236.66,10516.52,2720.14,2022-11-13,2024-11-28,6618.33,746,20.55,13236.66,VIP
1284,Danish Hussain,3,10,13221.74,11139.88,2081.86,2022-02-07,2024-04-25,4407.25,808,15.75,13221.74,VIP
1156,Bilal Ali,2,9,13218.63,11758.1,1460.53,2023-12-03,2025-09-07,6609.32,644,11.05,13218.63,VIP
7088,Usman Malik,2,7,13214.11,9333.5,3880.61,2024-12-07,2025-07-15,6607.06,220,29.37,13214.11,VIP
5225,Ayesha Sheikh,2,12,13213.08,11429.4,1783.68,2024-03-13,2026-01-25,6606.54,683,13.5,13213.08,VIP
3884,Fahad Siddiqui,1,7,13203.12,10206.77,2996.35,2024-03-23,2024-03-23,13203.12,0,22.69,13203.12,VIP
8024,Hassan Siddiqui,2,8,13177.66,9923.05,3254.61,2022-11-30,2024-09-03,6588.83,643,24.7,13177.66,VIP
99,Hamza Ali,2,9,13173.97,9389.58,3784.39,2023-05-20,2026-04-15,6586.98,1061,28.73,13173.97,VIP
3297,Omar Buriro,2,8,13172.88,9535.02,3637.86,2023-10-23,2024-03-12,6586.44,141,27.62,13172.88,VIP
5330,Hassan Qureshi,1,7,13172.53,8891.68,4280.85,2023-08-07,2023-08-07,13172.53,0,32.5,13172.53,VIP
369,Sara Qureshi,3,10,13170.7,8866.33,4304.37,2024-01-04,2025-04-09,4390.23,461,32.68,13170.7,VIP
701,Fahad Shah,1,7,13169.87,10223.99,2945.88,2022-07-31,2022-07-31,13169.87,0,22.37,13169.87,VIP
1262,Usman Siddiqui,3,17,13163.71,10292.64,2871.07,2022-05-16,2025-10-16,4387.9,1249,21.81,13163.71,VIP
7414,Hussain Raza,2,11,13158.98,10097.05,3061.93,2022-01-19,2023-07-06,6579.49,533,23.27,13158.98,VIP
7157,Omar Mirza,3,16,13158.62,11202.25,1956.37,2023-05-28,2026-02-18,4386.21,997,14.87,13158.62,VIP
4181,Hussain Memon,1,6,13147.44,8248.8,4898.64,2026-01-12,2026-01-12,13147.44,0,37.26,13147.44,VIP
3858,Hassan Siddiqui,1,6,13142.46,8762.16,4380.3,2024-04-07,2024-04-07,13142.46,0,33.33,13142.46,VIP
4711,Fatima Buriro,1,6,13136.22,8791.44,4344.78,2022-08-18,2022-08-18,13136.22,0,33.07,13136.22,VIP
4021,Fahad Shah,2,8,13132.86,10087.06,3045.8,2024-07-25,2025-11-01,6566.43,464,23.19,13132.86,VIP
3341,Hussain Qureshi,3,11,13123.17,9861.67,3261.5,2024-04-11,2025-11-05,4374.39,573,24.85,13123.17,VIP
6597,Maham Shah,3,13,13120.34,10315.73,2804.61,2022-02-03,2026-06-29,4373.45,1607,21.38,13120.34,VIP
6751,Hussain Khan,2,7,13118.18,9847.83,3270.35,2025-03-12,2026-02-12,6559.09,337,24.93,13118.18,VIP
6451,Hassan Malik,1,7,13117.72,8997.31,4120.41,2022-12-16,2022-12-16,13117.72,0,31.41,13117.72,VIP
2563,Hassan Buriro,3,10,13104.15,9922.43,3181.72,2022-03-06,2024-01-11,4368.05,676,24.28,13104.15,VIP
6548,Ahmed Raza,2,9,13100.82,9617.15,3483.67,2023-08-05,2026-01-15,6550.41,894,26.59,13100.82,VIP
6150,Danish Memon,2,8,13093.26,9855.94,3237.32,2022-11-30,2023-01-22,6546.63,53,24.73,13093.26,VIP
7343,Maryam Chaudhry,4,19,13087.65,9583.12,3504.53,2022-06-10,2025-01-30,3271.91,965,26.78,13087.65,VIP
6754,Sana Chaudhry,2,10,13042.75,11896.75,1146.0,2023-09-01,2025-11-03,6521.38,794,8.79,13042.75,VIP
8510,Zainab Mirza,3,20,13040.93,12342.75,698.18,2022-06-30,2026-07-20,4346.98,1481,5.35,13040.93,VIP
1364,Hassan Khan,3,13,13036.41,11041.54,1994.87,2022-09-25,2025-05-19,4345.47,967,15.3,13036.41,VIP
3820,Danish Mirza,3,10,13024.57,11034.47,1990.1,2022-07-27,2024-03-06,4341.52,588,15.28,13024.57,VIP
6122,Zainab Qureshi,2,7,13023.81,8613.02,4410.79,2022-08-08,2023-08-08,6511.9,365,33.87,13023.81,VIP
3056,Fahad Sheikh,2,8,13013.16,8758.08,4255.08,2025-03-14,2025-06-23,6506.58,101,32.7,13013.16,VIP
7140,Danish Ahmed,1,7,12992.91,9272.76,3720.15,2023-04-17,2023-04-17,12992.91,0,28.63,12992.91,VIP
5644,Ahmed Qureshi,3,13,12970.87,12113.17,857.7,2023-03-23,2026-07-06,4323.62,1201,6.61,12970.87,VIP
4365,Saad Buriro,3,17,12966.06,10679.46,2286.6,2023-03-27,2025-09-16,4322.02,904,17.64,12966.06,VIP
3816,Hamza Qureshi,3,10,12964.93,11018.18,1946.75,2022-03-26,2023-06-03,4321.64,434,15.02,12964.93,VIP
2517,Omar Ahmed,2,14,12962.53,10058.79,2903.74,2023-05-28,2023-10-16,6481.26,141,22.4,12962.53,VIP
2600,Sana Iqbal,1,7,12962.46,9264.57,3697.89,2025-04-19,2025-04-19,12962.46,0,28.53,12962.46,VIP
6089,Fahad Qureshi,2,9,12958.35,12199.3,759.05,2022-06-04,2024-02-01,6479.18,607,5.86,12958.35,VIP
8068,Ayesha Siddiqui,2,9,12949.94,10118.36,2831.58,2022-11-21,2024-09-15,6474.97,664,21.87,12949.94,VIP
5109,Sana Sheikh,2,8,12922.98,10514.26,2408.72,2024-01-14,2026-07-15,6461.49,913,18.64,12922.98,VIP
9264,Usman Mirza,2,14,12920.95,10982.58,1938.37,2023-09-08,2024-09-01,6460.48,359,15.0,12920.95,VIP
2149,Ayesha Buriro,1,7,12920.25,8326.57,4593.68,2024-03-21,2024-03-21,12920.25,0,35.55,12920.25,VIP
608,Ahmed Ali,3,11,12909.66,10042.15,2867.51,2022-10-12,2026-02-15,4303.22,1222,22.21,12909.66,VIP
7751,Ayesha Mirza,3,15,12903.75,10462.73,2441.02,2022-12-20,2025-12-15,4301.25,1091,18.92,12903.75,VIP
475,Imran Malik,3,11,12894.44,9846.86,3047.58,2022-09-15,2026-07-13,4298.15,1397,23.63,12894.44,VIP
7419,Sara Siddiqui,1,7,12892.25,8500.38,4391.87,2023-08-24,2023-08-24,12892.25,0,34.07,12892.25,VIP
5407,Zainab Qureshi,2,13,12883.6,10564.14,2319.46,2025-12-27,2026-03-16,6441.8,79,18.0,12883.6,VIP
2659,Zainab Ali,2,8,12870.58,9843.05,3027.53,2025-05-05,2025-07-21,6435.29,77,23.52,12870.58,VIP
7982,Hassan Chaudhry,2,8,12863.26,11259.39,1603.87,2024-10-06,2026-08-06,6431.63,669,12.47,12863.26,VIP
8840,Sana Memon,3,10,12854.79,10000.46,2854.33,2023-05-16,2025-03-05,4284.93,659,22.2,12854.79,VIP
2317,Bilal Ahmed,1,7,12848.64,9437.96,3410.68,2025-06-29,2025-06-29,12848.64,0,26.55,12848.64,VIP
4107,Saad Memon,2,13,12836.67,9947.79,2888.88,2022-01-26,2023-12-28,6418.34,701,22.5,12836.67,VIP
7334,Bilal Hussain,1,7,12836.11,8937.39,3898.72,2024-04-07,2024-04-07,12836.11,0,30.37,12836.11,VIP
7991,Hussain Raza,4,18,12830.32,10269.76,2560.56,2024-01-26,2025-10-06,3207.58,619,19.96,12830.32,VIP
9622,Sara Memon,2,9,12829.48,9044.68,3784.8,2023-07-11,2025-08-20,6414.74,771,29.5,12829.48,VIP
9865,Sara Khan,3,12,12827.35,10377.36,2449.99,2022-05-07,2025-11-03,4275.78,1276,19.1,12827.35,VIP
1419,Saad Chaudhry,1,6,12825.6,8362.38,4463.22,2025-05-01,2025-05-01,12825.6,0,34.8,12825.6,VIP
7118,Ayesha Memon,2,10,12815.52,12776.0,39.52,2022-09-17,2024-04-04,6407.76,565,0.31,12815.52,VIP
3854,Danish Qureshi,3,17,12813.59,9694.97,3118.62,2022-07-20,2023-03-11,4271.2,234,24.34,12813.59,VIP
7962,Bilal Shah,2,10,12810.81,9701.53,3109.28,2022-12-11,2025-06-21,6405.4,923,24.27,12810.81,VIP
6653,Maryam Memon,2,12,12808.01,12138.96,669.05,2024-03-21,2025-02-26,6404.0,342,5.22,12808.01,VIP
7678,Sana Iqbal,2,7,12803.99,9436.75,3367.24,2022-10-30,2026-06-06,6402.0,1315,26.3,12803.99,VIP
9280,Saad Chaudhry,3,10,12801.01,9750.65,3050.36,2022-05-20,2025-04-25,4267.0,1071,23.83,12801.01,VIP
1546,Hamza Qureshi,2,9,12797.07,9057.55,3739.52,2024-03-07,2026-07-22,6398.54,867,29.22,12797.07,VIP
4272,Fatima Sheikh,2,9,12784.92,9006.15,3778.77,2023-06-01,2024-12-30,6392.46,578,29.56,12784.92,VIP
1034,Sara Chaudhry,1,6,12781.98,8442.06,4339.92,2023-09-10,2023-09-10,12781.98,0,33.95,12781.98,VIP
2579,Imran Ali,1,7,12776.33,9304.4,3471.93,2026-01-08,2026-01-08,12776.33,0,27.17,12776.33,VIP
157,Hassan Malik,1,7,12770.59,8720.39,4050.2,2026-08-07,2026-08-07,12770.59,0,31.72,12770.59,VIP
3290,Hassan Siddiqui,2,9,12759.71,9742.51,3017.2,2022-09-19,2023-09-12,6379.86,358,23.65,12759.71,VIP
8315,Saad Shah,1,7,12758.27,9872.31,2885.96,2024-03-21,2024-03-21,12758.27,0,22.62,12758.27,VIP
2955,Maham Sheikh,4,16,12751.97,10447.79,2304.18,2023-05-20,2026-04-05,3187.99,1051,18.07,12751.97,VIP
3173,Hussain Memon,3,12,12746.52,9166.95,3579.57,2022-04-02,2026-01-21,4248.84,1390,28.08,12746.52,VIP
5780,Fahad Ali,2,10,12744.78,10981.16,1763.62,2024-03-22,2024-04-02,6372.39,11,13.84,12744.78,VIP
3856,Bilal Shah,2,12,12735.6,9444.72,3290.88,2025-04-14,2026-01-28,6367.8,289,25.84,12735.6,VIP
6618,Hussain Mirza,2,7,12727.65,9264.2,3463.45,2025-05-28,2026-07-02,6363.82,400,27.21,12727.65,VIP
318,Hussain Memon,3,15,12727.55,9988.66,2738.89,2024-01-14,2025-08-02,4242.52,566,21.52,12727.55,VIP
1736,Usman Buriro,1,7,12727.12,8978.41,3748.71,2023-08-24,2023-08-24,12727.12,0,29.45,12727.12,VIP
9501,Ayesha Memon,2,9,12726.77,11863.81,862.96,2024-02-21,2026-08-04,6363.38,895,6.78,12726.77,VIP
7580,Danish Qureshi,1,6,12709.38,8413.74,4295.64,2025-06-14,2025-06-14,12709.38,0,33.8,12709.38,VIP
1141,Maham Qureshi,2,12,12705.6,10081.2,2624.4,2023-01-07,2026-07-17,6352.8,1287,20.66,12705.6,VIP
6536,Zainab Ahmed,2,12,12704.03,10315.39,2388.64,2022-01-16,2026-05-18,6352.02,1583,18.8,12704.03,VIP
4902,Maryam Malik,3,16,12700.17,10722.91,1977.26,2022-07-26,2025-10-26,4233.39,1188,15.57,12700.17,VIP
3977,Imran Khan,3,12,12692.12,10958.96,1733.16,2022-08-17,2025-07-24,4230.71,1072,13.66,12692.12,VIP
5441,Ahmed Ali,1,7,12675.39,9989.49,2685.9,2025-04-12,2025-04-12,12675.39,0,21.19,12675.39,VIP
4257,Danish Khan,2,10,12658.05,8954.65,3703.4,2023-09-15,2024-02-18,6329.02,156,29.26,12658.05,VIP
5285,Imran Ahmed,1,7,12652.99,9895.83,2757.16,2024-02-11,2024-02-11,12652.99,0,21.79,12652.99,VIP
7026,Usman Sheikh,2,8,12648.37,8343.69,4304.68,2024-03-09,2024-12-13,6324.18,279,34.03,12648.37,VIP
7293,Hassan Mirza,3,10,12645.52,9601.36,3044.16,2022-02-27,2023-07-05,4215.17,493,24.07,12645.52,VIP
2651,Ahmed Iqbal,1,7,12643.54,9212.35,3431.19,2022-09-15,2022-09-15,12643.54,0,27.14,12643.54,VIP
2271,Sana Hussain,3,15,12627.8,9802.25,2825.55,2022-01-08,2026-08-16,4209.27,1681,22.38,12627.8,VIP
4111,Hamza Malik,2,11,12615.58,8901.2,3714.38,2023-03-25,2023-06-23,6307.79,90,29.44,12615.58,VIP
8063,Hussain Raza,2,9,12603.96,9995.59,2608.37,2022-05-04,2025-01-27,6301.98,999,20.69,12603.96,VIP
7839,Hamza Buriro,3,14,12600.15,9871.22,2728.93,2022-05-25,2026-07-06,4200.05,1503,21.66,12600.15,VIP
737,Ayesha Shah,3,11,12599.4,10066.12,2533.28,2022-05-01,2026-08-05,4199.8,1557,20.11,12599.4,VIP
417,Fatima Ahmed,2,11,12599.1,10940.11,1658.99,2023-11-30,2024-12-28,6299.55,394,13.17,12599.1,VIP
8703,Fatima Shah,2,7,12593.35,8494.08,4099.27,2023-03-31,2025-07-25,6296.67,847,32.55,12593.35,VIP
8571,Omar Hussain,1,7,12583.13,10397.03,2186.1,2024-09-08,2024-09-08,12583.13,0,17.37,12583.13,VIP
8785,Fatima Memon,2,9,12580.24,9921.39,2658.85,2024-06-10,2025-06-05,6290.12,360,21.14,12580.24,VIP
6761,Saad Khan,2,7,12579.83,9957.97,2621.86,2023-09-06,2025-05-05,6289.92,607,20.84,12579.83,VIP
1631,Ayesha Sheikh,3,12,12577.55,9020.66,3556.89,2022-06-21,2025-08-15,4192.52,1151,28.28,12577.55,VIP
7333,Ayesha Qureshi,2,9,12561.46,10515.6,2045.86,2024-10-01,2026-07-24,6280.73,661,16.29,12561.46,VIP
1416,Imran Buriro,3,11,12546.91,10031.52,2515.39,2025-05-05,2026-08-02,4182.3,454,20.05,12546.91,VIP
7301,Usman Siddiqui,1,7,12546.87,10054.03,2492.84,2024-08-12,2024-08-12,12546.87,0,19.87,12546.87,VIP
7857,Hamza Ahmed,1,7,12543.86,8978.41,3565.45,2024-02-23,2024-02-23,12543.86,0,28.42,12543.86,VIP
9249,Omar Hussain,4,15,12541.87,10299.93,2241.94,2023-09-17,2025-08-08,3135.47,691,17.88,12541.87,VIP
8523,Sara Iqbal,2,8,12537.9,10397.67,2140.23,2022-04-27,2026-03-27,6268.95,1430,17.07,12537.9,VIP
9485,Maryam Buriro,2,7,12536.61,8432.16,4104.45,2022-01-17,2024-06-08,6268.3,873,32.74,12536.61,VIP
8631,Usman Sheikh,2,14,12535.39,9675.47,2859.92,2023-01-30,2025-05-01,6267.7,822,22.81,12535.39,VIP
4871,Hamza Siddiqui,3,11,12524.78,11606.01,918.77,2024-06-06,2026-06-19,4174.93,743,7.34,12524.78,VIP
4146,Ayesha Shah,1,7,12523.14,8841.7,3681.44,2026-04-04,2026-04-04,12523.14,0,29.4,12523.14,VIP
6997,Fahad Buriro,2,12,12520.58,9316.97,3203.61,2024-04-09,2025-03-11,6260.29,336,25.59,12520.58,VIP
5844,Maryam Raza,1,7,12504.24,9641.31,2862.93,2025-12-07,2025-12-07,12504.24,0,22.9,12504.24,VIP
8258,Maryam Shah,2,8,12499.52,9336.2,3163.32,2025-08-29,2026-07-20,6249.76,325,25.31,12499.52,VIP
4548,Usman Shah,2,11,12492.18,10592.44,1899.74,2024-10-21,2025-04-11,6246.09,172,15.21,12492.18,VIP
1422,Maham Sheikh,2,8,12473.48,9767.46,2706.02,2022-04-04,2026-04-25,6236.74,1482,21.69,12473.48,VIP
9304,Danish Raza,1,6,12426.42,7896.3,4530.12,2024-01-23,2024-01-23,12426.42,0,36.46,12426.42,VIP
7036,Zainab Hussain,2,9,12413.67,8840.58,3573.09,2023-02-14,2024-03-28,6206.84,408,28.78,12413.67,VIP
6572,Ali Sheikh,1,6,12392.34,8160.18,4232.16,2023-02-26,2023-02-26,12392.34,0,34.15,12392.34,VIP
8069,Fahad Ali,1,6,12391.86,8413.86,3978.0,2026-02-10,2026-02-10,12391.86,0,32.1,12391.86,VIP
4210,Sara Shah,1,7,12388.46,8901.34,3487.12,2026-06-01,2026-06-01,12388.46,0,28.15,12388.46,VIP
7436,Ayesha Siddiqui,2,9,12386.94,9219.93,3167.01,2023-01-06,2024-05-25,6193.47,505,25.57,12386.94,VIP
118,Fatima Memon,3,13,12381.97,9625.67,2756.3,2022-03-22,2024-08-04,4127.32,866,22.26,12381.97,VIP
490,Omar Raza,3,10,12379.5,8296.35,4083.15,2022-01-26,2023-12-02,4126.5,675,32.98,12379.5,VIP
1824,Maryam Hussain,2,9,12366.65,11133.52,1233.13,2023-02-20,2025-05-24,6183.32,824,9.97,12366.65,VIP
8046,Maham Shah,3,11,12362.58,11289.22,1073.36,2023-04-04,2024-04-21,4120.86,383,8.68,12362.58,VIP
2632,Sana Sheikh,1,6,12361.08,7941.06,4420.02,2025-08-02,2025-08-02,12361.08,0,35.76,12361.08,VIP
6033,Bilal Ali,3,16,12357.12,11293.77,1063.35,2022-11-11,2026-07-04,4119.04,1331,8.61,12357.12,VIP
9646,Maham Sheikh,4,14,12357.05,9049.33,3307.72,2022-06-21,2025-12-19,3089.26,1277,26.77,12357.05,VIP
7132,Ayesha Hussain,1,7,12356.47,10122.42,2234.05,2023-04-15,2023-04-15,12356.47,0,18.08,12356.47,VIP
349,Sara Raza,1,7,12355.7,8552.04,3803.66,2022-05-16,2022-05-16,12355.7,0,30.78,12355.7,VIP
5803,Hira Buriro,2,9,12352.32,9133.65,3218.67,2023-03-20,2024-10-08,6176.16,568,26.06,12352.32,VIP
4589,Ahmed Hussain,2,9,12334.72,8568.7,3766.02,2025-01-13,2026-02-10,6167.36,393,30.53,12334.72,VIP
2592,Maryam Chaudhry,3,16,12330.43,10438.46,1891.97,2022-12-13,2025-08-04,4110.14,965,15.34,12330.43,VIP
5876,Hassan Sheikh,1,7,12322.45,8800.4,3522.05,2025-04-01,2025-04-01,12322.45,0,28.58,12322.45,VIP
9261,Ayesha Iqbal,5,16,12320.42,10831.27,1489.15,2022-02-24,2025-04-30,2464.08,1161,12.09,12320.42,VIP
3517,Imran Hussain,2,10,12311.69,10979.37,1332.32,2024-11-19,2025-11-26,6155.84,372,10.82,12311.69,VIP
350,Ahmed Ali,3,13,12307.37,9045.73,3261.64,2022-10-14,2025-04-03,4102.46,902,26.5,12307.37,VIP
7882,Fatima Khan,2,9,12301.14,11025.58,1275.56,2023-01-02,2025-08-04,6150.57,945,10.37,12301.14,VIP
2692,Omar Qureshi,2,7,12300.96,9778.48,2522.48,2024-04-16,2024-05-27,6150.48,41,20.51,12300.96,VIP
6962,Hamza Ahmed,3,12,12296.25,8104.45,4191.8,2022-06-30,2024-05-28,4098.75,698,34.09,12296.25,VIP
9406,Hamza Hussain,2,9,12291.62,10448.41,1843.21,2022-12-05,2024-03-14,6145.81,465,15.0,12291.62,VIP
2703,Ali Qureshi,2,11,12276.07,7930.6,4345.47,2024-12-12,2026-01-24,6138.04,408,35.4,12276.07,VIP
6297,Hamza Mirza,1,7,12261.34,9517.2,2744.14,2022-10-03,2022-10-03,12261.34,0,22.38,12261.34,VIP
8318,Ahmed Chaudhry,1,7,12253.36,9508.45,2744.91,2022-05-22,2022-05-22,12253.36,0,22.4,12253.36,VIP
5166,Hamza Buriro,2,9,12244.62,9199.72,3044.9,2023-02-25,2024-02-22,6122.31,362,24.87,12244.62,VIP
7337,Hussain Hussain,3,10,12244.45,11113.92,1130.53,2022-06-19,2026-06-25,4081.48,1467,9.23,12244.45,VIP
8693,Hussain Khan,1,7,12236.21,9430.54,2805.67,2023-06-08,2023-06-08,12236.21,0,22.93,12236.21,VIP
4175,Sara Buriro,1,6,12228.42,8095.5,4132.92,2023-11-20,2023-11-20,12228.42,0,33.8,12228.42,VIP
5021,Sana Chaudhry,1,6,12221.52,7938.6,4282.92,2022-06-25,2022-06-25,12221.52,0,35.04,12221.52,VIP
7061,Ayesha Ahmed,1,7,12212.69,9242.24,2970.45,2023-05-30,2023-05-30,12212.69,0,24.32,12212.69,VIP
7942,Sara Qureshi,1,7,12212.27,9086.91,3125.36,2022-12-24,2022-12-24,12212.27,0,25.59,12212.27,VIP
6570,Maham Chaudhry,3,8,12212.16,8851.31,3360.85,2023-01-17,2024-09-30,4070.72,622,27.52,12212.16,VIP
3554,Hassan Sheikh,2,9,12211.5,10691.76,1519.74,2024-02-02,2025-10-31,6105.75,637,12.45,12211.5,VIP
6388,Hassan Ali,2,11,12206.36,11600.28,606.08,2023-06-07,2025-10-13,6103.18,859,4.97,12206.36,VIP
4151,Saad Shah,1,7,12200.3,8598.31,3601.99,2023-02-24,2023-02-24,12200.3,0,29.52,12200.3,VIP
9277,Hira Mirza,1,6,12200.16,8972.88,3227.28,2022-05-25,2022-05-25,12200.16,0,26.45,12200.16,VIP
5678,Saad Raza,4,15,12199.87,10493.76,1706.11,2022-06-02,2026-03-16,3049.97,1383,13.98,12199.87,VIP
6435,Zainab Raza,3,11,12198.87,8626.53,3572.34,2023-01-20,2025-04-28,4066.29,829,29.28,12198.87,VIP
2473,Ali Memon,2,8,12197.35,9950.19,2247.16,2026-03-06,2026-04-03,6098.68,28,18.42,12197.35,VIP
3609,Maryam Ahmed,2,11,12196.64,11643.14,553.5,2023-05-13,2024-04-04,6098.32,327,4.54,12196.64,VIP
5457,Hussain Ahmed,3,17,12196.13,10180.24,2015.89,2022-10-14,2023-06-03,4065.38,232,16.53,12196.13,VIP
4978,Zainab Shah,3,16,12178.26,8356.2,3822.06,2023-08-15,2026-07-14,4059.42,1064,31.38,12178.26,VIP
6583,Maryam Buriro,2,11,12168.79,10475.03,1693.76,2024-01-14,2026-08-15,6084.4,944,13.92,12168.79,VIP
9181,Fatima Siddiqui,2,7,12165.21,9704.02,2461.19,2023-03-15,2025-02-01,6082.6,689,20.23,12165.21,VIP
9396,Usman Memon,1,6,12159.78,8095.5,4064.28,2025-01-24,2025-01-24,12159.78,0,33.42,12159.78,VIP
9730,Sara Iqbal,3,10,12159.54,8572.76,3586.78,2022-04-30,2026-01-29,4053.18,1370,29.5,12159.54,VIP
3598,Sara Chaudhry,2,8,12157.51,8924.15,3233.36,2023-11-29,2024-04-01,6078.76,124,26.6,12157.51,VIP
9729,Omar Hussain,1,7,12133.59,8796.62,3336.97,2022-12-31,2022-12-31,12133.59,0,27.5,12133.59,VIP
8412,Hassan Sheikh,2,13,12131.84,8817.62,3314.22,2026-01-20,2026-05-05,6065.92,105,27.32,12131.84,VIP
7740,Ali Siddiqui,3,11,12128.08,9047.98,3080.1,2023-12-04,2025-11-14,4042.69,711,25.4,12128.08,VIP
9267,Usman Sheikh,1,7,12117.21,9662.59,2454.62,2025-04-04,2025-04-04,12117.21,0,20.26,12117.21,VIP
3276,Sana Mirza,1,6,12110.58,7646.82,4463.76,2023-06-05,2023-06-05,12110.58,0,36.86,12110.58,VIP
5347,Hira Memon,2,8,12106.11,9784.31,2321.8,2022-01-26,2025-04-12,6053.06,1172,19.18,12106.11,VIP
3632,Maham Iqbal,1,7,12098.31,7620.62,4477.69,2026-02-14,2026-02-14,12098.31,0,37.01,12098.31,VIP
3786,Hira Chaudhry,2,11,12097.44,9520.63,2576.81,2023-07-21,2025-11-15,6048.72,848,21.3,12097.44,VIP
9587,Ali Malik,1,7,12094.81,7997.71,4097.1,2022-10-28,2022-10-28,12094.81,0,33.87,12094.81,VIP
5495,Fatima Mirza,3,13,12087.18,10937.53,1149.65,2025-06-25,2025-12-20,4029.06,178,9.51,12087.18,VIP
6822,Saad Iqbal,1,7,12085.22,9584.75,2500.47,2024-01-25,2024-01-25,12085.22,0,20.69,12085.22,VIP
3562,Maryam Sheikh,2,10,12084.46,9483.22,2601.24,2024-07-23,2025-04-18,6042.23,269,21.53,12084.46,VIP
1751,Ahmed Hussain,1,7,12081.93,9822.12,2259.81,2026-01-06,2026-01-06,12081.93,0,18.7,12081.93,VIP
2865,Ayesha Siddiqui,2,11,12079.45,8624.1,3455.35,2024-02-17,2025-06-04,6039.72,473,28.61,12079.45,VIP
9615,Bilal Khan,1,7,12079.13,8652.0,3427.13,2022-04-06,2022-04-06,12079.13,0,28.37,12079.13,VIP
4984,Maham Ahmed,1,7,12071.29,8437.87,3633.42,2023-03-28,2023-03-28,12071.29,0,30.1,12071.29,VIP
8776,Ahmed Ahmed,3,9,12071.02,9710.48,2360.54,2023-11-08,2026-07-12,4023.67,977,19.56,12071.02,VIP
6551,Bilal Mirza,1,7,12067.86,9427.32,2640.54,2023-09-07,2023-09-07,12067.86,0,21.88,12067.86,VIP
8325,Fatima Chaudhry,2,11,12055.71,10249.86,1805.85,2023-02-03,2024-04-21,6027.86,443,14.98,12055.71,VIP
5485,Ali Chaudhry,2,7,12043.2,9048.79,2994.41,2024-08-20,2024-08-30,6021.6,10,24.86,12043.2,VIP
9210,Usman Buriro,3,9,12040.26,10304.35,1735.91,2022-09-29,2025-10-10,4013.42,1107,14.42,12040.26,VIP
4249,Saad Ahmed,3,11,12038.33,9638.76,2399.57,2025-04-25,2026-07-26,4012.78,457,19.93,12038.33,VIP
7825,Sana Iqbal,3,8,12024.92,9640.14,2384.78,2022-04-25,2025-05-09,4008.31,1110,19.83,12024.92,VIP
9697,Danish Siddiqui,2,13,12021.77,9338.04,2683.73,2022-06-05,2023-01-16,6010.88,225,22.32,12021.77,VIP
2848,Sana Khan,1,7,12021.66,9187.01,2834.65,2024-04-19,2024-04-19,12021.66,0,23.58,12021.66,VIP
189,Sara Buriro,1,7,12016.27,8990.59,3025.68,2026-01-20,2026-01-20,12016.27,0,25.18,12016.27,VIP
632,Ayesha Mirza,3,17,12013.55,8463.21,3550.34,2023-08-22,2025-07-20,4004.52,698,29.55,12013.55,VIP
2072,Hussain Siddiqui,2,9,12010.16,10361.59,1648.57,2023-05-12,2026-06-28,6005.08,1143,13.73,12010.16,VIP
9813,Hira Hussain,1,7,11998.56,8906.17,3092.39,2023-10-21,2023-10-21,11998.56,0,25.77,11998.56,VIP
6672,Usman Malik,3,11,11978.81,10173.42,1805.39,2025-07-13,2026-04-28,3992.94,289,15.07,11978.81,VIP
4485,Omar Mirza,2,10,11970.78,9118.54,2852.24,2023-12-19,2026-01-14,5985.39,757,23.83,11970.78,VIP
6337,Bilal Siddiqui,3,13,11960.39,9506.44,2453.95,2023-12-12,2025-03-17,3986.8,461,20.52,11960.39,VIP
5295,Imran Buriro,3,12,11959.56,9033.76,2925.8,2022-08-02,2024-12-24,3986.52,875,24.46,11959.56,VIP
277,Danish Malik,1,7,11938.01,8413.16,3524.85,2022-02-18,2022-02-18,11938.01,0,29.53,11938.01,VIP
8784,Hassan Shah,1,7,11929.19,8382.64,3546.55,2023-08-03,2023-08-03,11929.19,0,29.73,11929.19,VIP
386,Hira Iqbal,1,7,11915.75,8890.14,3025.61,2025-11-26,2025-11-26,11915.75,0,25.39,11915.75,VIP
5092,Ali Buriro,2,11,11911.0,10417.45,1493.55,2024-03-05,2024-04-15,5955.5,41,12.54,11911.0,VIP
8404,Zainab Mirza,2,10,11907.54,9993.53,1914.01,2023-12-11,2025-09-24,5953.77,653,16.07,11907.54,VIP
1139,Usman Khan,2,7,11898.96,9433.67,2465.29,2023-12-10,2025-12-18,5949.48,739,20.72,11898.96,VIP
2611,Hamza Chaudhry,1,6,11898.3,8143.92,3754.38,2024-08-11,2024-08-11,11898.3,0,31.55,11898.3,VIP
7975,Usman Buriro,1,7,11897.2,8261.26,3635.94,2026-05-05,2026-05-05,11897.2,0,30.56,11897.2,VIP
6368,Usman Shah,2,9,11896.76,8733.76,3163.0,2023-04-10,2025-05-17,5948.38,768,26.59,11896.76,VIP
6913,Sana Hussain,2,9,11895.62,8034.72,3860.9,2024-10-11,2025-09-16,5947.81,340,32.46,11895.62,VIP
1206,Zainab Khan,2,8,11893.78,8720.61,3173.17,2025-06-18,2026-03-03,5946.89,258,26.68,11893.78,VIP
4153,Hamza Siddiqui,2,12,11891.64,8616.54,3275.1,2023-09-27,2025-06-08,5945.82,620,27.54,11891.64,VIP
3079,Ahmed Hussain,2,12,11881.81,7952.74,3929.07,2023-01-22,2023-01-25,5940.9,3,33.07,11881.81,VIP
5207,Saad Khan,2,9,11874.66,9275.52,2599.14,2025-06-06,2025-10-22,5937.33,138,21.89,11874.66,VIP
6891,Bilal Hussain,4,15,11862.18,8396.91,3465.27,2023-04-01,2025-02-15,2965.54,686,29.21,11862.18,VIP
5178,Maryam Khan,3,13,11854.97,9498.46,2356.51,2022-04-30,2026-05-09,3951.66,1470,19.88,11854.97,VIP
4644,Ayesha Khan,1,6,11851.08,7943.1,3907.98,2026-06-20,2026-06-20,11851.08,0,32.98,11851.08,VIP
3843,Zainab Hussain,2,12,11837.88,9771.9,2065.98,2024-09-04,2025-03-31,5918.94,208,17.45,11837.88,VIP
1785,Maham Shah,1,7,11835.04,7925.61,3909.43,2023-03-19,2023-03-19,11835.04,0,33.03,11835.04,VIP
5328,Bilal Chaudhry,1,7,11828.46,8258.6,3569.86,2025-11-13,2025-11-13,11828.46,0,30.18,11828.46,VIP
4386,Zainab Chaudhry,3,9,11814.94,7919.76,3895.18,2022-05-18,2024-07-24,3938.31,798,32.97,11814.94,VIP
2380,Fatima Memon,2,9,11810.49,10860.71,949.78,2024-03-30,2025-11-27,5905.24,607,8.04,11810.49,VIP
877,Maryam Qureshi,2,10,11791.61,9369.71,2421.9,2023-02-21,2023-07-27,5895.8,156,20.54,11791.61,VIP
3451,Ali Memon,1,7,11791.01,9465.89,2325.12,2023-08-18,2023-08-18,11791.01,0,19.72,11791.01,VIP
2123,Omar Malik,2,8,11785.82,9023.22,2762.6,2024-03-06,2025-08-15,5892.91,527,23.44,11785.82,VIP
202,Hamza Iqbal,1,6,11785.68,8961.42,2824.26,2026-08-01,2026-08-01,11785.68,0,23.96,11785.68,VIP
4866,Imran Ali,1,6,11778.6,8584.68,3193.92,2026-05-05,2026-05-05,11778.6,0,27.12,11778.6,VIP
7547,Fatima Sheikh,2,8,11766.37,9240.77,2525.6,2023-01-28,2023-07-22,5883.18,175,21.46,11766.37,VIP
62,Hira Sheikh,1,6,11762.7,8263.08,3499.62,2024-08-23,2024-08-23,11762.7,0,29.75,11762.7,VIP
6959,Hassan Qureshi,4,12,11741.54,8203.69,3537.85,2023-06-30,2026-07-24,2935.38,1120,30.13,11741.54,VIP
8312,Bilal Malik,1,7,11738.58,10431.26,1307.32,2026-01-01,2026-01-01,11738.58,0,11.14,11738.58,VIP
2722,Imran Mirza,2,10,11735.93,8153.55,3582.38,2022-01-04,2022-06-20,5867.96,167,30.52,11735.93,VIP
8407,Bilal Ahmed,3,15,11734.53,8157.16,3577.37,2022-01-30,2025-09-01,3911.51,1310,30.49,11734.53,VIP
1224,Maham Hussain,2,11,11734.41,10766.11,968.3,2022-10-09,2024-01-29,5867.2,477,8.25,11734.41,VIP
5240,Maryam Raza,2,8,11733.96,10443.7,1290.26,2023-01-02,2025-12-04,5866.98,1067,11.0,11733.96,VIP
3068,Hira Ahmed,2,7,11731.83,9337.58,2394.25,2023-08-15,2026-06-13,5865.92,1033,20.41,11731.83,VIP
5886,Omar Khan,1,7,11731.79,8724.38,3007.41,2024-11-10,2024-11-10,11731.79,0,25.63,11731.79,VIP
4712,Fatima Shah,2,11,11727.65,7459.3,4268.35,2022-07-28,2023-03-03,5863.83,218,36.4,11727.65,VIP
1689,Zainab Raza,4,13,11725.88,8439.68,3286.2,2022-05-24,2023-08-31,2931.47,464,28.03,11725.88,VIP
4649,Maham Malik,2,12,11717.58,10593.6,1123.98,2024-07-01,2024-12-30,5858.79,182,9.59,11717.58,VIP
6151,Maham Mirza,3,13,11716.94,9125.23,2591.71,2023-06-04,2026-08-05,3905.65,1158,22.12,11716.94,VIP
2844,Maham Shah,2,8,11716.24,7872.52,3843.72,2022-12-11,2025-02-03,5858.12,785,32.81,11716.24,VIP
7724,Sana Qureshi,2,8,11706.33,7901.55,3804.78,2025-10-12,2026-02-17,5853.16,128,32.5,11706.33,VIP
5104,Fahad Hussain,1,7,11696.93,8795.29,2901.64,2024-02-01,2024-02-01,11696.93,0,24.81,11696.93,VIP
4430,Bilal Khan,2,8,11696.32,9427.08,2269.24,2023-09-16,2026-02-07,5848.16,875,19.4,11696.32,VIP
1639,Ahmed Shah,1,6,11691.72,8653.56,3038.16,2024-12-18,2024-12-18,11691.72,0,25.99,11691.72,VIP
526,Zainab Qureshi,3,14,11680.18,8795.95,2884.23,2022-10-04,2023-10-01,3893.39,362,24.69,11680.18,VIP
2763,Maryam Ali,1,6,11656.86,8070.18,3586.68,2022-11-14,2022-11-14,11656.86,0,30.77,11656.86,VIP
8308,Ayesha Memon,3,14,11656.46,8446.49,3209.97,2023-09-27,2025-04-17,3885.49,568,27.54,11656.46,VIP
8359,Ayesha Chaudhry,3,7,11652.41,8303.76,3348.65,2022-08-01,2026-06-29,3884.14,1428,28.74,11652.41,VIP
6630,Omar Memon,2,9,11648.52,8498.76,3149.76,2024-05-27,2024-08-26,5824.26,91,27.04,11648.52,VIP
4610,Hassan Iqbal,1,7,11644.71,8914.29,2730.42,2024-01-03,2024-01-03,11644.71,0,23.45,11644.71,VIP
5516,Usman Iqbal,2,11,11642.17,10093.37,1548.8,2024-06-30,2025-01-18,5821.08,202,13.3,11642.17,VIP
5688,Maryam Ahmed,2,8,11640.36,8781.48,2858.88,2023-01-29,2026-05-12,5820.18,1199,24.56,11640.36,VIP
6441,Sara Sheikh,3,9,11639.32,11204.12,435.2,2022-03-18,2025-10-06,3879.77,1298,3.74,11639.32,VIP
1040,Bilal Ali,3,16,11637.4,9256.64,2380.76,2024-10-23,2025-06-07,3879.13,227,20.46,11637.4,VIP
5618,Ahmed Mirza,2,8,11632.05,8522.19,3109.86,2024-01-26,2026-08-09,5816.02,926,26.74,11632.05,VIP
3600,Usman Siddiqui,2,7,11626.12,9779.15,1846.97,2023-04-04,2023-11-16,5813.06,226,15.89,11626.12,VIP
91,Imran Ahmed,2,8,11623.16,8512.14,3111.02,2024-10-05,2025-10-09,5811.58,369,26.77,11623.16,VIP
1509,Zainab Shah,4,22,11617.79,9864.7,1753.09,2022-07-14,2024-11-16,2904.45,856,15.09,11617.79,VIP
1662,Maham Hussain,4,19,11617.73,9437.79,2179.94,2024-08-24,2026-08-06,2904.43,712,18.76,11617.73,VIP
2552,Usman Sheikh,2,8,11612.8,9185.4,2427.4,2023-04-19,2024-08-30,5806.4,499,20.9,11612.8,VIP
9878,Hira Mirza,2,6,11608.5,7981.82,3626.68,2024-06-21,2025-02-06,5804.25,230,31.24,11608.5,VIP
5827,Fatima Memon,2,10,11606.62,9010.35,2596.27,2023-05-30,2025-02-16,5803.31,628,22.37,11606.62,VIP
1871,Usman Malik,1,6,11601.84,8860.26,2741.58,2022-01-06,2022-01-06,11601.84,0,23.63,11601.84,VIP
2503,Maham Iqbal,2,9,11584.46,10902.16,682.3,2022-01-06,2023-10-30,5792.23,662,5.89,11584.46,VIP
4881,Sana Ahmed,2,9,11583.82,7324.5,4259.32,2022-07-18,2024-04-06,5791.91,628,36.77,11583.82,VIP
8883,Danish Hussain,3,11,11583.08,8883.42,2699.66,2024-05-06,2026-08-07,3861.03,823,23.31,11583.08,VIP
8386,Hamza Qureshi,1,7,11566.52,10371.97,1194.55,2026-01-09,2026-01-09,11566.52,0,10.33,11566.52,VIP
5696,Ali Malik,2,11,11555.62,8047.0,3508.62,2023-10-28,2025-07-22,5777.81,633,30.36,11555.62,VIP
476,Ahmed Malik,2,13,11551.7,8884.99,2666.71,2024-05-17,2026-01-20,5775.85,613,23.09,11551.7,VIP
7335,Sana Qureshi,3,9,11548.79,8413.63,3135.16,2025-01-29,2025-05-16,3849.6,107,27.15,11548.79,VIP
4629,Fatima Ahmed,3,9,11526.97,8728.21,2798.76,2022-07-12,2025-06-04,3842.32,1058,24.28,11526.97,VIP
9507,Fatima Raza,1,6,11525.28,8634.18,2891.1,2023-05-16,2023-05-16,11525.28,0,25.08,11525.28,VIP
9458,Ali Ahmed,3,12,11524.25,7905.72,3618.53,2022-08-22,2026-05-16,3841.42,1363,31.4,11524.25,VIP
5239,Sara Siddiqui,4,15,11522.52,10920.63,601.89,2022-01-16,2025-02-20,2880.63,1131,5.22,11522.52,VIP
7666,Maryam Siddiqui,1,6,11518.08,8355.66,3162.42,2024-05-06,2024-05-06,11518.08,0,27.46,11518.08,VIP
7024,Imran Sheikh,1,6,11508.3,7940.82,3567.48,2023-12-22,2023-12-22,11508.3,0,31.0,11508.3,VIP
4421,Bilal Malik,3,15,11506.92,7791.37,3715.55,2024-05-01,2025-04-07,3835.64,341,32.29,11506.92,VIP
3802,Bilal Shah,1,5,11505.8,7141.75,4364.05,2024-04-30,2024-04-30,11505.8,0,37.93,11505.8,VIP
6736,Maryam Iqbal,2,11,11496.73,8845.86,2650.87,2025-02-09,2026-01-12,5748.36,337,23.06,11496.73,VIP
3343,Omar Ahmed,2,8,11494.2,8257.44,3236.76,2022-12-23,2023-05-21,5747.1,149,28.16,11494.2,VIP
8696,Sana Sheikh,2,7,11488.59,9328.24,2160.35,2023-05-05,2023-07-13,5744.29,69,18.8,11488.59,VIP
2352,Zainab Mirza,2,7,11479.15,8069.34,3409.81,2023-02-20,2025-09-25,5739.58,948,29.7,11479.15,VIP
6728,Bilal Malik,2,10,11478.67,9523.8,1954.87,2025-02-09,2025-08-09,5739.34,181,17.03,11478.67,VIP
1285,Omar Chaudhry,3,17,11472.43,9401.05,2071.38,2023-10-27,2026-04-09,3824.14,895,18.06,11472.43,VIP
9870,Ahmed Chaudhry,1,6,11469.42,7749.3,3720.12,2022-09-26,2022-09-26,11469.42,0,32.44,11469.42,VIP
7305,Hamza Sheikh,1,7,11458.86,8865.29,2593.57,2024-05-12,2024-05-12,11458.86,0,22.63,11458.86,VIP
397,Sara Mirza,1,7,11448.5,7620.62,3827.88,2022-11-09,2022-11-09,11448.5,0,33.44,11448.5,VIP
7007,Danish Mirza,2,11,11444.41,8909.67,2534.74,2022-09-12,2026-06-04,5722.2,1361,22.15,11444.41,VIP
4447,Hira Qureshi,1,7,11438.49,9824.36,1614.13,2026-04-02,2026-04-02,11438.49,0,14.11,11438.49,VIP
1967,Sara Memon,1,6,11432.34,8012.94,3419.4,2024-05-27,2024-05-27,11432.34,0,29.91,11432.34,VIP
9570,Ali Hussain,1,7,11426.59,10001.46,1425.13,2025-07-28,2025-07-28,11426.59,0,12.47,11426.59,VIP
5680,Omar Qureshi,2,12,11421.48,10178.16,1243.32,2022-09-28,2026-04-23,5710.74,1303,10.89,11421.48,VIP
987,Hira Qureshi,2,9,11420.91,9872.22,1548.69,2025-07-14,2026-01-29,5710.46,199,13.56,11420.91,VIP
4561,Maryam Iqbal,1,7,11414.83,9759.54,1655.29,2022-01-25,2022-01-25,11414.83,0,14.5,11414.83,VIP
9967,Ahmed Qureshi,3,17,11410.01,8581.85,2828.16,2022-06-05,2026-03-09,3803.34,1373,24.79,11410.01,VIP
2631,Saad Ali,2,8,11408.23,8507.46,2900.77,2023-02-27,2024-12-04,5704.12,646,25.43,11408.23,VIP
4571,Zainab Malik,1,7,11406.57,9254.77,2151.8,2026-08-15,2026-08-15,11406.57,0,18.86,11406.57,VIP
4439,Hamza Malik,2,14,11405.17,8936.9,2468.27,2025-01-02,2025-06-18,5702.58,167,21.64,11405.17,VIP
2907,Bilal Iqbal,2,7,11401.72,9365.72,2036.0,2022-11-28,2024-02-06,5700.86,435,17.86,11401.72,VIP
9668,Saad Iqbal,2,9,11399.64,10809.56,590.08,2025-05-15,2026-03-17,5699.82,306,5.18,11399.64,VIP
5463,Ali Ali,3,14,11395.77,8921.36,2474.41,2025-02-18,2025-12-17,3798.59,302,21.71,11395.77,VIP
5964,Hussain Malik,2,13,11394.81,9808.85,1585.96,2023-07-16,2026-04-05,5697.4,994,13.92,11394.81,VIP
13,Maham Hussain,1,7,11392.92,7646.38,3746.54,2022-11-11,2022-11-11,11392.92,0,32.88,11392.92,VIP
4253,Hussain Ahmed,2,11,11391.29,8420.2,2971.09,2023-11-06,2026-04-24,5695.64,900,26.08,11391.29,VIP
3756,Omar Qureshi,6,25,11390.98,8883.16,2507.82,2022-01-07,2025-08-21,1898.5,1322,22.02,11390.98,VIP
56,Bilal Buriro,2,8,11388.28,9853.22,1535.06,2022-05-18,2024-12-25,5694.14,952,13.48,11388.28,VIP
2901,Hassan Qureshi,2,10,11387.26,8012.64,3374.62,2022-09-27,2024-08-04,5693.63,677,29.64,11387.26,VIP
2640,Omar Ahmed,3,15,11385.84,9326.26,2059.58,2023-02-03,2026-03-22,3795.28,1143,18.09,11385.84,VIP
69,Maryam Khan,2,13,11383.75,9726.73,1657.02,2025-08-10,2026-03-20,5691.88,222,14.56,11383.75,VIP
5204,Bilal Siddiqui,3,13,11383.31,10459.18,924.13,2022-07-06,2026-05-18,3794.44,1412,8.12,11383.31,VIP
6990,Sana Khan,2,12,11382.0,7378.92,4003.08,2024-09-19,2024-12-27,5691.0,99,35.17,11382.0,VIP
2526,Ayesha Ahmed,3,10,11380.0,8752.35,2627.65,2024-05-09,2026-05-01,3793.33,722,23.09,11380.0,VIP
5969,Hamza Hussain,2,10,11375.82,7879.06,3496.76,2022-01-12,2025-02-10,5687.91,1125,30.74,11375.82,VIP
1863,Ali Iqbal,2,11,11375.72,9211.63,2164.09,2022-02-19,2025-05-26,5687.86,1192,19.02,11375.72,VIP
3306,Hamza Khan,1,7,11375.28,7264.18,4111.1,2024-06-18,2024-06-18,11375.28,0,36.14,11375.28,VIP
2102,Hamza Ali,3,17,11370.84,9869.16,1501.68,2023-01-30,2025-08-21,3790.28,934,13.21,11370.84,VIP
3533,Ali Sheikh,3,11,11366.25,8243.64,3122.61,2022-01-30,2024-11-30,3788.75,1035,27.47,11366.25,VIP
9516,Zainab Chaudhry,2,7,11365.87,9924.06,1441.81,2023-02-04,2026-04-04,5682.94,1155,12.69,11365.87,VIP
5217,Usman Qureshi,3,16,11362.84,8176.16,3186.68,2022-01-27,2024-05-13,3787.61,837,28.04,11362.84,VIP
2867,Danish Siddiqui,2,10,11357.36,9767.68,1589.68,2024-11-02,2025-09-20,5678.68,322,14.0,11357.36,VIP
4647,Hira Chaudhry,1,7,11357.36,8278.06,3079.3,2026-02-20,2026-02-20,11357.36,0,27.11,11357.36,VIP
7195,Omar Buriro,2,7,11356.97,9066.11,2290.86,2023-08-25,2024-12-11,5678.48,474,20.17,11356.97,VIP
8099,Hamza Siddiqui,3,15,11353.32,9395.43,1957.89,2022-08-29,2024-03-12,3784.44,561,17.25,11353.32,VIP
4799,Hira Mirza,2,9,11341.59,9576.18,1765.41,2024-10-07,2024-10-19,5670.8,12,15.57,11341.59,VIP
4825,Saad Siddiqui,2,11,11330.29,8397.61,2932.68,2022-09-25,2025-06-11,5665.14,990,25.88,11330.29,VIP
1351,Fahad Buriro,1,6,11325.12,7615.56,3709.56,2026-07-29,2026-07-29,11325.12,0,32.76,11325.12,VIP
4187,Hira Ali,2,6,11319.75,7110.47,4209.28,2022-06-12,2025-04-18,5659.88,1041,37.19,11319.75,VIP
9388,Hamza Mirza,1,7,11314.66,7416.92,3897.74,2026-01-22,2026-01-22,11314.66,0,34.45,11314.66,VIP
3602,Bilal Ali,1,6,11311.62,8999.16,2312.46,2025-10-21,2025-10-21,11311.62,0,20.44,11311.62,VIP
8805,Omar Buriro,1,7,11294.5,8000.3,3294.2,2022-12-20,2022-12-20,11294.5,0,29.17,11294.5,VIP
7389,Fatima Khan,3,11,11293.17,9492.03,1801.14,2024-09-28,2025-09-05,3764.39,342,15.95,11293.17,VIP
7017,Zainab Qureshi,2,7,11288.52,8078.62,3209.9,2022-01-21,2023-12-14,5644.26,692,28.44,11288.52,VIP
6816,Omar Ahmed,2,12,11287.41,9378.32,1909.09,2024-07-12,2026-02-17,5643.7,585,16.91,11287.41,VIP
6281,Omar Buriro,1,7,11283.3,9708.79,1574.51,2026-06-01,2026-06-01,11283.3,0,13.95,11283.3,VIP
5274,Fahad Mirza,3,10,11281.03,8385.11,2895.92,2024-12-01,2026-05-15,3760.34,530,25.67,11281.03,VIP
7552,Sana Memon,2,7,11280.08,9049.47,2230.61,2022-12-03,2024-03-08,5640.04,461,19.77,11280.08,VIP
9185,Usman Buriro,1,5,11276.95,7205.1,4071.85,2023-04-15,2023-04-15,11276.95,0,36.11,11276.95,VIP
6895,Usman Ahmed,2,14,11275.88,9749.32,1526.56,2022-10-08,2026-06-21,5637.94,1352,13.54,11275.88,VIP
3479,Hussain Chaudhry,2,9,11267.25,9044.89,2222.36,2023-03-26,2025-06-09,5633.62,806,19.72,11267.25,VIP
6403,Hassan Khan,1,7,11261.95,9629.27,1632.68,2022-08-04,2022-08-04,11261.95,0,14.5,11261.95,VIP
6232,Saad Sheikh,2,7,11248.57,8139.0,3109.57,2023-05-05,2026-02-05,5624.28,1007,27.64,11248.57,VIP
6028,Sara Ali,3,15,11247.73,9821.77,1425.96,2025-02-09,2026-06-06,3749.24,482,12.68,11247.73,VIP
9694,Hira Khan,1,7,11240.46,7429.38,3811.08,2024-10-06,2024-10-06,11240.46,0,33.91,11240.46,VIP
529,Ayesha Buriro,5,15,11234.11,10096.02,1138.09,2023-05-20,2024-09-15,2246.82,484,10.13,11234.11,VIP
7964,Fahad Memon,2,12,11233.08,8870.4,2362.68,2022-04-12,2023-10-30,5616.54,566,21.03,11233.08,VIP
435,Ayesha Khan,2,9,11226.18,7855.32,3370.86,2022-04-23,2023-10-28,5613.09,553,30.03,11226.18,VIP
80,Zainab Buriro,2,9,11216.69,8682.03,2534.66,2025-11-09,2026-02-14,5608.34,97,22.6,11216.69,VIP
6749,Maham Siddiqui,2,9,11216.58,8789.19,2427.39,2024-01-19,2025-10-17,5608.29,637,21.64,11216.58,VIP
5558,Sana Malik,2,6,11208.24,8553.31,2654.93,2023-06-07,2024-02-05,5604.12,243,23.69,11208.24,VIP
1829,Zainab Chaudhry,3,17,11207.96,9281.13,1926.83,2022-07-06,2026-05-22,3735.99,1416,17.19,11207.96,VIP
4936,Maryam Ahmed,2,9,11206.51,7702.7,3503.81,2025-07-21,2026-04-02,5603.26,255,31.27,11206.51,VIP
6299,Maham Malik,3,10,11194.49,8440.25,2754.24,2022-07-30,2025-04-23,3731.5,998,24.6,11194.49,VIP
3643,Hassan Mirza,2,10,11191.5,9153.12,2038.38,2023-07-22,2024-07-29,5595.75,373,18.21,11191.5,VIP
2679,Hira Buriro,2,7,11191.18,7997.72,3193.46,2025-07-11,2025-11-15,5595.59,127,28.54,11191.18,VIP
2139,Ahmed Buriro,2,10,11190.26,9152.6,2037.66,2023-04-14,2025-09-06,5595.13,876,18.21,11190.26,VIP
3115,Ali Siddiqui,2,11,11181.57,7627.18,3554.39,2025-08-07,2026-08-12,5590.78,370,31.79,11181.57,VIP
4415,Maryam Shah,3,14,11180.96,9186.32,1994.64,2022-06-27,2025-11-14,3726.99,1236,17.84,11180.96,VIP
3370,Omar Siddiqui,2,10,11178.92,8893.13,2285.79,2022-04-15,2024-12-28,5589.46,988,20.45,11178.92,VIP
8211,Sara Siddiqui,1,6,11176.32,8465.94,2710.38,2025-03-07,2025-03-07,11176.32,0,24.25,11176.32,VIP
8340,Ayesha Buriro,2,9,11167.26,9845.67,1321.59,2022-09-29,2024-05-11,5583.63,590,11.83,11167.26,VIP
2564,Usman Sheikh,5,16,11161.16,9682.29,1478.87,2022-03-21,2026-06-12,2232.23,1544,13.25,11161.16,VIP
6440,Usman Raza,3,7,11156.71,9379.04,1777.67,2023-09-24,2025-06-09,3718.9,624,15.93,11156.71,VIP
5068,Ali Qureshi,2,10,11146.21,8795.3,2350.91,2023-09-05,2024-02-19,5573.1,167,21.09,11146.21,VIP
2522,Omar Raza,2,10,11145.85,9586.26,1559.59,2022-08-09,2023-02-05,5572.92,180,13.99,11145.85,VIP
9182,Maryam Ali,3,12,11140.38,8275.05,2865.33,2024-10-08,2025-12-09,3713.46,427,25.72,11140.38,VIP
6360,Danish Sheikh,4,17,11139.2,9534.51,1604.69,2022-02-24,2026-01-21,2784.8,1427,14.41,11139.2,VIP
2478,Omar Ahmed,3,11,11138.87,8586.43,2552.44,2022-12-07,2024-05-09,3712.96,519,22.91,11138.87,VIP
1885,Danish Qureshi,2,8,11124.44,8650.4,2474.04,2022-04-25,2023-03-03,5562.22,312,22.24,11124.44,VIP
3666,Bilal Siddiqui,3,13,11117.84,9842.08,1275.76,2022-07-15,2026-07-25,3705.95,1471,11.47,11117.84,VIP
7078,Fatima Iqbal,3,12,11110.56,9512.1,1598.46,2022-12-02,2026-02-04,3703.52,1160,14.39,11110.56,VIP
7281,Hussain Memon,3,13,11110.07,9691.04,1419.03,2024-08-05,2026-06-19,3703.36,683,12.77,11110.07,VIP
658,Imran Malik,2,12,11104.47,8439.99,2664.48,2023-12-22,2025-03-11,5552.24,445,23.99,11104.47,VIP
1047,Danish Ahmed,3,12,11092.73,9318.73,1774.0,2023-01-03,2026-08-15,3697.58,1320,15.99,11092.73,VIP
9187,Fatima Buriro,2,12,11091.79,9557.57,1534.22,2024-12-14,2026-08-09,5545.9,603,13.83,11091.79,VIP
3758,Bilal Malik,1,6,11091.78,8873.52,2218.26,2025-11-01,2025-11-01,11091.78,0,20.0,11091.78,VIP
2058,Bilal Sheikh,1,6,11086.14,8174.46,2911.68,2022-03-14,2022-03-14,11086.14,0,26.26,11086.14,VIP
8943,Hamza Ali,1,7,11084.92,8653.82,2431.1,2024-01-15,2024-01-15,11084.92,0,21.93,11084.92,VIP
2109,Fatima Qureshi,2,10,11084.52,9799.2,1285.32,2022-08-05,2025-05-09,5542.26,1008,11.6,11084.52,VIP
7083,Omar Buriro,1,5,11082.25,7100.1,3982.15,2023-09-08,2023-09-08,11082.25,0,35.93,11082.25,VIP
1263,Ahmed Malik,2,6,11081.46,8552.94,2528.52,2024-08-19,2025-07-02,5540.73,317,22.82,11081.46,VIP
3402,Zainab Mirza,2,10,11080.78,8128.84,2951.94,2024-07-04,2024-10-18,5540.39,106,26.64,11080.78,VIP
8004,Ayesha Khan,1,6,11077.62,8990.52,2087.1,2022-05-15,2022-05-15,11077.62,0,18.84,11077.62,VIP
9764,Imran Malik,1,6,11075.04,7038.66,4036.38,2022-12-10,2022-12-10,11075.04,0,36.45,11075.04,VIP
4346,Hamza Iqbal,2,8,11072.52,8169.96,2902.56,2024-03-06,2026-07-09,5536.26,855,26.21,11072.52,VIP
4195,Imran Malik,3,16,11069.58,8262.51,2807.07,2022-11-22,2025-09-20,3689.86,1033,25.36,11069.58,VIP
4877,Maham Shah,1,6,11067.54,7116.6,3950.94,2025-10-23,2025-10-23,11067.54,0,35.7,11067.54,VIP
6115,Sana Siddiqui,1,7,11066.09,9235.94,1830.15,2025-11-24,2025-11-24,11066.09,0,16.54,11066.09,VIP
3320,Maham Malik,2,9,11065.94,8282.7,2783.24,2024-12-25,2025-05-22,5532.97,148,25.15,11065.94,VIP
3823,Hassan Raza,1,7,11059.37,8885.38,2173.99,2025-08-31,2025-08-31,11059.37,0,19.66,11059.37,VIP
9080,Imran Qureshi,2,12,11056.58,9103.95,1952.63,2024-03-01,2024-06-17,5528.29,108,17.66,11056.58,VIP
7130,Ayesha Malik,2,8,11054.92,8885.2,2169.72,2024-12-16,2025-07-31,5527.46,227,19.63,11054.92,VIP
6274,Danish Khan,2,9,11046.37,7844.3,3202.07,2022-04-27,2026-01-09,5523.18,1353,28.99,11046.37,VIP
3527,Hira Ali,2,12,11038.67,7566.44,3472.23,2022-03-31,2025-04-09,5519.33,1105,31.46,11038.67,VIP
1673,Zainab Buriro,2,10,11036.8,8486.0,2550.8,2022-08-18,2024-05-03,5518.4,624,23.11,11036.8,VIP
8838,Bilal Memon,3,12,11032.58,8848.68,2183.9,2022-08-01,2022-12-23,3677.53,144,19.8,11032.58,VIP
7364,Omar Mirza,2,8,11032.54,8444.92,2587.62,2024-05-21,2026-07-11,5516.27,781,23.45,11032.54,VIP
8641,Hassan Malik,3,14,11032.44,8777.4,2255.04,2022-03-08,2023-04-24,3677.48,412,20.44,11032.44,VIP
1865,Hamza Hussain,2,14,11031.79,9490.11,1541.68,2025-05-31,2026-07-25,5515.9,420,13.97,11031.79,VIP
7899,Maham Iqbal,2,13,11030.68,9190.22,1840.46,2024-03-28,2024-10-12,5515.34,198,16.68,11030.68,VIP
1857,Danish Shah,2,10,11024.95,9167.75,1857.2,2023-03-24,2025-12-09,5512.48,991,16.85,11024.95,VIP
305,Saad Mirza,1,6,11010.72,7615.8,3394.92,2023-03-21,2023-03-21,11010.72,0,30.83,11010.72,VIP
1621,Usman Shah,3,12,10998.53,9304.65,1693.88,2022-04-26,2026-02-08,3666.18,1384,15.4,10998.53,VIP
6774,Imran Iqbal,2,9,10997.64,8098.14,2899.5,2024-11-30,2025-02-03,5498.82,65,26.36,10997.64,VIP
1578,Ahmed Mirza,2,6,10990.64,7485.18,3505.46,2023-11-02,2025-02-21,5495.32,477,31.89,10990.64,VIP
2880,Zainab Khan,1,7,10988.32,8917.16,2071.16,2022-10-28,2022-10-28,10988.32,0,18.85,10988.32,VIP
9106,Imran Memon,2,9,10985.95,9279.61,1706.34,2022-03-15,2024-02-19,5492.98,706,15.53,10985.95,VIP
3592,Ahmed Malik,3,11,10985.53,8256.82,2728.71,2022-04-28,2025-01-28,3661.84,1006,24.84,10985.53,VIP
681,Ahmed Ali,2,11,10983.4,9850.84,1132.56,2026-05-27,2026-06-24,5491.7,28,10.31,10983.4,VIP
4192,Ayesha Memon,2,14,10980.97,7673.75,3307.22,2022-01-27,2023-09-21,5490.48,602,30.12,10980.97,VIP
9176,Saad Iqbal,2,8,10976.28,9074.44,1901.84,2025-11-27,2026-02-10,5488.14,75,17.33,10976.28,VIP
784,Saad Hussain,2,9,10961.32,7208.07,3753.25,2026-02-28,2026-04-27,5480.66,58,34.24,10961.32,VIP
4420,Hira Sheikh,2,10,10958.04,8750.98,2207.06,2023-11-30,2024-09-12,5479.02,287,20.14,10958.04,VIP
7898,Hussain Ali,1,7,10945.2,9911.3,1033.9,2025-09-23,2025-09-23,10945.2,0,9.45,10945.2,VIP
133,Saad Raza,1,7,10937.01,7858.62,3078.39,2023-09-25,2023-09-25,10937.01,0,28.15,10937.01,VIP
5506,Zainab Qureshi,1,6,10936.32,7466.46,3469.86,2026-05-28,2026-05-28,10936.32,0,31.73,10936.32,VIP
505,Sara Sheikh,2,8,10930.44,7755.64,3174.8,2024-09-08,2026-08-11,5465.22,702,29.05,10930.44,VIP
5526,Fahad Chaudhry,2,10,10930.05,8575.5,2354.55,2023-08-06,2023-11-24,5465.02,110,21.54,10930.05,VIP
2430,Bilal Buriro,4,8,10918.27,8739.69,2178.58,2023-12-22,2025-10-02,2729.57,650,19.95,10918.27,VIP
564,Fahad Hussain,2,10,10913.3,8775.1,2138.2,2024-07-18,2026-03-07,5456.65,597,19.59,10913.3,VIP
1645,Hussain Ahmed,1,6,10908.48,8578.92,2329.56,2023-10-19,2023-10-19,10908.48,0,21.36,10908.48,VIP
160,Imran Buriro,3,11,10905.46,9257.78,1647.68,2023-04-28,2026-05-04,3635.15,1102,15.11,10905.46,VIP
4841,Ali Chaudhry,3,15,10903.1,9325.52,1577.58,2022-11-27,2024-11-05,3634.37,709,14.47,10903.1,VIP
3247,Bilal Qureshi,1,6,10901.94,8163.06,2738.88,2024-11-09,2024-11-09,10901.94,0,25.12,10901.94,VIP
8661,Hamza Malik,2,11,10898.67,8383.35,2515.32,2024-05-12,2024-08-16,5449.34,96,23.08,10898.67,VIP
4588,Ayesha Chaudhry,2,9,10898.23,7399.25,3498.98,2024-04-13,2025-06-06,5449.12,419,32.11,10898.23,VIP
6323,Sara Mirza,3,10,10888.72,8176.45,2712.27,2022-09-12,2025-08-07,3629.57,1060,24.91,10888.72,VIP
1101,Omar Khan,2,7,10887.96,8872.75,2015.21,2025-02-04,2025-11-19,5443.98,288,18.51,10887.96,VIP
3318,Fahad Ali,2,10,10887.75,9080.7,1807.05,2023-04-06,2023-06-27,5443.88,82,16.6,10887.75,VIP
6827,Sara Khan,2,8,10884.26,8189.66,2694.6,2023-01-16,2024-03-20,5442.13,429,24.76,10884.26,VIP
8475,Hussain Malik,2,6,10882.25,8068.56,2813.69,2022-07-06,2022-12-29,5441.12,176,25.86,10882.25,VIP
8374,Fahad Siddiqui,2,12,10866.66,9685.5,1181.16,2024-01-25,2026-02-20,5433.33,757,10.87,10866.66,VIP
8917,Sara Raza,1,6,10865.94,8691.42,2174.52,2026-06-13,2026-06-13,10865.94,0,20.01,10865.94,VIP
8579,Bilal Hussain,1,7,10853.99,8136.31,2717.68,2024-04-30,2024-04-30,10853.99,0,25.04,10853.99,VIP
7341,Hassan Raza,2,8,10852.31,8691.62,2160.69,2023-03-13,2026-05-25,5426.16,1169,19.91,10852.31,VIP
8821,Ahmed Qureshi,2,11,10850.07,7553.38,3296.69,2022-01-14,2022-12-12,5425.04,332,30.38,10850.07,VIP
4238,Danish Chaudhry,2,7,10840.86,8018.19,2822.67,2024-10-11,2025-06-15,5420.43,247,26.04,10840.86,VIP
1909,Fatima Mirza,2,8,10820.96,7673.0,3147.96,2022-03-04,2024-11-20,5410.48,992,29.09,10820.96,VIP
9790,Hira Chaudhry,2,9,10820.18,8129.21,2690.97,2022-12-19,2024-05-19,5410.09,517,24.87,10820.18,VIP
2821,Maham Malik,3,10,10815.81,9112.44,1703.37,2023-06-18,2025-12-02,3605.27,898,15.75,10815.81,VIP
4813,Fahad Sheikh,2,8,10815.81,8919.21,1896.6,2024-11-27,2025-02-03,5407.9,68,17.54,10815.81,VIP
7031,Danish Khan,3,16,10814.58,8806.54,2008.04,2022-05-13,2025-07-15,3604.86,1159,18.57,10814.58,VIP
8577,Hira Khan,3,11,10808.42,8783.74,2024.68,2023-10-30,2025-09-17,3602.81,688,18.73,10808.42,VIP
283,Fahad Shah,3,9,10798.27,8509.14,2289.13,2023-07-14,2025-03-10,3599.42,605,21.2,10798.27,VIP
5645,Bilal Hussain,2,8,10795.48,9767.9,1027.58,2024-06-14,2025-06-25,5397.74,376,9.52,10795.48,VIP
237,Ayesha Sheikh,2,11,10795.31,9017.12,1778.19,2023-10-01,2025-04-03,5397.66,550,16.47,10795.31,VIP
3933,Usman Sheikh,1,7,10794.14,9644.11,1150.03,2023-10-03,2023-10-03,10794.14,0,10.65,10794.14,VIP
1349,Hassan Siddiqui,2,8,10792.75,7909.04,2883.71,2025-07-22,2025-12-30,5396.38,161,26.72,10792.75,VIP
4102,Sana Hussain,1,6,10789.08,8571.0,2218.08,2026-03-18,2026-03-18,10789.08,0,20.56,10789.08,VIP
9624,Fahad Buriro,2,8,10786.26,7918.86,2867.4,2024-03-15,2024-12-24,5393.13,284,26.58,10786.26,VIP
259,Fahad Khan,2,10,10780.3,7544.4,3235.9,2024-04-09,2025-09-12,5390.15,521,30.02,10780.3,VIP
898,Fatima Shah,1,7,10778.6,8830.22,1948.38,2026-04-04,2026-04-04,10778.6,0,18.08,10778.6,VIP
8936,Fatima Iqbal,2,8,10773.37,8557.94,2215.43,2023-01-11,2023-04-15,5386.68,94,20.56,10773.37,VIP
9686,Imran Khan,4,11,10771.37,7937.47,2833.9,2022-01-02,2024-07-14,2692.84,924,26.31,10771.37,VIP
4109,Sana Chaudhry,2,8,10768.32,7240.88,3527.44,2022-04-24,2022-09-16,5384.16,145,32.76,10768.32,VIP
7462,Hussain Raza,2,8,10766.38,8422.86,2343.52,2022-06-19,2022-07-17,5383.19,28,21.77,10766.38,VIP
7757,Sana Ali,1,7,10765.79,10074.47,691.32,2024-08-14,2024-08-14,10765.79,0,6.42,10765.79,VIP
4228,Fahad Ahmed,3,8,10765.4,7665.52,3099.88,2023-02-04,2026-01-23,3588.47,1084,28.79,10765.4,VIP
2577,Bilal Memon,2,9,10746.83,8637.88,2108.95,2025-01-21,2025-05-12,5373.42,111,19.62,10746.83,VIP
5169,Usman Ali,1,7,10743.6,8476.23,2267.37,2025-04-24,2025-04-24,10743.6,0,21.1,10743.6,VIP
1740,Ayesha Buriro,2,9,10737.63,8570.65,2166.98,2022-05-11,2024-08-14,5368.82,826,20.18,10737.63,VIP
4279,Fahad Malik,2,6,10731.02,7214.0,3517.02,2022-09-29,2025-03-19,5365.51,902,32.77,10731.02,VIP
2872,Fahad Siddiqui,4,15,10726.83,8660.21,2066.62,2022-03-19,2026-06-29,2681.71,1563,19.27,10726.83,VIP
3268,Saad Buriro,5,14,10724.51,8281.82,2442.69,2022-12-05,2025-07-19,2144.9,957,22.78,10724.51,VIP
7537,Maryam Sheikh,3,8,10718.33,9111.65,1606.68,2023-12-07,2025-11-23,3572.78,717,14.99,10718.33,VIP
5187,Hamza Khan,3,15,10715.78,9105.24,1610.54,2023-09-17,2026-01-08,3571.93,844,15.03,10715.78,VIP
3781,Hira Ali,2,9,10696.0,9100.32,1595.68,2022-07-10,2023-01-01,5348.0,175,14.92,10696.0,VIP
9782,Maham Sheikh,2,8,10694.56,8711.82,1982.74,2022-03-13,2022-07-21,5347.28,130,18.54,10694.56,VIP
1072,Saad Hussain,2,10,10690.62,9182.7,1507.92,2024-04-15,2025-02-08,5345.31,299,14.11,10690.62,VIP
9732,Hussain Qureshi,1,7,10686.48,8257.69,2428.79,2025-04-16,2025-04-16,10686.48,0,22.73,10686.48,VIP
7243,Fatima Memon,3,15,10679.59,7795.49,2884.1,2024-01-16,2025-07-08,3559.86,539,27.01,10679.59,VIP
3039,Hamza Ahmed,4,8,10671.14,9038.52,1632.62,2023-12-08,2025-08-26,2667.79,627,15.3,10671.14,VIP
8058,Omar Malik,2,9,10670.76,8749.71,1921.05,2022-08-25,2025-03-29,5335.38,947,18.0,10670.76,VIP
3691,Hira Khan,2,10,10670.08,8893.84,1776.24,2024-11-21,2025-09-22,5335.04,305,16.65,10670.08,VIP
2608,Danish Shah,2,9,10668.13,8355.83,2312.3,2025-09-28,2025-11-11,5334.06,44,21.67,10668.13,VIP
8806,Usman Raza,2,10,10644.02,7520.04,3123.98,2024-07-09,2024-11-07,5322.01,121,29.35,10644.02,VIP
2585,Omar Khan,5,19,10640.44,8348.93,2291.51,2023-10-25,2025-04-27,2128.09,550,21.54,10640.44,VIP
4970,Maryam Hussain,2,12,10639.01,8045.04,2593.97,2025-02-16,2025-11-02,5319.5,259,24.38,10639.01,VIP
1833,Zainab Siddiqui,2,8,10633.98,9958.08,675.9,2024-07-24,2026-04-05,5316.99,620,6.36,10633.98,VIP
2663,Imran Qureshi,3,13,10617.44,8780.7,1836.74,2023-12-06,2024-08-15,3539.15,253,17.3,10617.44,VIP
8180,Bilal Qureshi,1,7,10612.84,7217.91,3394.93,2024-05-01,2024-05-01,10612.84,0,31.99,10612.84,VIP
1010,Sara Siddiqui,1,6,10606.68,8203.62,2403.06,2022-04-06,2022-04-06,10606.68,0,22.66,10606.68,VIP
603,Hira Chaudhry,3,10,10605.73,7557.07,3048.66,2023-01-28,2025-01-14,3535.24,717,28.75,10605.73,VIP
618,Maryam Qureshi,1,7,10587.36,9058.98,1528.38,2022-08-02,2022-08-02,10587.36,0,14.44,10587.36,VIP
6541,Bilal Chaudhry,2,10,10584.43,7972.01,2612.42,2024-03-29,2025-04-02,5292.22,369,24.68,10584.43,VIP
3737,Usman Shah,1,7,10580.5,8923.81,1656.69,2022-12-16,2022-12-16,10580.5,0,15.66,10580.5,VIP
8635,Fatima Ali,2,11,10579.65,7035.08,3544.57,2024-05-04,2024-12-13,5289.82,223,33.5,10579.65,VIP
3481,Bilal Siddiqui,2,7,10569.78,7074.92,3494.86,2023-02-20,2023-12-11,5284.89,294,33.06,10569.78,VIP
112,Sara Shah,1,7,10569.72,9212.28,1357.44,2024-08-25,2024-08-25,10569.72,0,12.84,10569.72,VIP
2272,Imran Hussain,2,10,10565.66,7776.73,2788.93,2023-02-25,2023-11-04,5282.83,252,26.4,10565.66,VIP
5057,Ahmed Raza,2,9,10561.95,9118.45,1443.5,2022-06-02,2026-07-24,5280.98,1513,13.67,10561.95,VIP
587,Omar Ahmed,1,6,10549.26,6863.88,3685.38,2022-06-01,2022-06-01,10549.26,0,34.93,10549.26,VIP
6328,Sara Raza,3,13,10546.66,7340.66,3206.0,2022-07-06,2026-01-29,3515.55,1303,30.4,10546.66,VIP
9828,Ayesha Sheikh,3,13,10541.0,8717.86,1823.14,2022-08-04,2025-02-18,3513.67,929,17.3,10541.0,VIP
215,Ali Memon,2,7,10538.65,8546.97,1991.68,2022-11-05,2026-02-08,5269.32,1191,18.9,10538.65,VIP
2815,Ayesha Khan,2,10,10532.2,8118.3,2413.9,2025-03-14,2025-03-23,5266.1,9,22.92,10532.2,VIP
647,Ayesha Khan,2,12,10529.88,8924.7,1605.18,2022-04-13,2025-03-15,5264.94,1067,15.24,10529.88,VIP
4609,Sara Ali,1,5,10514.7,7183.55,3331.15,2024-05-22,2024-05-22,10514.7,0,31.68,10514.7,VIP
2794,Usman Iqbal,3,17,10511.65,9847.66,663.99,2023-12-20,2026-08-20,3503.88,974,6.32,10511.65,VIP
4822,Ayesha Malik,2,7,10500.85,7512.28,2988.57,2024-10-04,2024-11-05,5250.42,32,28.46,10500.85,VIP
1617,Hira Khan,2,11,10493.69,7527.23,2966.46,2024-07-17,2026-06-22,5246.84,705,28.27,10493.69,VIP
3496,Sana Mirza,3,9,10492.99,7215.26,3277.73,2024-01-15,2024-11-29,3497.66,319,31.24,10492.99,VIP
2253,Ali Qureshi,2,10,10492.44,9452.3,1040.14,2025-08-04,2025-12-27,5246.22,145,9.91,10492.44,VIP
4033,Maham Hussain,2,10,10488.55,8400.4,2088.15,2023-03-23,2026-04-02,5244.28,1106,19.91,10488.55,VIP
8096,Ali Mirza,1,7,10487.4,8950.48,1536.92,2023-04-09,2023-04-09,10487.4,0,14.65,10487.4,VIP
8190,Ayesha Mirza,2,9,10483.06,9450.01,1033.05,2022-08-03,2024-05-18,5241.53,654,9.85,10483.06,VIP
5439,Ali Iqbal,2,8,10468.12,8797.58,1670.54,2023-11-20,2024-09-08,5234.06,293,15.96,10468.12,VIP
422,Imran Khan,3,11,10464.81,7853.53,2611.28,2023-12-04,2025-09-12,3488.27,648,24.95,10464.81,VIP
1073,Omar Siddiqui,2,11,10460.72,8482.01,1978.71,2023-04-16,2026-02-07,5230.36,1028,18.92,10460.72,VIP
7879,Ali Iqbal,2,9,10458.75,9096.23,1362.52,2024-12-08,2025-06-26,5229.38,200,13.03,10458.75,VIP
1277,Usman Ahmed,2,8,10456.96,9716.63,740.33,2023-06-25,2023-10-12,5228.48,109,7.08,10456.96,VIP
8225,Usman Malik,3,13,10456.47,9929.32,527.15,2024-06-12,2025-09-28,3485.49,473,5.04,10456.47,VIP
9575,Sara Khan,2,8,10455.28,7438.73,3016.55,2024-04-14,2025-08-05,5227.64,478,28.85,10455.28,VIP
5350,Maham Shah,1,7,10452.54,7299.88,3152.66,2022-08-03,2022-08-03,10452.54,0,30.16,10452.54,VIP
9113,Sara Sheikh,1,5,10445.45,7481.0,2964.45,2023-12-18,2023-12-18,10445.45,0,28.38,10445.45,VIP
4706,Danish Malik,1,6,10434.0,8068.26,2365.74,2024-04-17,2024-04-17,10434.0,0,22.67,10434.0,VIP
954,Bilal Ahmed,1,6,10433.58,8885.58,1548.0,2023-01-05,2023-01-05,10433.58,0,14.84,10433.58,VIP
916,Omar Iqbal,2,6,10431.56,8057.52,2374.04,2022-02-14,2025-02-13,5215.78,1095,22.76,10431.56,VIP
6119,Zainab Mirza,2,7,10425.43,9514.58,910.85,2022-10-09,2025-10-10,5212.72,1097,8.74,10425.43,VIP
5494,Danish Malik,3,12,10424.55,8638.91,1785.64,2023-12-10,2025-05-16,3474.85,523,17.13,10424.55,VIP
7484,Hussain Buriro,2,6,10423.56,8526.54,1897.02,2022-06-24,2024-03-22,5211.78,637,18.2,10423.56,VIP
9675,Ahmed Siddiqui,2,12,10422.41,6975.33,3447.08,2023-06-13,2026-01-27,5211.2,959,33.07,10422.41,VIP
2718,Zainab Iqbal,2,9,10413.98,7330.87,3083.11,2022-03-13,2022-12-02,5206.99,264,29.61,10413.98,VIP
9805,Bilal Shah,2,8,10398.64,9670.86,727.78,2023-01-21,2023-09-27,5199.32,249,7.0,10398.64,VIP
8370,Hamza Ali,1,5,10397.6,6939.4,3458.2,2022-07-21,2022-07-21,10397.6,0,33.26,10397.6,VIP
894,Hussain Ali,2,13,10392.0,8675.17,1716.83,2024-06-08,2026-07-16,5196.0,768,16.52,10392.0,VIP
9285,Hussain Sheikh,1,6,10386.42,6821.04,3565.38,2022-03-16,2022-03-16,10386.42,0,34.33,10386.42,VIP
822,Ayesha Raza,1,6,10383.72,8703.84,1679.88,2023-02-08,2023-02-08,10383.72,0,16.18,10383.72,VIP
3901,Ayesha Ahmed,1,6,10381.32,6642.24,3739.08,2022-11-28,2022-11-28,10381.32,0,36.02,10381.32,VIP
9001,Sara Chaudhry,2,9,10378.74,8161.92,2216.82,2024-08-03,2025-06-08,5189.37,309,21.36,10378.74,VIP
4727,Sara Mirza,1,5,10375.85,7296.7,3079.15,2023-06-07,2023-06-07,10375.85,0,29.68,10375.85,VIP
2595,Danish Malik,1,7,10375.4,9555.35,820.05,2025-04-12,2025-04-12,10375.4,0,7.9,10375.4,VIP
2050,Maham Qureshi,3,9,10374.44,9540.29,834.15,2023-06-27,2026-04-13,3458.15,1021,8.04,10374.44,VIP
1854,Hussain Buriro,2,5,10372.46,6954.51,3417.95,2023-09-04,2024-05-09,5186.23,248,32.95,10372.46,VIP
1619,Omar Iqbal,2,13,10370.44,7370.46,2999.98,2022-02-15,2026-03-12,5185.22,1486,28.93,10370.44,VIP
9287,Maryam Chaudhry,4,8,10369.57,7361.63,3007.94,2022-12-14,2026-01-24,2592.39,1137,29.01,10369.57,VIP
8037,Maham Siddiqui,3,12,10367.58,8341.5,2026.08,2023-12-04,2025-09-06,3455.86,642,19.54,10367.58,VIP
5313,Saad Qureshi,2,8,10365.84,6668.04,3697.8,2022-06-07,2023-01-14,5182.92,221,35.67,10365.84,VIP
453,Fatima Memon,3,10,10365.79,7630.95,2734.84,2023-01-25,2025-08-21,3455.26,939,26.38,10365.79,VIP
952,Sara Shah,3,13,10359.68,8358.68,2001.0,2022-02-27,2025-05-22,3453.23,1180,19.32,10359.68,VIP
6167,Maryam Hussain,3,10,10358.1,8930.54,1427.56,2023-11-12,2024-09-28,3452.7,321,13.78,10358.1,VIP
3288,Hassan Siddiqui,2,14,10351.53,9752.61,598.92,2023-04-06,2023-04-12,5175.76,6,5.79,10351.53,VIP
5065,Usman Chaudhry,2,10,10348.4,7508.2,2840.2,2023-05-12,2025-12-22,5174.2,955,27.45,10348.4,VIP
3555,Bilal Malik,2,9,10343.64,9431.37,912.27,2022-07-09,2025-01-18,5171.82,924,8.82,10343.64,VIP
3626,Hamza Raza,2,10,10342.06,8162.8,2179.26,2022-07-13,2025-03-18,5171.03,979,21.07,10342.06,VIP
4998,Saad Sheikh,1,7,10339.35,8803.76,1535.59,2026-04-05,2026-04-05,10339.35,0,14.85,10339.35,VIP
7289,Hamza Raza,1,7,10336.9,8679.37,1657.53,2026-04-07,2026-04-07,10336.9,0,16.04,10336.9,VIP
6973,Sara Shah,2,9,10327.93,8386.04,1941.89,2023-03-08,2026-01-31,5163.96,1060,18.8,10327.93,VIP
2409,Fahad Malik,2,9,10325.91,8358.21,1967.7,2023-10-01,2025-11-18,5162.96,779,19.06,10325.91,VIP
5908,Hassan Hussain,1,5,10323.65,7205.8,3117.85,2022-04-26,2022-04-26,10323.65,0,30.2,10323.65,VIP
8285,Sana Ali,1,6,10321.62,7637.64,2683.98,2023-09-16,2023-09-16,10321.62,0,26.0,10321.62,VIP
8423,Zainab Hussain,2,8,10315.44,8489.52,1825.92,2024-09-13,2026-05-15,5157.72,609,17.7,10315.44,VIP
6746,Omar Ali,2,9,10315.0,9463.96,851.04,2025-10-12,2026-07-08,5157.5,269,8.25,10315.0,VIP
360,Usman Raza,2,12,10307.27,8342.77,1964.5,2022-10-19,2022-11-20,5153.64,32,19.06,10307.27,VIP
5751,Usman Khan,1,6,10307.22,6719.88,3587.34,2022-11-14,2022-11-14,10307.22,0,34.8,10307.22,VIP
2965,Hassan Shah,2,9,10291.55,8245.17,2046.38,2022-06-02,2025-11-02,5145.77,1249,19.88,10291.55,VIP
1445,Hassan Ahmed,3,14,10290.19,8756.04,1534.15,2023-01-11,2026-01-07,3430.06,1092,14.91,10290.19,VIP
9889,Maham Khan,1,7,10288.25,6974.73,3313.52,2024-05-16,2024-05-16,10288.25,0,32.21,10288.25,VIP
5636,Ayesha Memon,3,16,10286.08,8012.47,2273.61,2023-02-10,2025-07-31,3428.69,902,22.1,10286.08,VIP
1478,Bilal Iqbal,1,6,10285.26,8853.78,1431.48,2022-06-17,2022-06-17,10285.26,0,13.92,10285.26,VIP
7729,Imran Hussain,1,6,10284.24,7054.86,3229.38,2023-12-17,2023-12-17,10284.24,0,31.4,10284.24,VIP
9226,Saad Mirza,1,6,10282.38,7304.64,2977.74,2024-01-03,2024-01-03,10282.38,0,28.96,10282.38,VIP
727,Ahmed Shah,1,6,10281.18,8935.32,1345.86,2023-03-04,2023-03-04,10281.18,0,13.09,10281.18,VIP
6540,Imran Buriro,1,6,10280.46,8983.86,1296.6,2026-06-04,2026-06-04,10280.46,0,12.61,10280.46,VIP
502,Sana Chaudhry,2,10,10278.66,8445.98,1832.68,2025-10-30,2026-02-28,5139.33,121,17.83,10278.66,VIP
2751,Imran Shah,2,10,10271.75,7388.9,2882.85,2024-09-07,2025-01-19,5135.88,134,28.07,10271.75,VIP
5119,Imran Khan,2,6,10271.36,7290.48,2980.88,2024-01-17,2024-10-11,5135.68,268,29.02,10271.36,VIP
1489,Fatima Chaudhry,4,15,10269.37,7665.86,2603.51,2023-08-13,2025-10-28,2567.34,807,25.35,10269.37,VIP
2273,Ayesha Buriro,2,9,10268.87,7963.46,2305.41,2024-01-27,2025-11-10,5134.43,653,22.45,10268.87,VIP
6145,Bilal Hussain,3,18,10259.31,7317.5,2941.81,2023-04-13,2026-02-19,3419.77,1043,28.67,10259.31,VIP
8119,Usman Qureshi,3,16,10255.28,8055.35,2199.93,2023-09-29,2025-12-08,3418.43,801,21.45,10255.28,VIP
8670,Usman Chaudhry,2,13,10254.96,8203.92,2051.04,2024-07-26,2026-07-07,5127.48,711,20.0,10254.96,VIP
2702,Hira Sheikh,4,12,10254.65,8722.01,1532.64,2023-08-21,2025-06-11,2563.66,660,14.95,10254.65,VIP
9920,Maham Chaudhry,3,12,10254.14,7351.56,2902.58,2022-01-18,2023-10-25,3418.05,645,28.31,10254.14,VIP
9625,Sara Buriro,3,7,10254.06,8080.92,2173.14,2022-06-08,2023-07-16,3418.02,403,21.19,10254.06,VIP
4554,Fatima Memon,1,7,10245.34,8350.02,1895.32,2022-10-22,2022-10-22,10245.34,0,18.5,10245.34,VIP
1990,Zainab Ahmed,3,7,10242.34,6820.36,3421.98,2022-01-06,2023-09-10,3414.11,612,33.41,10242.34,VIP
4655,Hira Siddiqui,3,13,10238.83,7153.01,3085.82,2022-12-29,2026-04-25,3412.94,1213,30.14,10238.83,VIP
1867,Ayesha Chaudhry,1,7,10232.46,7919.38,2313.08,2025-02-23,2025-02-23,10232.46,0,22.61,10232.46,VIP
4088,Ali Hussain,1,6,10231.38,8583.66,1647.72,2025-10-26,2025-10-26,10231.38,0,16.1,10231.38,VIP
9389,Usman Shah,1,7,10226.86,9365.51,861.35,2022-12-05,2022-12-05,10226.86,0,8.42,10226.86,VIP
2083,Sara Memon,2,5,10224.71,7271.56,2953.15,2024-12-24,2026-01-24,5112.35,396,28.88,10224.71,VIP
2715,Ali Mirza,2,12,10223.6,7980.85,2242.75,2026-02-27,2026-05-13,5111.8,75,21.94,10223.6,VIP
6661,Ayesha Malik,1,5,10221.65,7462.2,2759.45,2024-03-27,2024-03-27,10221.65,0,27.0,10221.65,VIP
3528,Imran Ahmed,1,7,10217.76,7225.61,2992.15,2022-08-05,2022-08-05,10217.76,0,29.28,10217.76,VIP
5878,Ayesha Ahmed,1,5,10211.35,7462.2,2749.15,2022-09-20,2022-09-20,10211.35,0,26.92,10211.35,VIP
888,Maham Ali,1,6,10209.66,8916.48,1293.18,2023-03-30,2023-03-30,10209.66,0,12.67,10209.66,VIP
8967,Imran Sheikh,2,8,10205.64,7572.64,2633.0,2022-07-23,2023-11-17,5102.82,482,25.8,10205.64,VIP
3051,Usman Chaudhry,2,12,10203.79,7421.3,2782.49,2024-03-25,2026-02-16,5101.9,693,27.27,10203.79,VIP
896,Sana Chaudhry,2,8,10197.91,7107.76,3090.15,2022-02-28,2023-02-04,5098.96,341,30.3,10197.91,VIP
5849,Sara Ali,2,6,10193.65,7800.18,2393.47,2022-09-08,2025-05-11,5096.82,976,23.48,10193.65,VIP
7574,Usman Qureshi,2,6,10193.62,8015.21,2178.41,2022-12-26,2026-05-26,5096.81,1247,21.37,10193.62,VIP
5918,Fahad Buriro,2,7,10187.3,7471.9,2715.4,2022-05-24,2023-02-11,5093.65,263,26.65,10187.3,VIP
6157,Zainab Siddiqui,2,14,10176.67,8448.65,1728.02,2025-05-27,2025-10-17,5088.34,143,16.98,10176.67,VIP
182,Usman Chaudhry,3,11,10172.52,8290.79,1881.73,2022-09-20,2026-02-24,3390.84,1253,18.5,10172.52,VIP
803,Hassan Chaudhry,2,10,10170.64,8560.44,1610.2,2024-09-06,2026-06-14,5085.32,646,15.83,10170.64,VIP
4373,Ayesha Sheikh,2,8,10162.67,7545.72,2616.95,2023-12-26,2025-11-12,5081.34,687,25.75,10162.67,VIP
5660,Maham Buriro,1,6,10154.94,7208.46,2946.48,2022-06-16,2022-06-16,10154.94,0,29.02,10154.94,VIP
2917,Danish Shah,1,7,10143.84,6718.32,3425.52,2024-08-26,2024-08-26,10143.84,0,33.77,10143.84,VIP
254,Zainab Shah,5,18,10143.75,8636.95,1506.8,2022-04-10,2026-01-10,2028.75,1371,14.85,10143.75,VIP
8223,Hamza Malik,3,8,10135.5,6560.64,3574.86,2022-07-30,2025-11-22,3378.5,1211,35.27,10135.5,VIP
6140,Hussain Siddiqui,2,14,10135.3,9262.4,872.9,2022-06-04,2023-08-14,5067.65,436,8.61,10135.3,VIP
6045,Maham Sheikh,1,6,10130.52,7687.44,2443.08,2026-05-13,2026-05-13,10130.52,0,24.12,10130.52,VIP
2415,Imran Sheikh,2,6,10122.03,7377.61,2744.42,2022-07-06,2023-10-09,5061.01,460,27.11,10122.03,VIP
9869,Hamza Ahmed,1,5,10121.0,7309.45,2811.55,2024-06-23,2024-06-23,10121.0,0,27.78,10121.0,VIP
2195,Hamza Raza,2,9,10118.53,7420.03,2698.5,2023-02-22,2025-04-07,5059.26,775,26.67,10118.53,VIP
4300,Bilal Memon,4,14,10117.73,8013.1,2104.63,2022-07-24,2025-12-09,2529.43,1234,20.8,10117.73,VIP
7269,Omar Chaudhry,2,8,10113.62,9238.5,875.12,2023-06-05,2025-05-30,5056.81,725,8.65,10113.62,VIP
3551,Fatima Mirza,2,10,10111.8,6800.35,3311.45,2023-07-26,2024-01-06,5055.9,164,32.75,10111.8,VIP
1,Ahmed Buriro,2,11,10107.67,8536.12,1571.55,2023-01-07,2023-11-25,5053.84,322,15.55,10107.67,VIP
2062,Saad Shah,2,10,10101.55,6802.25,3299.3,2025-12-09,2026-02-02,5050.78,55,32.66,10101.55,VIP
425,Danish Hussain,2,8,10098.48,6762.16,3336.32,2023-04-12,2026-06-02,5049.24,1147,33.04,10098.48,VIP
2698,Zainab Khan,2,12,10097.69,8913.19,1184.5,2024-01-28,2024-02-23,5048.84,26,11.73,10097.69,VIP
8934,Zainab Iqbal,2,12,10096.8,8241.66,1855.14,2022-08-31,2023-09-28,5048.4,393,18.37,10096.8,VIP
136,Bilal Khan,2,9,10090.52,7814.6,2275.92,2025-08-27,2025-12-08,5045.26,103,22.56,10090.52,VIP
7192,Fatima Malik,1,6,10090.38,8097.66,1992.72,2025-07-11,2025-07-11,10090.38,0,19.75,10090.38,VIP
1989,Maryam Iqbal,2,10,10089.65,7368.39,2721.26,2022-02-08,2022-05-10,5044.82,91,26.97,10089.65,VIP
5853,Hassan Khan,3,8,10089.37,7602.5,2486.87,2022-05-28,2024-06-15,3363.12,749,24.65,10089.37,VIP
7582,Hira Mirza,2,9,10083.42,7977.15,2106.27,2023-11-02,2024-11-13,5041.71,377,20.89,10083.42,VIP
2313,Omar Qureshi,1,6,10083.0,7708.98,2374.02,2025-03-10,2025-03-10,10083.0,0,23.54,10083.0,VIP
7801,Saad Ahmed,3,17,10074.12,7988.72,2085.4,2022-06-27,2025-06-01,3358.04,1070,20.7,10074.12,VIP
907,Hira Sheikh,1,5,10073.75,7059.3,3014.45,2023-09-26,2023-09-26,10073.75,0,29.92,10073.75,VIP
8162,Sana Raza,1,7,10065.23,8600.55,1464.68,2023-07-15,2023-07-15,10065.23,0,14.55,10065.23,VIP
7553,Hira Malik,2,8,10057.02,9052.92,1004.1,2022-02-18,2023-10-15,5028.51,604,9.98,10057.02,VIP
3752,Sara Sheikh,2,9,10055.28,7390.01,2665.27,2022-03-31,2024-02-09,5027.64,680,26.51,10055.28,VIP
2055,Zainab Malik,2,9,10053.57,7022.79,3030.78,2024-03-31,2026-03-16,5026.78,715,30.15,10053.57,VIP
4071,Maham Qureshi,1,6,10052.88,8013.3,2039.58,2025-12-08,2025-12-08,10052.88,0,20.29,10052.88,VIP
5202,Hira Ahmed,1,5,10052.75,7049.2,3003.55,2025-11-12,2025-11-12,10052.75,0,29.88,10052.75,VIP
9523,Fahad Khan,2,14,10051.93,7693.07,2358.86,2023-08-31,2026-06-06,5025.96,1010,23.47,10051.93,VIP
7376,Hira Ahmed,1,7,10050.46,9709.42,341.04,2022-02-11,2022-02-11,10050.46,0,3.39,10050.46,VIP
8608,Ali Buriro,3,8,10045.21,6858.07,3187.14,2022-09-30,2025-12-04,3348.4,1161,31.73,10045.21,VIP
5710,Maryam Hussain,3,13,10042.01,7396.66,2645.35,2024-09-29,2025-06-05,3347.34,249,26.34,10042.01,VIP
1193,Hussain Chaudhry,1,7,10031.7,10074.47,-42.77,2023-11-03,2023-11-03,10031.7,0,-0.43,10031.7,VIP
5752,Maham Qureshi,1,7,10028.27,7515.62,2512.65,2026-02-24,2026-02-24,10028.27,0,25.06,10028.27,VIP
3866,Sana Malik,1,5,10024.65,6804.85,3219.8,2023-09-17,2023-09-17,10024.65,0,32.12,10024.65,VIP
1463,Ayesha Ahmed,3,19,10010.69,8284.54,1726.15,2023-09-10,2025-09-09,3336.9,730,17.24,10010.69,VIP
6492,Hira Hussain,1,6,10007.1,8397.6,1609.5,2025-12-14,2025-12-14,10007.1,0,16.08,10007.1,VIP
8783,Sana Iqbal,1,7,10004.33,7541.8,2462.53,2022-06-27,2022-06-27,10004.33,0,24.61,10004.33,VIP
9307,Zainab Mirza,2,8,10003.37,6858.44,3144.93,2024-07-09,2025-07-31,5001.69,387,31.44,10003.37,VIP
6327,Danish Mirza,2,13,9999.26,9069.83,929.43,2025-02-25,2025-10-11,4999.63,228,9.29,9999.26,High Value
6094,Hassan Hussain,1,7,9994.04,7740.11,2253.93,2025-09-15,2025-09-15,9994.04,0,22.55,9994.04,High Value
1472,Maham Ahmed,1,7,9988.16,8467.76,1520.4,2025-11-27,2025-11-27,9988.16,0,15.22,9988.16,High Value
8383,Bilal Ali,2,7,9988.04,8338.62,1649.42,2025-09-06,2025-10-05,4994.02,29,16.51,9988.04,High Value
2190,Hussain Chaudhry,1,7,9976.19,7975.52,2000.67,2026-03-09,2026-03-09,9976.19,0,20.05,9976.19,High Value
6634,Maryam Raza,3,7,9974.64,7772.74,2201.9,2024-01-14,2025-12-15,3324.88,701,22.07,9974.64,High Value
1790,Fahad Ali,3,14,9974.34,9802.77,171.57,2022-10-18,2024-08-12,3324.78,664,1.72,9974.34,High Value
3877,Usman Khan,1,5,9972.55,7481.75,2490.8,2024-05-06,2024-05-06,9972.55,0,24.98,9972.55,High Value
3708,Usman Memon,1,7,9971.43,9051.28,920.15,2023-10-02,2023-10-02,9971.43,0,9.23,9971.43,High Value
9355,Usman Memon,1,7,9971.43,6545.42,3426.01,2026-05-19,2026-05-19,9971.43,0,34.36,9971.43,High Value
5409,Maham Shah,2,8,9968.76,6409.4,3559.36,2024-12-03,2025-04-11,4984.38,129,35.71,9968.76,High Value
7290,Fahad Ahmed,2,8,9968.7,8650.76,1317.94,2022-06-03,2025-01-11,4984.35,953,13.22,9968.7,High Value
2764,Sana Malik,2,5,9963.11,6618.77,3344.34,2023-10-18,2026-06-15,4981.56,971,33.57,9963.11,High Value
3134,Hira Khan,1,6,9953.52,8830.68,1122.84,2025-10-13,2025-10-13,9953.52,0,11.28,9953.52,High Value
2825,Saad Iqbal,3,14,9952.36,7644.26,2308.1,2023-04-11,2024-09-19,3317.45,527,23.19,9952.36,High Value
760,Fatima Siddiqui,2,8,9947.32,7060.26,2887.06,2023-06-07,2025-07-23,4973.66,777,29.02,9947.32,High Value
1802,Hussain Hussain,4,13,9946.2,6669.41,3276.79,2022-11-28,2025-04-17,2486.55,871,32.95,9946.2,High Value
7326,Zainab Qureshi,2,9,9944.92,9255.09,689.83,2023-07-21,2025-04-19,4972.46,638,6.94,9944.92,High Value
5657,Sara Chaudhry,4,12,9936.33,8711.4,1224.93,2022-01-24,2025-10-12,2484.08,1357,12.33,9936.33,High Value
5271,Fatima Iqbal,1,7,9932.37,8839.53,1092.84,2025-04-29,2025-04-29,9932.37,0,11.0,9932.37,High Value
7665,Fatima Ahmed,3,10,9930.89,7566.77,2364.12,2022-05-15,2026-04-11,3310.3,1427,23.81,9930.89,High Value
9265,Omar Ahmed,1,7,9928.38,6987.4,2940.98,2023-11-24,2023-11-24,9928.38,0,29.62,9928.38,High Value
7495,Ali Chaudhry,2,11,9923.88,7921.43,2002.45,2025-04-27,2026-01-27,4961.94,275,20.18,9923.88,High Value
7629,Saad Khan,1,6,9920.28,8148.0,1772.28,2024-02-14,2024-02-14,9920.28,0,17.87,9920.28,High Value
3525,Maham Sheikh,2,9,9914.5,6521.33,3393.17,2025-01-25,2025-12-23,4957.25,332,34.22,9914.5,High Value
3186,Saad Ali,2,11,9912.67,8578.57,1334.1,2025-12-24,2026-05-12,4956.34,139,13.46,9912.67,High Value
4569,Maryam Raza,1,6,9905.82,8676.0,1229.82,2025-03-04,2025-03-04,9905.82,0,12.42,9905.82,High Value
5145,Bilal Malik,2,11,9904.81,7701.04,2203.77,2023-11-04,2024-02-15,4952.41,103,22.25,9904.81,High Value
115,Zainab Ahmed,1,6,9894.6,7105.62,2788.98,2025-08-10,2025-08-10,9894.6,0,28.19,9894.6,High Value
8052,Omar Buriro,3,10,9890.68,7133.29,2757.39,2022-01-05,2024-05-19,3296.89,865,27.88,9890.68,High Value
6004,Sana Ahmed,2,8,9889.6,8460.6,1429.0,2024-02-11,2024-09-01,4944.8,203,14.45,9889.6,High Value
8683,Maryam Buriro,2,13,9884.53,7949.16,1935.37,2022-09-20,2026-06-22,4942.26,1371,19.58,9884.53,High Value
3207,Ahmed Khan,1,7,9875.53,7607.11,2268.42,2022-08-27,2022-08-27,9875.53,0,22.97,9875.53,High Value
9919,Omar Ali,2,12,9870.06,7499.15,2370.91,2025-07-21,2025-09-19,4935.03,60,24.02,9870.06,High Value
2188,Hamza Raza,1,7,9866.85,9129.68,737.17,2023-12-16,2023-12-16,9866.85,0,7.47,9866.85,High Value
1768,Ahmed Ali,3,8,9861.65,8078.82,1782.83,2022-07-26,2026-02-26,3287.22,1311,18.08,9861.65,High Value
7401,Imran Raza,2,5,9860.99,7319.22,2541.77,2022-03-19,2025-12-20,4930.5,1372,25.78,9860.99,High Value
168,Fatima Mirza,2,8,9858.35,7691.2,2167.15,2025-10-24,2026-05-20,4929.18,208,21.98,9858.35,High Value
2710,Sana Hussain,3,13,9851.59,8409.07,1442.52,2022-06-22,2023-07-19,3283.86,392,14.64,9851.59,High Value
4000,Hassan Ahmed,3,14,9851.08,6953.88,2897.2,2022-04-10,2024-12-19,3283.69,984,29.41,9851.08,High Value
8543,Bilal Malik,1,7,9845.57,8857.17,988.4,2024-03-13,2024-03-13,9845.57,0,10.04,9845.57,High Value
1761,Danish Malik,1,6,9843.18,7442.04,2401.14,2023-03-29,2023-03-29,9843.18,0,24.39,9843.18,High Value
3251,Hassan Iqbal,2,8,9834.92,8110.54,1724.38,2023-10-05,2025-04-30,4917.46,573,17.53,9834.92,High Value
5580,Sara Buriro,1,7,9826.04,6354.95,3471.09,2025-06-05,2025-06-05,9826.04,0,35.33,9826.04,High Value
7431,Imran Mirza,1,6,9818.22,8253.66,1564.56,2022-08-10,2022-08-10,9818.22,0,15.94,9818.22,High Value
9403,Ayesha Sheikh,1,6,9798.18,8515.02,1283.16,2023-06-28,2023-06-28,9798.18,0,13.1,9798.18,High Value
4222,Hamza Khan,2,9,9795.63,8590.11,1205.52,2022-05-30,2025-03-25,4897.82,1030,12.31,9795.63,High Value
3,Ayesha Mirza,1,7,9789.92,6825.42,2964.5,2025-03-26,2025-03-26,9789.92,0,30.28,9789.92,High Value
4372,Fahad Ali,1,7,9786.63,8340.71,1445.92,2023-02-13,2023-02-13,9786.63,0,14.77,9786.63,High Value
8384,Danish Malik,1,5,9786.4,6795.6,2990.8,2024-08-18,2024-08-18,9786.4,0,30.56,9786.4,High Value
7296,Maryam Iqbal,2,9,9782.95,8184.5,1598.45,2024-08-02,2024-09-26,4891.48,55,16.34,9782.95,High Value
2096,Ayesha Qureshi,2,9,9782.74,8157.86,1624.88,2023-08-15,2025-11-09,4891.37,817,16.61,9782.74,High Value
4023,Ayesha Malik,3,11,9779.26,7018.08,2761.18,2022-11-29,2026-06-29,3259.75,1308,28.24,9779.26,High Value
1425,Bilal Qureshi,2,7,9778.64,7078.31,2700.33,2024-01-13,2026-01-14,4889.32,732,27.61,9778.64,High Value
8582,Hassan Qureshi,1,6,9776.88,6397.5,3379.38,2025-08-10,2025-08-10,9776.88,0,34.57,9776.88,High Value
7385,Zainab Ali,1,6,9768.9,7691.88,2077.02,2025-06-17,2025-06-17,9768.9,0,21.26,9768.9,High Value
3747,Usman Shah,1,7,9766.33,6708.38,3057.95,2023-06-02,2023-06-02,9766.33,0,31.31,9766.33,High Value
5205,Omar Ahmed,2,9,9764.84,7845.59,1919.25,2022-01-14,2025-05-01,4882.42,1203,19.65,9764.84,High Value
9958,Usman Ahmed,2,9,9764.76,6709.41,3055.35,2026-04-10,2026-07-11,4882.38,92,31.29,9764.76,High Value
602,Saad Buriro,4,20,9759.74,7352.55,2407.19,2022-09-16,2024-06-26,2439.94,649,24.66,9759.74,High Value
1791,Fahad Buriro,1,5,9759.55,5987.55,3772.0,2025-03-10,2025-03-10,9759.55,0,38.65,9759.55,High Value
9608,Hussain Sheikh,1,5,9759.45,6439.3,3320.15,2024-09-30,2024-09-30,9759.45,0,34.02,9759.45,High Value
5177,Usman Ahmed,2,8,9751.89,7512.72,2239.17,2025-09-13,2026-06-11,4875.95,271,22.96,9751.89,High Value
6605,Danish Memon,3,9,9746.94,7310.01,2436.93,2023-10-24,2025-12-07,3248.98,775,25.0,9746.94,High Value
6723,Omar Siddiqui,2,9,9745.47,7380.3,2365.17,2022-01-08,2022-09-03,4872.73,238,24.27,9745.47,High Value
2574,Fatima Mirza,1,6,9741.0,7585.92,2155.08,2025-11-25,2025-11-25,9741.0,0,22.12,9741.0,High Value
3984,Usman Shah,5,12,9738.36,6901.3,2837.06,2022-02-07,2025-11-22,1947.67,1384,29.13,9738.36,High Value
8301,Saad Memon,1,5,9738.05,6992.1,2745.95,2025-07-09,2025-07-09,9738.05,0,28.2,9738.05,High Value
537,Maham Sheikh,3,8,9735.76,7892.56,1843.2,2022-04-01,2026-04-28,3245.25,1488,18.93,9735.76,High Value
8154,Zainab Chaudhry,1,7,9728.18,9467.78,260.4,2023-12-25,2023-12-25,9728.18,0,2.68,9728.18,High Value
7776,Fahad Siddiqui,2,9,9708.08,8506.17,1201.91,2025-10-09,2026-02-28,4854.04,142,12.38,9708.08,High Value
4452,Sana Iqbal,2,9,9696.93,6932.82,2764.11,2025-12-22,2026-03-21,4848.46,89,28.51,9696.93,High Value
6904,Danish Malik,2,9,9690.5,7215.86,2474.64,2024-07-10,2026-06-14,4845.25,704,25.54,9690.5,High Value
352,Hussain Ahmed,4,15,9689.79,7237.11,2452.68,2022-02-01,2024-04-04,2422.45,793,25.31,9689.79,High Value
9031,Omar Qureshi,3,10,9685.49,7839.35,1846.14,2024-02-23,2026-05-18,3228.5,815,19.06,9685.49,High Value
6590,Hamza Sheikh,3,8,9679.32,8558.35,1120.97,2024-03-07,2025-12-12,3226.44,645,11.58,9679.32,High Value
2596,Sara Chaudhry,1,7,9673.79,9151.03,522.76,2024-12-19,2024-12-19,9673.79,0,5.4,9673.79,High Value
3459,Ali Khan,2,6,9668.99,7516.4,2152.59,2022-10-23,2024-07-28,4834.5,644,22.26,9668.99,High Value
39,Hamza Shah,2,9,9668.38,6698.2,2970.18,2023-11-27,2024-12-08,4834.19,377,30.72,9668.38,High Value
5371,Sana Ahmed,4,12,9663.07,8369.5,1293.57,2024-09-23,2026-07-31,2415.77,676,13.39,9663.07,High Value
2749,Maham Sheikh,2,7,9658.33,7831.06,1827.27,2022-04-16,2023-07-04,4829.16,444,18.92,9658.33,High Value
7177,Omar Ali,2,12,9656.15,8453.1,1203.05,2024-02-24,2025-03-08,4828.08,378,12.46,9656.15,High Value
9130,Usman Hussain,2,9,9655.04,7317.11,2337.93,2024-02-13,2024-05-29,4827.52,106,24.21,9655.04,High Value
7012,Imran Iqbal,1,7,9653.56,8619.52,1034.04,2026-02-08,2026-02-08,9653.56,0,10.71,9653.56,High Value
5852,Danish Mirza,2,11,9653.22,8330.28,1322.94,2022-03-19,2023-05-25,4826.61,432,13.7,9653.22,High Value
5292,Maryam Siddiqui,1,6,9651.0,6156.24,3494.76,2023-03-28,2023-03-28,9651.0,0,36.21,9651.0,High Value
3599,Hamza Iqbal,2,8,9650.46,7805.26,1845.2,2023-07-10,2024-09-27,4825.23,445,19.12,9650.46,High Value
3512,Maryam Memon,2,10,9647.7,7462.58,2185.12,2024-06-13,2024-06-16,4823.85,3,22.65,9647.7,High Value
2971,Bilal Sheikh,2,13,9644.31,6793.57,2850.74,2022-10-28,2024-06-09,4822.16,590,29.56,9644.31,High Value
4141,Maryam Qureshi,2,11,9642.94,7649.12,1993.82,2024-01-09,2026-06-26,4821.47,899,20.68,9642.94,High Value
9642,Hussain Ahmed,2,9,9642.04,7448.91,2193.13,2024-08-13,2025-07-10,4821.02,331,22.75,9642.04,High Value
5785,Zainab Shah,2,8,9638.96,8451.39,1187.57,2022-12-15,2026-06-28,4819.48,1291,12.32,9638.96,High Value
6333,Bilal Sheikh,2,8,9636.56,7108.45,2528.11,2022-04-13,2022-08-31,4818.28,140,26.23,9636.56,High Value
3325,Sana Hussain,3,11,9635.71,7402.64,2233.07,2022-03-05,2026-06-22,3211.9,1570,23.17,9635.71,High Value
1231,Hamza Shah,3,10,9628.66,7297.26,2331.4,2022-05-16,2024-02-10,3209.55,635,24.21,9628.66,High Value
827,Ahmed Raza,1,5,9627.35,7042.95,2584.4,2024-08-31,2024-08-31,9627.35,0,26.84,9627.35,High Value
5572,Danish Khan,1,5,9621.85,6800.15,2821.7,2026-08-04,2026-08-04,9621.85,0,29.33,9621.85,High Value
2216,Imran Ali,4,14,9616.14,7578.83,2037.31,2023-07-22,2025-10-25,2404.04,826,21.19,9616.14,High Value
5259,Danish Siddiqui,2,9,9609.2,8005.92,1603.28,2022-05-06,2024-07-21,4804.6,807,16.68,9609.2,High Value
8022,Sana Shah,2,11,9608.95,9058.39,550.56,2022-12-28,2024-07-04,4804.48,554,5.73,9608.95,High Value
2176,Maryam Raza,1,6,9608.7,7738.56,1870.14,2024-12-03,2024-12-03,9608.7,0,19.46,9608.7,High Value
3891,Zainab Ahmed,1,6,9604.02,6122.58,3481.44,2024-06-17,2024-06-17,9604.02,0,36.25,9604.02,High Value
678,Usman Sheikh,1,7,9599.24,8028.23,1571.01,2024-12-18,2024-12-18,9599.24,0,16.37,9599.24,High Value
1077,Fahad Raza,1,5,9596.15,7365.9,2230.25,2023-07-30,2023-07-30,9596.15,0,23.24,9596.15,High Value
9279,Ayesha Malik,1,7,9593.43,5924.8,3668.63,2023-08-05,2023-08-05,9593.43,0,38.24,9593.43,High Value
4474,Ahmed Khan,2,11,9591.8,7778.28,1813.52,2022-10-11,2023-05-03,4795.9,204,18.91,9591.8,High Value
9983,Omar Iqbal,1,7,9587.2,7969.71,1617.49,2024-12-11,2024-12-11,9587.2,0,16.87,9587.2,High Value
7947,Sara Chaudhry,1,6,9586.14,7490.4,2095.74,2024-06-05,2024-06-05,9586.14,0,21.86,9586.14,High Value
1771,Sara Raza,2,7,9582.95,8437.66,1145.29,2023-05-25,2025-03-18,4791.48,663,11.95,9582.95,High Value
293,Ayesha Chaudhry,3,13,9578.35,7592.28,1986.07,2023-05-20,2025-12-06,3192.78,931,20.73,9578.35,High Value
4114,Maryam Sheikh,1,7,9576.98,6387.15,3189.83,2022-08-29,2022-08-29,9576.98,0,33.31,9576.98,High Value
820,Hussain Malik,2,10,9571.78,7091.24,2480.54,2022-08-28,2026-03-12,4785.89,1292,25.92,9571.78,High Value
3199,Sana Ahmed,2,6,9570.63,7020.81,2549.82,2022-03-22,2026-03-12,4785.32,1451,26.64,9570.63,High Value
7404,Sara Sheikh,2,8,9570.42,8440.12,1130.3,2025-05-16,2026-03-19,4785.21,307,11.81,9570.42,High Value
6926,Usman Ahmed,1,6,9564.66,6872.58,2692.08,2024-04-19,2024-04-19,9564.66,0,28.15,9564.66,High Value
466,Zainab Memon,3,13,9563.09,7473.66,2089.43,2022-11-01,2026-04-27,3187.7,1273,21.85,9563.09,High Value
793,Maryam Malik,1,7,9553.46,8053.5,1499.96,2025-01-14,2025-01-14,9553.46,0,15.7,9553.46,High Value
1220,Danish Khan,2,8,9549.36,7999.48,1549.88,2022-05-09,2025-07-30,4774.68,1178,16.23,9549.36,High Value
7070,Ali Memon,2,6,9546.37,6546.51,2999.86,2024-02-09,2024-05-28,4773.18,109,31.42,9546.37,High Value
4193,Saad Raza,3,15,9546.08,8145.7,1400.38,2023-02-02,2024-12-09,3182.03,676,14.67,9546.08,High Value
6206,Danish Memon,1,6,9545.64,8785.08,760.56,2026-04-21,2026-04-21,9545.64,0,7.97,9545.64,High Value
4966,Hamza Khan,2,7,9545.21,8781.43,763.78,2024-03-30,2026-07-16,4772.6,838,8.0,9545.21,High Value
6718,Ayesha Mirza,2,7,9544.32,8331.31,1213.01,2022-09-29,2025-06-02,4772.16,977,12.71,9544.32,High Value
6019,Zainab Buriro,1,6,9537.42,7739.16,1798.26,2022-03-10,2022-03-10,9537.42,0,18.85,9537.42,High Value
210,Bilal Sheikh,2,5,9536.25,5998.01,3538.24,2025-05-28,2026-04-13,4768.12,320,37.1,9536.25,High Value
6137,Bilal Iqbal,2,9,9534.42,7132.44,2401.98,2024-04-19,2025-04-01,4767.21,347,25.19,9534.42,High Value
9201,Fatima Ahmed,2,7,9533.48,6819.41,2714.07,2022-10-05,2024-05-17,4766.74,590,28.47,9533.48,High Value
128,Hira Ahmed,1,7,9525.81,9251.27,274.54,2026-06-29,2026-06-29,9525.81,0,2.88,9525.81,High Value
2130,Maryam Khan,2,9,9524.63,7123.46,2401.17,2023-09-23,2025-03-03,4762.32,527,25.21,9524.63,High Value
2958,Zainab Khan,3,10,9522.1,6600.9,2921.2,2022-09-19,2026-07-29,3174.03,1409,30.68,9522.1,High Value
808,Ahmed Ahmed,2,9,9502.2,7622.09,1880.11,2025-04-27,2025-08-10,4751.1,105,19.79,9502.2,High Value
6132,Hamza Hussain,1,7,9500.4,7254.8,2245.6,2024-12-07,2024-12-07,9500.4,0,23.64,9500.4,High Value
8904,Hira Qureshi,1,6,9497.94,7679.58,1818.36,2024-03-01,2024-03-01,9497.94,0,19.14,9497.94,High Value
3760,Usman Ahmed,2,7,9495.82,6898.79,2597.03,2022-12-04,2025-04-16,4747.91,864,27.35,9495.82,High Value
576,Omar Sheikh,1,5,9492.5,6293.15,3199.35,2023-11-14,2023-11-14,9492.5,0,33.7,9492.5,High Value
2991,Maryam Buriro,1,6,9490.8,8670.36,820.44,2025-03-03,2025-03-03,9490.8,0,8.64,9490.8,High Value
3509,Maryam Memon,2,9,9481.79,9212.87,268.92,2024-09-21,2026-03-22,4740.9,547,2.84,9481.79,High Value
1661,Ahmed Ahmed,2,6,9478.9,7497.67,1981.23,2022-03-04,2026-02-22,4739.45,1451,20.9,9478.9,High Value
1021,Bilal Chaudhry,2,7,9470.05,8333.89,1136.16,2023-03-06,2024-01-24,4735.02,324,12.0,9470.05,High Value
2696,Hussain Ahmed,2,7,9463.65,7483.09,1980.56,2023-08-19,2025-12-26,4731.83,860,20.93,9463.65,High Value
4283,Hassan Hussain,2,9,9461.4,6909.3,2552.1,2023-09-26,2026-05-01,4730.7,948,26.97,9461.4,High Value
504,Fahad Sheikh,2,10,9456.24,7895.32,1560.92,2022-08-22,2025-11-28,4728.12,1194,16.51,9456.24,High Value
322,Fahad Sheikh,2,9,9453.49,7386.84,2066.65,2023-01-31,2023-05-18,4726.74,107,21.86,9453.49,High Value
6737,Hassan Khan,3,9,9445.68,6726.48,2719.2,2022-05-02,2023-12-02,3148.56,579,28.79,9445.68,High Value
2034,Fahad Siddiqui,1,5,9433.7,7149.85,2283.85,2025-05-03,2025-05-03,9433.7,0,24.21,9433.7,High Value
5536,Omar Buriro,2,11,9433.63,6709.0,2724.63,2022-03-12,2023-09-26,4716.82,563,28.88,9433.63,High Value
4740,Bilal Hussain,4,13,9430.49,7067.7,2362.79,2022-04-04,2025-08-14,2357.62,1228,25.05,9430.49,High Value
4130,Zainab Chaudhry,1,5,9429.15,6485.35,2943.8,2024-01-21,2024-01-21,9429.15,0,31.22,9429.15,High Value
238,Maryam Buriro,1,6,9427.74,8987.1,440.64,2025-02-16,2025-02-16,9427.74,0,4.67,9427.74,High Value
7896,Maham Hussain,1,4,9427.12,5885.0,3542.12,2025-10-04,2025-10-04,9427.12,0,37.57,9427.12,High Value
7923,Fahad Mirza,1,7,9420.53,7369.39,2051.14,2025-08-18,2025-08-18,9420.53,0,21.77,9420.53,High Value
7854,Imran Sheikh,1,6,9418.44,8534.28,884.16,2023-12-26,2023-12-26,9418.44,0,9.39,9418.44,High Value
6296,Hassan Buriro,2,7,9415.93,8861.58,554.35,2024-01-25,2025-01-14,4707.96,355,5.89,9415.93,High Value
6230,Fatima Siddiqui,1,6,9413.22,7444.32,1968.9,2025-01-04,2025-01-04,9413.22,0,20.92,9413.22,High Value
7363,Sara Chaudhry,1,5,9402.4,6355.7,3046.7,2025-07-28,2025-07-28,9402.4,0,32.4,9402.4,High Value
7805,Hassan Shah,2,11,9400.33,7081.41,2318.92,2023-05-22,2024-02-22,4700.16,276,24.67,9400.33,High Value
2336,Ahmed Memon,3,10,9397.96,7468.99,1928.97,2022-02-03,2025-03-09,3132.65,1130,20.53,9397.96,High Value
8695,Hassan Buriro,1,7,9395.47,6291.39,3104.08,2024-01-13,2024-01-13,9395.47,0,33.04,9395.47,High Value
5468,Fatima Ahmed,2,8,9391.51,6783.02,2608.49,2022-01-09,2024-12-11,4695.76,1067,27.77,9391.51,High Value
3037,Sara Hussain,2,12,9387.66,7873.32,1514.34,2023-09-30,2024-06-19,4693.83,263,16.13,9387.66,High Value
2126,Ayesha Qureshi,2,6,9387.42,7855.52,1531.9,2022-02-01,2024-06-22,4693.71,872,16.32,9387.42,High Value
7904,Omar Hussain,2,6,9382.08,7852.46,1529.62,2023-07-12,2023-08-09,4691.04,28,16.3,9382.08,High Value
4380,Usman Khan,1,6,9379.98,6936.06,2443.92,2023-06-30,2023-06-30,9379.98,0,26.05,9379.98,High Value
6866,Hamza Qureshi,1,7,9361.52,7501.41,1860.11,2023-08-25,2023-08-25,9361.52,0,19.87,9361.52,High Value
8700,Usman Ali,3,17,9360.48,7800.72,1559.76,2024-03-29,2025-01-14,3120.16,291,16.66,9360.48,High Value
6893,Saad Khan,3,16,9359.32,6632.27,2727.05,2022-02-19,2025-02-06,3119.77,1083,29.14,9359.32,High Value
4379,Sara Chaudhry,1,5,9351.7,7026.65,2325.05,2022-04-27,2022-04-27,9351.7,0,24.86,9351.7,High Value
1458,Ayesha Siddiqui,2,8,9341.6,8077.4,1264.2,2024-01-22,2024-08-03,4670.8,194,13.53,9341.6,High Value
8814,Ali Iqbal,2,9,9338.7,7981.65,1357.05,2022-10-10,2023-05-10,4669.35,212,14.53,9338.7,High Value
4743,Fatima Buriro,2,11,9331.31,8161.41,1169.9,2022-05-26,2022-05-30,4665.66,4,12.54,9331.31,High Value
281,Zainab Khan,1,6,9329.64,6554.04,2775.6,2022-10-02,2022-10-02,9329.64,0,29.75,9329.64,High Value
6874,Hassan Qureshi,1,6,9324.6,6314.76,3009.84,2022-07-06,2022-07-06,9324.6,0,32.28,9324.6,High Value
3620,Bilal Iqbal,2,11,9317.87,7182.43,2135.44,2023-09-18,2024-04-02,4658.94,197,22.92,9317.87,High Value
2881,Hassan Ahmed,3,15,9315.44,6820.12,2495.32,2022-12-05,2024-06-04,3105.15,547,26.79,9315.44,High Value
3097,Bilal Ali,2,9,9312.59,7441.15,1871.44,2022-12-12,2023-02-10,4656.3,60,20.1,9312.59,High Value
4350,Ayesha Mirza,2,5,9310.17,6401.22,2908.95,2022-03-10,2025-03-15,4655.08,1101,31.24,9310.17,High Value
1811,Saad Shah,1,6,9306.84,8253.66,1053.18,2023-04-26,2023-04-26,9306.84,0,11.32,9306.84,High Value
9843,Imran Ahmed,1,6,9298.5,6529.74,2768.76,2022-10-22,2022-10-22,9298.5,0,29.78,9298.5,High Value
9266,Hussain Memon,3,10,9293.79,6667.03,2626.76,2022-07-12,2026-01-30,3097.93,1298,28.26,9293.79,High Value
2506,Danish Khan,2,11,9290.15,6437.78,2852.37,2023-02-15,2025-05-15,4645.08,820,30.7,9290.15,High Value
1326,Fahad Chaudhry,2,7,9287.63,6612.12,2675.51,2022-12-02,2024-11-22,4643.81,721,28.81,9287.63,High Value
8836,Hamza Ali,1,5,9286.0,6638.65,2647.35,2025-10-13,2025-10-13,9286.0,0,28.51,9286.0,High Value
4490,Maham Raza,2,6,9284.36,8642.74,641.62,2025-03-05,2025-09-12,4642.18,191,6.91,9284.36,High Value
7931,Maham Malik,1,6,9280.08,8503.44,776.64,2024-04-24,2024-04-24,9280.08,0,8.37,9280.08,High Value
1255,Ayesha Ali,1,6,9277.62,6682.08,2595.54,2024-06-08,2024-06-08,9277.62,0,27.98,9277.62,High Value
9041,Imran Ali,1,6,9273.3,8219.52,1053.78,2023-06-16,2023-06-16,9273.3,0,11.36,9273.3,High Value
9916,Fatima Malik,2,9,9272.73,8023.76,1248.97,2025-02-24,2026-01-17,4636.36,327,13.47,9272.73,High Value
8787,Usman Hussain,2,8,9267.88,7920.44,1347.44,2023-02-08,2024-07-06,4633.94,514,14.54,9267.88,High Value
1397,Sara Raza,1,7,9266.53,6358.87,2907.66,2023-09-05,2023-09-05,9266.53,0,31.38,9266.53,High Value
1236,Fahad Ali,2,6,9263.96,6768.94,2495.02,2023-07-01,2026-06-05,4631.98,1070,26.93,9263.96,High Value
8989,Ahmed Khan,2,11,9259.1,7841.95,1417.15,2023-07-16,2023-10-18,4629.55,94,15.31,9259.1,High Value
1229,Danish Iqbal,2,8,9258.82,7535.9,1722.92,2024-09-12,2026-07-27,4629.41,683,18.61,9258.82,High Value
296,Danish Chaudhry,3,12,9253.56,7630.37,1623.19,2024-06-03,2025-06-03,3084.52,365,17.54,9253.56,High Value
4152,Fatima Raza,2,8,9250.72,6916.75,2333.97,2024-11-13,2024-12-27,4625.36,44,25.23,9250.72,High Value
4659,Saad Raza,2,13,9250.16,7397.85,1852.31,2025-01-15,2025-06-10,4625.08,146,20.02,9250.16,High Value
1426,Hussain Qureshi,2,11,9246.62,6995.22,2251.4,2024-05-05,2024-08-31,4623.31,118,24.35,9246.62,High Value
2038,Hamza Khan,2,8,9243.1,7453.88,1789.22,2023-11-07,2026-04-13,4621.55,888,19.36,9243.1,High Value
1362,Hassan Qureshi,3,16,9239.34,6813.72,2425.62,2022-09-21,2025-10-05,3079.78,1110,26.25,9239.34,High Value
5107,Fahad Ahmed,1,7,9230.9,8320.2,910.7,2024-03-25,2024-03-25,9230.9,0,9.87,9230.9,High Value
3503,Omar Khan,4,15,9227.31,7711.12,1516.19,2024-01-12,2025-12-29,2306.83,717,16.43,9227.31,High Value
53,Maham Buriro,3,7,9220.5,6813.24,2407.26,2023-01-16,2026-03-29,3073.5,1168,26.11,9220.5,High Value
3314,Maham Hussain,2,8,9213.84,7829.34,1384.5,2024-06-25,2025-04-07,4606.92,286,15.03,9213.84,High Value
4214,Bilal Ali,2,11,9213.09,7468.55,1744.54,2024-04-12,2026-04-11,4606.54,729,18.94,9213.09,High Value
3209,Usman Ali,2,9,9205.56,6755.04,2450.52,2022-02-10,2025-03-02,4602.78,1116,26.62,9205.56,High Value
9708,Sana Chaudhry,1,6,9203.7,6308.88,2894.82,2023-07-04,2023-07-04,9203.7,0,31.45,9203.7,High Value
2657,Usman Qureshi,2,14,9200.94,8381.87,819.07,2025-09-07,2026-06-21,4600.47,287,8.9,9200.94,High Value
4069,Danish Chaudhry,1,5,9194.9,7049.2,2145.7,2025-01-28,2025-01-28,9194.9,0,23.34,9194.9,High Value
5867,Omar Mirza,2,9,9194.35,7020.74,2173.61,2024-05-14,2024-08-30,4597.18,108,23.64,9194.35,High Value
2681,Hira Mirza,3,11,9190.57,8084.79,1105.78,2022-06-17,2026-08-11,3063.52,1516,12.03,9190.57,High Value
2107,Ayesha Memon,2,11,9182.07,7757.03,1425.04,2022-04-08,2023-04-07,4591.04,364,15.52,9182.07,High Value
8948,Imran Memon,3,13,9181.75,7131.39,2050.36,2022-09-18,2023-08-18,3060.58,334,22.33,9181.75,High Value
5023,Zainab Chaudhry,2,6,9178.99,7095.27,2083.72,2026-01-13,2026-03-23,4589.5,69,22.7,9178.99,High Value
6857,Maham Shah,1,7,9178.96,6408.01,2770.95,2022-10-30,2022-10-30,9178.96,0,30.19,9178.96,High Value
5094,Fatima Qureshi,3,8,9176.6,7736.12,1440.48,2023-03-29,2026-01-31,3058.87,1039,15.7,9176.6,High Value
4062,Sara Memon,2,9,9176.23,6768.86,2407.37,2024-04-13,2025-07-29,4588.12,472,26.23,9176.23,High Value
3616,Sana Memon,2,11,9176.06,8369.17,806.89,2023-12-13,2023-12-17,4588.03,4,8.79,9176.06,High Value
6627,Saad Hussain,2,7,9175.12,7351.93,1823.19,2025-09-14,2026-01-23,4587.56,131,19.87,9175.12,High Value
7981,Hira Qureshi,2,11,9173.48,6361.38,2812.1,2022-03-30,2026-06-08,4586.74,1531,30.65,9173.48,High Value
3596,Fatima Iqbal,1,7,9168.53,8252.72,915.81,2023-04-22,2023-04-22,9168.53,0,9.99,9168.53,High Value
1870,Hira Mirza,1,6,9168.48,7701.78,1466.7,2025-06-26,2025-06-26,9168.48,0,16.0,9168.48,High Value
216,Ahmed Buriro,1,6,9165.18,6247.44,2917.74,2023-03-07,2023-03-07,9165.18,0,31.84,9165.18,High Value
7721,Ayesha Ahmed,3,8,9163.33,8459.28,704.05,2023-07-20,2024-09-27,3054.44,435,7.68,9163.33,High Value
9860,Hussain Sheikh,3,12,9162.96,7193.74,1969.22,2022-03-26,2025-06-01,3054.32,1163,21.49,9162.96,High Value
1874,Ayesha Iqbal,2,10,9153.83,7396.66,1757.17,2026-04-14,2026-04-30,4576.92,16,19.2,9153.83,High Value
4606,Sara Malik,2,8,9153.8,6253.96,2899.84,2022-09-15,2023-07-04,4576.9,292,31.68,9153.8,High Value
2539,Hamza Khan,1,6,9146.82,7710.0,1436.82,2025-09-24,2025-09-24,9146.82,0,15.71,9146.82,High Value
6149,Sara Chaudhry,2,11,9143.61,6847.46,2296.15,2022-03-29,2024-12-30,4571.8,1007,25.11,9143.61,High Value
7674,Maryam Siddiqui,3,12,9140.76,7212.92,1927.84,2024-02-08,2025-03-15,3046.92,401,21.09,9140.76,High Value
7493,Bilal Buriro,2,9,9140.65,6933.64,2207.01,2025-07-07,2025-07-20,4570.32,13,24.15,9140.65,High Value
938,Ayesha Ali,2,9,9140.4,6053.34,3087.06,2025-06-08,2025-06-13,4570.2,5,33.77,9140.4,High Value
882,Ali Hussain,1,6,9137.88,7374.0,1763.88,2023-06-28,2023-06-28,9137.88,0,19.3,9137.88,High Value
9800,Hussain Siddiqui,2,8,9133.84,6817.34,2316.5,2024-01-05,2025-08-31,4566.92,604,25.36,9133.84,High Value
8199,Fatima Siddiqui,2,12,9131.46,8342.16,789.3,2023-05-13,2025-03-25,4565.73,682,8.64,9131.46,High Value
5246,Fahad Hussain,1,7,9131.01,6830.67,2300.34,2023-06-30,2023-06-30,9131.01,0,25.19,9131.01,High Value
8497,Ali Ahmed,2,7,9126.34,7549.91,1576.43,2022-02-17,2023-07-30,4563.17,528,17.27,9126.34,High Value
2802,Ali Sheikh,1,5,9125.75,5914.9,3210.85,2023-05-10,2023-05-10,9125.75,0,35.18,9125.75,High Value
9810,Hamza Buriro,1,7,9124.99,8184.82,940.17,2022-07-28,2022-07-28,9124.99,0,10.3,9124.99,High Value
9582,Usman Khan,1,4,9120.84,5864.96,3255.88,2026-06-18,2026-06-18,9120.84,0,35.7,9120.84,High Value
2989,Imran Ahmed,2,7,9115.48,6173.72,2941.76,2022-09-19,2026-06-07,4557.74,1357,32.27,9115.48,High Value
7715,Usman Malik,2,7,9114.06,7379.28,1734.78,2022-04-24,2024-12-01,4557.03,952,19.03,9114.06,High Value
9970,Hussain Sheikh,3,12,9113.02,7795.86,1317.16,2022-01-23,2026-07-16,3037.67,1635,14.45,9113.02,High Value
6916,Danish Chaudhry,2,9,9108.36,7758.9,1349.46,2025-05-11,2025-09-16,4554.18,128,14.82,9108.36,High Value
7095,Imran Memon,2,10,9101.55,7738.8,1362.75,2022-09-28,2026-03-04,4550.78,1253,14.97,9101.55,High Value
1078,Sara Sheikh,1,6,9090.6,6396.12,2694.48,2025-02-10,2025-02-10,9090.6,0,29.64,9090.6,High Value
1032,Hassan Memon,2,8,9087.32,5881.48,3205.84,2025-10-22,2026-07-31,4543.66,282,35.28,9087.32,High Value
8018,Hussain Memon,1,7,9086.56,6660.85,2425.71,2025-12-21,2025-12-21,9086.56,0,26.7,9086.56,High Value
9366,Ali Shah,2,6,9086.04,6692.92,2393.12,2022-07-11,2023-02-04,4543.02,208,26.34,9086.04,High Value
968,Hassan Ahmed,2,11,9083.57,6917.04,2166.53,2023-01-23,2024-08-08,4541.78,563,23.85,9083.57,High Value
5637,Zainab Shah,1,7,9082.36,8048.18,1034.18,2022-08-31,2022-08-31,9082.36,0,11.39,9082.36,High Value
5098,Imran Hussain,2,8,9078.96,7932.08,1146.88,2025-01-09,2026-02-13,4539.48,400,12.63,9078.96,High Value
9476,Bilal Iqbal,2,7,9078.69,7142.77,1935.92,2024-01-15,2024-12-12,4539.34,332,21.32,9078.69,High Value
7443,Fahad Memon,2,8,9077.79,7654.45,1423.34,2023-01-16,2025-05-27,4538.9,862,15.68,9077.79,High Value
7871,Fahad Khan,2,7,9073.29,6845.2,2228.09,2025-04-06,2026-05-02,4536.65,391,24.56,9073.29,High Value
4983,Hira Malik,1,6,9069.54,7417.56,1651.98,2023-11-09,2023-11-09,9069.54,0,18.21,9069.54,High Value
1703,Omar Qureshi,3,10,9069.11,8135.92,933.19,2023-08-15,2024-07-20,3023.04,340,10.29,9069.11,High Value
6932,Ayesha Memon,1,6,9068.22,6326.22,2742.0,2022-11-04,2022-11-04,9068.22,0,30.24,9068.22,High Value
8333,Saad Ali,2,12,9068.22,6580.74,2487.48,2023-02-14,2025-07-20,4534.11,887,27.43,9068.22,High Value
2791,Zainab Mirza,1,5,9064.5,6081.1,2983.4,2022-07-05,2022-07-05,9064.5,0,32.91,9064.5,High Value
3818,Ahmed Malik,3,7,9062.51,6929.4,2133.11,2022-05-08,2025-09-04,3020.84,1215,23.54,9062.51,High Value
2561,Danish Hussain,2,12,9061.1,8166.22,894.88,2023-08-14,2024-11-12,4530.55,456,9.88,9061.1,High Value
8045,Ayesha Chaudhry,3,11,9059.52,6550.91,2508.61,2022-07-07,2024-02-03,3019.84,576,27.69,9059.52,High Value
191,Ali Iqbal,1,6,9055.86,7500.84,1555.02,2024-12-23,2024-12-23,9055.86,0,17.17,9055.86,High Value
7131,Saad Siddiqui,4,17,9055.14,6471.11,2584.03,2022-03-07,2026-02-07,2263.78,1433,28.54,9055.14,High Value
4777,Fatima Siddiqui,2,8,9052.24,6206.92,2845.32,2022-05-22,2023-07-17,4526.12,421,31.43,9052.24,High Value
5025,Hamza Hussain,1,6,9049.44,8455.2,594.24,2022-05-25,2022-05-25,9049.44,0,6.57,9049.44,High Value
7379,Ayesha Siddiqui,2,10,9048.7,6403.16,2645.54,2024-12-24,2025-10-15,4524.35,295,29.24,9048.7,High Value
9724,Ali Qureshi,1,5,9044.1,6472.95,2571.15,2024-12-08,2024-12-08,9044.1,0,28.43,9044.1,High Value
9832,Hussain Shah,2,9,9019.85,6202.98,2816.87,2022-05-08,2022-06-20,4509.92,43,31.23,9019.85,High Value
3438,Ayesha Malik,3,9,9015.89,7535.58,1480.31,2022-06-25,2023-09-11,3005.3,443,16.42,9015.89,High Value
1880,Ahmed Raza,3,13,9006.27,7194.78,1811.49,2023-02-27,2026-07-17,3002.09,1236,20.11,9006.27,High Value
5898,Hassan Mirza,1,7,9001.58,7149.87,1851.71,2024-07-20,2024-07-20,9001.58,0,20.57,9001.58,High Value
2662,Hira Qureshi,3,16,8999.3,7114.45,1884.85,2022-12-06,2024-10-21,2999.77,685,20.94,8999.3,High Value
3868,Ali Shah,1,7,8994.86,7785.26,1209.6,2026-02-22,2026-02-22,8994.86,0,13.45,8994.86,High Value
8043,Sana Mirza,2,11,8990.07,7451.59,1538.48,2022-09-30,2022-12-04,4495.04,65,17.11,8990.07,High Value
5106,Usman Siddiqui,2,14,8989.89,7287.7,1702.19,2024-01-09,2025-12-28,4494.94,719,18.93,8989.89,High Value
3876,Maryam Siddiqui,1,6,8989.26,5798.1,3191.16,2022-07-12,2022-07-12,8989.26,0,35.5,8989.26,High Value
5186,Hassan Mirza,1,5,8987.6,5661.15,3326.45,2026-02-06,2026-02-06,8987.6,0,37.01,8987.6,High Value
4999,Saad Qureshi,1,6,8983.38,7602.9,1380.48,2022-03-17,2022-03-17,8983.38,0,15.37,8983.38,High Value
2619,Sana Mirza,2,9,8978.45,7630.21,1348.24,2022-09-03,2023-01-30,4489.23,149,15.02,8978.45,High Value
7909,Ali Sheikh,3,11,8975.74,6866.11,2109.63,2022-07-01,2024-09-11,2991.91,803,23.5,8975.74,High Value
4707,Danish Ali,2,8,8974.81,6492.78,2482.03,2022-06-30,2025-10-09,4487.41,1197,27.66,8974.81,High Value
8761,Imran Raza,2,10,8972.83,6869.21,2103.62,2022-01-22,2024-04-24,4486.42,823,23.44,8972.83,High Value
2795,Danish Mirza,1,6,8972.16,5734.8,3237.36,2026-02-21,2026-02-21,8972.16,0,36.08,8972.16,High Value
1348,Imran Qureshi,4,18,8971.45,7397.53,1573.92,2022-03-21,2026-04-18,2242.86,1489,17.54,8971.45,High Value
3805,Bilal Khan,2,6,8967.96,7501.24,1466.72,2024-01-10,2026-07-21,4483.98,923,16.36,8967.96,High Value
1504,Sana Siddiqui,4,15,8966.18,8217.63,748.55,2022-11-04,2025-02-21,2241.54,840,8.35,8966.18,High Value
9045,Ali Malik,2,8,8963.78,6516.62,2447.16,2022-03-14,2026-01-20,4481.89,1408,27.3,8963.78,High Value
6775,Ahmed Sheikh,1,7,8954.54,6244.49,2710.05,2025-09-27,2025-09-27,8954.54,0,30.26,8954.54,High Value
8355,Zainab Sheikh,1,7,8951.46,6474.86,2476.6,2022-02-06,2022-02-06,8951.46,0,27.67,8951.46,High Value
412,Hassan Hussain,1,7,8949.29,6956.46,1992.83,2025-08-24,2025-08-24,8949.29,0,22.27,8949.29,High Value
7487,Omar Shah,2,6,8936.66,6247.75,2688.91,2023-03-12,2025-09-10,4468.33,913,30.09,8936.66,High Value
5909,Sana Malik,1,7,8933.96,8305.5,628.46,2022-06-23,2022-06-23,8933.96,0,7.03,8933.96,High Value
8303,Imran Shah,2,7,8926.61,7093.32,1833.29,2025-12-07,2026-07-20,4463.3,225,20.54,8926.61,High Value
8804,Saad Shah,3,6,8926.18,6418.28,2507.9,2022-03-02,2025-04-06,2975.39,1131,28.1,8926.18,High Value
5649,Saad Siddiqui,1,6,8915.64,7666.44,1249.2,2024-01-21,2024-01-21,8915.64,0,14.01,8915.64,High Value
573,Hamza Sheikh,1,5,8914.95,7148.75,1766.2,2025-03-12,2025-03-12,8914.95,0,19.81,8914.95,High Value
2734,Ali Qureshi,1,5,8914.05,7168.1,1745.95,2022-02-12,2022-02-12,8914.05,0,19.59,8914.05,High Value
2831,Hassan Shah,2,13,8908.3,8837.57,70.73,2023-02-28,2026-02-09,4454.15,1077,0.79,8908.3,High Value
9152,Omar Qureshi,1,5,8907.7,7394.6,1513.1,2026-06-18,2026-06-18,8907.7,0,16.99,8907.7,High Value
2069,Saad Shah,2,6,8899.21,6544.51,2354.7,2025-11-09,2025-11-23,4449.61,14,26.46,8899.21,High Value
2902,Ayesha Chaudhry,2,11,8898.14,6961.59,1936.55,2024-08-19,2024-10-07,4449.07,49,21.76,8898.14,High Value
8583,Hamza Raza,3,9,8897.69,7474.71,1422.98,2023-09-09,2026-08-12,2965.9,1068,15.99,8897.69,High Value
9318,Danish Qureshi,1,7,8897.42,6102.25,2795.17,2024-11-12,2024-11-12,8897.42,0,31.42,8897.42,High Value
8476,Omar Shah,4,17,8897.39,7100.5,1796.89,2022-05-10,2026-01-02,2224.35,1333,20.2,8897.39,High Value
2886,Hamza Shah,2,7,8894.72,9273.45,-378.73,2023-10-28,2025-12-24,4447.36,788,-4.26,8894.72,High Value
4508,Fahad Ahmed,1,6,8893.74,6510.42,2383.32,2025-09-20,2025-09-20,8893.74,0,26.8,8893.74,High Value
92,Fatima Memon,1,5,8880.05,6841.05,2039.0,2023-12-23,2023-12-23,8880.05,0,22.96,8880.05,High Value
5148,Maham Sheikh,2,6,8876.48,6430.69,2445.79,2025-02-04,2026-02-03,4438.24,364,27.55,8876.48,High Value
6631,Hira Memon,1,7,8864.8,7356.93,1507.87,2022-04-03,2022-04-03,8864.8,0,17.01,8864.8,High Value
7568,Hira Hussain,2,10,8864.74,6448.19,2416.55,2022-08-29,2025-04-06,4432.37,951,27.26,8864.74,High Value
9804,Ahmed Memon,2,9,8861.64,8200.95,660.69,2022-01-16,2024-05-19,4430.82,854,7.46,8861.64,High Value
3310,Hamza Ali,1,7,8858.99,7233.24,1625.75,2025-01-17,2025-01-17,8858.99,0,18.35,8858.99,High Value
8078,Danish Shah,3,13,8854.47,6526.06,2328.41,2023-04-04,2025-07-12,2951.49,830,26.3,8854.47,High Value
2910,Omar Raza,1,5,8850.55,6749.35,2101.2,2023-07-07,2023-07-07,8850.55,0,23.74,8850.55,High Value
4437,Danish Mirza,1,5,8838.55,6601.15,2237.4,2023-04-08,2023-04-08,8838.55,0,25.31,8838.55,High Value
6530,Usman Ali,1,5,8832.35,7146.35,1686.0,2025-02-12,2025-02-12,8832.35,0,19.09,8832.35,High Value
3352,Zainab Ali,4,15,8832.17,7281.95,1550.22,2022-05-15,2026-07-24,2208.04,1531,17.55,8832.17,High Value
8514,Bilal Iqbal,2,8,8828.1,6909.6,1918.5,2022-09-23,2023-10-20,4414.05,392,21.73,8828.1,High Value
8261,Zainab Qureshi,2,9,8826.85,7265.4,1561.45,2025-08-02,2026-05-31,4413.42,302,17.69,8826.85,High Value
5631,Usman Siddiqui,3,7,8824.23,6041.64,2782.59,2025-03-12,2026-06-26,2941.41,471,31.53,8824.23,High Value
7094,Fatima Buriro,2,6,8823.46,5799.94,3023.52,2023-02-07,2024-08-15,4411.73,555,34.27,8823.46,High Value
3874,Danish Ali,3,16,8822.64,7195.87,1626.77,2024-01-20,2025-05-17,2940.88,483,18.44,8822.64,High Value
532,Hassan Memon,1,6,8820.18,8031.78,788.4,2025-06-23,2025-06-23,8820.18,0,8.94,8820.18,High Value
3107,Sana Malik,2,8,8815.08,8058.88,756.2,2025-09-11,2025-09-29,4407.54,18,8.58,8815.08,High Value
4843,Maryam Malik,2,9,8813.37,7444.07,1369.3,2022-08-06,2025-11-19,4406.68,1201,15.54,8813.37,High Value
8059,Fahad Memon,2,9,8805.94,8013.89,792.05,2022-03-09,2024-05-04,4402.97,787,8.99,8805.94,High Value
1822,Imran Sheikh,1,7,8804.6,6317.99,2486.61,2024-06-22,2024-06-22,8804.6,0,28.24,8804.6,High Value
674,Fahad Memon,3,16,8803.75,6462.04,2341.71,2023-09-26,2026-01-10,2934.58,837,26.6,8803.75,High Value
5219,Hamza Malik,2,5,8802.76,6798.07,2004.69,2024-05-25,2026-05-13,4401.38,718,22.77,8802.76,High Value
6084,Hira Ali,3,7,8801.85,6801.71,2000.14,2022-03-08,2025-12-15,2933.95,1378,22.72,8801.85,High Value
7522,Zainab Qureshi,2,7,8799.06,6772.62,2026.44,2024-06-13,2026-03-27,4399.53,652,23.03,8799.06,High Value
6741,Bilal Raza,3,8,8790.79,6125.27,2665.52,2023-08-31,2026-06-06,2930.26,1010,30.32,8790.79,High Value
2323,Ali Siddiqui,2,5,8790.36,6325.57,2464.79,2022-11-05,2026-07-29,4395.18,1362,28.04,8790.36,High Value
434,Danish Mirza,3,8,8786.1,7366.64,1419.46,2023-04-27,2024-03-13,2928.7,321,16.16,8786.1,High Value
9792,Danish Ali,2,8,8785.6,8877.65,-92.05,2022-06-30,2023-01-02,4392.8,186,-1.05,8785.6,High Value
3584,Sana Memon,3,14,8777.5,6714.67,2062.83,2025-04-19,2026-02-21,2925.83,308,23.5,8777.5,High Value
2842,Omar Siddiqui,2,8,8773.92,6126.95,2646.97,2022-05-08,2025-02-09,4386.96,1008,30.17,8773.92,High Value
6663,Hamza Ahmed,2,7,8772.92,6487.25,2285.67,2022-08-11,2023-04-30,4386.46,262,26.05,8772.92,High Value
9256,Hussain Shah,3,17,8769.8,6350.07,2419.73,2022-06-12,2022-09-21,2923.27,101,27.59,8769.8,High Value
7651,Hira Mirza,2,7,8768.15,7767.19,1000.96,2023-03-01,2025-09-04,4384.08,918,11.42,8768.15,High Value
5189,Fatima Chaudhry,1,7,8758.68,7244.86,1513.82,2024-11-13,2024-11-13,8758.68,0,17.28,8758.68,High Value
4725,Maham Ali,1,7,8751.47,6683.81,2067.66,2023-10-14,2023-10-14,8751.47,0,23.63,8751.47,High Value
9541,Hussain Iqbal,1,6,8745.54,7457.52,1288.02,2023-11-27,2023-11-27,8745.54,0,14.73,8745.54,High Value
7320,Hira Malik,1,5,8744.7,6118.2,2626.5,2025-10-24,2025-10-24,8744.7,0,30.04,8744.7,High Value
6731,Hira Mirza,1,7,8740.9,7918.26,822.64,2024-05-21,2024-05-21,8740.9,0,9.41,8740.9,High Value
8213,Maham Memon,1,7,8725.15,7924.77,800.38,2025-09-12,2025-09-12,8725.15,0,9.17,8725.15,High Value
8336,Bilal Memon,2,5,8724.72,6035.23,2689.49,2024-12-14,2026-01-31,4362.36,413,30.83,8724.72,High Value
5620,Saad Ali,5,16,8717.27,6401.72,2315.55,2022-08-14,2026-08-01,1743.45,1448,26.56,8717.27,High Value
5333,Bilal Shah,2,8,8715.5,6120.98,2594.52,2023-05-22,2024-10-22,4357.75,519,29.77,8715.5,High Value
2231,Hassan Qureshi,1,5,8711.6,7272.3,1439.3,2023-02-03,2023-02-03,8711.6,0,16.52,8711.6,High Value
7353,Sana Iqbal,1,5,8710.75,7281.8,1428.95,2022-03-25,2022-03-25,8710.75,0,16.4,8710.75,High Value
3246,Fahad Raza,2,8,8710.12,6520.24,2189.88,2023-06-02,2024-01-25,4355.06,237,25.14,8710.12,High Value
8845,Hamza Buriro,2,7,8708.27,6549.7,2158.57,2026-03-22,2026-06-10,4354.14,80,24.79,8708.27,High Value
5801,Fahad Siddiqui,2,9,8706.17,6477.28,2228.89,2023-06-24,2026-02-02,4353.08,954,25.6,8706.17,High Value
5435,Omar Memon,4,8,8703.4,7036.86,1666.54,2022-11-02,2025-08-18,2175.85,1020,19.15,8703.4,High Value
1777,Imran Memon,2,9,8701.26,6901.68,1799.58,2023-10-04,2024-06-25,4350.63,265,20.68,8701.26,High Value
8773,Sana Memon,2,7,8688.56,6585.64,2102.92,2022-05-07,2025-08-03,4344.28,1184,24.2,8688.56,High Value
64,Ahmed Buriro,2,6,8687.58,6884.1,1803.48,2023-11-29,2025-01-03,4343.79,401,20.76,8687.58,High Value
5765,Danish Sheikh,2,9,8686.06,7448.09,1237.97,2022-03-02,2023-03-18,4343.03,381,14.25,8686.06,High Value
9858,Usman Hussain,1,5,8679.1,6775.75,1903.35,2026-05-07,2026-05-07,8679.1,0,21.93,8679.1,High Value
1000,Bilal Malik,2,8,8678.2,6307.12,2371.08,2022-01-05,2023-08-23,4339.1,595,27.32,8678.2,High Value
7705,Ali Siddiqui,2,9,8677.74,7673.88,1003.86,2022-08-23,2022-08-24,4338.87,1,11.57,8677.74,High Value
5224,Ayesha Ali,2,9,8672.07,6488.82,2183.25,2025-02-05,2025-05-09,4336.04,93,25.18,8672.07,High Value
2203,Bilal Chaudhry,3,14,8671.0,8081.8,589.2,2023-03-30,2025-11-21,2890.33,967,6.8,8671.0,High Value
8051,Imran Qureshi,1,7,8662.78,6292.86,2369.92,2022-02-22,2022-02-22,8662.78,0,27.36,8662.78,High Value
9369,Imran Buriro,1,5,8661.85,6949.85,1712.0,2022-06-14,2022-06-14,8661.85,0,19.76,8661.85,High Value
4626,Maryam Hussain,3,12,8653.51,5924.14,2729.37,2022-01-07,2024-06-02,2884.5,877,31.54,8653.51,High Value
1242,Hussain Malik,1,6,8643.78,6955.08,1688.7,2023-04-08,2023-04-08,8643.78,0,19.54,8643.78,High Value
7902,Sara Hussain,1,5,8643.2,6430.25,2212.95,2024-07-19,2024-07-19,8643.2,0,25.6,8643.2,High Value
4456,Usman Qureshi,3,10,8642.01,6595.08,2046.93,2024-06-02,2025-07-31,2880.67,424,23.69,8642.01,High Value
4277,Zainab Siddiqui,3,9,8638.61,6876.88,1761.73,2023-08-28,2025-01-08,2879.54,499,20.39,8638.61,High Value
1099,Bilal Mirza,1,6,8635.74,6557.88,2077.86,2023-04-14,2023-04-14,8635.74,0,24.06,8635.74,High Value
4335,Ali Mirza,1,6,8632.5,7040.04,1592.46,2022-06-11,2022-06-11,8632.5,0,18.45,8632.5,High Value
8616,Saad Hussain,2,9,8629.26,7202.49,1426.77,2024-09-13,2024-11-24,4314.63,72,16.53,8629.26,High Value
6356,Fahad Sheikh,2,7,8625.18,5719.24,2905.94,2023-07-22,2023-08-15,4312.59,24,33.69,8625.18,High Value
5821,Zainab Memon,1,5,8622.85,7432.85,1190.0,2023-11-20,2023-11-20,8622.85,0,13.8,8622.85,High Value
8174,Hussain Raza,1,7,8621.83,6599.6,2022.23,2022-11-03,2022-11-03,8621.83,0,23.45,8621.83,High Value
1452,Fahad Hussain,1,5,8607.15,6986.5,1620.65,2026-04-21,2026-04-21,8607.15,0,18.83,8607.15,High Value
294,Hira Ali,1,5,8605.5,7489.65,1115.85,2024-06-05,2024-06-05,8605.5,0,12.97,8605.5,High Value
2969,Hussain Raza,2,5,8602.64,6178.86,2423.78,2024-06-10,2025-07-28,4301.32,413,28.17,8602.64,High Value
5581,Fatima Memon,2,9,8590.35,7618.98,971.37,2023-05-12,2024-01-04,4295.17,237,11.31,8590.35,High Value
9566,Saad Raza,2,5,8590.16,5584.58,3005.58,2023-01-08,2024-11-21,4295.08,683,34.99,8590.16,High Value
6503,Bilal Raza,3,13,8581.99,7908.31,673.68,2022-11-08,2026-06-21,2860.66,1321,7.85,8581.99,High Value
7146,Sana Memon,2,7,8581.93,6927.29,1654.64,2022-05-07,2022-10-28,4290.96,174,19.28,8581.93,High Value
5421,Saad Qureshi,1,7,8581.02,6055.84,2525.18,2022-12-31,2022-12-31,8581.02,0,29.43,8581.02,High Value
5100,Saad Mirza,2,8,8579.75,7228.52,1351.23,2025-03-02,2026-03-31,4289.88,394,15.75,8579.75,High Value
965,Hussain Iqbal,4,10,8579.41,6808.62,1770.79,2022-05-15,2024-08-31,2144.85,839,20.64,8579.41,High Value
43,Maryam Memon,1,7,8579.34,7722.89,856.45,2025-07-03,2025-07-03,8579.34,0,9.98,8579.34,High Value
4472,Imran Malik,3,11,8573.62,7725.7,847.92,2024-10-24,2025-05-24,2857.87,212,9.89,8573.62,High Value
2161,Hira Siddiqui,3,17,8572.04,6635.98,1936.06,2023-03-11,2024-01-15,2857.35,310,22.59,8572.04,High Value
6436,Maryam Qureshi,2,10,8561.16,6869.32,1691.84,2022-02-09,2023-01-19,4280.58,344,19.76,8561.16,High Value
4143,Maham Khan,1,7,8560.58,6832.35,1728.23,2024-03-16,2024-03-16,8560.58,0,20.19,8560.58,High Value
633,Usman Khan,1,6,8559.36,7499.28,1060.08,2025-03-08,2025-03-08,8559.36,0,12.39,8559.36,High Value
1820,Ahmed Hussain,1,7,8553.58,8205.96,347.62,2026-07-06,2026-07-06,8553.58,0,4.06,8553.58,High Value
5655,Omar Malik,1,5,8553.3,6570.4,1982.9,2025-07-15,2025-07-15,8553.3,0,23.18,8553.3,High Value
4640,Saad Shah,2,10,8551.1,7051.0,1500.1,2022-03-13,2024-01-16,4275.55,674,17.54,8551.1,High Value
8686,Sara Ali,3,12,8550.44,7827.12,723.32,2022-10-26,2024-05-29,2850.15,581,8.46,8550.44,High Value
5465,Bilal Khan,2,9,8549.24,6480.34,2068.9,2022-01-07,2026-06-14,4274.62,1619,24.2,8549.24,High Value
9404,Hira Siddiqui,2,8,8547.33,6461.24,2086.09,2022-04-10,2024-05-17,4273.66,768,24.41,8547.33,High Value
937,Maryam Iqbal,1,5,8544.95,6659.8,1885.15,2024-09-08,2024-09-08,8544.95,0,22.06,8544.95,High Value
1007,Hussain Chaudhry,2,9,8538.05,6967.88,1570.17,2022-05-30,2025-06-19,4269.02,1116,18.39,8538.05,High Value
2546,Fahad Qureshi,1,7,8537.83,6422.01,2115.82,2022-03-30,2022-03-30,8537.83,0,24.78,8537.83,High Value
7039,Bilal Chaudhry,2,7,8533.61,7028.58,1505.03,2023-06-07,2025-11-17,4266.8,894,17.64,8533.61,High Value
9087,Zainab Shah,1,5,8531.25,5879.05,2652.2,2022-06-08,2022-06-08,8531.25,0,31.09,8531.25,High Value
5182,Sana Qureshi,1,5,8530.15,7195.25,1334.9,2022-06-22,2022-06-22,8530.15,0,15.65,8530.15,High Value
5095,Hassan Iqbal,2,5,8529.8,6158.87,2370.93,2022-08-15,2024-02-27,4264.9,561,27.8,8529.8,High Value
5856,Maryam Mirza,1,6,8519.76,6440.76,2079.0,2022-11-30,2022-11-30,8519.76,0,24.4,8519.76,High Value
6409,Fatima Hussain,1,5,8514.45,6414.75,2099.7,2026-03-25,2026-03-25,8514.45,0,24.66,8514.45,High Value
5659,Hussain Ali,3,9,8514.11,7349.32,1164.79,2025-12-12,2026-03-12,2838.04,90,13.68,8514.11,High Value
5255,Ayesha Buriro,1,5,8513.3,7102.5,1410.8,2025-06-28,2025-06-28,8513.3,0,16.57,8513.3,High Value
3637,Sana Mirza,1,6,8511.0,8113.14,397.86,2023-08-31,2023-08-31,8511.0,0,4.67,8511.0,High Value
46,Ayesha Mirza,2,6,8510.31,7420.58,1089.73,2022-04-08,2022-09-17,4255.16,162,12.8,8510.31,High Value
3308,Usman Khan,2,13,8504.03,5379.25,3124.78,2022-09-11,2026-07-08,4252.02,1396,36.74,8504.03,High Value
7021,Zainab Iqbal,1,5,8502.15,6351.2,2150.95,2026-08-07,2026-08-07,8502.15,0,25.3,8502.15,High Value
1516,Sara Malik,1,5,8494.5,6664.25,1830.25,2024-07-23,2024-07-23,8494.5,0,21.55,8494.5,High Value
9746,Ali Buriro,1,6,8493.96,7666.8,827.16,2026-06-06,2026-06-06,8493.96,0,9.74,8493.96,High Value
2255,Bilal Iqbal,1,5,8487.1,5532.55,2954.55,2023-05-17,2023-05-17,8487.1,0,34.81,8487.1,High Value
3372,Zainab Khan,1,6,8483.88,6506.4,1977.48,2026-05-21,2026-05-21,8483.88,0,23.31,8483.88,High Value
9795,Zainab Ahmed,2,5,8479.69,5535.24,2944.45,2024-01-30,2024-12-03,4239.84,308,34.72,8479.69,High Value
9361,Sara Malik,1,6,8479.68,5620.08,2859.6,2023-10-19,2023-10-19,8479.68,0,33.72,8479.68,High Value
5997,Maham Raza,1,5,8468.05,5996.45,2471.6,2024-05-18,2024-05-18,8468.05,0,29.19,8468.05,High Value
4924,Sana Chaudhry,2,8,8467.56,5793.88,2673.68,2022-05-29,2024-07-31,4233.78,794,31.58,8467.56,High Value
9781,Ayesha Ahmed,1,4,8467.2,5624.32,2842.88,2024-03-10,2024-03-10,8467.2,0,33.58,8467.2,High Value
538,Fatima Ahmed,1,5,8460.35,6857.85,1602.5,2024-02-29,2024-02-29,8460.35,0,18.94,8460.35,High Value
1956,Usman Iqbal,3,7,8459.18,7228.34,1230.84,2023-11-19,2025-01-29,2819.73,437,14.55,8459.18,High Value
5210,Sara Ali,2,9,8458.56,7594.3,864.26,2022-05-04,2026-08-11,4229.28,1560,10.22,8458.56,High Value
9751,Usman Iqbal,2,7,8456.0,6849.61,1606.39,2024-02-03,2026-06-23,4228.0,871,19.0,8456.0,High Value
4688,Bilal Siddiqui,1,6,8452.08,6958.38,1493.7,2024-12-09,2024-12-09,8452.08,0,17.67,8452.08,High Value
6988,Danish Khan,1,5,8451.9,6252.5,2199.4,2022-12-09,2022-12-09,8451.9,0,26.02,8451.9,High Value
2333,Hamza Mirza,1,6,8451.54,6303.78,2147.76,2025-12-27,2025-12-27,8451.54,0,25.41,8451.54,High Value
7256,Maryam Khan,2,11,8445.09,8729.48,-284.39,2025-10-14,2026-03-31,4222.54,168,-3.37,8445.09,High Value
8110,Omar Hussain,2,9,8434.89,5923.16,2511.73,2022-05-25,2022-10-05,4217.44,133,29.78,8434.89,High Value
8239,Sana Memon,2,6,8432.42,7253.4,1179.02,2022-09-17,2024-09-20,4216.21,734,13.98,8432.42,High Value
5912,Sana Ali,2,13,8429.11,6912.31,1516.8,2022-04-04,2025-05-20,4214.56,1142,17.99,8429.11,High Value
9874,Bilal Shah,1,5,8428.1,6136.0,2292.1,2026-01-26,2026-01-26,8428.1,0,27.2,8428.1,High Value
5607,Ahmed Khan,1,5,8427.4,6841.05,1586.35,2025-01-25,2025-01-25,8427.4,0,18.82,8427.4,High Value
9464,Hussain Ahmed,2,5,8424.07,6073.04,2351.03,2022-04-28,2023-02-16,4212.04,294,27.91,8424.07,High Value
8888,Bilal Raza,1,5,8421.05,5786.0,2635.05,2022-12-03,2022-12-03,8421.05,0,31.29,8421.05,High Value
8233,Maryam Chaudhry,1,4,8417.52,5285.76,3131.76,2026-02-06,2026-02-06,8417.52,0,37.21,8417.52,High Value
7249,Danish Buriro,2,9,8407.7,6897.35,1510.35,2022-03-29,2024-07-09,4203.85,833,17.96,8407.7,High Value
4912,Usman Siddiqui,2,8,8404.37,6725.15,1679.22,2023-08-29,2024-11-20,4202.18,449,19.98,8404.37,High Value
4828,Saad Siddiqui,2,6,8402.01,6378.21,2023.8,2022-06-30,2024-06-13,4201.0,714,24.09,8402.01,High Value
7077,Danish Shah,2,7,8401.4,5865.4,2536.0,2025-04-02,2025-05-09,4200.7,37,30.19,8401.4,High Value
4149,Maham Siddiqui,1,7,8396.85,6366.71,2030.14,2023-08-03,2023-08-03,8396.85,0,24.18,8396.85,High Value
9194,Maryam Shah,2,11,8391.62,7636.21,755.41,2023-12-25,2024-09-15,4195.81,265,9.0,8391.62,High Value
1528,Maham Sheikh,2,9,8390.2,6177.77,2212.43,2024-04-05,2026-04-09,4195.1,734,26.37,8390.2,High Value
2257,Hassan Chaudhry,2,10,8389.0,6380.0,2009.0,2024-12-13,2025-09-08,4194.5,269,23.95,8389.0,High Value
3793,Ali Khan,3,12,8387.59,7949.47,438.12,2023-06-22,2025-12-12,2795.86,904,5.22,8387.59,High Value
5152,Hassan Ali,2,10,8378.7,7954.36,424.34,2022-04-14,2026-05-21,4189.35,1498,5.06,8378.7,High Value
7478,Ayesha Malik,2,9,8375.97,6564.66,1811.31,2022-12-19,2024-04-19,4187.98,487,21.63,8375.97,High Value
9391,Omar Hussain,2,10,8371.78,6802.79,1568.99,2023-09-15,2025-09-25,4185.89,741,18.74,8371.78,High Value
9577,Maryam Ahmed,1,7,8365.35,5664.54,2700.81,2026-04-07,2026-04-07,8365.35,0,32.29,8365.35,High Value
580,Omar Qureshi,2,10,8364.04,7646.26,717.78,2022-05-31,2024-12-28,4182.02,942,8.58,8364.04,High Value
2024,Fatima Shah,2,8,8361.1,5993.95,2367.15,2025-02-21,2025-03-04,4180.55,11,28.31,8361.1,High Value
7433,Sara Memon,2,9,8358.23,6860.31,1497.92,2023-12-15,2024-04-04,4179.12,111,17.92,8358.23,High Value
4891,Hamza Shah,1,4,8356.12,5858.68,2497.44,2024-05-19,2024-05-19,8356.12,0,29.89,8356.12,High Value
7133,Imran Ali,4,9,8355.62,7242.22,1113.4,2022-11-29,2025-03-01,2088.9,823,13.33,8355.62,High Value
1109,Fatima Iqbal,4,16,8349.54,6979.73,1369.81,2022-11-17,2025-02-03,2087.39,809,16.41,8349.54,High Value
3171,Bilal Iqbal,1,6,8349.54,7961.28,388.26,2025-08-13,2025-08-13,8349.54,0,4.65,8349.54,High Value
7124,Sana Chaudhry,3,9,8348.74,5940.16,2408.58,2022-06-27,2023-02-10,2782.91,228,28.85,8348.74,High Value
8772,Bilal Iqbal,1,7,8347.99,5649.35,2698.64,2024-02-11,2024-02-11,8347.99,0,32.33,8347.99,High Value
3730,Hassan Buriro,3,12,8346.61,7828.72,517.89,2022-03-04,2024-05-09,2782.2,797,6.2,8346.61,High Value
4154,Fatima Sheikh,3,9,8344.37,5886.91,2457.46,2022-10-09,2024-12-03,2781.46,786,29.45,8344.37,High Value
2870,Usman Khan,1,5,8343.3,5918.1,2425.2,2025-11-09,2025-11-09,8343.3,0,29.07,8343.3,High Value
257,Danish Mirza,1,5,8342.95,6118.2,2224.75,2025-04-01,2025-04-01,8342.95,0,26.67,8342.95,High Value
1365,Sana Siddiqui,1,7,8339.1,6907.32,1431.78,2022-02-09,2022-02-09,8339.1,0,17.17,8339.1,High Value
8854,Sara Raza,1,5,8336.8,5577.25,2759.55,2023-11-30,2023-11-30,8336.8,0,33.1,8336.8,High Value
7508,Hira Mirza,1,7,8335.67,7276.5,1059.17,2025-08-05,2025-08-05,8335.67,0,12.71,8335.67,High Value
7054,Saad Siddiqui,1,6,8334.0,8380.68,-46.68,2025-09-24,2025-09-24,8334.0,0,-0.56,8334.0,High Value
8733,Sana Qureshi,2,8,8332.96,6352.0,1980.96,2025-03-22,2026-02-03,4166.48,318,23.77,8332.96,High Value
3422,Fatima Qureshi,1,6,8328.24,7202.1,1126.14,2025-01-08,2025-01-08,8328.24,0,13.52,8328.24,High Value
7161,Saad Raza,1,6,8328.18,6637.02,1691.16,2025-08-22,2025-08-22,8328.18,0,20.31,8328.18,High Value
728,Sana Khan,2,7,8326.93,5571.74,2755.19,2025-07-18,2026-01-13,4163.46,179,33.09,8326.93,High Value
840,Imran Sheikh,1,7,8325.73,5854.24,2471.49,2025-10-18,2025-10-18,8325.73,0,29.68,8325.73,High Value
5235,Maham Memon,2,10,8325.6,7667.3,658.3,2022-10-02,2026-07-28,4162.8,1395,7.91,8325.6,High Value
8647,Maryam Memon,1,5,8316.5,5784.45,2532.05,2022-10-28,2022-10-28,8316.5,0,30.45,8316.5,High Value
5860,Imran Shah,2,8,8315.96,6646.66,1669.3,2023-11-13,2025-03-21,4157.98,494,20.07,8315.96,High Value
4394,Usman Hussain,1,7,8315.09,5949.93,2365.16,2023-12-27,2023-12-27,8315.09,0,28.44,8315.09,High Value
4043,Hira Ahmed,1,5,8314.45,5914.9,2399.55,2025-12-01,2025-12-01,8314.45,0,28.86,8314.45,High Value
507,Usman Malik,3,9,8313.67,6960.18,1353.49,2022-10-15,2024-07-25,2771.22,649,16.28,8313.67,High Value
9497,Maham Ali,1,7,8304.31,6181.21,2123.1,2024-03-15,2024-03-15,8304.31,0,25.57,8304.31,High Value
1051,Imran Memon,3,9,8298.5,6463.86,1834.64,2023-11-15,2026-04-09,2766.17,876,22.11,8298.5,High Value
1079,Ayesha Hussain,2,12,8294.94,6468.48,1826.46,2025-05-03,2025-08-28,4147.47,117,22.02,8294.94,High Value
8937,Imran Shah,2,12,8293.91,6374.02,1919.89,2024-09-08,2025-12-21,4146.96,469,23.15,8293.91,High Value
4063,Maham Ahmed,2,9,8292.07,8193.52,98.55,2025-07-24,2025-12-13,4146.04,142,1.19,8292.07,High Value
7329,Hassan Malik,1,6,8289.48,8172.36,117.12,2025-12-13,2025-12-13,8289.48,0,1.41,8289.48,High Value
4836,Hira Mirza,1,6,8287.14,7573.08,714.06,2022-10-06,2022-10-06,8287.14,0,8.62,8287.14,High Value
1575,Saad Ali,1,6,8285.58,5114.04,3171.54,2023-03-26,2023-03-26,8285.58,0,38.28,8285.58,High Value
5192,Usman Memon,2,7,8284.47,6352.89,1931.58,2023-09-05,2025-11-11,4142.23,798,23.32,8284.47,High Value
8632,Hamza Sheikh,3,7,8281.61,6518.55,1763.06,2022-08-11,2024-06-11,2760.54,670,21.29,8281.61,High Value
5885,Omar Sheikh,1,4,8277.44,5987.76,2289.68,2026-06-05,2026-06-05,8277.44,0,27.66,8277.44,High Value
7197,Maryam Ali,2,8,8276.54,7098.01,1178.53,2023-02-18,2025-07-25,4138.27,888,14.24,8276.54,High Value
6455,Bilal Memon,1,5,8274.9,5417.6,2857.3,2025-08-15,2025-08-15,8274.9,0,34.53,8274.9,High Value
890,Hamza Memon,1,6,8272.92,5995.44,2277.48,2022-07-08,2022-07-08,8272.92,0,27.53,8272.92,High Value
1319,Hamza Buriro,1,5,8262.0,6923.15,1338.85,2022-05-05,2022-05-05,8262.0,0,16.2,8262.0,High Value
5689,Saad Buriro,1,7,8258.81,5994.17,2264.64,2025-03-04,2025-03-04,8258.81,0,27.42,8258.81,High Value
8198,Maham Shah,1,6,8257.08,7030.8,1226.28,2023-07-12,2023-07-12,8257.08,0,14.85,8257.08,High Value
9238,Usman Memon,2,12,8253.66,6237.3,2016.36,2023-04-22,2025-11-06,4126.83,929,24.43,8253.66,High Value
8829,Zainab Ahmed,1,6,8243.22,8313.12,-69.9,2026-06-27,2026-06-27,8243.22,0,-0.85,8243.22,High Value
6253,Fatima Siddiqui,1,6,8240.1,5553.06,2687.04,2026-01-02,2026-01-02,8240.1,0,32.61,8240.1,High Value
8756,Fahad Shah,2,6,8239.92,5844.98,2394.94,2022-11-12,2025-06-24,4119.96,955,29.07,8239.92,High Value
4525,Ayesha Buriro,2,11,8239.63,6727.52,1512.11,2024-05-11,2025-06-10,4119.81,395,18.35,8239.63,High Value
3336,Hussain Qureshi,1,6,8234.52,7557.72,676.8,2024-10-26,2024-10-26,8234.52,0,8.22,8234.52,High Value
9352,Ayesha Sheikh,3,11,8234.4,5679.18,2555.22,2023-01-15,2024-05-11,2744.8,482,31.03,8234.4,High Value
8111,Sana Malik,1,6,8231.52,5620.08,2611.44,2025-03-03,2025-03-03,8231.52,0,31.72,8231.52,High Value
6565,Sana Siddiqui,1,5,8229.6,6873.15,1356.45,2026-04-05,2026-04-05,8229.6,0,16.48,8229.6,High Value
2211,Sara Iqbal,1,5,8224.5,6711.25,1513.25,2025-12-07,2025-12-07,8224.5,0,18.4,8224.5,High Value
3563,Ahmed Chaudhry,1,4,8221.52,5880.56,2340.96,2025-10-21,2025-10-21,8221.52,0,28.47,8221.52,High Value
8569,Danish Memon,1,7,8216.53,6129.83,2086.7,2024-11-12,2024-11-12,8216.53,0,25.4,8216.53,High Value
4806,Saad Memon,1,5,8211.4,6893.65,1317.75,2026-03-11,2026-03-11,8211.4,0,16.05,8211.4,High Value
2932,Sana Shah,1,6,8209.86,7390.26,819.6,2025-08-03,2025-08-03,8209.86,0,9.98,8209.86,High Value
9639,Maryam Hussain,2,7,8209.4,6408.28,1801.12,2022-10-02,2024-04-15,4104.7,561,21.94,8209.4,High Value
8691,Maham Sheikh,2,7,8202.09,6541.35,1660.74,2022-12-03,2025-10-28,4101.04,1060,20.25,8202.09,High Value
5720,Saad Ali,1,4,8197.24,5520.68,2676.56,2026-01-10,2026-01-10,8197.24,0,32.65,8197.24,High Value
6256,Sana Chaudhry,1,5,8193.7,6798.0,1395.7,2024-08-22,2024-08-22,8193.7,0,17.03,8193.7,High Value
7126,Saad Iqbal,2,12,8191.65,7173.75,1017.9,2022-10-29,2025-04-22,4095.82,906,12.43,8191.65,High Value
1402,Saad Khan,1,5,8186.7,6969.7,1217.0,2026-07-26,2026-07-26,8186.7,0,14.87,8186.7,High Value
7599,Zainab Siddiqui,3,9,8180.87,7256.97,923.9,2022-08-20,2024-01-13,2726.96,511,11.29,8180.87,High Value
1707,Usman Ali,2,9,8180.65,5921.84,2258.81,2023-09-06,2024-02-29,4090.32,176,27.61,8180.65,High Value
4916,Ahmed Mirza,1,6,8178.12,5574.0,2604.12,2023-10-18,2023-10-18,8178.12,0,31.84,8178.12,High Value
6022,Zainab Chaudhry,1,5,8172.35,5608.05,2564.3,2025-04-30,2025-04-30,8172.35,0,31.38,8172.35,High Value
9975,Hira Hussain,3,12,8169.37,7278.45,890.92,2022-10-12,2022-12-28,2723.12,77,10.91,8169.37,High Value
9016,Hussain Mirza,1,7,8154.58,6249.74,1904.84,2025-01-27,2025-01-27,8154.58,0,23.36,8154.58,High Value
5168,Bilal Buriro,1,7,8149.61,7061.74,1087.87,2023-01-02,2023-01-02,8149.61,0,13.35,8149.61,High Value
6285,Saad Mirza,2,10,8148.6,7236.94,911.66,2022-03-10,2023-10-27,4074.3,596,11.19,8148.6,High Value
4752,Usman Sheikh,1,4,8147.56,5872.08,2275.48,2026-02-06,2026-02-06,8147.56,0,27.93,8147.56,High Value
4314,Maham Mirza,1,4,8146.88,5841.44,2305.44,2024-02-22,2024-02-22,8146.88,0,28.3,8146.88,High Value
8435,Fahad Buriro,1,7,8145.41,7041.86,1103.55,2023-03-23,2023-03-23,8145.41,0,13.55,8145.41,High Value
8117,Usman Raza,1,7,8141.07,7284.41,856.66,2023-05-02,2023-05-02,8141.07,0,10.52,8141.07,High Value
7997,Hamza Ahmed,1,5,8140.2,7482.3,657.9,2025-05-13,2025-05-13,8140.2,0,8.08,8140.2,High Value
313,Maryam Shah,1,6,8137.2,6650.16,1487.04,2025-03-01,2025-03-01,8137.2,0,18.27,8137.2,High Value
3163,Imran Ahmed,1,5,8136.45,6515.5,1620.95,2024-06-22,2024-06-22,8136.45,0,19.92,8136.45,High Value
906,Usman Hussain,2,7,8131.27,6057.45,2073.82,2023-05-25,2023-10-17,4065.64,145,25.5,8131.27,High Value
6872,Omar Raza,2,10,8126.05,6337.35,1788.7,2022-03-28,2024-05-01,4063.03,765,22.01,8126.05,High Value
5030,Zainab Khan,2,11,8125.53,5982.48,2143.05,2023-04-01,2025-03-02,4062.77,701,26.37,8125.53,High Value
8910,Sara Shah,1,4,8125.2,5967.12,2158.08,2022-04-27,2022-04-27,8125.2,0,26.56,8125.2,High Value
6213,Hamza Qureshi,1,5,8122.25,6901.85,1220.4,2024-07-17,2024-07-17,8122.25,0,15.03,8122.25,High Value
6961,Bilal Qureshi,1,5,8122.15,6245.7,1876.45,2022-01-09,2022-01-09,8122.15,0,23.1,8122.15,High Value
8028,Fahad Memon,2,10,8110.53,6935.49,1175.04,2023-01-28,2024-08-02,4055.26,552,14.49,8110.53,High Value
218,Ayesha Ali,1,6,8109.18,7701.12,408.06,2026-04-22,2026-04-22,8109.18,0,5.03,8109.18,High Value
3976,Maryam Shah,1,5,8102.85,6052.4,2050.45,2025-01-29,2025-01-29,8102.85,0,25.31,8102.85,High Value
9417,Danish Siddiqui,3,11,8101.74,6586.71,1515.03,2023-10-25,2026-07-11,2700.58,990,18.7,8101.74,High Value
433,Danish Memon,2,11,8100.91,6057.56,2043.35,2023-04-22,2026-03-23,4050.46,1066,25.22,8100.91,High Value
1274,Maham Raza,1,5,8100.85,6906.95,1193.9,2022-12-24,2022-12-24,8100.85,0,14.74,8100.85,High Value
4329,Omar Mirza,2,7,8095.93,6236.68,1859.25,2025-05-12,2026-06-23,4047.96,407,22.97,8095.93,High Value
2819,Bilal Siddiqui,2,8,8095.77,7289.37,806.4,2022-01-12,2026-05-18,4047.88,1587,9.96,8095.77,High Value
5705,Hira Raza,2,5,8095.25,5926.05,2169.2,2025-02-26,2025-05-22,4047.62,85,26.8,8095.25,High Value
8228,Hussain Ahmed,2,9,8095.13,6271.45,1823.68,2024-02-14,2025-11-10,4047.56,635,22.53,8095.13,High Value
9713,Ahmed Mirza,3,19,8090.01,6008.76,2081.25,2023-05-27,2026-04-06,2696.67,1045,25.73,8090.01,High Value
5766,Hira Siddiqui,3,12,8086.37,5874.88,2211.49,2024-06-07,2026-05-28,2695.46,720,27.35,8086.37,High Value
4465,Hira Ahmed,2,11,8082.77,6657.28,1425.49,2022-12-18,2024-04-10,4041.38,479,17.64,8082.77,High Value
2499,Sara Mirza,3,10,8082.74,6796.64,1286.1,2023-04-16,2025-02-18,2694.25,674,15.91,8082.74,High Value
2627,Sara Raza,2,7,8079.05,5830.78,2248.27,2025-02-01,2025-03-04,4039.52,31,27.83,8079.05,High Value
8763,Danish Malik,3,10,8079.01,6268.26,1810.75,2022-01-30,2026-01-23,2693.0,1454,22.41,8079.01,High Value
6035,Imran Iqbal,3,16,8077.62,7217.18,860.44,2024-10-28,2026-01-18,2692.54,447,10.65,8077.62,High Value
6929,Hassan Malik,1,5,8077.3,6251.3,1826.0,2022-08-26,2022-08-26,8077.3,0,22.61,8077.3,High Value
8528,Usman Memon,2,8,8067.1,7190.3,876.8,2022-05-09,2026-02-25,4033.55,1388,10.87,8067.1,High Value
8895,Hussain Qureshi,3,8,8064.5,5732.3,2332.2,2022-08-14,2025-06-21,2688.17,1042,28.92,8064.5,High Value
8489,Bilal Buriro,4,11,8063.61,5969.5,2094.11,2022-04-30,2026-03-01,2015.9,1401,25.97,8063.61,High Value
1608,Sana Shah,2,7,8056.99,6673.67,1383.32,2023-09-23,2024-01-09,4028.5,108,17.17,8056.99,High Value
5083,Ayesha Siddiqui,1,5,8050.9,6669.65,1381.25,2024-04-27,2024-04-27,8050.9,0,17.16,8050.9,High Value
9519,Hamza Malik,1,7,8048.18,6595.96,1452.22,2024-03-17,2024-03-17,8048.18,0,18.04,8048.18,High Value
4834,Maryam Buriro,2,8,8048.01,7649.3,398.71,2022-01-22,2022-08-21,4024.0,211,4.95,8048.01,High Value
9985,Saad Hussain,1,6,8042.82,5207.64,2835.18,2025-10-14,2025-10-14,8042.82,0,35.25,8042.82,High Value
5143,Sana Malik,4,9,8040.4,5715.44,2324.96,2022-02-03,2025-01-08,2010.1,1070,28.92,8040.4,High Value
6432,Sana Siddiqui,1,6,8035.26,5608.92,2426.34,2023-11-13,2023-11-13,8035.26,0,30.2,8035.26,High Value
1041,Danish Ali,2,11,8030.51,6024.2,2006.31,2023-07-27,2023-10-26,4015.25,91,24.98,8030.51,High Value
3835,Bilal Malik,1,6,8028.36,7231.68,796.68,2023-10-28,2023-10-28,8028.36,0,9.92,8028.36,High Value
8741,Ayesha Khan,2,6,8027.14,6772.46,1254.68,2022-03-17,2025-02-17,4013.57,1068,15.63,8027.14,High Value
44,Ahmed Malik,1,7,8026.41,5280.38,2746.03,2022-04-26,2022-04-26,8026.41,0,34.21,8026.41,High Value
7009,Bilal Khan,1,7,8023.05,6850.97,1172.08,2022-07-15,2022-07-15,8023.05,0,14.61,8023.05,High Value
2373,Hira Malik,1,6,8022.96,7031.28,991.68,2022-05-01,2022-05-01,8022.96,0,12.36,8022.96,High Value
3505,Saad Memon,2,9,8021.53,5690.18,2331.35,2022-10-07,2023-09-10,4010.77,338,29.06,8021.53,High Value
2970,Saad Ahmed,1,6,8020.32,5185.74,2834.58,2022-05-08,2022-05-08,8020.32,0,35.34,8020.32,High Value
9262,Ayesha Ali,1,7,8018.29,7417.83,600.46,2024-05-27,2024-05-27,8018.29,0,7.49,8018.29,High Value
596,Ayesha Malik,3,10,8016.54,6550.19,1466.35,2022-02-02,2026-05-15,2672.18,1563,18.29,8016.54,High Value
4227,Sara Hussain,1,6,8015.52,5332.5,2683.02,2024-05-29,2024-05-29,8015.52,0,33.47,8015.52,High Value
9581,Usman Memon,1,6,8010.72,8313.12,-302.4,2026-03-02,2026-03-02,8010.72,0,-3.77,8010.72,High Value
246,Imran Chaudhry,1,7,8009.47,6632.78,1376.69,2022-01-28,2022-01-28,8009.47,0,17.19,8009.47,High Value
4160,Usman Shah,1,4,8008.68,5958.44,2050.24,2025-09-16,2025-09-16,8008.68,0,25.6,8008.68,High Value
8155,Usman Hussain,3,14,8006.21,7064.72,941.49,2023-01-26,2025-08-12,2668.74,929,11.76,8006.21,High Value
4229,Saad Raza,1,5,8004.1,5282.75,2721.35,2024-09-23,2024-09-23,8004.1,0,34.0,8004.1,High Value
9475,Imran Qureshi,2,7,8002.45,6872.55,1129.9,2024-02-06,2025-09-07,4001.23,579,14.12,8002.45,High Value
7110,Ayesha Ahmed,2,7,7999.6,7175.43,824.17,2022-10-12,2026-07-03,3999.8,1360,10.3,7999.6,High Value
3497,Usman Memon,3,12,7999.12,6696.88,1302.24,2022-06-12,2026-03-08,2666.37,1365,16.28,7999.12,High Value
1574,Maryam Mirza,3,7,7998.24,6285.2,1713.04,2022-09-22,2026-08-04,2666.08,1412,21.42,7998.24,High Value
7127,Fahad Malik,1,7,7996.87,7493.5,503.37,2023-02-05,2023-02-05,7996.87,0,6.29,7996.87,High Value
4086,Fahad Chaudhry,2,9,7990.77,6534.85,1455.92,2023-07-23,2023-12-15,3995.38,145,18.22,7990.77,High Value
7309,Maham Ali,1,7,7990.5,5596.5,2394.0,2026-07-31,2026-07-31,7990.5,0,29.96,7990.5,High Value
5962,Ahmed Ahmed,2,9,7986.76,6359.27,1627.49,2025-03-23,2025-04-17,3993.38,25,20.38,7986.76,High Value
8880,Hamza Sheikh,1,5,7985.65,7475.0,510.65,2024-03-01,2024-03-01,7985.65,0,6.39,7985.65,High Value
3066,Ahmed Siddiqui,2,9,7983.42,6098.31,1885.11,2022-10-02,2022-12-06,3991.71,65,23.61,7983.42,High Value
4009,Ayesha Ahmed,1,5,7980.3,5536.15,2444.15,2025-07-26,2025-07-26,7980.3,0,30.63,7980.3,High Value
7945,Zainab Raza,1,5,7976.9,6079.15,1897.75,2023-10-08,2023-10-08,7976.9,0,23.79,7976.9,High Value
2920,Bilal Memon,3,13,7976.27,7004.02,972.25,2022-03-23,2024-10-26,2658.76,948,12.19,7976.27,High Value
8455,Zainab Ahmed,1,6,7973.88,6733.98,1239.9,2025-09-09,2025-09-09,7973.88,0,15.55,7973.88,High Value
5498,Hamza Malik,1,6,7972.08,6684.6,1287.48,2023-08-20,2023-08-20,7972.08,0,16.15,7972.08,High Value
1058,Sara Shah,3,14,7972.01,6194.56,1777.45,2024-02-07,2025-03-02,2657.34,389,22.3,7972.01,High Value
9007,Danish Ali,3,9,7971.19,6434.13,1537.06,2022-01-25,2025-08-31,2657.06,1314,19.28,7971.19,High Value
200,Bilal Malik,2,6,7963.3,6708.54,1254.76,2022-06-21,2025-09-25,3981.65,1192,15.76,7963.3,High Value
8047,Hira Memon,2,9,7963.08,6962.52,1000.56,2022-01-30,2024-06-15,3981.54,867,12.56,7963.08,High Value
6465,Ali Raza,3,13,7960.73,7325.89,634.84,2024-07-30,2026-07-23,2653.58,723,7.97,7960.73,High Value
1019,Sana Khan,3,13,7959.99,6264.32,1695.67,2022-06-16,2023-11-14,2653.33,516,21.3,7959.99,High Value
1541,Ayesha Mirza,1,6,7954.92,8274.36,-319.44,2022-05-01,2022-05-01,7954.92,0,-4.02,7954.92,High Value
1552,Ali Siddiqui,2,5,7954.39,6142.98,1811.41,2024-08-10,2025-10-15,3977.2,431,22.77,7954.39,High Value
1958,Maham Ali,1,4,7951.6,5363.24,2588.36,2022-10-18,2022-10-18,7951.6,0,32.55,7951.6,High Value
9702,Maryam Ali,1,6,7951.32,6741.54,1209.78,2025-10-05,2025-10-05,7951.32,0,15.21,7951.32,High Value
4368,Maham Raza,1,5,7950.75,6394.8,1555.95,2024-11-05,2024-11-05,7950.75,0,19.57,7950.75,High Value
8537,Danish Ali,3,7,7944.96,6178.71,1766.25,2023-06-10,2025-06-15,2648.32,736,22.23,7944.96,High Value
9895,Hamza Raza,1,7,7943.25,6495.37,1447.88,2022-10-15,2022-10-15,7943.25,0,18.23,7943.25,High Value
7303,Hassan Chaudhry,1,5,7942.3,7103.75,838.55,2024-02-21,2024-02-21,7942.3,0,10.56,7942.3,High Value
2773,Usman Chaudhry,2,8,7940.83,6195.0,1745.83,2022-05-18,2024-11-05,3970.42,902,21.99,7940.83,High Value
8072,Hussain Raza,2,9,7937.31,6706.24,1231.07,2022-05-06,2023-08-09,3968.66,460,15.51,7937.31,High Value
5604,Fatima Chaudhry,2,5,7937.05,5731.92,2205.13,2022-04-15,2025-09-05,3968.52,1239,27.78,7937.05,High Value
6949,Saad Memon,1,7,7936.74,6435.24,1501.5,2026-04-15,2026-04-15,7936.74,0,18.92,7936.74,High Value
1052,Hussain Ali,3,11,7935.36,5829.2,2106.16,2022-02-25,2025-01-07,2645.12,1047,26.54,7935.36,High Value
4028,Hira Hussain,1,7,7933.03,5656.84,2276.19,2023-12-21,2023-12-21,7933.03,0,28.69,7933.03,High Value
3963,Hassan Memon,1,7,7920.43,5994.17,1926.26,2025-12-19,2025-12-19,7920.43,0,24.32,7920.43,High Value
8172,Sara Memon,1,4,7919.12,5704.32,2214.8,2025-02-22,2025-02-22,7919.12,0,27.97,7919.12,High Value
1635,Hassan Iqbal,3,14,7916.9,6411.63,1505.27,2025-01-20,2026-03-05,2638.97,409,19.01,7916.9,High Value
7409,Imran Raza,2,11,7915.52,7454.89,460.63,2023-09-02,2025-12-16,3957.76,836,5.82,7915.52,High Value
4205,Ali Buriro,2,4,7915.44,5444.74,2470.7,2022-08-01,2024-04-16,3957.72,624,31.21,7915.44,High Value
9021,Zainab Malik,2,5,7914.68,5627.63,2287.05,2023-04-19,2024-12-23,3957.34,614,28.9,7914.68,High Value
8541,Ahmed Ahmed,2,8,7907.94,6519.72,1388.22,2022-05-24,2023-10-20,3953.97,514,17.55,7907.94,High Value
4036,Ahmed Qureshi,1,5,7907.15,5258.7,2648.45,2023-11-30,2023-11-30,7907.15,0,33.49,7907.15,High Value
9885,Omar Shah,2,7,7905.79,5978.59,1927.2,2024-11-04,2026-04-19,3952.9,531,24.38,7905.79,High Value
3714,Sana Buriro,2,13,7904.68,6565.6,1339.08,2024-12-04,2026-05-16,3952.34,528,16.94,7904.68,High Value
517,Sara Malik,1,4,7900.96,5871.0,2029.96,2022-03-20,2022-03-20,7900.96,0,25.69,7900.96,High Value
8150,Fahad Ali,2,6,7896.53,7204.74,691.79,2022-04-04,2025-02-05,3948.26,1038,8.76,7896.53,High Value
2153,Hira Buriro,2,7,7890.87,5466.2,2424.67,2024-05-28,2025-10-20,3945.44,510,30.73,7890.87,High Value
2387,Hussain Iqbal,2,10,7887.2,6717.65,1169.55,2025-05-06,2026-06-23,3943.6,413,14.83,7887.2,High Value
6378,Hira Chaudhry,1,6,7886.58,5521.68,2364.9,2023-01-25,2023-01-25,7886.58,0,29.99,7886.58,High Value
9312,Hira Raza,2,9,7885.49,5181.47,2704.02,2022-03-03,2023-04-05,3942.74,398,34.29,7885.49,High Value
7565,Ahmed Malik,1,7,7882.7,6411.16,1471.54,2023-08-01,2023-08-01,7882.7,0,18.67,7882.7,High Value
804,Hassan Raza,2,7,7877.79,6968.91,908.88,2022-06-22,2022-08-11,3938.9,50,11.54,7877.79,High Value
9050,Hira Qureshi,1,4,7876.8,4946.12,2930.68,2023-05-30,2023-05-30,7876.8,0,37.21,7876.8,High Value
3043,Hira Buriro,1,5,7875.5,6025.25,1850.25,2025-04-11,2025-04-11,7875.5,0,23.49,7875.5,High Value
9370,Ali Buriro,1,6,7871.64,6041.52,1830.12,2022-09-30,2022-09-30,7871.64,0,23.25,7871.64,High Value
8487,Zainab Iqbal,1,6,7870.68,7239.66,631.02,2023-12-02,2023-12-02,7870.68,0,8.02,7870.68,High Value
71,Saad Shah,3,13,7866.54,6823.31,1043.23,2024-12-27,2026-07-09,2622.18,559,13.26,7866.54,High Value
3027,Omar Malik,1,5,7864.55,5914.9,1949.65,2025-01-17,2025-01-17,7864.55,0,24.79,7864.55,High Value
3588,Hassan Sheikh,2,9,7860.45,6444.77,1415.68,2022-02-05,2022-02-23,3930.23,18,18.01,7860.45,High Value
5811,Danish Sheikh,2,10,7850.43,6448.59,1401.84,2024-08-15,2024-10-09,3925.22,55,17.86,7850.43,High Value
4215,Sana Raza,2,8,7850.17,5452.54,2397.63,2022-12-17,2025-09-18,3925.09,1006,30.54,7850.17,High Value
654,Bilal Shah,1,6,7850.1,6444.12,1405.98,2025-05-29,2025-05-29,7850.1,0,17.91,7850.1,High Value
8114,Hussain Memon,2,7,7835.88,6235.8,1600.08,2022-02-16,2022-12-15,3917.94,302,20.42,7835.88,High Value
9474,Maham Ali,2,8,7831.74,7479.23,352.51,2022-05-19,2024-04-25,3915.87,707,4.5,7831.74,High Value
9645,Fahad Mirza,1,6,7828.8,5728.44,2100.36,2026-02-01,2026-02-01,7828.8,0,26.83,7828.8,High Value
324,Fatima Raza,2,11,7828.67,6558.32,1270.35,2022-02-25,2026-07-17,3914.34,1603,16.23,7828.67,High Value
8630,Danish Mirza,1,5,7828.15,5157.75,2670.4,2026-06-15,2026-06-15,7828.15,0,34.11,7828.15,High Value
1065,Ahmed Malik,3,14,7826.61,6024.39,1802.22,2023-08-09,2025-08-21,2608.87,743,23.03,7826.61,High Value
7950,Ayesha Chaudhry,1,6,7825.86,5472.0,2353.86,2022-11-06,2022-11-06,7825.86,0,30.08,7825.86,High Value
4995,Hira Raza,3,12,7814.04,6023.12,1790.92,2022-01-18,2026-05-01,2604.68,1564,22.92,7814.04,High Value
2747,Hussain Shah,2,8,7812.28,6227.72,1584.56,2022-09-06,2024-03-08,3906.14,549,20.28,7812.28,High Value
7323,Fatima Qureshi,1,4,7811.28,5362.4,2448.88,2023-07-30,2023-07-30,7811.28,0,31.35,7811.28,High Value
3566,Hamza Mirza,2,8,7810.84,6015.4,1795.44,2023-05-20,2025-08-22,3905.42,825,22.99,7810.84,High Value
2924,Hassan Memon,2,7,7806.47,5380.87,2425.6,2024-03-24,2024-04-11,3903.24,18,31.07,7806.47,High Value
9969,Maham Ahmed,2,11,7805.92,6755.32,1050.6,2022-05-17,2024-06-23,3902.96,768,13.46,7805.92,High Value
2972,Hussain Hussain,1,6,7805.28,5521.68,2283.6,2024-07-04,2024-07-04,7805.28,0,29.26,7805.28,High Value
5067,Saad Hussain,1,5,7805.1,6203.35,1601.75,2023-10-25,2023-10-25,7805.1,0,20.52,7805.1,High Value
2295,Maryam Malik,1,5,7804.5,7354.0,450.5,2023-02-18,2023-02-18,7804.5,0,5.77,7804.5,High Value
9899,Ayesha Memon,1,5,7802.9,5181.45,2621.45,2025-06-13,2025-06-13,7802.9,0,33.6,7802.9,High Value
4319,Ali Mirza,3,5,7797.57,5915.86,1881.71,2022-03-31,2024-06-08,2599.19,800,24.13,7797.57,High Value
4623,Maham Hussain,1,4,7797.0,5323.64,2473.36,2025-10-11,2025-10-11,7797.0,0,31.72,7797.0,High Value
1222,Ali Shah,1,5,7787.8,5590.75,2197.05,2023-05-23,2023-05-23,7787.8,0,28.21,7787.8,High Value
1945,Hassan Mirza,1,7,7784.42,6872.46,911.96,2023-06-15,2023-06-15,7784.42,0,11.72,7784.42,High Value
1810,Ayesha Ali,1,7,7782.04,6127.73,1654.31,2023-03-21,2023-03-21,7782.04,0,21.26,7782.04,High Value
2830,Zainab Buriro,3,13,7781.64,6814.92,966.72,2024-07-14,2026-01-04,2593.88,539,12.42,7781.64,High Value
1126,Zainab Raza,1,6,7775.94,8161.38,-385.44,2026-05-30,2026-05-30,7775.94,0,-4.96,7775.94,High Value
8463,Sana Hussain,1,6,7770.6,5878.68,1891.92,2025-12-09,2025-12-09,7770.6,0,24.35,7770.6,High Value
9118,Hassan Raza,2,5,7770.24,5190.49,2579.75,2022-05-04,2025-06-07,3885.12,1130,33.2,7770.24,High Value
7499,Zainab Hussain,1,6,7766.28,5195.34,2570.94,2026-07-17,2026-07-17,7766.28,0,33.1,7766.28,High Value
2978,Hira Memon,2,10,7765.06,5588.66,2176.4,2023-10-01,2026-04-18,3882.53,930,28.03,7765.06,High Value
8573,Imran Mirza,2,12,7763.52,7523.7,239.82,2024-08-26,2025-05-26,3881.76,273,3.09,7763.52,High Value
5846,Hassan Chaudhry,1,4,7760.96,4915.28,2845.68,2023-07-17,2023-07-17,7760.96,0,36.67,7760.96,High Value
922,Danish Mirza,4,12,7758.9,7534.5,224.4,2022-05-23,2026-01-20,1939.72,1338,2.89,7758.9,High Value
2482,Saad Shah,2,6,7758.42,6639.44,1118.98,2024-05-03,2025-01-02,3879.21,244,14.42,7758.42,High Value
4462,Hira Siddiqui,1,7,7753.76,6576.64,1177.12,2026-01-20,2026-01-20,7753.76,0,15.18,7753.76,High Value
2861,Saad Siddiqui,3,8,7749.05,7104.51,644.54,2022-05-09,2025-02-08,2583.02,1006,8.32,7749.05,High Value
8,Sara Buriro,2,8,7749.02,6275.9,1473.12,2022-12-03,2023-10-11,3874.51,312,19.01,7749.02,High Value
9837,Sana Ahmed,3,15,7747.85,6615.7,1132.15,2023-08-01,2025-01-14,2582.62,532,14.61,7747.85,High Value
6766,Danish Hussain,1,7,7747.18,6658.89,1088.29,2023-11-30,2023-11-30,7747.18,0,14.05,7747.18,High Value
9398,Fahad Mirza,2,9,7746.48,6788.34,958.14,2024-09-12,2026-01-28,3873.24,503,12.37,7746.48,High Value
6040,Danish Siddiqui,1,7,7745.99,7448.07,297.92,2022-12-23,2022-12-23,7745.99,0,3.85,7745.99,High Value
991,Hira Hussain,1,5,7744.6,5870.35,1874.25,2024-07-30,2024-07-30,7744.6,0,24.2,7744.6,High Value
5753,Bilal Buriro,1,5,7740.45,5425.35,2315.1,2023-03-09,2023-03-09,7740.45,0,29.91,7740.45,High Value
2497,Saad Raza,2,4,7739.14,5124.79,2614.35,2023-11-09,2024-01-16,3869.57,68,33.78,7739.14,High Value
9845,Zainab Shah,1,4,7737.88,5435.04,2302.84,2026-05-25,2026-05-25,7737.88,0,29.76,7737.88,High Value
7166,Ahmed Siddiqui,2,12,7737.12,5778.43,1958.69,2024-03-14,2025-11-27,3868.56,623,25.32,7737.12,High Value
9634,Sara Malik,1,6,7729.2,5197.26,2531.94,2024-05-12,2024-05-12,7729.2,0,32.76,7729.2,High Value
5038,Maham Ahmed,3,9,7727.04,6541.53,1185.51,2023-01-29,2023-11-05,2575.68,280,15.34,7727.04,High Value
2092,Hassan Mirza,2,7,7719.79,6700.36,1019.43,2025-06-26,2025-08-02,3859.9,37,13.21,7719.79,High Value
7543,Usman Hussain,2,8,7718.38,6184.81,1533.57,2024-04-11,2025-11-30,3859.19,598,19.87,7718.38,High Value
3480,Bilal Raza,1,4,7710.44,5956.88,1753.56,2023-08-24,2023-08-24,7710.44,0,22.74,7710.44,High Value
4553,Usman Khan,1,7,7707.07,5293.05,2414.02,2022-06-13,2022-06-13,7707.07,0,31.32,7707.07,High Value
2399,Zainab Ali,1,7,7706.79,5860.96,1845.83,2024-01-04,2024-01-04,7706.79,0,23.95,7706.79,High Value
6194,Zainab Sheikh,3,13,7703.32,6156.64,1546.68,2023-02-08,2026-05-09,2567.77,1186,20.08,7703.32,High Value
1697,Maham Ahmed,2,6,7697.6,5679.86,2017.74,2022-06-17,2024-01-15,3848.8,577,26.21,7697.6,High Value
3885,Bilal Iqbal,2,8,7695.48,5926.68,1768.8,2022-02-28,2026-01-01,3847.74,1403,22.98,7695.48,High Value
7873,Saad Shah,3,10,7683.64,5545.84,2137.8,2023-03-01,2024-02-19,2561.21,355,27.82,7683.64,High Value
2450,Maham Raza,3,6,7681.25,5611.62,2069.63,2024-03-20,2025-04-28,2560.42,404,26.94,7681.25,High Value
5881,Usman Malik,1,7,7675.99,5813.08,1862.91,2022-02-21,2022-02-21,7675.99,0,24.27,7675.99,High Value
2889,Omar Ali,3,8,7675.22,6659.9,1015.32,2024-10-25,2025-08-13,2558.41,292,13.23,7675.22,High Value
4198,Ahmed Chaudhry,3,6,7674.19,5748.62,1925.57,2022-05-19,2025-05-16,2558.06,1093,25.09,7674.19,High Value
2945,Hira Malik,1,4,7662.36,5962.48,1699.88,2023-05-06,2023-05-06,7662.36,0,22.18,7662.36,High Value
8035,Fatima Khan,2,6,7660.94,5469.5,2191.44,2023-05-17,2023-06-07,3830.47,21,28.61,7660.94,High Value
4677,Ali Ali,2,9,7659.75,7412.86,246.89,2024-05-18,2024-07-01,3829.88,44,3.22,7659.75,High Value
1752,Hamza Shah,3,13,7659.54,5963.67,1695.87,2023-05-22,2025-02-14,2553.18,634,22.14,7659.54,High Value
3244,Maham Malik,2,7,7658.09,6102.43,1555.66,2023-03-05,2025-08-23,3829.04,902,20.31,7658.09,High Value
6868,Hira Khan,1,7,7652.33,6669.95,982.38,2025-05-02,2025-05-02,7652.33,0,12.84,7652.33,High Value
6553,Ahmed Mirza,1,6,7651.98,5932.98,1719.0,2022-08-02,2022-08-02,7651.98,0,22.46,7651.98,High Value
6421,Hassan Qureshi,1,4,7650.48,5482.68,2167.8,2024-10-18,2024-10-18,7650.48,0,28.34,7650.48,High Value
3234,Omar Ali,2,5,7648.8,5898.62,1750.18,2022-09-10,2025-03-12,3824.4,914,22.88,7648.8,High Value
2129,Hamza Ali,1,5,7647.85,5448.4,2199.45,2024-11-29,2024-11-29,7647.85,0,28.76,7647.85,High Value
675,Sara Raza,2,8,7642.82,6413.78,1229.04,2025-07-21,2026-04-28,3821.41,281,16.08,7642.82,High Value
8973,Saad Mirza,1,7,7639.66,5352.97,2286.69,2024-03-31,2024-03-31,7639.66,0,29.93,7639.66,High Value
1808,Maham Siddiqui,2,5,7636.38,5218.2,2418.18,2022-06-08,2024-08-23,3818.19,807,31.67,7636.38,High Value
5556,Bilal Chaudhry,2,12,7631.35,6791.73,839.62,2026-02-07,2026-02-25,3815.68,18,11.0,7631.35,High Value
5367,Usman Siddiqui,1,7,7630.42,5825.82,1804.6,2022-09-03,2022-09-03,7630.42,0,23.65,7630.42,High Value
34,Imran Qureshi,2,7,7623.61,6056.52,1567.09,2024-08-06,2026-05-23,3811.8,655,20.56,7623.61,High Value
2307,Maham Sheikh,1,6,7622.94,6832.8,790.14,2022-07-14,2022-07-14,7622.94,0,10.37,7622.94,High Value
9926,Hussain Iqbal,1,4,7618.16,4822.12,2796.04,2025-07-05,2025-07-05,7618.16,0,36.7,7618.16,High Value
2927,Bilal Memon,2,9,7612.59,4879.61,2732.98,2023-02-28,2025-02-26,3806.3,729,35.9,7612.59,High Value
174,Saad Iqbal,1,6,7610.28,7223.7,386.58,2025-12-03,2025-12-03,7610.28,0,5.08,7610.28,High Value
401,Ali Malik,2,8,7610.08,7064.08,546.0,2022-11-13,2024-12-05,3805.04,753,7.17,7610.08,High Value
2940,Hira Khan,1,6,7609.5,7590.72,18.78,2024-08-06,2024-08-06,7609.5,0,0.25,7609.5,High Value
9228,Ali Buriro,1,5,7607.45,7370.65,236.8,2022-05-09,2022-05-09,7607.45,0,3.11,7607.45,High Value
6835,Bilal Siddiqui,2,6,7606.78,5275.15,2331.63,2022-09-15,2026-05-31,3803.39,1354,30.65,7606.78,High Value
6481,Hira Buriro,2,10,7605.02,5879.26,1725.76,2022-11-18,2025-05-07,3802.51,901,22.69,7605.02,High Value
1758,Bilal Iqbal,2,12,7600.28,6074.1,1526.18,2024-01-23,2026-07-05,3800.14,894,20.08,7600.28,High Value
7834,Ayesha Memon,1,5,7596.05,5867.15,1728.9,2022-09-03,2022-09-03,7596.05,0,22.76,7596.05,High Value
12,Hussain Chaudhry,1,6,7596.0,6196.98,1399.02,2023-12-31,2023-12-31,7596.0,0,18.42,7596.0,High Value
3460,Ahmed Buriro,3,8,7593.96,7082.58,511.38,2026-07-30,2026-08-19,2531.32,20,6.73,7593.96,High Value
2160,Fahad Khan,1,6,7592.7,6065.52,1527.18,2026-03-25,2026-03-25,7592.7,0,20.11,7592.7,High Value
1245,Zainab Qureshi,2,6,7592.5,7067.0,525.5,2023-11-25,2025-07-06,3796.25,589,6.92,7592.5,High Value
7713,Sara Siddiqui,2,8,7590.54,6143.95,1446.59,2025-02-22,2026-06-18,3795.27,481,19.06,7590.54,High Value
7998,Fatima Sheikh,2,13,7589.64,6317.16,1272.48,2025-12-18,2026-03-07,3794.82,79,16.77,7589.64,High Value
1393,Imran Ali,3,10,7587.67,6795.05,792.62,2023-05-03,2025-10-31,2529.22,912,10.45,7587.67,High Value
9756,Maryam Siddiqui,1,7,7587.02,5217.1,2369.92,2025-04-06,2025-04-06,7587.02,0,31.24,7587.02,High Value
8459,Zainab Hussain,2,8,7584.2,5836.49,1747.71,2024-06-22,2024-11-15,3792.1,146,23.04,7584.2,High Value
7231,Saad Malik,1,5,7582.55,7247.95,334.6,2025-03-11,2025-03-11,7582.55,0,4.41,7582.55,High Value
101,Omar Chaudhry,2,8,7582.32,6915.66,666.66,2022-04-12,2024-03-24,3791.16,712,8.79,7582.32,High Value
2636,Hussain Siddiqui,2,8,7582.18,5908.26,1673.92,2023-02-04,2023-10-26,3791.09,264,22.08,7582.18,High Value
6325,Maryam Raza,3,10,7582.04,5175.53,2406.51,2022-02-10,2026-01-09,2527.35,1429,31.74,7582.04,High Value
8328,Ali Raza,2,4,7581.09,5228.52,2352.57,2025-07-31,2025-10-28,3790.54,89,31.03,7581.09,High Value
1050,Maham Shah,1,5,7580.05,6521.2,1058.85,2024-09-04,2024-09-04,7580.05,0,13.97,7580.05,High Value
4565,Ahmed Ahmed,1,5,7579.15,5222.35,2356.8,2022-08-04,2022-08-04,7579.15,0,31.1,7579.15,High Value
5626,Fahad Hussain,1,7,7574.49,5159.28,2415.21,2023-01-26,2023-01-26,7574.49,0,31.89,7574.49,High Value
7785,Bilal Qureshi,2,7,7569.39,5251.43,2317.96,2023-01-18,2026-05-26,3784.7,1224,30.62,7569.39,High Value
8504,Fahad Raza,3,7,7568.47,5755.41,1813.06,2023-08-20,2026-03-31,2522.82,954,23.96,7568.47,High Value
1170,Ali Ali,3,8,7564.61,5635.14,1929.47,2023-01-27,2025-05-08,2521.54,832,25.51,7564.61,High Value
405,Omar Iqbal,1,7,7560.56,7405.79,154.77,2024-03-21,2024-03-21,7560.56,0,2.05,7560.56,High Value
8656,Hamza Shah,2,7,7550.41,6263.04,1287.37,2023-07-27,2025-01-04,3775.2,527,17.05,7550.41,High Value
5247,Ali Sheikh,1,7,7549.01,5124.98,2424.03,2026-04-02,2026-04-02,7549.01,0,32.11,7549.01,High Value
7647,Fatima Khan,3,13,7548.12,6063.7,1484.42,2024-01-15,2026-06-03,2516.04,870,19.67,7548.12,High Value
4608,Fahad Shah,4,15,7539.98,5963.08,1576.9,2022-03-01,2025-05-30,1885.0,1186,20.91,7539.98,High Value
4735,Fahad Chaudhry,2,6,7533.94,5460.26,2073.68,2023-04-06,2024-09-17,3766.97,530,27.52,7533.94,High Value
3057,Fatima Hussain,2,5,7533.76,4904.52,2629.24,2023-07-03,2024-12-17,3766.88,533,34.9,7533.76,High Value
8526,Ahmed Mirza,2,9,7530.89,7179.83,351.06,2024-03-17,2026-08-19,3765.44,885,4.66,7530.89,High Value
9557,Sara Qureshi,3,7,7528.63,5800.63,1728.0,2022-08-04,2026-04-10,2509.54,1345,22.95,7528.63,High Value
1652,Maryam Malik,3,9,7527.0,6454.03,1072.97,2022-04-24,2024-10-31,2509.0,921,14.25,7527.0,High Value
2776,Maryam Qureshi,2,7,7522.31,6682.3,840.01,2025-02-20,2025-04-23,3761.16,62,11.17,7522.31,High Value
41,Imran Siddiqui,4,22,7521.02,5590.86,1930.16,2022-04-06,2026-05-04,1880.26,1489,25.66,7521.02,High Value
2915,Hassan Siddiqui,1,7,7519.54,7254.38,265.16,2024-11-06,2024-11-06,7519.54,0,3.53,7519.54,High Value
5899,Ayesha Sheikh,2,11,7514.93,6642.24,872.69,2024-01-19,2026-01-22,3757.46,734,11.61,7514.93,High Value
7710,Hamza Hussain,3,8,7508.89,5320.57,2188.32,2022-05-06,2025-04-03,2502.96,1063,29.14,7508.89,High Value
6995,Maham Buriro,2,8,7501.8,6428.0,1073.8,2023-08-08,2025-01-09,3750.9,520,14.31,7501.8,High Value
3587,Saad Qureshi,1,6,7501.08,6729.0,772.08,2023-05-05,2023-05-05,7501.08,0,10.29,7501.08,High Value
5009,Danish Memon,2,8,7499.28,5524.18,1975.1,2022-12-10,2025-12-16,3749.64,1102,26.34,7499.28,High Value
462,Ayesha Ahmed,1,6,7488.36,5120.22,2368.14,2022-04-16,2022-04-16,7488.36,0,31.62,7488.36,High Value
599,Sara Iqbal,1,7,7486.36,6399.33,1087.03,2026-04-23,2026-04-23,7486.36,0,14.52,7486.36,High Value
3434,Ayesha Shah,1,5,7485.4,7175.3,310.1,2023-05-21,2023-05-21,7485.4,0,4.14,7485.4,High Value
1961,Imran Hussain,1,7,7484.4,5133.17,2351.23,2025-12-06,2025-12-06,7484.4,0,31.42,7484.4,High Value
5260,Zainab Ahmed,1,6,7480.2,5890.74,1589.46,2024-01-27,2024-01-27,7480.2,0,21.25,7480.2,High Value
792,Zainab Siddiqui,2,13,7477.35,6234.98,1242.37,2024-09-20,2024-12-27,3738.68,98,16.62,7477.35,High Value
6487,Imran Shah,2,12,7475.95,5652.98,1822.97,2022-02-23,2025-01-07,3737.98,1049,24.38,7475.95,High Value
6989,Ahmed Khan,2,9,7474.27,5363.87,2110.4,2023-08-24,2025-12-06,3737.14,835,28.24,7474.27,High Value
5418,Hassan Iqbal,1,5,7473.9,6585.25,888.65,2025-12-25,2025-12-25,7473.9,0,11.89,7473.9,High Value
9610,Usman Qureshi,2,11,7471.19,5203.58,2267.61,2022-11-11,2023-06-14,3735.6,215,30.35,7471.19,High Value
7210,Omar Hussain,2,6,7470.36,5921.68,1548.68,2025-01-28,2026-03-12,3735.18,408,20.73,7470.36,High Value
1568,Sara Khan,3,11,7453.5,6598.72,854.78,2022-03-20,2025-01-30,2484.5,1047,11.47,7453.5,High Value
4591,Fahad Shah,1,7,7452.62,7525.63,-73.01,2022-08-14,2022-08-14,7452.62,0,-0.98,7452.62,High Value
3414,Zainab Khan,1,5,7452.6,6232.0,1220.6,2024-01-02,2024-01-02,7452.6,0,16.38,7452.6,High Value
7934,Maham Ahmed,1,7,7449.12,5938.73,1510.39,2023-11-05,2023-11-05,7449.12,0,20.28,7449.12,High Value
135,Maryam Raza,1,6,7439.64,5411.88,2027.76,2024-10-16,2024-10-16,7439.64,0,27.26,7439.64,High Value
993,Maryam Buriro,1,6,7438.14,6600.36,837.78,2024-01-26,2024-01-26,7438.14,0,11.26,7438.14,High Value
2005,Hussain Ali,1,5,7436.8,5421.65,2015.15,2024-01-13,2024-01-13,7436.8,0,27.1,7436.8,High Value
8841,Ali Ahmed,1,7,7429.73,6248.83,1180.9,2023-06-04,2023-06-04,7429.73,0,15.89,7429.73,High Value
5437,Zainab Mirza,1,7,7427.28,5657.96,1769.32,2023-05-05,2023-05-05,7427.28,0,23.82,7427.28,High Value
3419,Sara Khan,2,6,7425.59,4948.75,2476.84,2023-06-07,2025-06-03,3712.79,727,33.36,7425.59,High Value
2746,Fatima Buriro,3,14,7425.12,5651.43,1773.69,2022-02-14,2026-05-08,2475.04,1544,23.89,7425.12,High Value
38,Hira Sheikh,2,7,7424.36,5889.36,1535.0,2023-02-21,2025-04-13,3712.18,782,20.68,7424.36,High Value
3175,Fatima Memon,3,17,7419.66,5251.31,2168.35,2023-06-10,2026-08-13,2473.22,1160,29.22,7419.66,High Value
4788,Sara Buriro,1,5,7408.75,7029.85,378.9,2022-06-13,2022-06-13,7408.75,0,5.11,7408.75,High Value
3237,Ayesha Iqbal,1,4,7407.48,5859.52,1547.96,2024-05-02,2024-05-02,7407.48,0,20.9,7407.48,High Value
9109,Hamza Mirza,1,6,7405.8,6256.86,1148.94,2022-08-23,2022-08-23,7405.8,0,15.51,7405.8,High Value
6444,Danish Mirza,1,7,7404.18,6811.07,593.11,2025-11-12,2025-11-12,7404.18,0,8.01,7404.18,High Value
8823,Maham Hussain,1,4,7403.72,5942.24,1461.48,2023-05-24,2023-05-24,7403.72,0,19.74,7403.72,High Value
4037,Hira Malik,1,7,7401.52,6141.31,1260.21,2025-01-15,2025-01-15,7401.52,0,17.03,7401.52,High Value
5172,Danish Hussain,1,5,7400.65,4952.65,2448.0,2022-08-30,2022-08-30,7400.65,0,33.08,7400.65,High Value
3817,Saad Siddiqui,2,6,7396.44,5697.84,1698.6,2022-06-01,2026-08-03,3698.22,1524,22.97,7396.44,High Value
7627,Hussain Iqbal,1,6,7391.16,6433.5,957.66,2022-04-23,2022-04-23,7391.16,0,12.96,7391.16,High Value
6713,Fahad Malik,2,10,7390.56,4941.64,2448.92,2022-11-26,2025-09-28,3695.28,1037,33.14,7390.56,High Value
3048,Hamza Hussain,1,6,7388.28,5676.54,1711.74,2024-02-22,2024-02-22,7388.28,0,23.17,7388.28,High Value
5809,Omar Khan,1,4,7386.4,5378.84,2007.56,2022-01-22,2022-01-22,7386.4,0,27.18,7386.4,High Value
8563,Saad Chaudhry,1,5,7385.9,6219.35,1166.55,2022-01-30,2022-01-30,7385.9,0,15.79,7385.9,High Value
8327,Fahad Memon,1,7,7383.46,6266.61,1116.85,2025-07-03,2025-07-03,7383.46,0,15.13,7383.46,High Value
9540,Usman Ali,1,7,7378.21,6456.73,921.48,2022-02-09,2022-02-09,7378.21,0,12.49,7378.21,High Value
9158,Hussain Ali,1,6,7378.08,5513.34,1864.74,2022-04-15,2022-04-15,7378.08,0,25.27,7378.08,High Value
6790,Usman Mirza,1,4,7374.88,4881.04,2493.84,2024-06-11,2024-06-11,7374.88,0,33.82,7374.88,High Value
7306,Danish Siddiqui,1,4,7374.2,5676.88,1697.32,2025-12-31,2025-12-31,7374.2,0,23.02,7374.2,High Value
2788,Sara Raza,1,4,7372.48,5536.92,1835.56,2024-08-01,2024-08-01,7372.48,0,24.9,7372.48,High Value
6477,Imran Buriro,2,12,7369.8,5644.8,1725.0,2024-10-16,2025-09-15,3684.9,334,23.41,7369.8,High Value
6639,Hamza Buriro,1,6,7369.32,4653.72,2715.6,2025-11-23,2025-11-23,7369.32,0,36.85,7369.32,High Value
1851,Hussain Shah,1,5,7366.35,5853.15,1513.2,2026-04-05,2026-04-05,7366.35,0,20.54,7366.35,High Value
9091,Imran Hussain,2,11,7365.09,5964.09,1401.0,2022-10-09,2023-12-20,3682.54,437,19.02,7365.09,High Value
6840,Fahad Chaudhry,2,6,7364.82,6497.64,867.18,2022-07-17,2024-03-10,3682.41,602,11.77,7364.82,High Value
3685,Ahmed Ahmed,2,7,7361.36,6290.05,1071.31,2024-05-16,2025-09-19,3680.68,491,14.55,7361.36,High Value
4382,Maham Malik,1,5,7359.85,4961.95,2397.9,2022-04-05,2022-04-05,7359.85,0,32.58,7359.85,High Value
9093,Omar Ali,1,4,7358.68,5077.04,2281.64,2022-07-16,2022-07-16,7358.68,0,31.01,7358.68,High Value
6357,Hamza Malik,2,7,7353.54,5366.41,1987.13,2022-09-02,2024-09-08,3676.77,737,27.02,7353.54,High Value
2938,Sara Ali,1,4,7352.28,4946.12,2406.16,2024-03-19,2024-03-19,7352.28,0,32.73,7352.28,High Value
711,Imran Iqbal,1,5,7348.45,5556.55,1791.9,2025-05-16,2025-05-16,7348.45,0,24.38,7348.45,High Value
687,Ayesha Siddiqui,2,6,7348.4,6160.42,1187.98,2023-06-10,2025-04-18,3674.2,678,16.17,7348.4,High Value
6085,Imran Ali,1,6,7348.26,5896.74,1451.52,2024-03-12,2024-03-12,7348.26,0,19.75,7348.26,High Value
5405,Hassan Raza,1,7,7343.84,6632.78,711.06,2025-07-21,2025-07-21,7343.84,0,9.68,7343.84,High Value
4400,Danish Buriro,1,6,7343.16,5110.92,2232.24,2025-01-05,2025-01-05,7343.16,0,30.4,7343.16,High Value
1638,Usman Chaudhry,3,6,7341.26,6182.38,1158.88,2022-07-05,2026-04-27,2447.09,1392,15.79,7341.26,High Value
8539,Sara Ali,2,9,7337.83,5569.4,1768.43,2022-08-16,2023-01-05,3668.92,142,24.1,7337.83,High Value
1081,Danish Shah,1,5,7334.7,6757.5,577.2,2026-04-21,2026-04-21,7334.7,0,7.87,7334.7,High Value
6839,Hamza Iqbal,2,5,7327.87,5601.39,1726.48,2024-02-25,2025-11-23,3663.94,637,23.56,7327.87,High Value
3729,Sana Memon,1,5,7327.85,4716.1,2611.75,2023-12-09,2023-12-09,7327.85,0,35.64,7327.85,High Value
4168,Saad Siddiqui,1,5,7324.1,6293.2,1030.9,2023-08-14,2023-08-14,7324.1,0,14.08,7324.1,High Value
3204,Sara Hussain,1,7,7322.98,6968.78,354.2,2025-01-13,2025-01-13,7322.98,0,4.84,7322.98,High Value
9337,Ayesha Siddiqui,1,6,7318.62,6867.9,450.72,2025-06-12,2025-06-12,7318.62,0,6.16,7318.62,High Value
8811,Saad Mirza,1,4,7316.4,5362.04,1954.36,2024-04-08,2024-04-08,7316.4,0,26.71,7316.4,High Value
1204,Omar Memon,3,12,7315.42,5408.91,1906.51,2022-06-08,2024-05-06,2438.47,698,26.06,7315.42,High Value
1643,Ayesha Sheikh,1,6,7307.52,4979.82,2327.7,2026-01-13,2026-01-13,7307.52,0,31.85,7307.52,High Value
1071,Sara Chaudhry,2,6,7305.61,5565.54,1740.07,2022-01-27,2025-08-28,3652.8,1309,23.82,7305.61,High Value
736,Fahad Memon,1,7,7302.12,6723.43,578.69,2023-04-02,2023-04-02,7302.12,0,7.92,7302.12,High Value
1551,Omar Ali,2,5,7301.77,6323.28,978.49,2024-02-22,2024-08-24,3650.88,184,13.4,7301.77,High Value
109,Ahmed Ali,3,11,7301.35,6640.97,660.38,2022-06-04,2024-04-01,2433.78,667,9.04,7301.35,High Value
3000,Maham Ali,2,10,7293.79,5780.17,1513.62,2025-07-21,2025-12-25,3646.9,157,20.75,7293.79,High Value
8649,Ayesha Siddiqui,2,7,7293.29,5637.93,1655.36,2024-08-27,2026-07-04,3646.64,676,22.7,7293.29,High Value
8013,Ahmed Memon,1,7,7292.95,6497.05,795.9,2022-05-16,2022-05-16,7292.95,0,10.91,7292.95,High Value
3157,Ali Ali,4,5,7291.41,5128.7,2162.71,2022-03-24,2026-01-29,1822.85,1407,29.66,7291.41,High Value
406,Ali Chaudhry,2,7,7290.74,5932.7,1358.04,2023-11-15,2025-01-31,3645.37,443,18.63,7290.74,High Value
4693,Ayesha Memon,1,4,7290.28,5865.32,1424.96,2023-05-27,2023-05-27,7290.28,0,19.55,7290.28,High Value
2538,Hassan Qureshi,1,4,7290.08,5527.56,1762.52,2026-02-23,2026-02-23,7290.08,0,24.18,7290.08,High Value
250,Imran Siddiqui,1,5,7288.45,5437.85,1850.6,2022-06-25,2022-06-25,7288.45,0,25.39,7288.45,High Value
7532,Maham Ali,2,8,7288.02,4873.64,2414.38,2023-04-01,2023-06-07,3644.01,67,33.13,7288.02,High Value
963,Omar Ali,1,6,7282.86,4609.68,2673.18,2024-08-28,2024-08-28,7282.86,0,36.71,7282.86,High Value
9680,Hassan Siddiqui,3,6,7281.37,5353.59,1927.78,2025-03-05,2026-02-22,2427.12,354,26.48,7281.37,High Value
1991,Fatima Ali,2,13,7278.84,6199.6,1079.24,2025-01-02,2025-10-03,3639.42,274,14.83,7278.84,High Value
4103,Ayesha Raza,2,11,7278.64,5823.28,1455.36,2023-05-05,2026-07-26,3639.32,1178,19.99,7278.64,High Value
8227,Danish Memon,1,4,7275.0,5406.64,1868.36,2026-02-10,2026-02-10,7275.0,0,25.68,7275.0,High Value
8759,Hussain Qureshi,1,7,7265.3,5830.23,1435.07,2023-01-03,2023-01-03,7265.3,0,19.75,7265.3,High Value
891,Ali Qureshi,1,4,7262.64,4674.2,2588.44,2022-08-15,2022-08-15,7262.64,0,35.64,7262.64,High Value
3004,Bilal Buriro,2,7,7261.43,6371.98,889.45,2024-09-06,2024-12-30,3630.72,115,12.25,7261.43,High Value
7396,Saad Chaudhry,2,8,7256.3,5447.0,1809.3,2024-08-24,2026-03-20,3628.15,573,24.93,7256.3,High Value
6925,Sana Qureshi,1,7,7255.78,5611.06,1644.72,2022-09-12,2022-09-12,7255.78,0,22.67,7255.78,High Value
4763,Fatima Chaudhry,2,7,7254.52,6181.42,1073.1,2022-05-17,2024-08-26,3627.26,832,14.79,7254.52,High Value
8438,Omar Buriro,1,7,7253.26,7423.43,-170.17,2025-03-25,2025-03-25,7253.26,0,-2.35,7253.26,High Value
3332,Fatima Malik,1,5,7251.0,4825.1,2425.9,2026-02-02,2026-02-02,7251.0,0,33.46,7251.0,High Value
839,Hassan Siddiqui,1,6,7245.78,5044.56,2201.22,2025-11-16,2025-11-16,7245.78,0,30.38,7245.78,High Value
598,Zainab Hussain,1,5,7237.75,6686.1,551.65,2025-09-19,2025-09-19,7237.75,0,7.62,7237.75,High Value
1591,Usman Ahmed,2,9,7236.87,5336.53,1900.34,2025-01-08,2026-02-17,3618.44,405,26.26,7236.87,High Value
4265,Imran Memon,2,6,7235.9,5926.2,1309.7,2024-07-20,2026-07-10,3617.95,720,18.1,7235.9,High Value
9838,Ayesha Sheikh,1,6,7234.62,4583.16,2651.46,2025-08-30,2025-08-30,7234.62,0,36.65,7234.62,High Value
8280,Maham Malik,2,7,7230.2,4867.03,2363.17,2023-10-07,2026-03-20,3615.1,895,32.68,7230.2,High Value
8716,Hira Khan,2,6,7227.18,6460.18,767.0,2022-11-07,2026-07-01,3613.59,1332,10.61,7227.18,High Value
2262,Zainab Iqbal,3,10,7225.84,6422.8,803.04,2022-10-30,2025-11-28,2408.61,1125,11.11,7225.84,High Value
2316,Hassan Malik,1,6,7225.5,5721.66,1503.84,2022-04-14,2022-04-14,7225.5,0,20.81,7225.5,High Value
8916,Saad Shah,1,4,7224.96,5866.28,1358.68,2022-09-26,2022-09-26,7224.96,0,18.81,7224.96,High Value
4669,Omar Chaudhry,2,7,7219.98,6104.64,1115.34,2023-08-16,2025-04-12,3609.99,605,15.45,7219.98,High Value
6876,Ayesha Sheikh,1,5,7218.05,5357.1,1860.95,2022-10-27,2022-10-27,7218.05,0,25.78,7218.05,High Value
7771,Ayesha Khan,1,6,7217.1,5867.82,1349.28,2024-10-12,2024-10-12,7217.1,0,18.7,7217.1,High Value
8033,Hassan Raza,2,7,7214.79,5695.22,1519.57,2024-10-14,2026-05-29,3607.39,592,21.06,7214.79,High Value
1331,Ayesha Buriro,1,6,7213.68,6450.72,762.96,2026-05-18,2026-05-18,7213.68,0,10.58,7213.68,High Value
6820,Ali Iqbal,1,4,7211.04,5092.56,2118.48,2024-10-07,2024-10-07,7211.04,0,29.38,7211.04,High Value
4321,Sana Mirza,2,8,7208.12,5848.08,1360.04,2022-04-24,2022-12-25,3604.06,245,18.87,7208.12,High Value
9323,Ayesha Ahmed,1,4,7208.04,4684.52,2523.52,2024-04-08,2024-04-08,7208.04,0,35.01,7208.04,High Value
8746,Sara Siddiqui,1,4,7207.2,5155.04,2052.16,2024-02-23,2024-02-23,7207.2,0,28.47,7207.2,High Value
9840,Zainab Iqbal,2,9,7204.5,5481.98,1722.52,2024-05-19,2025-10-04,3602.25,503,23.91,7204.5,High Value
9019,Maryam Memon,1,4,7203.0,5704.4,1498.6,2025-08-15,2025-08-15,7203.0,0,20.81,7203.0,High Value
8930,Sara Qureshi,1,5,7198.75,7025.35,173.4,2025-05-01,2025-05-01,7198.75,0,2.41,7198.75,High Value
3597,Sana Chaudhry,2,5,7197.17,5527.49,1669.68,2022-04-25,2025-11-19,3598.58,1304,23.2,7197.17,High Value
7380,Ayesha Qureshi,1,6,7195.56,6313.98,881.58,2024-01-06,2024-01-06,7195.56,0,12.25,7195.56,High Value
8929,Danish Qureshi,2,13,7195.4,5835.83,1359.57,2022-02-21,2023-11-17,3597.7,634,18.89,7195.4,High Value
5744,Hamza Chaudhry,1,7,7192.01,6931.68,260.33,2022-02-03,2022-02-03,7192.01,0,3.62,7192.01,High Value
4778,Fatima Ali,3,11,7191.69,6266.18,925.51,2022-01-03,2026-04-13,2397.23,1561,12.87,7191.69,High Value
2474,Omar Sheikh,1,5,7184.6,6031.55,1153.05,2025-12-14,2025-12-14,7184.6,0,16.05,7184.6,High Value
3540,Usman Malik,1,6,7182.9,6381.84,801.06,2023-12-09,2023-12-09,7182.9,0,11.15,7182.9,High Value
1835,Ayesha Shah,2,8,7182.32,5555.98,1626.34,2024-09-05,2024-11-24,3591.16,80,22.64,7182.32,High Value
8549,Imran Buriro,1,4,7180.16,5137.48,2042.68,2025-07-16,2025-07-16,7180.16,0,28.45,7180.16,High Value
1672,Ahmed Hussain,2,12,7175.57,5815.85,1359.72,2024-11-21,2025-04-28,3587.78,158,18.95,7175.57,High Value
3397,Fahad Ali,1,7,7172.69,6618.43,554.26,2022-09-15,2022-09-15,7172.69,0,7.73,7172.69,High Value
5298,Maryam Shah,3,10,7166.88,4905.12,2261.76,2023-01-07,2025-05-09,2388.96,853,31.56,7166.88,High Value
2421,Maham Ali,2,11,7163.48,5498.24,1665.24,2025-10-05,2025-11-16,3581.74,42,23.25,7163.48,High Value
6408,Hassan Shah,1,7,7162.61,5911.64,1250.97,2025-05-07,2025-05-07,7162.61,0,17.47,7162.61,High Value
3846,Fahad Sheikh,2,11,7158.22,5051.59,2106.63,2024-01-19,2025-04-24,3579.11,461,29.43,7158.22,High Value
5492,Imran Hussain,2,4,7155.88,5114.5,2041.38,2022-10-29,2025-09-21,3577.94,1058,28.53,7155.88,High Value
9564,Fatima Hussain,1,5,7155.55,5460.5,1695.05,2024-01-29,2024-01-29,7155.55,0,23.69,7155.55,High Value
9693,Ayesha Buriro,1,6,7155.0,5463.0,1692.0,2025-04-29,2025-04-29,7155.0,0,23.65,7155.0,High Value
872,Fatima Khan,4,10,7152.82,6240.46,912.36,2022-07-19,2026-06-27,1788.21,1439,12.76,7152.82,High Value
6865,Fatima Sheikh,1,4,7148.12,5667.4,1480.72,2026-04-21,2026-04-21,7148.12,0,20.71,7148.12,High Value
65,Sana Hussain,2,9,7145.05,5198.9,1946.15,2024-03-06,2025-11-04,3572.52,608,27.24,7145.05,High Value
1732,Fahad Khan,1,7,7144.69,6541.92,602.77,2025-10-13,2025-10-13,7144.69,0,8.44,7144.69,High Value
8014,Hassan Qureshi,2,10,7142.78,5875.32,1267.46,2022-12-26,2025-03-13,3571.39,808,17.74,7142.78,High Value
9715,Hira Khan,1,5,7141.8,6927.6,214.2,2022-05-30,2022-05-30,7141.8,0,3.0,7141.8,High Value
5528,Hassan Ahmed,2,11,7134.14,5511.21,1622.93,2022-05-07,2023-03-15,3567.07,312,22.75,7134.14,High Value
9859,Hamza Sheikh,2,7,7133.16,5473.68,1659.48,2025-02-27,2025-10-07,3566.58,222,23.26,7133.16,High Value
6780,Zainab Memon,1,6,7131.0,4898.76,2232.24,2024-07-11,2024-07-11,7131.0,0,31.3,7131.0,High Value
5739,Ahmed Chaudhry,1,7,7130.13,5755.19,1374.94,2025-09-06,2025-09-06,7130.13,0,19.28,7130.13,High Value
6500,Usman Raza,2,7,7127.88,5942.47,1185.41,2023-11-05,2025-04-28,3563.94,540,16.63,7127.88,High Value
4913,Ali Qureshi,2,6,7124.58,4914.82,2209.76,2023-01-08,2025-03-09,3562.29,791,31.02,7124.58,High Value
3339,Danish Malik,2,6,7119.98,5713.6,1406.38,2023-01-01,2024-04-10,3559.99,465,19.75,7119.98,High Value
9479,Maryam Malik,3,10,7114.03,5495.89,1618.14,2023-09-16,2025-06-28,2371.34,651,22.75,7114.03,High Value
9773,Ahmed Memon,1,7,7112.07,4854.92,2257.15,2025-07-02,2025-07-02,7112.07,0,31.74,7112.07,High Value
4294,Maham Raza,2,7,7110.46,4937.67,2172.79,2023-03-03,2025-02-17,3555.23,717,30.56,7110.46,High Value
4162,Maryam Malik,1,6,7103.64,5228.82,1874.82,2025-05-14,2025-05-14,7103.64,0,26.39,7103.64,High Value
6269,Fatima Khan,1,5,7101.05,6031.35,1069.7,2024-11-20,2024-11-20,7101.05,0,15.06,7101.05,High Value
9002,Hassan Shah,1,5,7099.65,5005.35,2094.3,2022-01-04,2022-01-04,7099.65,0,29.5,7099.65,High Value
1613,Maryam Buriro,2,7,7097.09,5527.76,1569.33,2025-09-25,2026-02-21,3548.54,149,22.11,7097.09,High Value
8951,Usman Malik,1,7,7095.62,5842.9,1252.72,2026-02-18,2026-02-18,7095.62,0,17.65,7095.62,High Value
7184,Omar Qureshi,1,5,7090.35,6644.2,446.15,2024-04-01,2024-04-01,7090.35,0,6.29,7090.35,High Value
7027,Bilal Raza,2,5,7084.5,5412.29,1672.21,2022-05-09,2023-11-19,3542.25,559,23.6,7084.5,High Value
7826,Maryam Shah,2,8,7076.78,4574.89,2501.89,2022-04-11,2026-05-09,3538.39,1489,35.35,7076.78,High Value
5357,Maryam Raza,1,7,7069.72,6914.67,155.05,2023-10-29,2023-10-29,7069.72,0,2.19,7069.72,High Value
8965,Maryam Qureshi,2,4,7068.34,5695.36,1372.98,2025-07-13,2025-12-01,3534.17,141,19.42,7068.34,High Value
9378,Ali Ahmed,1,7,7068.32,5785.15,1283.17,2025-07-06,2025-07-06,7068.32,0,18.15,7068.32,High Value
8289,Ahmed Qureshi,1,6,7066.92,6411.96,654.96,2024-11-22,2024-11-22,7066.92,0,9.27,7066.92,High Value
5775,Hamza Shah,1,4,7065.2,5866.84,1198.36,2025-11-17,2025-11-17,7065.2,0,16.96,7065.2,High Value
9447,Hassan Raza,1,5,7064.55,5327.8,1736.75,2025-05-05,2025-05-05,7064.55,0,24.58,7064.55,High Value
5561,Bilal Chaudhry,2,12,7058.98,6033.58,1025.4,2023-01-13,2024-02-23,3529.49,406,14.53,7058.98,High Value
3285,Hussain Ahmed,1,7,7057.82,6260.94,796.88,2023-06-09,2023-06-09,7057.82,0,11.29,7057.82,High Value
371,Danish Buriro,1,6,7055.46,6608.4,447.06,2024-05-06,2024-05-06,7055.46,0,6.34,7055.46,High Value
8566,Fatima Qureshi,2,9,7054.1,6045.8,1008.3,2023-02-20,2025-07-18,3527.05,879,14.29,7054.1,High Value
3583,Maryam Siddiqui,3,8,7053.21,4945.89,2107.32,2022-10-17,2026-06-03,2351.07,1325,29.88,7053.21,High Value
7372,Ali Mirza,1,4,7053.04,5710.6,1342.44,2025-04-29,2025-04-29,7053.04,0,19.03,7053.04,High Value
6797,Zainab Buriro,2,12,7052.7,5911.74,1140.96,2024-01-11,2024-09-06,3526.35,239,16.18,7052.7,High Value
2206,Hassan Raza,1,7,7051.45,5667.2,1384.25,2024-11-30,2024-11-30,7051.45,0,19.63,7051.45,High Value
10,Danish Siddiqui,1,6,7051.38,4684.14,2367.24,2022-02-15,2022-02-15,7051.38,0,33.57,7051.38,High Value
9360,Maham Ali,1,6,7043.7,5761.2,1282.5,2025-12-20,2025-12-20,7043.7,0,18.21,7043.7,High Value
5185,Hamza Khan,2,13,7043.5,5564.64,1478.86,2022-09-05,2024-09-15,3521.75,741,21.0,7043.5,High Value
1192,Imran Qureshi,2,10,7038.74,5925.0,1113.74,2024-11-10,2026-07-31,3519.37,628,15.82,7038.74,High Value
5664,Hassan Ali,2,8,7034.0,5631.6,1402.4,2022-10-29,2022-12-02,3517.0,34,19.94,7034.0,High Value
9745,Sara Mirza,1,7,7030.03,4711.0,2319.03,2024-06-01,2024-06-01,7030.03,0,32.99,7030.03,High Value
6836,Imran Ahmed,2,10,7029.61,5411.35,1618.26,2023-05-04,2023-05-14,3514.8,10,23.02,7029.61,High Value
291,Ahmed Mirza,1,5,7027.95,5866.7,1161.25,2023-02-22,2023-02-22,7027.95,0,16.52,7027.95,High Value
9407,Maham Sheikh,1,7,7023.38,5713.12,1310.26,2025-04-28,2025-04-28,7023.38,0,18.66,7023.38,High Value
3156,Fatima Malik,1,5,7021.7,6947.1,74.6,2022-09-13,2022-09-13,7021.7,0,1.06,7021.7,High Value
1054,Maham Ahmed,1,5,7021.5,6333.15,688.35,2022-02-07,2022-02-07,7021.5,0,9.8,7021.5,High Value
4470,Fahad Shah,1,6,7021.26,4519.62,2501.64,2022-09-03,2022-09-03,7021.26,0,35.63,7021.26,High Value
102,Fatima Memon,1,5,7019.4,4545.75,2473.65,2026-01-15,2026-01-15,7019.4,0,35.24,7019.4,High Value
2757,Imran Chaudhry,2,9,7019.1,4563.79,2455.31,2023-06-20,2026-05-17,3509.55,1062,34.98,7019.1,High Value
2234,Maham Iqbal,1,5,7012.6,4910.5,2102.1,2022-01-03,2022-01-03,7012.6,0,29.98,7012.6,High Value
7773,Maham Ali,2,7,7011.39,5269.26,1742.13,2022-07-11,2025-12-18,3505.7,1256,24.85,7011.39,High Value
671,Zainab Ahmed,1,4,7008.68,4802.32,2206.36,2025-01-27,2025-01-27,7008.68,0,31.48,7008.68,High Value
7237,Saad Qureshi,1,7,7007.49,6355.44,652.05,2024-10-01,2024-10-01,7007.49,0,9.31,7007.49,High Value
3274,Hira Memon,1,6,7004.94,5056.02,1948.92,2023-03-27,2023-03-27,7004.94,0,27.82,7004.94,High Value
1369,Sana Ahmed,1,4,7003.68,5262.44,1741.24,2025-07-11,2025-07-11,7003.68,0,24.86,7003.68,High Value
5566,Maham Shah,2,8,6989.56,6019.24,970.32,2023-07-09,2025-03-17,3494.78,617,13.88,6989.56,High Value
2656,Imran Chaudhry,1,6,6985.32,5770.68,1214.64,2025-08-22,2025-08-22,6985.32,0,17.39,6985.32,High Value
4060,Ayesha Mirza,2,8,6983.74,4971.35,2012.39,2022-04-29,2024-02-04,3491.87,646,28.82,6983.74,High Value
4733,Hassan Qureshi,1,5,6983.15,6628.3,354.85,2022-04-03,2022-04-03,6983.15,0,5.08,6983.15,High Value
8757,Usman Malik,3,7,6977.18,4318.92,2658.26,2022-05-14,2025-03-06,2325.73,1027,38.1,6977.18,High Value
4879,Hamza Qureshi,3,7,6969.61,6048.07,921.54,2023-03-08,2025-12-06,2323.2,1004,13.22,6969.61,High Value
8503,Maham Ahmed,1,6,6966.6,5945.7,1020.9,2023-04-12,2023-04-12,6966.6,0,14.65,6966.6,High Value
7623,Fatima Ali,1,4,6966.2,5298.72,1667.48,2023-05-12,2023-05-12,6966.2,0,23.94,6966.2,High Value
3699,Fatima Khan,2,6,6963.73,4851.22,2112.51,2023-05-28,2026-04-14,3481.86,1052,30.34,6963.73,High Value
8689,Hussain Khan,1,5,6957.55,6725.65,231.9,2025-07-19,2025-07-19,6957.55,0,3.33,6957.55,High Value
8966,Hussain Ahmed,2,9,6948.5,6390.4,558.1,2023-01-08,2025-07-10,3474.25,914,8.03,6948.5,High Value
519,Imran Khan,2,7,6944.92,6566.17,378.75,2024-07-03,2025-11-12,3472.46,497,5.45,6944.92,High Value
7246,Sara Iqbal,1,5,6944.85,5847.95,1096.9,2023-10-23,2023-10-23,6944.85,0,15.79,6944.85,High Value
4358,Zainab Malik,3,7,6943.51,6083.13,860.38,2023-02-21,2024-10-30,2314.5,617,12.39,6943.51,High Value
1701,Danish Chaudhry,2,13,6939.49,5979.54,959.95,2023-01-15,2023-03-14,3469.74,58,13.83,6939.49,High Value
8102,Sara Ahmed,1,4,6939.04,5817.84,1121.2,2023-04-30,2023-04-30,6939.04,0,16.16,6939.04,High Value
8835,Danish Qureshi,1,7,6938.26,4537.68,2400.58,2025-12-26,2025-12-26,6938.26,0,34.6,6938.26,High Value
849,Fatima Ahmed,1,5,6937.75,5794.15,1143.6,2024-04-22,2024-04-22,6937.75,0,16.48,6937.75,High Value
7115,Maham Mirza,1,7,6934.62,4926.46,2008.16,2025-03-21,2025-03-21,6934.62,0,28.96,6934.62,High Value
6263,Hira Khan,1,7,6930.42,6509.3,421.12,2022-08-26,2022-08-26,6930.42,0,6.08,6930.42,High Value
886,Hamza Qureshi,1,5,6925.1,5909.3,1015.8,2022-12-06,2022-12-06,6925.1,0,14.67,6925.1,High Value
5795,Fahad Buriro,2,6,6917.1,5544.5,1372.6,2022-01-12,2025-03-10,3458.55,1153,19.84,6917.1,High Value
2082,Sana Shah,2,8,6915.28,5973.32,941.96,2022-12-12,2024-12-19,3457.64,738,13.62,6915.28,High Value
2617,Bilal Ahmed,1,4,6912.44,5852.08,1060.36,2025-08-04,2025-08-04,6912.44,0,15.34,6912.44,High Value
2599,Imran Iqbal,2,4,6909.85,4812.82,2097.03,2024-02-03,2025-07-14,3454.92,527,30.35,6909.85,High Value
4432,Danish Chaudhry,3,7,6908.13,6304.38,603.75,2022-01-02,2023-09-28,2302.71,634,8.74,6908.13,High Value
2330,Ayesha Sheikh,1,7,6908.02,6056.26,851.76,2026-08-20,2026-08-20,6908.02,0,12.33,6908.02,High Value
7253,Bilal Mirza,1,6,6903.78,5268.24,1635.54,2024-07-03,2024-07-03,6903.78,0,23.69,6903.78,High Value
8151,Sana Sheikh,1,6,6903.42,6489.18,414.24,2022-09-16,2022-09-16,6903.42,0,6.0,6903.42,High Value
7498,Sara Sheikh,2,6,6902.8,4580.71,2322.09,2023-02-12,2024-09-28,3451.4,594,33.64,6902.8,High Value
9425,Bilal Hussain,1,4,6897.68,5092.56,1805.12,2024-06-21,2024-06-21,6897.68,0,26.17,6897.68,High Value
3955,Hassan Ali,2,8,6895.74,6124.36,771.38,2023-10-24,2026-06-16,3447.87,966,11.19,6895.74,High Value
8849,Maham Buriro,1,7,6893.25,6743.24,150.01,2026-07-04,2026-07-04,6893.25,0,2.18,6893.25,High Value
8274,Sara Memon,3,9,6892.95,5694.35,1198.6,2022-01-27,2025-01-28,2297.65,1097,17.39,6892.95,High Value
3613,Zainab Hussain,1,5,6892.45,5199.2,1693.25,2024-12-25,2024-12-25,6892.45,0,24.57,6892.45,High Value
3951,Hassan Siddiqui,2,11,6891.32,5265.5,1625.82,2022-02-05,2026-04-10,3445.66,1525,23.59,6891.32,High Value
1082,Ayesha Chaudhry,2,7,6889.07,5777.87,1111.2,2023-05-24,2025-11-30,3444.54,921,16.13,6889.07,High Value
733,Fahad Ali,2,9,6889.03,4831.17,2057.86,2022-01-02,2024-12-24,3444.52,1087,29.87,6889.03,High Value
5062,Sara Ahmed,1,4,6883.4,5113.6,1769.8,2025-01-16,2025-01-16,6883.4,0,25.71,6883.4,High Value
8066,Omar Ahmed,1,5,6882.15,6124.5,757.65,2023-09-07,2023-09-07,6882.15,0,11.01,6882.15,High Value
1096,Omar Siddiqui,1,7,6879.95,5990.67,889.28,2023-01-14,2023-01-14,6879.95,0,12.93,6879.95,High Value
6917,Imran Qureshi,2,7,6878.77,5854.4,1024.37,2022-10-09,2024-06-05,3439.38,605,14.89,6878.77,High Value
4526,Ali Raza,2,4,6878.26,5246.58,1631.68,2025-04-24,2025-12-12,3439.13,232,23.72,6878.26,High Value
7160,Hassan Ahmed,1,5,6877.1,4667.8,2209.3,2025-12-31,2025-12-31,6877.1,0,32.13,6877.1,High Value
5338,Sara Hussain,1,5,6876.25,6043.5,832.75,2024-03-27,2024-03-27,6876.25,0,12.11,6876.25,High Value
3838,Saad Khan,3,11,6874.75,5506.65,1368.1,2022-02-10,2025-02-27,2291.58,1113,19.9,6874.75,High Value
5880,Saad Malik,1,4,6873.72,5659.0,1214.72,2025-12-09,2025-12-09,6873.72,0,17.67,6873.72,High Value
5845,Hussain Siddiqui,1,7,6871.41,6335.28,536.13,2022-03-25,2022-03-25,6871.41,0,7.8,6871.41,High Value
7673,Maham Iqbal,1,5,6870.7,4977.95,1892.75,2022-12-05,2022-12-05,6870.7,0,27.55,6870.7,High Value
7874,Danish Ali,2,8,6863.88,4534.4,2329.48,2023-07-17,2024-10-05,3431.94,446,33.94,6863.88,High Value
8724,Bilal Buriro,1,6,6862.8,6055.98,806.82,2024-04-07,2024-04-07,6862.8,0,11.76,6862.8,High Value
426,Saad Mirza,2,5,6860.42,6122.2,738.22,2022-04-28,2023-06-08,3430.21,406,10.76,6860.42,High Value
7229,Fahad Ahmed,1,4,6857.76,4459.44,2398.32,2022-11-17,2022-11-17,6857.76,0,34.97,6857.76,High Value
7696,Bilal Raza,1,7,6854.26,5034.82,1819.44,2024-03-02,2024-03-02,6854.26,0,26.54,6854.26,High Value
4099,Hamza Memon,1,5,6851.2,4540.25,2310.95,2024-04-11,2024-04-11,6851.2,0,33.73,6851.2,High Value
4209,Zainab Siddiqui,1,5,6851.05,5777.5,1073.55,2024-10-05,2024-10-05,6851.05,0,15.67,6851.05,High Value
7917,Sara Chaudhry,2,7,6848.23,4486.96,2361.27,2025-05-10,2026-06-14,3424.12,400,34.48,6848.23,High Value
6223,Bilal Raza,1,5,6847.95,5653.0,1194.95,2022-02-05,2022-02-05,6847.95,0,17.45,6847.95,High Value
4027,Ayesha Hussain,2,13,6842.68,6048.73,793.95,2022-02-25,2025-12-17,3421.34,1391,11.6,6842.68,High Value
4489,Maham Malik,2,9,6833.25,5378.85,1454.4,2024-05-14,2025-11-03,3416.62,538,21.28,6833.25,High Value
2321,Danish Khan,1,4,6829.4,5665.24,1164.16,2024-02-13,2024-02-13,6829.4,0,17.05,6829.4,High Value
3543,Zainab Chaudhry,1,4,6829.28,5799.44,1029.84,2022-08-30,2022-08-30,6829.28,0,15.08,6829.28,High Value
1165,Ali Ahmed,1,7,6829.2,5828.76,1000.44,2023-02-01,2023-02-01,6829.2,0,14.65,6829.2,High Value
6497,Hira Siddiqui,1,4,6827.72,5814.04,1013.68,2022-05-07,2022-05-07,6827.72,0,14.85,6827.72,High Value
6971,Sara Buriro,2,11,6824.68,5328.22,1496.46,2023-10-29,2026-02-18,3412.34,843,21.93,6824.68,High Value
7784,Imran Shah,1,6,6821.58,5491.26,1330.32,2025-09-05,2025-09-05,6821.58,0,19.5,6821.58,High Value
6956,Ali Sheikh,1,5,6816.3,5089.8,1726.5,2025-12-27,2025-12-27,6816.3,0,25.33,6816.3,High Value
7965,Fatima Ahmed,2,7,6814.81,5250.97,1563.84,2024-11-16,2026-04-10,3407.4,510,22.95,6814.81,High Value
3836,Ahmed Siddiqui,2,9,6813.24,4816.53,1996.71,2022-01-21,2024-09-12,3406.62,965,29.31,6813.24,High Value
5538,Usman Hussain,2,5,6811.6,6045.9,765.7,2024-05-19,2024-08-07,3405.8,80,11.24,6811.6,High Value
8160,Bilal Qureshi,1,5,6810.0,6231.6,578.4,2024-04-28,2024-04-28,6810.0,0,8.49,6810.0,High Value
1600,Saad Shah,2,9,6799.54,6160.43,639.11,2024-09-15,2026-03-14,3399.77,545,9.4,6799.54,High Value
8983,Hamza Hussain,3,17,6799.27,5541.67,1257.6,2023-07-14,2026-06-05,2266.42,1057,18.5,6799.27,High Value
3785,Omar Sheikh,1,4,6799.04,5438.4,1360.64,2026-03-17,2026-03-17,6799.04,0,20.01,6799.04,High Value
9010,Hira Khan,1,5,6797.35,6302.45,494.9,2022-06-13,2022-06-13,6797.35,0,7.28,6797.35,High Value
3464,Omar Malik,1,5,6795.55,5941.9,853.65,2025-09-28,2025-09-28,6795.55,0,12.56,6795.55,High Value
8152,Usman Sheikh,3,9,6786.09,5784.21,1001.88,2023-10-10,2024-06-04,2262.03,238,14.76,6786.09,High Value
3725,Sara Mirza,1,7,6785.73,6294.19,491.54,2025-04-12,2025-04-12,6785.73,0,7.24,6785.73,High Value
6291,Zainab Memon,1,7,6781.04,6285.44,495.6,2025-04-30,2025-04-30,6781.04,0,7.31,6781.04,High Value
6311,Fahad Ahmed,1,4,6777.08,4989.24,1787.84,2026-08-18,2026-08-18,6777.08,0,26.38,6777.08,High Value
6215,Imran Shah,2,6,6768.9,4903.17,1865.73,2022-05-03,2022-10-26,3384.45,176,27.56,6768.9,High Value
3831,Maryam Sheikh,2,8,6766.24,5013.62,1752.62,2025-10-19,2025-11-03,3383.12,15,25.9,6766.24,High Value
8555,Usman Buriro,1,7,6765.01,6402.06,362.95,2023-06-17,2023-06-17,6765.01,0,5.37,6765.01,High Value
8530,Sara Shah,1,5,6762.4,4971.65,1790.75,2023-08-13,2023-08-13,6762.4,0,26.48,6762.4,High Value
7669,Ayesha Hussain,3,7,6760.99,5614.38,1146.61,2022-07-13,2024-12-17,2253.66,888,16.96,6760.99,High Value
1283,Ayesha Siddiqui,1,7,6760.95,4777.5,1983.45,2024-05-23,2024-05-23,6760.95,0,29.34,6760.95,High Value
4783,Imran Chaudhry,2,4,6760.2,4663.44,2096.76,2022-06-13,2022-08-12,3380.1,60,31.02,6760.2,High Value
2467,Fahad Mirza,1,7,6753.6,6007.75,745.85,2022-03-12,2022-03-12,6753.6,0,11.04,6753.6,High Value
1924,Maham Qureshi,2,5,6745.91,5685.9,1060.01,2026-02-11,2026-07-18,3372.95,157,15.71,6745.91,High Value
8263,Maham Mirza,2,11,6743.03,5535.71,1207.32,2023-10-26,2023-12-28,3371.52,63,17.9,6743.03,High Value
2569,Fatima Hussain,1,7,6739.04,5436.97,1302.07,2023-10-18,2023-10-18,6739.04,0,19.32,6739.04,High Value
7098,Bilal Qureshi,2,10,6736.3,5502.82,1233.48,2022-08-02,2026-07-10,3368.15,1438,18.31,6736.3,High Value
8596,Hamza Buriro,2,8,6734.29,5393.41,1340.88,2023-01-11,2025-04-19,3367.14,829,19.91,6734.29,High Value
5859,Ayesha Raza,2,5,6731.43,4854.83,1876.6,2022-10-24,2023-12-01,3365.72,403,27.88,6731.43,High Value
6826,Omar Raza,1,4,6729.92,4564.88,2165.04,2026-02-02,2026-02-02,6729.92,0,32.17,6729.92,High Value
2284,Sara Memon,1,6,6729.54,5030.28,1699.26,2023-06-01,2023-06-01,6729.54,0,25.25,6729.54,High Value
8925,Hira Siddiqui,1,4,6726.64,5719.64,1007.0,2024-03-07,2024-03-07,6726.64,0,14.97,6726.64,High Value
8824,Maham Buriro,1,7,6725.88,4286.94,2438.94,2025-11-05,2025-11-05,6725.88,0,36.26,6725.88,High Value
9289,Saad Siddiqui,1,6,6722.82,4936.98,1785.84,2023-04-24,2023-04-24,6722.82,0,26.56,6722.82,High Value
695,Fahad Chaudhry,2,6,6722.79,5964.24,758.55,2023-12-28,2025-05-14,3361.4,503,11.28,6722.79,High Value
2117,Maryam Shah,1,6,6719.34,4895.58,1823.76,2023-12-23,2023-12-23,6719.34,0,27.14,6719.34,High Value
5063,Imran Malik,1,4,6719.04,5559.88,1159.16,2026-02-08,2026-02-08,6719.04,0,17.25,6719.04,High Value
6894,Maham Shah,1,7,6718.39,5430.39,1288.0,2025-07-27,2025-07-27,6718.39,0,19.17,6718.39,High Value
9618,Hira Ali,2,10,6718.04,5150.28,1567.76,2025-08-10,2026-06-22,3359.02,316,23.34,6718.04,High Value
522,Ayesha Qureshi,1,3,6715.53,4488.6,2226.93,2022-04-29,2022-04-29,6715.53,0,33.16,6715.53,High Value
7418,Hassan Chaudhry,1,7,6714.82,6654.06,60.76,2026-04-26,2026-04-26,6714.82,0,0.9,6714.82,High Value
1746,Hassan Hussain,2,8,6713.76,4741.96,1971.8,2026-06-08,2026-07-23,3356.88,45,29.37,6713.76,High Value
6076,Hassan Sheikh,1,5,6709.25,5065.35,1643.9,2024-09-11,2024-09-11,6709.25,0,24.5,6709.25,High Value
7852,Hira Mirza,1,5,6707.35,6183.35,524.0,2023-05-04,2023-05-04,6707.35,0,7.81,6707.35,High Value
7292,Usman Malik,1,6,6706.8,5131.08,1575.72,2025-05-16,2025-05-16,6706.8,0,23.49,6706.8,High Value
1896,Hassan Ahmed,3,7,6702.94,4699.03,2003.91,2022-04-27,2024-09-10,2234.31,867,29.9,6702.94,High Value
9096,Danish Raza,2,11,6696.47,4464.49,2231.98,2022-07-17,2026-06-08,3348.24,1422,33.33,6696.47,High Value
4744,Omar Malik,1,7,6695.85,4796.82,1899.03,2024-11-11,2024-11-11,6695.85,0,28.36,6695.85,High Value
1809,Ahmed Siddiqui,3,8,6695.15,5600.99,1094.16,2022-08-09,2024-09-21,2231.72,774,16.34,6695.15,High Value
7435,Fahad Khan,2,9,6693.83,5396.67,1297.16,2025-01-30,2026-01-19,3346.92,354,19.38,6693.83,High Value
198,Sara Chaudhry,2,10,6688.86,6194.8,494.06,2022-10-29,2025-05-14,3344.43,928,7.39,6688.86,High Value
5895,Zainab Khan,2,8,6682.4,5164.88,1517.52,2023-12-13,2025-05-04,3341.2,508,22.71,6682.4,High Value
2551,Sana Raza,1,7,6682.06,5120.92,1561.14,2024-02-05,2024-02-05,6682.06,0,23.36,6682.06,High Value
9947,Sara Mirza,2,7,6680.78,4274.5,2406.28,2025-08-30,2025-12-11,3340.39,103,36.02,6680.78,High Value
2447,Ahmed Khan,1,5,6680.6,5560.6,1120.0,2024-07-04,2024-07-04,6680.6,0,16.76,6680.6,High Value
2389,Hamza Buriro,1,5,6680.1,5199.2,1480.9,2023-03-07,2023-03-07,6680.1,0,22.17,6680.1,High Value
8674,Fatima Ahmed,1,7,6679.68,5160.96,1518.72,2023-03-23,2023-03-23,6679.68,0,22.74,6679.68,High Value
403,Sara Buriro,1,7,6678.28,6688.08,-9.8,2022-02-16,2022-02-16,6678.28,0,-0.15,6678.28,High Value
1384,Omar Iqbal,1,4,6673.32,5728.96,944.36,2024-07-17,2024-07-17,6673.32,0,14.15,6673.32,High Value
4671,Hira Ahmed,3,8,6671.97,5326.53,1345.44,2022-05-11,2024-05-22,2223.99,742,20.17,6671.97,High Value
6767,Ali Mirza,1,4,6668.4,4629.6,2038.8,2026-08-06,2026-08-06,6668.4,0,30.57,6668.4,High Value
1949,Zainab Khan,2,9,6667.37,5445.68,1221.69,2025-02-19,2026-03-09,3333.68,383,18.32,6667.37,High Value
8056,Ali Raza,1,4,6667.24,4985.36,1681.88,2026-05-07,2026-05-07,6667.24,0,25.23,6667.24,High Value
6397,Fatima Buriro,1,5,6666.7,4552.5,2114.2,2025-10-26,2025-10-26,6666.7,0,31.71,6666.7,High Value
9892,Maham Sheikh,1,6,6665.28,6165.18,500.1,2026-03-29,2026-03-29,6665.28,0,7.5,6665.28,High Value
1070,Zainab Siddiqui,1,6,6660.18,4683.72,1976.46,2022-11-26,2022-11-26,6660.18,0,29.68,6660.18,High Value
611,Maryam Raza,2,10,6659.12,5882.13,776.99,2023-04-28,2026-05-23,3329.56,1121,11.67,6659.12,High Value
3074,Zainab Memon,1,4,6657.48,4532.6,2124.88,2022-02-15,2022-02-15,6657.48,0,31.92,6657.48,High Value
9666,Fahad Buriro,1,4,6654.2,5897.68,756.52,2024-08-08,2024-08-08,6654.2,0,11.37,6654.2,High Value
451,Ali Khan,1,5,6651.6,5005.35,1646.25,2026-07-09,2026-07-09,6651.6,0,24.75,6651.6,High Value
6490,Bilal Iqbal,2,8,6649.64,4943.48,1706.16,2022-10-22,2023-03-14,3324.82,143,25.66,6649.64,High Value
8130,Saad Siddiqui,1,7,6647.76,5789.14,858.62,2022-07-28,2022-07-28,6647.76,0,12.92,6647.76,High Value
2685,Hira Malik,1,4,6646.56,5001.92,1644.64,2024-03-30,2024-03-30,6646.56,0,24.74,6646.56,High Value
9416,Maham Raza,1,5,6637.5,6083.45,554.05,2022-01-19,2022-01-19,6637.5,0,8.35,6637.5,High Value
9561,Maryam Memon,4,15,6633.61,5074.63,1558.98,2022-01-09,2025-07-31,1658.4,1299,23.5,6633.61,High Value
821,Sara Khan,3,4,6631.17,4434.58,2196.59,2025-02-02,2026-07-14,2210.39,527,33.13,6631.17,High Value
302,Sara Ahmed,2,7,6623.23,5240.02,1383.21,2022-05-17,2023-09-01,3311.62,472,20.88,6623.23,High Value
7605,Ayesha Chaudhry,3,5,6622.31,4483.74,2138.57,2023-05-23,2026-06-19,2207.44,1123,32.29,6622.31,High Value
6399,Ali Raza,1,6,6621.36,6018.72,602.64,2022-06-08,2022-06-08,6621.36,0,9.1,6621.36,High Value
3671,Fahad Qureshi,2,11,6620.33,5997.71,622.62,2025-06-15,2026-07-05,3310.16,385,9.4,6620.33,High Value
6951,Saad Raza,1,5,6615.85,5554.55,1061.3,2022-02-10,2022-02-10,6615.85,0,16.04,6615.85,High Value
9232,Maryam Buriro,1,7,6614.37,4886.98,1727.39,2025-10-04,2025-10-04,6614.37,0,26.12,6614.37,High Value
1025,Maham Hussain,1,5,6614.25,5642.55,971.7,2024-04-22,2024-04-22,6614.25,0,14.69,6614.25,High Value
7621,Zainab Malik,3,5,6613.08,4745.55,1867.53,2022-07-12,2024-07-19,2204.36,738,28.24,6613.08,High Value
8194,Maryam Chaudhry,2,10,6611.3,6657.6,-46.3,2022-09-29,2026-04-27,3305.65,1306,-0.7,6611.3,High Value
3069,Hassan Memon,1,7,6605.34,6111.21,494.13,2024-12-18,2024-12-18,6605.34,0,7.48,6605.34,High Value
221,Saad Malik,2,5,6602.56,5334.74,1267.82,2022-01-11,2025-01-06,3301.28,1091,19.2,6602.56,High Value
8584,Hamza Khan,1,7,6600.23,6158.81,441.42,2023-06-04,2023-06-04,6600.23,0,6.69,6600.23,High Value
481,Hussain Siddiqui,2,8,6598.91,6366.75,232.16,2023-10-03,2026-04-23,3299.46,933,3.52,6598.91,High Value
9069,Sara Memon,1,5,6593.85,5673.6,920.25,2026-02-26,2026-02-26,6593.85,0,13.96,6593.85,High Value
1712,Maryam Qureshi,2,9,6592.56,4784.04,1808.52,2022-05-05,2024-02-08,3296.28,644,27.43,6592.56,High Value
7120,Bilal Hussain,1,3,6591.3,4022.43,2568.87,2025-05-14,2025-05-14,6591.3,0,38.97,6591.3,High Value
6641,Hira Khan,2,7,6590.65,6476.4,114.25,2022-03-08,2022-09-12,3295.32,188,1.73,6590.65,High Value
1140,Omar Memon,1,4,6587.12,4731.52,1855.6,2022-03-22,2022-03-22,6587.12,0,28.17,6587.12,High Value
4206,Imran Buriro,1,5,6584.1,6078.4,505.7,2024-01-07,2024-01-07,6584.1,0,7.68,6584.1,High Value
2744,Usman Buriro,2,4,6578.04,4989.15,1588.89,2022-10-01,2024-09-25,3289.02,725,24.15,6578.04,High Value
3329,Fahad Sheikh,1,5,6575.75,5470.55,1105.2,2022-07-02,2022-07-02,6575.75,0,16.81,6575.75,High Value
8159,Maham Shah,1,4,6575.08,5991.72,583.36,2022-11-18,2022-11-18,6575.08,0,8.87,6575.08,High Value
2961,Hassan Buriro,2,9,6574.85,4652.03,1922.82,2024-12-25,2026-04-16,3287.42,477,29.25,6574.85,High Value
2986,Sara Shah,2,6,6569.1,5686.8,882.3,2022-01-17,2022-11-30,3284.55,317,13.43,6569.1,High Value
5945,Fahad Khan,1,4,6566.6,4354.96,2211.64,2022-06-24,2022-06-24,6566.6,0,33.68,6566.6,High Value
2080,Hussain Khan,1,5,6566.05,6785.0,-218.95,2023-10-29,2023-10-29,6566.05,0,-3.33,6566.05,High Value
2833,Zainab Siddiqui,1,6,6560.34,5465.82,1094.52,2022-04-09,2022-04-09,6560.34,0,16.68,6560.34,High Value
8812,Omar Iqbal,1,7,6558.51,4848.55,1709.96,2026-04-26,2026-04-26,6558.51,0,26.07,6558.51,High Value
1566,Omar Siddiqui,1,4,6557.76,5002.0,1555.76,2026-05-16,2026-05-16,6557.76,0,23.72,6557.76,High Value
8928,Sara Iqbal,3,11,6557.57,5695.69,861.88,2023-01-28,2024-03-12,2185.86,409,13.14,6557.57,High Value
1682,Ali Mirza,2,10,6552.26,5215.39,1336.87,2022-08-23,2022-09-09,3276.13,17,20.4,6552.26,High Value
4202,Ahmed Mirza,1,6,6547.14,4805.04,1742.1,2026-01-23,2026-01-23,6547.14,0,26.61,6547.14,High Value
4538,Ayesha Mirza,1,4,6545.12,5925.64,619.48,2023-09-24,2023-09-24,6545.12,0,9.46,6545.12,High Value
6278,Hira Hussain,3,6,6543.48,6032.66,510.82,2022-07-06,2026-01-08,2181.16,1282,7.81,6543.48,High Value
6163,Imran Qureshi,1,4,6540.4,4681.92,1858.48,2023-09-20,2023-09-20,6540.4,0,28.42,6540.4,High Value
1873,Usman Iqbal,1,6,6539.76,5193.84,1345.92,2026-02-27,2026-02-27,6539.76,0,20.58,6539.76,High Value
6123,Hassan Memon,1,4,6537.12,5845.28,691.84,2026-04-25,2026-04-25,6537.12,0,10.58,6537.12,High Value
7410,Zainab Shah,1,4,6536.68,4641.16,1895.52,2024-07-13,2024-07-13,6536.68,0,29.0,6536.68,High Value
1016,Sana Ahmed,2,5,6532.25,5123.81,1408.44,2023-03-01,2024-03-09,3266.12,374,21.56,6532.25,High Value
2935,Imran Memon,2,7,6528.83,4809.75,1719.08,2022-12-25,2023-09-04,3264.42,253,26.33,6528.83,High Value
9809,Ali Siddiqui,1,4,6523.24,5329.92,1193.32,2022-01-26,2022-01-26,6523.24,0,18.29,6523.24,High Value
8036,Sara Mirza,1,5,6517.1,4740.35,1776.75,2025-08-19,2025-08-19,6517.1,0,27.26,6517.1,High Value
9793,Bilal Khan,1,5,6511.3,4281.55,2229.75,2022-09-14,2022-09-14,6511.3,0,34.24,6511.3,High Value
9327,Fatima Sheikh,1,4,6504.76,4869.4,1635.36,2025-06-08,2025-06-08,6504.76,0,25.14,6504.76,High Value
4387,Zainab Malik,2,10,6502.04,4610.18,1891.86,2022-09-11,2022-12-21,3251.02,101,29.1,6502.04,High Value
7079,Omar Ali,1,4,6498.88,4952.96,1545.92,2025-12-29,2025-12-29,6498.88,0,23.79,6498.88,High Value
3483,Ahmed Mirza,1,5,6498.65,4749.25,1749.4,2025-07-19,2025-07-19,6498.65,0,26.92,6498.65,High Value
8947,Imran Khan,1,5,6497.0,6634.0,-137.0,2023-11-18,2023-11-18,6497.0,0,-2.11,6497.0,High Value
7895,Imran Qureshi,2,9,6493.42,4353.34,2140.08,2022-07-05,2023-07-08,3246.71,368,32.96,6493.42,High Value
6655,Bilal Sheikh,1,5,6491.65,5853.2,638.45,2022-11-05,2022-11-05,6491.65,0,9.83,6491.65,High Value
6817,Maham Hussain,1,7,6484.66,6735.05,-250.39,2025-09-23,2025-09-23,6484.66,0,-3.86,6484.66,High Value
7416,Omar Mirza,2,12,6484.18,6145.69,338.49,2023-12-20,2024-03-07,3242.09,78,5.22,6484.18,High Value
3549,Hussain Ali,1,4,6481.16,4449.56,2031.6,2026-02-11,2026-02-11,6481.16,0,31.35,6481.16,High Value
7390,Fatima Shah,2,9,6474.51,5565.75,908.76,2025-01-18,2025-03-31,3237.26,72,14.04,6474.51,High Value
6416,Imran Ahmed,1,5,6469.85,6258.95,210.9,2025-12-13,2025-12-13,6469.85,0,3.26,6469.85,High Value
8517,Maryam Chaudhry,2,8,6462.97,4654.42,1808.55,2023-05-07,2024-05-14,3231.48,373,27.98,6462.97,High Value
6979,Maham Buriro,1,5,6462.2,4624.85,1837.35,2026-06-29,2026-06-29,6462.2,0,28.43,6462.2,High Value
7562,Ahmed Malik,1,6,6454.32,6034.86,419.46,2022-04-11,2022-04-11,6454.32,0,6.5,6454.32,High Value
1753,Ali Chaudhry,1,3,6452.64,4124.4,2328.24,2022-11-25,2022-11-25,6452.64,0,36.08,6452.64,High Value
8257,Zainab Buriro,1,5,6451.7,5349.7,1102.0,2024-04-05,2024-04-05,6451.7,0,17.08,6451.7,High Value
5851,Hira Iqbal,1,5,6451.4,4860.75,1590.65,2026-04-11,2026-04-11,6451.4,0,24.66,6451.4,High Value
9765,Imran Siddiqui,3,16,6451.19,5006.75,1444.44,2024-04-18,2026-06-09,2150.4,782,22.39,6451.19,High Value
4545,Hassan Qureshi,1,6,6450.0,4957.62,1492.38,2024-07-22,2024-07-22,6450.0,0,23.14,6450.0,High Value
7125,Usman Malik,2,10,6445.88,5437.48,1008.4,2023-11-08,2025-03-02,3222.94,480,15.64,6445.88,High Value
3878,Hussain Iqbal,3,10,6444.24,5843.74,600.5,2022-08-29,2024-12-07,2148.08,831,9.32,6444.24,High Value
9544,Fatima Sheikh,1,4,6443.24,4547.36,1895.88,2023-04-29,2023-04-29,6443.24,0,29.42,6443.24,High Value
3214,Saad Raza,2,4,6441.84,4533.72,1908.12,2023-05-08,2023-07-01,3220.92,54,29.62,6441.84,High Value
9123,Maham Chaudhry,1,4,6431.48,4365.16,2066.32,2026-01-15,2026-01-15,6431.48,0,32.13,6431.48,High Value
239,Danish Khan,1,4,6425.68,5192.08,1233.6,2025-05-11,2025-05-11,6425.68,0,19.2,6425.68,High Value
8501,Imran Khan,1,4,6421.44,5616.44,805.0,2026-06-12,2026-06-12,6421.44,0,12.54,6421.44,High Value
1626,Hamza Buriro,2,6,6418.28,5034.8,1383.48,2025-03-15,2026-04-15,3209.14,396,21.56,6418.28,High Value
5929,Maryam Chaudhry,1,4,6417.04,4712.28,1704.76,2026-08-21,2026-08-21,6417.04,0,26.57,6417.04,High Value
8557,Omar Memon,2,9,6414.15,4165.83,2248.32,2023-02-19,2023-09-21,3207.08,214,35.05,6414.15,High Value
8913,Bilal Hussain,1,5,6413.55,5571.5,842.05,2025-03-08,2025-03-08,6413.55,0,13.13,6413.55,High Value
484,Maryam Malik,1,4,6413.24,4497.2,1916.04,2023-01-05,2023-01-05,6413.24,0,29.88,6413.24,High Value
3262,Hussain Memon,2,8,6410.01,4259.16,2150.85,2022-07-13,2024-02-02,3205.0,569,33.55,6410.01,High Value
1490,Bilal Sheikh,2,5,6409.65,4694.29,1715.36,2022-03-30,2022-04-15,3204.82,16,26.76,6409.65,High Value
3716,Fahad Mirza,1,4,6408.56,4827.8,1580.76,2022-05-13,2022-05-13,6408.56,0,24.67,6408.56,High Value
8803,Sara Ali,1,4,6407.28,5355.0,1052.28,2024-11-30,2024-11-30,6407.28,0,16.42,6407.28,High Value
5755,Hussain Ali,3,6,6406.82,5118.38,1288.44,2023-01-25,2024-06-22,2135.61,514,20.11,6406.82,High Value
959,Bilal Sheikh,3,9,6406.62,5149.45,1257.17,2023-07-14,2026-08-21,2135.54,1134,19.62,6406.62,High Value
8553,Bilal Buriro,1,4,6398.88,4466.52,1932.36,2026-02-21,2026-02-21,6398.88,0,30.2,6398.88,High Value
9572,Ali Hussain,1,7,6387.29,5551.28,836.01,2024-07-16,2024-07-16,6387.29,0,13.09,6387.29,High Value
6721,Danish Qureshi,1,4,6386.36,4741.48,1644.88,2026-03-13,2026-03-13,6386.36,0,25.76,6386.36,High Value
3605,Ayesha Iqbal,1,4,6380.68,5180.28,1200.4,2024-10-31,2024-10-31,6380.68,0,18.81,6380.68,High Value
3080,Maham Malik,2,9,6380.5,6436.35,-55.85,2023-11-24,2026-06-24,3190.25,943,-0.88,6380.5,High Value
6178,Sana Qureshi,2,5,6379.68,4577.41,1802.27,2023-01-02,2026-02-07,3189.84,1132,28.25,6379.68,High Value
871,Ayesha Buriro,2,7,6378.35,5413.02,965.33,2022-10-29,2026-02-18,3189.18,1208,15.13,6378.35,High Value
6552,Omar Shah,2,14,6375.53,5839.19,536.34,2024-02-20,2024-07-23,3187.76,154,8.41,6375.53,High Value
367,Imran Buriro,1,6,6371.58,4269.6,2101.98,2024-10-30,2024-10-30,6371.58,0,32.99,6371.58,High Value
6779,Usman Qureshi,3,11,6369.24,6116.73,252.51,2024-06-12,2024-12-01,2123.08,172,3.96,6369.24,High Value
328,Sana Sheikh,2,8,6369.02,4196.97,2172.05,2022-07-23,2024-05-25,3184.51,672,34.1,6369.02,High Value
512,Fahad Mirza,1,4,6366.92,4711.64,1655.28,2022-11-20,2022-11-20,6366.92,0,26.0,6366.92,High Value
5453,Zainab Buriro,1,4,6366.52,5301.44,1065.08,2024-06-26,2024-06-26,6366.52,0,16.73,6366.52,High Value
4057,Hussain Malik,2,5,6359.88,4900.65,1459.23,2025-02-10,2025-07-20,3179.94,160,22.94,6359.88,High Value
8332,Ahmed Hussain,5,15,6359.0,5149.21,1209.79,2022-04-30,2025-06-12,1271.8,1139,19.02,6359.0,High Value
1800,Bilal Hussain,1,3,6357.81,4479.03,1878.78,2022-12-17,2022-12-17,6357.81,0,29.55,6357.81,High Value
355,Fatima Siddiqui,3,14,6356.83,4817.87,1538.96,2024-09-27,2026-03-03,2118.94,522,24.21,6356.83,High Value
3763,Ayesha Ali,2,10,6356.35,4609.9,1746.45,2025-04-08,2025-07-14,3178.18,97,27.48,6356.35,High Value
9030,Maryam Ali,2,9,6354.28,5845.64,508.64,2024-08-04,2024-08-12,3177.14,8,8.0,6354.28,High Value
7660,Ayesha Raza,2,7,6354.01,4756.35,1597.66,2023-06-18,2024-01-20,3177.0,216,25.14,6354.01,High Value
2263,Danish Siddiqui,3,7,6352.38,5512.7,839.68,2022-10-11,2024-06-14,2117.46,612,13.22,6352.38,High Value
3681,Ahmed Buriro,1,7,6343.4,6076.0,267.4,2025-02-05,2025-02-05,6343.4,0,4.22,6343.4,High Value
1798,Usman Malik,4,14,6342.62,4602.08,1740.54,2022-01-13,2026-03-09,1585.66,1516,27.44,6342.62,High Value
8809,Bilal Chaudhry,2,10,6342.38,5626.44,715.94,2022-02-10,2024-12-07,3171.19,1031,11.29,6342.38,High Value
8357,Hassan Memon,1,4,6337.08,5799.28,537.8,2026-04-21,2026-04-21,6337.08,0,8.49,6337.08,High Value
7194,Ahmed Sheikh,3,7,6336.57,5781.71,554.86,2022-03-26,2024-11-10,2112.19,960,8.76,6336.57,High Value
4967,Ali Qureshi,1,7,6335.14,5941.11,394.03,2024-08-13,2024-08-13,6335.14,0,6.22,6335.14,High Value
3353,Fahad Khan,2,9,6322.38,5278.44,1043.94,2024-10-17,2026-01-06,3161.19,446,16.51,6322.38,High Value
9350,Sara Khan,1,3,6320.76,4403.07,1917.69,2024-01-12,2024-01-12,6320.76,0,30.34,6320.76,High Value
2180,Hira Iqbal,3,10,6318.32,4329.38,1988.94,2023-05-01,2025-08-26,2106.11,848,31.48,6318.32,High Value
6390,Omar Shah,3,12,6317.14,5850.32,466.82,2022-07-24,2025-06-26,2105.71,1068,7.39,6317.14,High Value
3642,Sara Khan,1,4,6314.64,5005.6,1309.04,2025-06-29,2025-06-29,6314.64,0,20.73,6314.64,High Value
5925,Hamza Raza,1,5,6314.15,5630.75,683.4,2022-07-07,2022-07-07,6314.15,0,10.82,6314.15,High Value
606,Maryam Buriro,1,6,6311.7,3998.58,2313.12,2022-01-18,2022-01-18,6311.7,0,36.65,6311.7,High Value
7649,Saad Malik,1,6,6310.26,5784.12,526.14,2023-11-24,2023-11-24,6310.26,0,8.34,6310.26,High Value
1374,Usman Mirza,2,6,6308.67,4438.38,1870.29,2026-05-04,2026-08-02,3154.34,90,29.65,6308.67,High Value
1214,Hussain Qureshi,2,5,6308.16,4361.3,1946.86,2022-04-20,2025-03-27,3154.08,1072,30.86,6308.16,High Value
4892,Saad Malik,2,5,6298.62,4464.47,1834.15,2025-07-20,2026-07-23,3149.31,368,29.12,6298.62,High Value
9600,Zainab Raza,1,4,6298.0,5475.72,822.28,2025-02-10,2025-02-10,6298.0,0,13.06,6298.0,High Value
805,Usman Ali,1,6,6295.32,5478.72,816.6,2023-04-16,2023-04-16,6295.32,0,12.97,6295.32,High Value
6968,Fahad Ahmed,1,5,6293.9,5166.6,1127.3,2022-01-27,2022-01-27,6293.9,0,17.91,6293.9,High Value
6486,Sara Chaudhry,1,4,6287.88,5763.08,524.8,2022-01-14,2022-01-14,6287.88,0,8.35,6287.88,High Value
9390,Saad Khan,2,7,6287.6,4971.5,1316.1,2025-03-03,2026-02-27,3143.8,361,20.93,6287.6,High Value
9785,Hassan Sheikh,1,5,6285.95,4169.55,2116.4,2026-08-08,2026-08-08,6285.95,0,33.67,6285.95,High Value
7043,Ayesha Ali,1,7,6284.39,4065.04,2219.35,2024-01-25,2024-01-25,6284.39,0,35.32,6284.39,High Value
6650,Hussain Malik,2,8,6282.64,4403.34,1879.3,2023-04-28,2024-10-30,3141.32,551,29.91,6282.64,High Value
3792,Hira Malik,2,5,6277.38,5713.23,564.15,2023-04-14,2026-04-04,3138.69,1086,8.99,6277.38,High Value
6147,Omar Buriro,2,4,6276.71,5267.67,1009.04,2023-04-12,2024-12-05,3138.36,603,16.08,6276.71,High Value
4395,Ali Qureshi,1,7,6270.11,4035.29,2234.82,2023-08-18,2023-08-18,6270.11,0,35.64,6270.11,High Value
8505,Ayesha Memon,1,5,6269.75,5279.75,990.0,2026-07-12,2026-07-12,6269.75,0,15.79,6269.75,High Value
3266,Ahmed Shah,2,5,6268.8,6028.17,240.63,2024-07-08,2024-11-23,3134.4,138,3.84,6268.8,High Value
8532,Ayesha Khan,1,5,6262.65,5971.1,291.55,2026-05-16,2026-05-16,6262.65,0,4.66,6262.65,High Value
4528,Saad Memon,1,5,6262.25,4574.4,1687.85,2026-02-23,2026-02-23,6262.25,0,26.95,6262.25,High Value
6742,Hassan Qureshi,2,7,6255.2,5983.13,272.07,2022-07-09,2024-02-21,3127.6,592,4.35,6255.2,High Value
9743,Hassan Raza,2,7,6252.72,6137.92,114.8,2024-03-16,2026-02-01,3126.36,687,1.84,6252.72,High Value
3898,Ali Siddiqui,2,5,6252.21,5162.43,1089.78,2022-03-19,2023-11-22,3126.1,613,17.43,6252.21,High Value
7449,Sana Sheikh,1,6,6251.76,4418.34,1833.42,2025-10-17,2025-10-17,6251.76,0,29.33,6251.76,High Value
7808,Hira Qureshi,1,3,6247.29,4493.22,1754.07,2023-11-16,2023-11-16,6247.29,0,28.08,6247.29,High Value
6181,Ali Khan,2,5,6245.27,4932.62,1312.65,2022-10-02,2022-11-04,3122.64,33,21.02,6245.27,High Value
3049,Hira Chaudhry,1,7,6244.91,4283.02,1961.89,2025-03-04,2025-03-04,6244.91,0,31.42,6244.91,High Value
683,Sana Khan,2,11,6244.35,4398.52,1845.83,2024-10-08,2026-01-30,3122.18,479,29.56,6244.35,High Value
8460,Sara Raza,2,4,6241.92,4511.66,1730.26,2024-05-24,2025-05-22,3120.96,363,27.72,6241.92,High Value
540,Ayesha Mirza,1,4,6238.44,5658.36,580.08,2024-02-02,2024-02-02,6238.44,0,9.3,6238.44,High Value
2987,Fatima Khan,1,6,6237.9,6142.38,95.52,2024-08-13,2024-08-13,6237.9,0,1.53,6237.9,High Value
8953,Fatima Malik,2,5,6234.84,5563.41,671.43,2022-12-06,2025-03-12,3117.42,827,10.77,6234.84,High Value
7287,Hamza Buriro,1,5,6231.45,4800.45,1431.0,2025-09-27,2025-09-27,6231.45,0,22.96,6231.45,High Value
4067,Hira Malik,2,8,6229.57,5156.38,1073.19,2022-08-19,2023-10-21,3114.78,428,17.23,6229.57,High Value
304,Hamza Sheikh,2,9,6229.11,4738.8,1490.31,2022-08-31,2023-02-23,3114.56,176,23.92,6229.11,High Value
1473,Danish Ali,2,4,6228.88,4482.94,1745.94,2022-11-24,2026-07-05,3114.44,1319,28.03,6228.88,High Value
9620,Imran Memon,1,5,6228.85,4536.35,1692.5,2022-07-03,2022-07-03,6228.85,0,27.17,6228.85,High Value
3302,Fatima Malik,2,5,6227.05,5190.82,1036.23,2023-06-25,2025-02-20,3113.52,606,16.64,6227.05,High Value
6108,Ali Ali,2,12,6226.27,4848.29,1377.98,2024-10-19,2025-11-09,3113.14,386,22.13,6226.27,High Value
3408,Omar Shah,1,4,6225.84,5318.28,907.56,2025-01-13,2025-01-13,6225.84,0,14.58,6225.84,High Value
8623,Hassan Ahmed,3,9,6223.17,4812.72,1410.45,2022-04-12,2024-09-10,2074.39,882,22.66,6223.17,High Value
6563,Hassan Ali,5,10,6217.36,5051.33,1166.03,2022-07-31,2025-03-29,1243.47,972,18.75,6217.36,High Value
4255,Ali Mirza,2,8,6213.94,4631.92,1582.02,2022-11-23,2023-09-12,3106.97,293,25.46,6213.94,High Value
4002,Bilal Qureshi,1,5,6211.25,4478.2,1733.05,2022-02-25,2022-02-25,6211.25,0,27.9,6211.25,High Value
8234,Hamza Hussain,1,5,6211.1,4278.8,1932.3,2025-11-30,2025-11-30,6211.1,0,31.11,6211.1,High Value
5792,Hassan Memon,1,4,6210.52,5636.44,574.08,2024-11-28,2024-11-28,6210.52,0,9.24,6210.52,High Value
4467,Sana Ahmed,1,5,6207.0,4093.9,2113.1,2022-02-10,2022-02-10,6207.0,0,34.04,6207.0,High Value
1017,Ahmed Memon,1,5,6206.65,6092.05,114.6,2023-06-29,2023-06-29,6206.65,0,1.85,6206.65,High Value
1159,Ahmed Siddiqui,2,7,6205.48,4272.73,1932.75,2024-12-23,2026-04-15,3102.74,478,31.15,6205.48,High Value
3649,Bilal Shah,2,6,6203.16,4733.58,1469.58,2024-01-23,2025-11-26,3101.58,673,23.69,6203.16,High Value
3140,Ali Qureshi,1,3,6201.3,4338.54,1862.76,2024-10-29,2024-10-29,6201.3,0,30.04,6201.3,High Value
3578,Ayesha Shah,1,4,6201.04,4864.4,1336.64,2024-03-06,2024-03-06,6201.04,0,21.56,6201.04,High Value
7468,Ali Ahmed,1,7,6198.08,4278.26,1919.82,2025-10-15,2025-10-15,6198.08,0,30.97,6198.08,High Value
8671,Ahmed Ali,2,8,6192.32,5372.72,819.6,2023-09-18,2025-05-05,3096.16,595,13.24,6192.32,High Value
7488,Danish Khan,1,3,6187.68,4120.95,2066.73,2026-03-06,2026-03-06,6187.68,0,33.4,6187.68,High Value
8081,Maryam Shah,2,4,6187.52,4112.14,2075.38,2024-11-05,2025-11-17,3093.76,377,33.54,6187.52,High Value
6111,Maryam Ali,1,5,6186.5,4633.3,1553.2,2022-02-25,2022-02-25,6186.5,0,25.11,6186.5,High Value
1112,Ali Siddiqui,3,10,6186.27,5235.82,950.45,2023-06-22,2025-09-19,2062.09,820,15.36,6186.27,High Value
5507,Ali Ahmed,3,8,6180.28,4819.38,1360.9,2023-09-13,2024-12-21,2060.09,465,22.02,6180.28,High Value
5249,Zainab Ali,1,5,6179.05,4281.55,1897.5,2023-10-17,2023-10-17,6179.05,0,30.71,6179.05,High Value
3429,Hira Chaudhry,3,12,6175.6,4490.38,1685.22,2024-01-14,2025-10-06,2058.53,631,27.29,6175.6,High Value
4795,Zainab Malik,1,7,6173.79,4887.96,1285.83,2023-06-24,2023-06-24,6173.79,0,20.83,6173.79,High Value
7799,Ali Qureshi,1,4,6172.56,5134.08,1038.48,2026-02-05,2026-02-05,6172.56,0,16.82,6172.56,High Value
601,Fahad Sheikh,2,4,6171.3,4769.8,1401.5,2022-04-01,2025-02-10,3085.65,1046,22.71,6171.3,High Value
6198,Maryam Ahmed,1,4,6170.36,4177.4,1992.96,2025-10-21,2025-10-21,6170.36,0,32.3,6170.36,High Value
9296,Zainab Qureshi,1,5,6168.1,4959.1,1209.0,2025-04-12,2025-04-12,6168.1,0,19.6,6168.1,High Value
7255,Hira Raza,2,10,6162.91,5921.32,241.59,2025-08-15,2026-04-23,3081.46,251,3.92,6162.91,High Value
3821,Maryam Buriro,1,7,6161.61,4811.45,1350.16,2023-07-08,2023-07-08,6161.61,0,21.91,6161.61,High Value
2230,Hassan Hussain,1,6,6161.04,5197.5,963.54,2023-03-02,2023-03-02,6161.04,0,15.64,6161.04,High Value
7888,Omar Shah,2,8,6160.32,5288.52,871.8,2023-06-02,2023-10-22,3080.16,142,14.15,6160.32,High Value
8760,Usman Ahmed,1,4,6160.28,5548.24,612.04,2023-01-13,2023-01-13,6160.28,0,9.94,6160.28,High Value
6701,Imran Shah,1,7,6160.0,5817.56,342.44,2025-12-13,2025-12-13,6160.0,0,5.56,6160.0,High Value
9578,Hussain Memon,3,12,6158.77,4505.57,1653.2,2023-06-17,2026-01-31,2052.92,959,26.84,6158.77,High Value
2770,Danish Iqbal,2,7,6157.49,5244.48,913.01,2022-11-27,2023-09-04,3078.74,281,14.83,6157.49,High Value
6031,Ayesha Qureshi,1,4,6157.2,5338.72,818.48,2024-10-06,2024-10-06,6157.2,0,13.29,6157.2,High Value
2405,Omar Mirza,2,8,6152.14,4490.94,1661.2,2022-02-13,2025-09-15,3076.07,1310,27.0,6152.14,High Value
1579,Maham Iqbal,2,6,6146.43,4919.67,1226.76,2022-10-28,2025-04-30,3073.22,915,19.96,6146.43,High Value
4226,Sana Chaudhry,2,7,6145.19,6003.21,141.98,2023-05-21,2026-07-20,3072.6,1156,2.31,6145.19,High Value
4258,Sana Siddiqui,2,8,6144.97,5034.28,1110.69,2026-02-01,2026-08-04,3072.48,184,18.07,6144.97,High Value
2310,Maryam Chaudhry,1,6,6141.84,5356.02,785.82,2024-10-25,2024-10-25,6141.84,0,12.79,6141.84,High Value
1983,Hussain Mirza,3,12,6139.88,5856.56,283.32,2023-06-02,2024-12-04,2046.63,551,4.61,6139.88,High Value
9539,Usman Memon,1,5,6134.1,4357.4,1776.7,2025-03-14,2025-03-14,6134.1,0,28.96,6134.1,High Value
7123,Bilal Iqbal,1,5,6132.15,4479.8,1652.35,2024-01-12,2024-01-12,6132.15,0,26.95,6132.15,High Value
3738,Fatima Memon,1,5,6130.55,3819.3,2311.25,2024-04-05,2024-04-05,6130.55,0,37.7,6130.55,High Value
2002,Ali Siddiqui,2,10,6129.88,5784.98,344.9,2022-03-26,2025-05-06,3064.94,1137,5.63,6129.88,High Value
735,Maham Khan,1,7,6129.27,5280.73,848.54,2022-02-02,2022-02-02,6129.27,0,13.84,6129.27,High Value
1387,Usman Memon,2,9,6127.99,4492.34,1635.65,2022-01-12,2025-12-06,3064.0,1424,26.69,6127.99,High Value
347,Imran Iqbal,1,4,6122.2,4347.36,1774.84,2026-06-24,2026-06-24,6122.2,0,28.99,6122.2,High Value
9887,Usman Buriro,1,7,6114.22,5959.03,155.19,2024-12-10,2024-12-10,6114.22,0,2.54,6114.22,High Value
8156,Hamza Iqbal,2,4,6114.06,4770.62,1343.44,2023-09-03,2024-02-24,3057.03,174,21.97,6114.06,High Value
8559,Fatima Malik,1,4,6110.16,4452.04,1658.12,2022-08-02,2022-08-02,6110.16,0,27.14,6110.16,High Value
8394,Ahmed Memon,1,4,6109.2,4476.32,1632.88,2026-07-30,2026-07-30,6109.2,0,26.73,6109.2,High Value
6864,Ahmed Malik,2,9,6107.43,5498.46,608.97,2026-04-25,2026-05-07,3053.72,12,9.97,6107.43,High Value
6210,Hassan Mirza,3,7,6107.25,4592.75,1514.5,2024-04-04,2025-08-29,2035.75,512,24.8,6107.25,High Value
2824,Fahad Iqbal,2,10,6099.18,5894.82,204.36,2022-05-31,2026-04-09,3049.59,1409,3.35,6099.18,High Value
2326,Omar Iqbal,1,3,6097.17,4323.06,1774.11,2023-07-25,2023-07-25,6097.17,0,29.1,6097.17,High Value
9342,Danish Khan,1,5,6094.75,5881.9,212.85,2023-05-13,2023-05-13,6094.75,0,3.49,6094.75,High Value
300,Maryam Hussain,3,13,6090.24,4701.98,1388.26,2024-10-05,2026-01-19,2030.08,471,22.79,6090.24,High Value
4066,Hassan Buriro,1,7,6089.65,4738.16,1351.49,2022-11-24,2022-11-24,6089.65,0,22.19,6089.65,High Value
4694,Maham Mirza,3,7,6085.51,4854.4,1231.11,2022-03-19,2022-07-15,2028.5,118,20.23,6085.51,High Value
2695,Fatima Chaudhry,2,9,6085.17,4889.28,1195.89,2022-07-12,2023-12-11,3042.58,517,19.65,6085.17,High Value
2116,Ahmed Chaudhry,1,4,6084.96,5667.8,417.16,2024-03-21,2024-03-21,6084.96,0,6.86,6084.96,High Value
6970,Danish Raza,2,7,6082.57,5080.38,1002.19,2022-02-04,2023-04-01,3041.28,421,16.48,6082.57,High Value
8326,Maham Shah,2,10,6082.12,4373.0,1709.12,2023-06-28,2025-01-17,3041.06,569,28.1,6082.12,High Value
116,Fatima Mirza,1,5,6078.1,4169.55,1908.55,2024-06-16,2024-06-16,6078.1,0,31.4,6078.1,High Value
6387,Zainab Malik,2,4,6075.86,4385.39,1690.47,2023-06-16,2023-08-25,3037.93,70,27.82,6075.86,High Value
5554,Maryam Ahmed,1,3,6075.84,4368.63,1707.21,2025-08-12,2025-08-12,6075.84,0,28.1,6075.84,High Value
2589,Usman Siddiqui,1,6,6074.94,4720.2,1354.74,2026-08-14,2026-08-14,6074.94,0,22.3,6074.94,High Value
9078,Ayesha Memon,1,3,6072.45,4359.99,1712.46,2025-03-04,2025-03-04,6072.45,0,28.2,6072.45,High Value
2793,Fatima Buriro,1,4,6071.12,5787.08,284.04,2022-12-19,2022-12-19,6071.12,0,4.68,6071.12,High Value
8002,Ali Chaudhry,2,11,6071.08,4528.09,1542.99,2022-12-31,2024-12-14,3035.54,714,25.42,6071.08,High Value
2996,Ali Sheikh,1,6,6070.8,4430.82,1639.98,2023-03-01,2023-03-01,6070.8,0,27.01,6070.8,High Value
4775,Imran Khan,2,7,6068.69,4147.73,1920.96,2023-06-01,2026-04-27,3034.34,1061,31.65,6068.69,High Value
4773,Maryam Khan,1,5,6063.45,3944.75,2118.7,2022-02-11,2022-02-11,6063.45,0,34.94,6063.45,High Value
7222,Ayesha Ahmed,2,8,6061.01,4785.3,1275.71,2022-03-02,2023-05-26,3030.5,450,21.05,6061.01,High Value
5555,Usman Hussain,2,8,6060.36,4139.2,1921.16,2024-12-29,2025-05-21,3030.18,143,31.7,6060.36,High Value
4722,Hussain Raza,1,6,6057.06,5800.08,256.98,2025-09-14,2025-09-14,6057.06,0,4.24,6057.06,High Value
3502,Saad Raza,3,16,6056.33,4949.8,1106.53,2022-07-13,2026-08-03,2018.78,1482,18.27,6056.33,High Value
5861,Fatima Hussain,2,5,6056.01,4606.47,1449.54,2022-08-26,2025-11-26,3028.0,1188,23.94,6056.01,High Value
8080,Maryam Iqbal,1,4,6053.24,4649.32,1403.92,2022-07-06,2022-07-06,6053.24,0,23.19,6053.24,High Value
7800,Ahmed Malik,3,7,6047.74,4631.88,1415.86,2022-08-10,2023-09-28,2015.91,414,23.41,6047.74,High Value
495,Usman Buriro,2,7,6047.22,3928.68,2118.54,2022-06-27,2025-06-01,3023.61,1070,35.03,6047.22,High Value
382,Imran Iqbal,2,4,6046.6,4450.18,1596.42,2022-09-30,2025-08-01,3023.3,1036,26.4,6046.6,High Value
5044,Sana Qureshi,1,6,6045.0,3802.38,2242.62,2024-05-22,2024-05-22,6045.0,0,37.1,6045.0,High Value
1337,Fahad Ahmed,1,4,6044.96,4648.6,1396.36,2022-11-21,2022-11-21,6044.96,0,23.1,6044.96,High Value
5592,Maryam Buriro,2,6,6044.82,4866.03,1178.79,2022-01-31,2023-04-23,3022.41,447,19.5,6044.82,High Value
4278,Imran Mirza,1,5,6044.55,4722.6,1321.95,2024-01-29,2024-01-29,6044.55,0,21.87,6044.55,High Value
1577,Hussain Buriro,1,5,6039.85,4341.8,1698.05,2022-09-18,2022-09-18,6039.85,0,28.11,6039.85,High Value
2557,Saad Khan,1,7,6033.09,5699.12,333.97,2024-03-20,2024-03-20,6033.09,0,5.54,6033.09,High Value
3317,Hussain Buriro,2,5,6033.04,4214.85,1818.19,2023-08-31,2025-12-07,3016.52,829,30.14,6033.04,High Value
8166,Ayesha Memon,2,7,6030.35,4868.81,1161.54,2022-06-19,2026-04-20,3015.18,1401,19.26,6030.35,High Value
3382,Hassan Mirza,2,9,6025.41,5674.71,350.7,2022-12-25,2025-06-13,3012.7,901,5.82,6025.41,High Value
2537,Hussain Buriro,1,3,6024.57,4435.44,1589.13,2023-11-16,2023-11-16,6024.57,0,26.38,6024.57,High Value
2452,Maryam Memon,2,7,6019.42,5173.13,846.29,2022-12-04,2022-12-25,3009.71,21,14.06,6019.42,High Value
843,Omar Sheikh,1,5,6017.9,5301.95,715.95,2026-05-28,2026-05-28,6017.9,0,11.9,6017.9,High Value
5040,Saad Buriro,1,5,6015.95,4714.0,1301.95,2022-02-26,2022-02-26,6015.95,0,21.64,6015.95,High Value
721,Maham Sheikh,1,4,6015.0,4066.92,1948.08,2022-07-15,2022-07-15,6015.0,0,32.39,6015.0,High Value
5388,Hussain Ahmed,2,12,6012.05,4474.6,1537.45,2025-03-15,2025-04-24,3006.02,40,25.57,6012.05,High Value
696,Hamza Sheikh,1,5,6004.1,4060.2,1943.9,2024-02-15,2024-02-15,6004.1,0,32.38,6004.1,High Value
3347,Danish Buriro,1,3,6003.69,3842.25,2161.44,2025-05-18,2025-05-18,6003.69,0,36.0,6003.69,High Value
3886,Usman Khan,2,7,5998.53,4588.02,1410.51,2025-02-18,2026-02-19,2999.27,366,23.51,5998.53,High Value
9440,Sana Ahmed,3,6,5997.48,4786.06,1211.42,2022-10-31,2025-01-08,1999.16,800,20.2,5997.48,High Value
5865,Saad Memon,1,7,5996.2,5084.03,912.17,2022-04-24,2022-04-24,5996.2,0,15.21,5996.2,High Value
7413,Sara Ali,1,5,5995.9,5261.65,734.25,2023-06-06,2023-06-06,5995.9,0,12.25,5995.9,High Value
550,Ali Siddiqui,1,6,5995.26,5970.18,25.08,2024-12-21,2024-12-21,5995.26,0,0.42,5995.26,High Value
2536,Imran Raza,2,12,5994.8,4353.82,1640.98,2023-10-14,2025-01-13,2997.4,457,27.37,5994.8,High Value
9017,Usman Hussain,1,7,5993.61,4792.83,1200.78,2025-12-11,2025-12-11,5993.61,0,20.03,5993.61,High Value
7539,Hassan Ali,3,9,5992.95,5418.54,574.41,2023-03-15,2024-08-21,1997.65,525,9.58,5992.95,High Value
7368,Danish Buriro,1,4,5991.64,5794.68,196.96,2024-05-25,2024-05-25,5991.64,0,3.29,5991.64,High Value
7018,Zainab Khan,3,10,5990.45,4560.77,1429.68,2023-03-21,2025-05-26,1996.82,797,23.87,5990.45,High Value
3486,Hussain Buriro,3,8,5989.59,5526.67,462.92,2022-07-21,2025-07-29,1996.53,1104,7.73,5989.59,High Value
4887,Danish Ali,1,6,5988.54,4758.36,1230.18,2025-06-26,2025-06-26,5988.54,0,20.54,5988.54,High Value
121,Hassan Raza,2,7,5988.42,5562.97,425.45,2022-10-07,2026-08-02,2994.21,1395,7.1,5988.42,High Value
6282,Hira Malik,4,15,5982.21,5091.12,891.09,2024-12-07,2025-11-15,1495.55,343,14.9,5982.21,High Value
6998,Zainab Qureshi,1,6,5981.94,5383.38,598.56,2024-05-03,2024-05-03,5981.94,0,10.01,5981.94,High Value
8833,Zainab Ali,1,6,5981.1,4520.52,1460.58,2023-03-26,2023-03-26,5981.1,0,24.42,5981.1,High Value
2507,Sana Iqbal,2,6,5978.9,4611.96,1366.94,2022-07-06,2023-01-01,2989.45,179,22.86,5978.9,High Value
6982,Ali Iqbal,1,6,5975.64,4226.94,1748.7,2026-01-25,2026-01-25,5975.64,0,29.26,5975.64,High Value
5476,Ahmed Ali,1,4,5973.2,4417.0,1556.2,2022-08-08,2022-08-08,5973.2,0,26.05,5973.2,High Value
2942,Danish Shah,3,10,5972.42,4500.34,1472.08,2025-03-18,2025-09-18,1990.81,184,24.65,5972.42,High Value
8828,Zainab Iqbal,1,6,5972.4,4819.38,1153.02,2025-12-09,2025-12-09,5972.4,0,19.31,5972.4,High Value
127,Hussain Malik,3,8,5972.2,3949.51,2022.69,2023-09-03,2025-11-28,1990.73,817,33.87,5972.2,High Value
3975,Sana Ali,1,5,5969.85,5363.4,606.45,2026-08-12,2026-08-12,5969.85,0,10.16,5969.85,High Value
1745,Ayesha Memon,1,6,5968.98,5921.22,47.76,2023-06-13,2023-06-13,5968.98,0,0.8,5968.98,High Value
4726,Maham Qureshi,3,8,5967.26,4564.0,1403.26,2023-09-19,2025-01-10,1989.09,479,23.52,5967.26,High Value
6023,Sara Ali,1,6,5963.88,4571.88,1392.0,2023-06-11,2023-06-11,5963.88,0,23.34,5963.88,High Value
496,Hamza Raza,1,4,5960.56,4133.64,1826.92,2026-08-04,2026-08-04,5960.56,0,30.65,5960.56,High Value
2754,Hassan Ali,1,4,5959.0,5891.28,67.72,2025-11-25,2025-11-25,5959.0,0,1.14,5959.0,High Value
4179,Imran Hussain,1,4,5954.16,5102.24,851.92,2022-03-17,2022-03-17,5954.16,0,14.31,5954.16,High Value
6620,Ali Malik,1,6,5953.44,4811.22,1142.22,2025-11-22,2025-11-22,5953.44,0,19.19,5953.44,High Value
1903,Ali Mirza,1,4,5948.56,4923.72,1024.84,2026-05-25,2026-05-25,5948.56,0,17.23,5948.56,High Value
8073,Saad Shah,2,9,5947.12,4406.06,1541.06,2024-12-22,2026-07-10,2973.56,565,25.91,5947.12,High Value
7979,Ayesha Chaudhry,1,5,5945.35,5597.75,347.6,2026-05-05,2026-05-05,5945.35,0,5.85,5945.35,High Value
7774,Hira Iqbal,1,3,5944.05,4072.38,1871.67,2024-07-26,2024-07-26,5944.05,0,31.49,5944.05,High Value
5704,Saad Buriro,1,4,5943.52,4848.04,1095.48,2024-01-13,2024-01-13,5943.52,0,18.43,5943.52,High Value
4504,Maham Siddiqui,1,4,5939.68,5147.16,792.52,2025-08-31,2025-08-31,5939.68,0,13.34,5939.68,High Value
6703,Fatima Iqbal,2,5,5938.09,5271.93,666.16,2024-12-09,2025-08-15,2969.04,249,11.22,5938.09,High Value
7378,Saad Iqbal,2,9,5937.27,5466.34,470.93,2022-05-06,2025-09-11,2968.64,1224,7.93,5937.27,High Value
7600,Ayesha Raza,1,7,5933.97,4133.99,1799.98,2023-06-16,2023-06-16,5933.97,0,30.33,5933.97,High Value
1405,Maham Ahmed,3,11,5926.25,5109.81,816.44,2023-08-13,2025-03-09,1975.42,574,13.78,5926.25,High Value
9888,Sana Buriro,4,16,5924.86,5345.18,579.68,2022-01-22,2023-11-10,1481.22,657,9.78,5924.86,High Value
5797,Hira Sheikh,2,4,5924.75,5178.12,746.63,2024-08-09,2024-12-20,2962.38,133,12.6,5924.75,High Value
3819,Hassan Memon,2,5,5924.38,5638.44,285.94,2022-03-19,2025-06-02,2962.19,1171,4.83,5924.38,High Value
3321,Hamza Khan,1,7,5923.54,3712.1,2211.44,2024-07-24,2024-07-24,5923.54,0,37.33,5923.54,High Value
3776,Omar Sheikh,1,6,5923.38,3896.52,2026.86,2022-06-16,2022-06-16,5923.38,0,34.22,5923.38,High Value
3181,Maryam Iqbal,1,4,5922.36,4490.8,1431.56,2023-05-02,2023-05-02,5922.36,0,24.17,5922.36,High Value
9733,Maham Iqbal,1,5,5920.3,4908.4,1011.9,2023-05-26,2023-05-26,5920.3,0,17.09,5920.3,High Value
1649,Usman Chaudhry,1,6,5919.54,5189.28,730.26,2024-03-03,2024-03-03,5919.54,0,12.34,5919.54,High Value
3344,Hussain Ali,2,8,5915.71,4657.61,1258.1,2022-03-15,2022-08-21,2957.85,159,21.27,5915.71,High Value
7974,Sara Khan,2,5,5914.79,4699.36,1215.43,2022-01-20,2023-05-19,2957.4,484,20.55,5914.79,High Value
6283,Maham Qureshi,1,6,5913.72,5094.36,819.36,2023-05-27,2023-05-27,5913.72,0,13.86,5913.72,High Value
9121,Maryam Hussain,2,8,5909.32,5029.79,879.53,2022-06-14,2024-09-13,2954.66,822,14.88,5909.32,High Value
2128,Hamza Malik,1,7,5909.05,4155.69,1753.36,2023-07-28,2023-07-28,5909.05,0,29.67,5909.05,High Value
1033,Sana Sheikh,1,4,5908.28,5049.84,858.44,2023-04-21,2023-04-21,5908.28,0,14.53,5908.28,High Value
6974,Danish Iqbal,3,11,5901.73,5413.12,488.61,2024-10-18,2026-08-17,1967.24,668,8.28,5901.73,High Value
5510,Hussain Raza,2,9,5899.96,3804.52,2095.44,2022-01-19,2022-05-09,2949.98,110,35.52,5899.96,High Value
3981,Omar Ali,3,15,5898.38,4800.94,1097.44,2022-03-01,2025-11-05,1966.13,1345,18.61,5898.38,High Value
1265,Ahmed Raza,3,11,5891.86,5272.28,619.58,2022-02-22,2026-04-18,1963.95,1516,10.52,5891.86,High Value
3023,Sana Sheikh,1,4,5890.8,5628.64,262.16,2024-06-14,2024-06-14,5890.8,0,4.45,5890.8,High Value
3469,Fatima Malik,1,4,5889.4,4135.76,1753.64,2026-08-19,2026-08-19,5889.4,0,29.78,5889.4,High Value
266,Sana Ahmed,1,7,5887.07,4127.97,1759.1,2024-01-15,2024-01-15,5887.07,0,29.88,5887.07,High Value
1719,Bilal Hussain,2,8,5884.2,4422.22,1461.98,2022-04-08,2022-11-30,2942.1,236,24.85,5884.2,High Value
4861,Danish Sheikh,1,5,5881.75,4295.8,1585.95,2025-02-15,2025-02-15,5881.75,0,26.96,5881.75,High Value
2470,Bilal Qureshi,2,4,5880.61,4880.1,1000.51,2022-06-10,2023-07-25,2940.3,410,17.01,5880.61,High Value
1451,Zainab Mirza,1,5,5878.25,4147.7,1730.55,2022-06-30,2022-06-30,5878.25,0,29.44,5878.25,High Value
4605,Omar Memon,2,3,5877.57,4109.31,1768.26,2022-04-17,2024-11-09,2938.78,937,30.08,5877.57,High Value
9306,Maham Siddiqui,3,6,5876.7,4318.51,1558.19,2024-08-04,2025-07-19,1958.9,349,26.51,5876.7,High Value
6491,Omar Shah,1,4,5876.68,5676.68,200.0,2025-03-29,2025-03-29,5876.68,0,3.4,5876.68,High Value
1438,Omar Sheikh,1,4,5874.36,4583.0,1291.36,2025-07-09,2025-07-09,5874.36,0,21.98,5874.36,High Value
396,Ahmed Siddiqui,1,6,5874.3,4732.56,1141.74,2026-05-11,2026-05-11,5874.3,0,19.44,5874.3,High Value
7804,Hira Sheikh,2,9,5874.03,4544.31,1329.72,2022-06-28,2025-12-04,2937.02,1255,22.64,5874.03,High Value
9780,Hamza Mirza,1,6,5869.38,5487.48,381.9,2024-12-06,2024-12-06,5869.38,0,6.51,5869.38,High Value
9763,Ali Buriro,1,3,5868.36,4486.44,1381.92,2026-05-26,2026-05-26,5868.36,0,23.55,5868.36,High Value
3137,Sana Mirza,1,5,5860.7,4864.0,996.7,2023-05-04,2023-05-04,5860.7,0,17.01,5860.7,High Value
5484,Imran Qureshi,3,10,5859.92,4889.4,970.52,2023-08-29,2024-07-07,1953.31,313,16.56,5859.92,High Value
5907,Sana Hussain,1,7,5856.2,5933.76,-77.56,2022-06-14,2022-06-14,5856.2,0,-1.32,5856.2,High Value
8621,Ahmed Iqbal,1,5,5855.6,4448.65,1406.95,2024-04-01,2024-04-01,5855.6,0,24.03,5855.6,High Value
7415,Maryam Hussain,2,7,5850.81,4598.82,1251.99,2023-08-31,2026-04-25,2925.4,968,21.4,5850.81,High Value
3206,Danish Siddiqui,1,6,5845.8,4718.52,1127.28,2023-04-16,2023-04-16,5845.8,0,19.28,5845.8,High Value
7611,Ayesha Buriro,2,10,5842.94,5162.65,680.29,2022-06-23,2025-03-21,2921.47,1002,11.64,5842.94,High Value
4030,Maryam Chaudhry,1,6,5839.14,4090.62,1748.52,2023-01-10,2023-01-10,5839.14,0,29.94,5839.14,High Value
7089,Hassan Ahmed,1,5,5838.7,4768.05,1070.65,2022-04-24,2022-04-24,5838.7,0,18.34,5838.7,High Value
6452,Ahmed Malik,1,5,5832.9,4897.45,935.45,2025-11-25,2025-11-25,5832.9,0,16.04,5832.9,High Value
6467,Omar Shah,2,9,5832.57,5002.74,829.83,2023-02-10,2024-11-24,2916.29,653,14.23,5832.57,High Value
6856,Ali Qureshi,1,4,5830.04,4763.28,1066.76,2025-10-02,2025-10-02,5830.04,0,18.3,5830.04,High Value
6598,Fahad Malik,2,5,5827.46,4855.89,971.57,2025-05-16,2025-11-14,2913.73,182,16.67,5827.46,High Value
9282,Usman Iqbal,1,5,5825.0,3552.65,2272.35,2024-05-31,2024-05-31,5825.0,0,39.01,5825.0,High Value
8813,Hamza Raza,3,8,5824.44,4165.81,1658.63,2024-09-07,2026-07-29,1941.48,690,28.48,5824.44,High Value
3991,Fahad Iqbal,1,5,5821.85,4552.5,1269.35,2022-04-25,2022-04-25,5821.85,0,21.8,5821.85,High Value
1837,Sana Khan,3,10,5820.77,4085.03,1735.74,2025-01-13,2026-03-18,1940.26,429,29.82,5820.77,High Value
2567,Fatima Khan,1,5,5817.45,3857.25,1960.2,2026-05-01,2026-05-01,5817.45,0,33.7,5817.45,High Value
5971,Bilal Qureshi,1,4,5816.48,4167.16,1649.32,2023-11-26,2023-11-26,5816.48,0,28.36,5816.48,High Value
8176,Saad Chaudhry,2,6,5813.7,5285.79,527.91,2024-09-03,2025-06-26,2906.85,296,9.08,5813.7,High Value
8255,Ahmed Memon,1,6,5813.28,4792.26,1021.02,2024-09-04,2024-09-04,5813.28,0,17.56,5813.28,High Value
5076,Maryam Shah,1,7,5812.52,4864.09,948.43,2023-02-14,2023-02-14,5812.52,0,16.32,5812.52,High Value
7614,Omar Siddiqui,1,4,5811.64,4216.84,1594.8,2024-09-06,2024-09-06,5811.64,0,27.44,5811.64,High Value
1453,Hira Mirza,2,7,5809.27,4141.66,1667.61,2023-03-19,2025-08-14,2904.64,879,28.71,5809.27,High Value
3162,Hassan Iqbal,1,6,5805.6,3811.26,1994.34,2022-07-11,2022-07-11,5805.6,0,34.35,5805.6,High Value
5799,Zainab Hussain,2,7,5805.5,4226.25,1579.25,2022-01-23,2022-06-15,2902.75,143,27.2,5805.5,High Value
3744,Danish Sheikh,2,10,5801.65,5684.06,117.59,2023-10-04,2023-10-04,2900.82,0,2.03,5801.65,High Value
7099,Ahmed Shah,1,7,5800.69,4100.67,1700.02,2023-05-12,2023-05-12,5800.69,0,29.31,5800.69,High Value
4846,Ali Malik,3,13,5800.64,4301.72,1498.92,2023-12-17,2025-06-01,1933.55,532,25.84,5800.64,High Value
4322,Imran Raza,1,5,5799.55,4172.85,1626.7,2025-10-28,2025-10-28,5799.55,0,28.05,5799.55,High Value
6622,Hamza Malik,2,6,5798.12,4498.04,1300.08,2024-04-28,2025-03-20,2899.06,326,22.42,5798.12,High Value
4488,Hussain Ali,1,3,5795.82,4489.05,1306.77,2024-07-03,2024-07-03,5795.82,0,22.55,5795.82,High Value
7224,Maham Ahmed,1,5,5786.85,5413.1,373.75,2024-08-08,2024-08-08,5786.85,0,6.46,5786.85,High Value
1970,Sara Sheikh,3,14,5786.33,5223.19,563.14,2022-03-29,2026-07-07,1928.78,1561,9.73,5786.33,High Value
3913,Danish Mirza,1,6,5784.36,3961.5,1822.86,2026-04-26,2026-04-26,5784.36,0,31.51,5784.36,High Value
6854,Fatima Siddiqui,1,3,5784.33,4476.15,1308.18,2022-07-17,2022-07-17,5784.33,0,22.62,5784.33,High Value
5220,Ahmed Ali,1,6,5782.92,4721.4,1061.52,2026-04-03,2026-04-03,5782.92,0,18.36,5782.92,High Value
6938,Fahad Raza,2,9,5782.41,5476.47,305.94,2023-08-28,2025-07-23,2891.2,695,5.29,5782.41,High Value
4814,Omar Iqbal,1,4,5780.2,5727.92,52.28,2023-01-11,2023-01-11,5780.2,0,0.9,5780.2,High Value
7542,Hira Qureshi,2,7,5779.36,4929.34,850.02,2024-06-24,2026-06-28,2889.68,734,14.71,5779.36,High Value
4446,Imran Siddiqui,1,4,5779.24,4090.64,1688.6,2025-08-11,2025-08-11,5779.24,0,29.22,5779.24,High Value
1571,Fatima Siddiqui,1,5,5774.4,5740.15,34.25,2026-07-22,2026-07-22,5774.4,0,0.59,5774.4,High Value
1385,Fatima Iqbal,1,3,5772.81,4141.47,1631.34,2024-11-10,2024-11-10,5772.81,0,28.26,5772.81,High Value
5719,Hassan Ali,1,5,5770.4,5893.25,-122.85,2023-12-08,2023-12-08,5770.4,0,-2.13,5770.4,High Value
5712,Fahad Raza,1,4,5767.16,4715.4,1051.76,2024-03-04,2024-03-04,5767.16,0,18.24,5767.16,High Value
4230,Ayesha Shah,1,4,5765.52,3740.24,2025.28,2023-12-02,2023-12-02,5765.52,0,35.13,5765.52,High Value
5584,Saad Memon,1,3,5763.93,4439.58,1324.35,2024-03-15,2024-03-15,5763.93,0,22.98,5763.93,High Value
6871,Zainab Memon,1,4,5763.52,5760.96,2.56,2023-07-06,2023-07-06,5763.52,0,0.04,5763.52,High Value
2189,Hamza Shah,2,9,5761.79,5092.8,668.99,2023-10-16,2024-10-12,2880.9,362,11.61,5761.79,High Value
6248,Maryam Iqbal,1,5,5756.7,4403.65,1353.05,2026-08-03,2026-08-03,5756.7,0,23.5,5756.7,High Value
1454,Maryam Iqbal,2,6,5755.4,4961.64,793.76,2022-02-01,2024-06-02,2877.7,852,13.79,5755.4,High Value
8317,Omar Chaudhry,2,7,5749.14,4155.79,1593.35,2023-10-11,2026-02-20,2874.57,863,27.71,5749.14,High Value
6466,Ayesha Mirza,2,3,5743.14,3900.97,1842.17,2025-08-12,2025-12-08,2871.57,118,32.08,5743.14,High Value
1293,Omar Raza,2,6,5740.5,5672.01,68.49,2022-12-04,2025-09-16,2870.25,1017,1.19,5740.5,High Value
8362,Sara Chaudhry,1,6,5739.3,5770.02,-30.72,2023-03-26,2023-03-26,5739.3,0,-0.54,5739.3,High Value
1125,Hussain Siddiqui,2,11,5737.29,4943.91,793.38,2023-05-10,2024-08-30,2868.64,478,13.83,5737.29,High Value
7394,Usman Buriro,2,10,5735.17,5154.98,580.19,2025-11-21,2025-11-26,2867.58,5,10.12,5735.17,High Value
5253,Omar Shah,2,6,5730.76,5799.18,-68.42,2022-11-26,2023-08-01,2865.38,248,-1.19,5730.76,High Value
3366,Hira Malik,3,7,5730.19,4368.07,1362.12,2022-11-16,2025-10-24,1910.06,1073,23.77,5730.19,High Value
2533,Zainab Memon,2,10,5725.88,4710.87,1015.01,2023-01-11,2025-06-11,2862.94,882,17.73,5725.88,High Value
2771,Bilal Ahmed,1,4,5723.64,4531.12,1192.52,2026-01-24,2026-01-24,5723.64,0,20.83,5723.64,High Value
8669,Bilal Raza,1,4,5721.84,5200.52,521.32,2024-12-01,2024-12-01,5721.84,0,9.11,5721.84,High Value
8415,Bilal Ali,1,6,5720.46,4224.48,1495.98,2025-08-05,2025-08-05,5720.46,0,26.15,5720.46,High Value
6559,Sana Chaudhry,1,3,5719.83,4182.6,1537.23,2023-10-23,2023-10-23,5719.83,0,26.88,5719.83,High Value
2816,Fatima Raza,1,4,5718.64,5794.68,-76.04,2023-06-30,2023-06-30,5718.64,0,-1.33,5718.64,High Value
8808,Ali Buriro,2,8,5718.15,4780.1,938.05,2022-06-18,2025-07-25,2859.08,1133,16.4,5718.15,High Value
8492,Zainab Chaudhry,2,4,5715.59,4209.84,1505.75,2024-01-07,2025-10-26,2857.8,658,26.34,5715.59,High Value
7656,Usman Buriro,1,3,5712.66,4480.29,1232.37,2023-07-15,2023-07-15,5712.66,0,21.57,5712.66,High Value
4621,Bilal Shah,2,10,5710.45,4791.35,919.1,2024-12-08,2026-02-11,2855.22,430,16.1,5710.45,High Value
1728,Danish Mirza,1,7,5704.65,3515.4,2189.25,2024-05-08,2024-05-08,5704.65,0,38.38,5704.65,High Value
1656,Zainab Siddiqui,1,7,5692.19,4964.19,728.0,2022-08-12,2022-08-12,5692.19,0,12.79,5692.19,High Value
2806,Bilal Shah,1,5,5691.95,3970.5,1721.45,2025-07-20,2025-07-20,5691.95,0,30.24,5691.95,High Value
9705,Zainab Malik,2,5,5691.64,4348.61,1343.03,2022-05-02,2022-09-19,2845.82,140,23.6,5691.64,High Value
5115,Ahmed Ali,1,6,5679.78,4240.26,1439.52,2026-03-15,2026-03-15,5679.78,0,25.34,5679.78,High Value
1644,Hassan Shah,1,7,5676.51,5293.54,382.97,2024-08-26,2024-08-26,5676.51,0,6.75,5676.51,High Value
9385,Ali Sheikh,1,5,5674.35,4749.25,925.1,2023-06-26,2023-06-26,5674.35,0,16.3,5674.35,High Value
9716,Hira Sheikh,1,3,5672.64,3875.19,1797.45,2026-03-26,2026-03-26,5672.64,0,31.69,5672.64,High Value
7367,Saad Ahmed,1,4,5672.0,4098.16,1573.84,2022-09-21,2022-09-21,5672.0,0,27.75,5672.0,High Value
6043,Maham Buriro,1,6,5671.56,4986.48,685.08,2025-12-11,2025-12-11,5671.56,0,12.08,5671.56,High Value
4612,Ayesha Malik,3,9,5671.14,4684.45,986.69,2022-02-14,2023-09-26,1890.38,589,17.4,5671.14,High Value
3935,Maryam Sheikh,1,4,5667.16,4726.76,940.4,2022-07-14,2022-07-14,5667.16,0,16.59,5667.16,High Value
211,Imran Memon,1,6,5665.68,5516.7,148.98,2022-11-28,2022-11-28,5665.68,0,2.63,5665.68,High Value
2366,Imran Memon,1,3,5663.79,4442.07,1221.72,2025-09-28,2025-09-28,5663.79,0,21.57,5663.79,High Value
4798,Ayesha Sheikh,1,3,5663.64,3991.38,1672.26,2022-04-06,2022-04-06,5663.64,0,29.53,5663.64,High Value
3661,Usman Shah,1,7,5660.9,3843.21,1817.69,2022-09-03,2022-09-03,5660.9,0,32.11,5660.9,High Value
8581,Fatima Raza,1,4,5658.24,4648.72,1009.52,2023-05-30,2023-05-30,5658.24,0,17.84,5658.24,High Value
6533,Hamza Memon,1,3,5656.92,4213.98,1442.94,2026-04-24,2026-04-24,5656.92,0,25.51,5656.92,High Value
4041,Fahad Siddiqui,1,7,5654.6,5180.07,474.53,2024-09-25,2024-09-25,5654.6,0,8.39,5654.6,High Value
5979,Danish Ahmed,1,5,5654.45,4239.0,1415.45,2024-07-25,2024-07-25,5654.45,0,25.03,5654.45,High Value
9599,Hira Memon,1,3,5652.0,3734.01,1917.99,2022-08-23,2022-08-23,5652.0,0,33.93,5652.0,High Value
5548,Sara Hussain,2,10,5651.58,5006.84,644.74,2022-10-02,2024-11-14,2825.79,774,11.41,5651.58,High Value
2997,Danish Hussain,1,5,5650.6,5236.95,413.65,2025-06-04,2025-06-04,5650.6,0,7.32,5650.6,High Value
3291,Fatima Qureshi,1,5,5650.05,4634.6,1015.45,2023-05-02,2023-05-02,5650.05,0,17.97,5650.05,High Value
1773,Ali Hussain,2,4,5649.05,3835.91,1813.14,2023-06-04,2024-06-30,2824.52,392,32.1,5649.05,High Value
4921,Saad Qureshi,1,3,5644.71,3763.5,1881.21,2022-08-06,2022-08-06,5644.71,0,33.33,5644.71,High Value
8116,Sara Iqbal,1,7,5644.03,4035.22,1608.81,2023-12-29,2023-12-29,5644.03,0,28.5,5644.03,High Value
5252,Hira Khan,1,4,5641.52,4722.44,919.08,2025-05-02,2025-05-02,5641.52,0,16.29,5641.52,High Value
809,Maham Sheikh,1,5,5640.25,4339.95,1300.3,2025-03-14,2025-03-14,5640.25,0,23.05,5640.25,High Value
1657,Imran Shah,1,5,5638.25,4448.65,1189.6,2023-11-27,2023-11-27,5638.25,0,21.1,5638.25,High Value
966,Ahmed Sheikh,1,3,5635.86,4365.15,1270.71,2025-07-07,2025-07-07,5635.86,0,22.55,5635.86,High Value
1355,Sara Chaudhry,2,7,5635.04,4388.35,1246.69,2025-01-19,2025-06-05,2817.52,137,22.12,5635.04,High Value
6201,Ahmed Sheikh,1,3,5631.84,4298.97,1332.87,2022-11-23,2022-11-23,5631.84,0,23.67,5631.84,High Value
8264,Ayesha Iqbal,1,7,5630.8,3851.05,1779.75,2023-09-10,2023-09-10,5630.8,0,31.61,5630.8,High Value
1209,Maryam Shah,1,4,5627.76,5011.2,616.56,2023-03-23,2023-03-23,5627.76,0,10.96,5627.76,High Value
9571,Hira Ali,2,12,5627.56,4993.5,634.06,2023-12-17,2026-08-08,2813.78,965,11.27,5627.56,High Value
7885,Ahmed Khan,1,3,5626.5,4316.34,1310.16,2025-09-12,2025-09-12,5626.5,0,23.29,5626.5,High Value
8825,Saad Chaudhry,1,7,5625.69,4432.96,1192.73,2022-03-25,2022-03-25,5625.69,0,21.2,5625.69,High Value
6515,Usman Ahmed,1,7,5623.8,4256.07,1367.73,2023-07-01,2023-07-01,5623.8,0,24.32,5623.8,High Value
4336,Hira Ali,2,6,5621.08,4272.92,1348.16,2022-04-03,2023-04-05,2810.54,367,23.98,5621.08,High Value
1925,Sara Shah,2,7,5616.7,5044.01,572.69,2024-06-28,2025-01-18,2808.35,204,10.2,5616.7,High Value
264,Imran Ahmed,2,5,5616.56,4965.0,651.56,2023-04-24,2026-05-08,2808.28,1110,11.6,5616.56,High Value
569,Sara Qureshi,2,5,5615.23,3954.86,1660.37,2022-12-16,2025-08-22,2807.62,980,29.57,5615.23,High Value
7268,Hamza Hussain,2,7,5612.61,4276.51,1336.1,2023-01-16,2025-01-19,2806.3,734,23.81,5612.61,High Value
3150,Bilal Ahmed,2,9,5610.84,4216.17,1394.67,2024-04-24,2025-03-19,2805.42,329,24.86,5610.84,High Value
8250,Ali Khan,1,7,5610.36,3765.58,1844.78,2025-02-03,2025-02-03,5610.36,0,32.88,5610.36,High Value
8079,Zainab Iqbal,3,7,5609.5,4864.48,745.02,2022-03-24,2024-05-21,1869.83,789,13.28,5609.5,High Value
9517,Danish Chaudhry,2,5,5607.77,4444.09,1163.68,2022-07-14,2026-05-22,2803.88,1408,20.75,5607.77,High Value
2897,Omar Iqbal,1,5,5607.75,4169.65,1438.1,2023-12-23,2023-12-23,5607.75,0,25.64,5607.75,High Value
9192,Hassan Malik,1,3,5607.57,4261.95,1345.62,2023-05-26,2023-05-26,5607.57,0,24.0,5607.57,High Value
4906,Saad Raza,2,12,5601.66,4178.94,1422.72,2022-12-16,2025-01-08,2800.83,754,25.4,5601.66,High Value
1774,Ayesha Chaudhry,1,4,5600.32,3670.32,1930.0,2024-02-13,2024-02-13,5600.32,0,34.46,5600.32,High Value
5502,Maryam Sheikh,1,5,5597.7,4471.4,1126.3,2023-09-07,2023-09-07,5597.7,0,20.12,5597.7,High Value
1821,Sara Chaudhry,1,4,5597.2,4615.56,981.64,2023-11-20,2023-11-20,5597.2,0,17.54,5597.2,High Value
5586,Ayesha Iqbal,2,7,5594.38,3958.95,1635.43,2025-05-11,2025-11-18,2797.19,191,29.23,5594.38,High Value
3948,Sara Ali,2,7,5591.13,5167.49,423.64,2024-10-29,2025-09-06,2795.56,312,7.58,5591.13,High Value
9024,Ayesha Sheikh,1,4,5589.04,4579.8,1009.24,2025-05-15,2025-05-15,5589.04,0,18.06,5589.04,High Value
4666,Hassan Siddiqui,1,4,5585.36,5064.2,521.16,2024-09-03,2024-09-03,5585.36,0,9.33,5585.36,High Value
7361,Sana Sheikh,2,8,5581.54,5164.5,417.04,2023-07-13,2026-05-05,2790.77,1027,7.47,5581.54,High Value
9247,Fatima Sheikh,2,3,5580.45,4030.98,1549.47,2023-05-17,2023-09-27,2790.22,133,27.77,5580.45,High Value
8105,Usman Memon,1,3,5573.07,4082.04,1491.03,2024-01-01,2024-01-01,5573.07,0,26.75,5573.07,High Value
645,Hassan Hussain,1,5,5571.35,4484.85,1086.5,2022-09-09,2022-09-09,5571.35,0,19.5,5571.35,High Value
1106,Hira Buriro,1,7,5566.96,3655.82,1911.14,2025-12-11,2025-12-11,5566.96,0,34.33,5566.96,High Value
4728,Bilal Shah,1,7,5562.9,5311.04,251.86,2026-03-24,2026-03-24,5562.9,0,4.53,5562.9,High Value
8377,Usman Memon,3,12,5560.04,4776.92,783.12,2025-04-03,2025-07-16,1853.35,104,14.08,5560.04,High Value
7635,Omar Ali,1,7,5558.7,5902.33,-343.63,2026-02-09,2026-02-09,5558.7,0,-6.18,5558.7,High Value
5443,Hussain Mirza,2,9,5557.73,4886.21,671.52,2023-09-24,2025-11-22,2778.86,790,12.08,5557.73,High Value
9589,Fahad Buriro,1,4,5556.16,5762.8,-206.64,2022-08-27,2022-08-27,5556.16,0,-3.72,5556.16,High Value
1814,Maham Shah,2,7,5555.72,3991.77,1563.95,2022-04-04,2022-05-07,2777.86,33,28.15,5555.72,High Value
5034,Maham Sheikh,2,4,5553.3,3982.84,1570.46,2022-05-20,2023-06-17,2776.65,393,28.28,5553.3,High Value
2417,Omar Shah,1,5,5553.25,4152.45,1400.8,2024-03-15,2024-03-15,5553.25,0,25.22,5553.25,High Value
1228,Danish Sheikh,2,8,5551.09,3923.98,1627.11,2022-02-05,2024-04-08,2775.54,793,29.31,5551.09,High Value
9997,Ali Malik,1,6,5548.26,5181.48,366.78,2022-05-24,2022-05-24,5548.26,0,6.61,5548.26,High Value
5014,Saad Memon,1,4,5543.52,4226.64,1316.88,2024-06-19,2024-06-19,5543.52,0,23.76,5543.52,High Value
8839,Imran Ahmed,1,6,5543.16,4244.4,1298.76,2026-04-10,2026-04-10,5543.16,0,23.43,5543.16,High Value
4619,Sana Siddiqui,2,8,5537.21,4593.26,943.95,2022-01-01,2023-05-25,2768.6,509,17.05,5537.21,High Value
2290,Bilal Malik,2,11,5531.31,3901.24,1630.07,2024-09-15,2025-11-04,2765.66,415,29.47,5531.31,High Value
5144,Sara Chaudhry,2,9,5530.71,4481.57,1049.14,2024-06-04,2024-11-13,2765.36,162,18.97,5530.71,High Value
279,Sara Chaudhry,1,6,5528.76,4050.54,1478.22,2022-12-05,2022-12-05,5528.76,0,26.74,5528.76,High Value
4487,Hamza Buriro,1,3,5527.26,4094.76,1432.5,2023-06-29,2023-06-29,5527.26,0,25.92,5527.26,High Value
3304,Fahad Iqbal,1,6,5526.12,4874.58,651.54,2024-12-13,2024-12-13,5526.12,0,11.79,5526.12,High Value
5130,Zainab Iqbal,1,5,5524.65,4973.05,551.6,2023-10-08,2023-10-08,5524.65,0,9.98,5524.65,High Value
6048,Sana Ali,1,5,5524.55,4666.75,857.8,2026-06-10,2026-06-10,5524.55,0,15.53,5524.55,High Value
6743,Hamza Khan,2,4,5523.58,4090.08,1433.5,2023-07-14,2026-06-24,2761.79,1076,25.95,5523.58,High Value
4352,Saad Ali,1,4,5520.12,4067.84,1452.28,2024-08-22,2024-08-22,5520.12,0,26.31,5520.12,High Value
4523,Saad Buriro,2,6,5519.08,4492.04,1027.04,2022-10-19,2023-05-04,2759.54,197,18.61,5519.08,High Value
8091,Hassan Qureshi,1,5,5516.8,5529.7,-12.9,2026-01-03,2026-01-03,5516.8,0,-0.23,5516.8,High Value
1960,Ahmed Hussain,2,5,5508.55,4114.5,1394.05,2024-11-08,2026-01-23,2754.27,441,25.31,5508.55,High Value
2652,Hussain Siddiqui,1,5,5506.6,4350.15,1156.45,2023-11-09,2023-11-09,5506.6,0,21.0,5506.6,High Value
8707,Sana Ali,2,5,5501.21,4311.52,1189.69,2023-09-16,2024-10-21,2750.61,401,21.63,5501.21,High Value
7609,Omar Malik,2,12,5499.43,4017.13,1482.3,2022-04-22,2022-10-04,2749.72,165,26.95,5499.43,High Value
5429,Maryam Chaudhry,1,7,5494.93,5107.62,387.31,2022-10-05,2022-10-05,5494.93,0,7.05,5494.93,High Value
1227,Ahmed Sheikh,5,13,5494.65,4732.48,762.17,2022-03-22,2024-07-07,1098.93,838,13.87,5494.65,High Value
1858,Sara Malik,1,5,5493.25,3811.8,1681.45,2023-05-14,2023-05-14,5493.25,0,30.61,5493.25,High Value
2185,Imran Sheikh,1,4,5492.04,3747.56,1744.48,2023-02-01,2023-02-01,5492.04,0,31.76,5492.04,High Value
7545,Fatima Raza,2,4,5490.48,4157.52,1332.96,2024-01-15,2026-05-13,2745.24,849,24.28,5490.48,High Value
6638,Imran Memon,1,3,5489.88,4114.71,1375.17,2024-01-20,2024-01-20,5489.88,0,25.05,5489.88,High Value
6883,Fatima Qureshi,2,5,5481.92,5298.59,183.33,2022-04-22,2022-12-19,2740.96,241,3.34,5481.92,High Value
5714,Saad Memon,1,3,5475.93,3718.71,1757.22,2022-09-06,2022-09-06,5475.93,0,32.09,5475.93,High Value
9872,Imran Mirza,1,7,5474.77,5460.49,14.28,2025-10-18,2025-10-18,5474.77,0,0.26,5474.77,High Value
7304,Imran Sheikh,1,5,5473.35,3733.25,1740.1,2026-07-05,2026-07-05,5473.35,0,31.79,5473.35,High Value
4821,Omar Memon,1,7,5471.69,3718.47,1753.22,2025-02-13,2025-02-13,5471.69,0,32.04,5471.69,High Value
6431,Imran Siddiqui,1,3,5468.61,3969.33,1499.28,2023-06-30,2023-06-30,5468.61,0,27.42,5468.61,High Value
6937,Ali Chaudhry,1,7,5467.0,3733.17,1733.83,2024-12-18,2024-12-18,5467.0,0,31.71,5467.0,High Value
6290,Omar Chaudhry,2,5,5466.76,3877.08,1589.68,2022-03-07,2022-11-26,2733.38,264,29.08,5466.76,High Value
697,Saad Buriro,1,4,5466.56,4190.16,1276.4,2022-05-11,2022-05-11,5466.56,0,23.35,5466.56,High Value
9343,Sana Mirza,1,4,5463.68,4309.6,1154.08,2023-03-31,2023-03-31,5463.68,0,21.12,5463.68,High Value
3122,Imran Malik,1,5,5457.05,4498.0,959.05,2022-03-29,2022-03-29,5457.05,0,17.57,5457.05,High Value
4911,Maham Ali,2,11,5456.73,4727.46,729.27,2023-10-17,2024-11-18,2728.36,398,13.36,5456.73,High Value
1492,Danish Mirza,2,8,5456.72,4839.88,616.84,2022-11-29,2025-03-17,2728.36,839,11.3,5456.72,High Value
5579,Usman Mirza,1,7,5456.22,4935.98,520.24,2022-04-03,2022-04-03,5456.22,0,9.53,5456.22,High Value
7382,Maryam Qureshi,1,4,5454.88,4643.12,811.76,2023-11-22,2023-11-22,5454.88,0,14.88,5454.88,High Value
7862,Fahad Khan,1,6,5454.66,4793.28,661.38,2025-12-28,2025-12-28,5454.66,0,12.13,5454.66,High Value
7373,Fahad Raza,1,6,5454.06,5345.7,108.36,2023-11-02,2023-11-02,5454.06,0,1.99,5454.06,High Value
4547,Sara Iqbal,1,4,5453.96,4260.12,1193.84,2026-03-02,2026-03-02,5453.96,0,21.89,5453.96,High Value
7349,Sana Shah,1,7,5451.32,4155.69,1295.63,2024-07-10,2024-07-10,5451.32,0,23.77,5451.32,High Value
4939,Saad Hussain,1,6,5449.44,4283.28,1166.16,2024-05-10,2024-05-10,5449.44,0,21.4,5449.44,High Value
2956,Hussain Qureshi,1,7,5449.08,4806.48,642.6,2025-07-19,2025-07-19,5449.08,0,11.79,5449.08,High Value
7015,Sara Shah,2,4,5447.68,4220.78,1226.9,2022-05-28,2024-10-28,2723.84,884,22.52,5447.68,High Value
5299,Hamza Shah,1,4,5446.28,4027.68,1418.6,2023-08-07,2023-08-07,5446.28,0,26.05,5446.28,High Value
152,Ali Chaudhry,1,7,5443.97,4655.21,788.76,2025-10-08,2025-10-08,5443.97,0,14.49,5443.97,High Value
320,Maham Iqbal,2,6,5442.54,3676.5,1766.04,2023-10-14,2024-03-25,2721.27,163,32.45,5442.54,High Value
7073,Maryam Malik,2,3,5440.36,3798.87,1641.49,2022-02-20,2022-03-03,2720.18,11,30.17,5440.36,High Value
7430,Saad Chaudhry,2,12,5438.22,4730.82,707.4,2022-06-25,2023-12-16,2719.11,539,13.01,5438.22,High Value
100,Hamza Iqbal,1,4,5436.04,4157.4,1278.64,2022-07-21,2022-07-21,5436.04,0,23.52,5436.04,High Value
5595,Imran Raza,2,7,5435.48,4191.26,1244.22,2025-06-30,2026-08-04,2717.74,400,22.89,5435.48,High Value
42,Hussain Mirza,2,5,5428.17,3817.02,1611.15,2023-01-13,2024-09-08,2714.08,604,29.68,5428.17,High Value
6753,Ali Buriro,1,6,5425.08,4338.12,1086.96,2023-08-17,2023-08-17,5425.08,0,20.04,5425.08,High Value
637,Imran Memon,1,5,5418.8,4057.9,1360.9,2023-06-28,2023-06-28,5418.8,0,25.11,5418.8,High Value
103,Fatima Shah,1,5,5415.5,3934.5,1481.0,2022-04-20,2022-04-20,5415.5,0,27.35,5415.5,High Value
8466,Sana Sheikh,1,5,5411.65,4758.3,653.35,2026-04-25,2026-04-25,5411.65,0,12.07,5411.65,High Value
4681,Sara Iqbal,1,6,5411.1,5148.9,262.2,2026-08-17,2026-08-17,5411.1,0,4.85,5411.1,High Value
2079,Sara Malik,1,6,5406.54,5041.08,365.46,2025-08-26,2025-08-26,5406.54,0,6.76,5406.54,High Value
9857,Imran Hussain,3,6,5405.43,4118.09,1287.34,2022-09-29,2024-09-29,1801.81,731,23.82,5405.43,High Value
3829,Danish Iqbal,1,4,5404.56,3396.08,2008.48,2024-08-12,2024-08-12,5404.56,0,37.16,5404.56,High Value
4764,Danish Sheikh,1,3,5403.24,4317.6,1085.64,2026-04-12,2026-04-12,5403.24,0,20.09,5403.24,High Value
8215,Usman Shah,4,12,5400.59,4291.22,1109.37,2023-03-24,2026-04-27,1350.15,1130,20.54,5400.59,High Value
3978,Hira Ahmed,1,4,5400.48,4603.16,797.32,2024-01-11,2024-01-11,5400.48,0,14.76,5400.48,High Value
1708,Sana Siddiqui,1,4,5399.68,3837.64,1562.04,2026-08-02,2026-08-02,5399.68,0,28.93,5399.68,High Value
4935,Fatima Hussain,1,3,5397.39,3960.93,1436.46,2025-01-07,2025-01-07,5397.39,0,26.61,5397.39,High Value
8911,Fahad Qureshi,1,4,5394.8,4157.4,1237.4,2024-05-04,2024-05-04,5394.8,0,22.94,5394.8,High Value
6778,Ahmed Raza,1,6,5394.06,3692.16,1701.9,2023-08-07,2023-08-07,5394.06,0,31.55,5394.06,High Value
1298,Hamza Ahmed,2,7,5392.59,4095.27,1297.32,2022-03-21,2023-12-30,2696.3,649,24.06,5392.59,High Value
3742,Fatima Ahmed,1,7,5391.05,3832.01,1559.04,2025-04-09,2025-04-09,5391.05,0,28.92,5391.05,High Value
1391,Hamza Iqbal,2,9,5388.33,4464.39,923.94,2022-07-27,2023-05-10,2694.16,287,17.15,5388.33,High Value
8420,Ahmed Ali,2,5,5383.79,3978.55,1405.24,2023-01-31,2025-11-16,2691.9,1020,26.1,5383.79,High Value
2156,Zainab Mirza,1,4,5380.0,4326.56,1053.44,2022-02-23,2022-02-23,5380.0,0,19.58,5380.0,High Value
8751,Zainab Memon,1,6,5377.2,3639.78,1737.42,2024-01-20,2024-01-20,5377.2,0,32.31,5377.2,High Value
4818,Sara Sheikh,3,9,5375.29,4747.87,627.42,2022-03-21,2025-04-21,1791.76,1127,11.67,5375.29,High Value
8600,Ahmed Siddiqui,1,6,5371.56,3648.36,1723.2,2024-10-13,2024-10-13,5371.56,0,32.08,5371.56,High Value
1418,Omar Raza,3,8,5370.54,4120.06,1250.48,2022-12-13,2026-04-25,1790.18,1229,23.28,5370.54,High Value
1511,Hamza Ali,2,5,5369.46,4513.21,856.25,2022-11-22,2023-06-07,2684.73,197,15.95,5369.46,High Value
8034,Danish Malik,1,3,5368.32,3723.57,1644.75,2023-05-10,2023-05-10,5368.32,0,30.64,5368.32,High Value
4602,Hamza Chaudhry,2,9,5366.64,4889.58,477.06,2022-09-06,2025-10-15,2683.32,1135,8.89,5366.64,High Value
2774,Hussain Khan,3,7,5363.36,4013.36,1350.0,2024-07-22,2025-11-28,1787.79,494,25.17,5363.36,High Value
3923,Hussain Qureshi,1,7,5358.15,3953.67,1404.48,2025-12-23,2025-12-23,5358.15,0,26.21,5358.15,High Value
6473,Maham Iqbal,1,4,5357.6,4854.8,502.8,2023-12-06,2023-12-06,5357.6,0,9.38,5357.6,High Value
9736,Maryam Raza,1,6,5354.4,3555.6,1798.8,2022-01-18,2022-01-18,5354.4,0,33.59,5354.4,High Value
8473,Danish Siddiqui,2,4,5352.62,4751.74,600.88,2022-05-02,2024-10-01,2676.31,883,11.23,5352.62,High Value
3012,Hamza Chaudhry,2,8,5349.38,3686.66,1662.72,2023-12-08,2026-06-22,2674.69,927,31.08,5349.38,High Value
4638,Ahmed Memon,2,5,5349.15,3882.92,1466.23,2024-10-25,2026-01-28,2674.58,460,27.41,5349.15,High Value
997,Bilal Hussain,1,6,5349.06,4042.8,1306.26,2022-10-15,2022-10-15,5349.06,0,24.42,5349.06,High Value
9481,Imran Iqbal,1,7,5347.58,4716.6,630.98,2025-05-16,2025-05-16,5347.58,0,11.8,5347.58,High Value
1616,Danish Shah,3,15,5346.8,4625.73,721.07,2023-11-26,2026-01-18,1782.27,784,13.49,5346.8,High Value
5336,Bilal Buriro,1,4,5339.4,4803.88,535.52,2025-12-19,2025-12-19,5339.4,0,10.03,5339.4,High Value
7176,Hassan Khan,2,12,5334.73,4869.01,465.72,2022-12-12,2024-09-06,2667.36,634,8.73,5334.73,High Value
5888,Fatima Ahmed,1,7,5334.63,4787.79,546.84,2024-02-16,2024-02-16,5334.63,0,10.25,5334.63,High Value
9875,Sara Shah,3,8,5332.02,4461.56,870.46,2022-03-27,2025-09-01,1777.34,1254,16.33,5332.02,High Value
2796,Ahmed Raza,1,6,5332.02,5117.7,214.32,2022-01-07,2022-01-07,5332.02,0,4.02,5332.02,High Value
4761,Hamza Sheikh,1,4,5331.76,3934.04,1397.72,2022-07-02,2022-07-02,5331.76,0,26.21,5331.76,High Value
4672,Ayesha Malik,1,5,5330.2,4757.05,573.15,2025-01-02,2025-01-02,5330.2,0,10.75,5330.2,High Value
9988,Zainab Mirza,1,4,5327.12,4187.6,1139.52,2023-03-14,2023-03-14,5327.12,0,21.39,5327.12,High Value
9949,Ali Hussain,3,4,5323.8,4633.46,690.34,2022-03-02,2026-04-09,1774.6,1499,12.97,5323.8,High Value
3475,Omar Raza,1,3,5319.06,3245.76,2073.3,2022-09-30,2022-09-30,5319.06,0,38.98,5319.06,High Value
5596,Usman Hussain,1,5,5311.0,4420.75,890.25,2025-08-08,2025-08-08,5311.0,0,16.76,5311.0,High Value
5386,Ahmed Buriro,1,3,5307.6,3390.6,1917.0,2024-02-07,2024-02-07,5307.6,0,36.12,5307.6,High Value
7081,Maham Mirza,1,4,5304.72,5080.12,224.6,2026-06-10,2026-06-10,5304.72,0,4.23,5304.72,High Value
786,Ahmed Qureshi,1,3,5302.68,4054.77,1247.91,2022-09-19,2022-09-19,5302.68,0,23.53,5302.68,High Value
6044,Danish Iqbal,1,4,5301.12,3972.4,1328.72,2024-09-27,2024-09-27,5301.12,0,25.06,5301.12,High Value
6386,Hussain Chaudhry,1,6,5300.34,3848.28,1452.06,2025-03-03,2025-03-03,5300.34,0,27.4,5300.34,High Value
5906,Bilal Chaudhry,1,3,5294.91,3548.58,1746.33,2022-11-17,2022-11-17,5294.91,0,32.98,5294.91,High Value
3375,Omar Sheikh,1,4,5294.8,4237.88,1056.92,2024-11-16,2024-11-16,5294.8,0,19.96,5294.8,High Value
5991,Maryam Ali,1,7,5291.02,4156.6,1134.42,2025-01-17,2025-01-17,5291.02,0,21.44,5291.02,High Value
4556,Hussain Buriro,1,6,5289.3,3663.54,1625.76,2022-04-19,2022-04-19,5289.3,0,30.74,5289.3,High Value
4008,Maham Ahmed,1,5,5288.2,4306.75,981.45,2024-07-17,2024-07-17,5288.2,0,18.56,5288.2,High Value
9886,Sana Mirza,1,5,5286.2,4078.1,1208.1,2022-10-04,2022-10-04,5286.2,0,22.85,5286.2,High Value
9720,Ahmed Khan,1,3,5282.73,4180.86,1101.87,2023-07-13,2023-07-13,5282.73,0,20.86,5282.73,High Value
2300,Saad Memon,2,9,5280.33,3941.75,1338.58,2023-09-22,2024-03-01,2640.16,161,25.35,5280.33,High Value
5921,Zainab Siddiqui,1,7,5277.79,3424.75,1853.04,2024-01-07,2024-01-07,5277.79,0,35.11,5277.79,High Value
7357,Danish Memon,1,7,5277.16,3549.21,1727.95,2022-10-10,2022-10-10,5277.16,0,32.74,5277.16,High Value
9252,Ali Qureshi,1,4,5273.8,4864.76,409.04,2023-04-15,2023-04-15,5273.8,0,7.76,5273.8,High Value
5533,Danish Sheikh,1,6,5266.26,4136.52,1129.74,2025-09-13,2025-09-13,5266.26,0,21.45,5266.26,High Value
2578,Danish Mirza,1,4,5264.6,4512.2,752.4,2022-01-13,2022-01-13,5264.6,0,14.29,5264.6,High Value
3067,Imran Siddiqui,1,5,5264.5,3810.3,1454.2,2023-09-17,2023-09-17,5264.5,0,27.62,5264.5,High Value
2476,Hamza Khan,1,5,5263.9,4447.25,816.65,2023-07-01,2023-07-01,5263.9,0,15.51,5263.9,High Value
9455,Ahmed Sheikh,1,3,5259.09,3943.56,1315.53,2025-10-23,2025-10-23,5259.09,0,25.01,5259.09,High Value
1481,Imran Siddiqui,1,6,5256.18,4252.38,1003.8,2023-06-20,2023-06-20,5256.18,0,19.1,5256.18,High Value
1261,Ayesha Khan,1,4,5254.0,4714.6,539.4,2025-06-20,2025-06-20,5254.0,0,10.27,5254.0,High Value
1200,Bilal Buriro,1,6,5253.66,4421.94,831.72,2025-05-21,2025-05-21,5253.66,0,15.83,5253.66,High Value
4541,Imran Khan,1,5,5251.1,3867.05,1384.05,2024-12-18,2024-12-18,5251.1,0,26.36,5251.1,High Value
4495,Ali Malik,2,8,5251.02,4856.8,394.22,2023-09-29,2024-08-23,2625.51,329,7.51,5251.02,High Value
9882,Hira Ali,2,7,5250.61,4499.98,750.63,2024-01-18,2024-06-16,2625.3,150,14.3,5250.61,High Value
5184,Usman Memon,1,4,5249.88,4933.6,316.28,2022-05-13,2022-05-13,5249.88,0,6.02,5249.88,High Value
4549,Hassan Memon,2,6,5249.39,4292.55,956.84,2025-05-13,2026-04-19,2624.7,341,18.23,5249.39,High Value
9325,Saad Sheikh,1,5,5249.1,4744.5,504.6,2023-07-09,2023-07-09,5249.1,0,9.61,5249.1,High Value
6928,Zainab Chaudhry,1,4,5239.04,4300.48,938.56,2024-09-30,2024-09-30,5239.04,0,17.91,5239.04,High Value
4976,Ayesha Siddiqui,1,5,5237.7,4394.05,843.65,2024-03-21,2024-03-21,5237.7,0,16.11,5237.7,High Value
8893,Sara Buriro,1,3,5233.65,3826.83,1406.82,2025-10-10,2025-10-10,5233.65,0,26.88,5233.65,High Value
770,Sara Hussain,1,4,5232.76,3800.96,1431.8,2024-01-29,2024-01-29,5232.76,0,27.36,5232.76,High Value
9203,Sara Siddiqui,1,4,5229.24,3815.2,1414.04,2023-12-14,2023-12-14,5229.24,0,27.04,5229.24,High Value
3494,Zainab Hussain,2,8,5227.98,3872.76,1355.22,2023-02-24,2023-05-01,2613.99,66,25.92,5227.98,High Value
3395,Usman Buriro,1,6,5227.8,4395.96,831.84,2022-05-16,2022-05-16,5227.8,0,15.91,5227.8,High Value
9619,Hassan Raza,1,3,5226.36,3725.31,1501.05,2026-03-04,2026-03-04,5226.36,0,28.72,5226.36,High Value
1011,Hamza Hussain,1,6,5225.46,4044.78,1180.68,2024-05-22,2024-05-22,5225.46,0,22.59,5225.46,High Value
7440,Ayesha Chaudhry,2,8,5223.54,3784.68,1438.86,2023-05-13,2026-04-16,2611.77,1069,27.55,5223.54,High Value
7474,Danish Siddiqui,1,5,5220.1,4783.25,436.85,2023-10-28,2023-10-28,5220.1,0,8.37,5220.1,High Value
6014,Hussain Hussain,2,8,5217.61,3675.47,1542.14,2022-02-10,2025-06-03,2608.81,1209,29.56,5217.61,High Value
255,Bilal Shah,2,4,5214.17,4396.03,818.14,2024-01-09,2025-08-14,2607.08,583,15.69,5214.17,High Value
2078,Usman Ahmed,1,7,5210.94,3574.55,1636.39,2023-08-26,2023-08-26,5210.94,0,31.4,5210.94,High Value
8182,Saad Buriro,1,3,5208.45,3227.16,1981.29,2024-06-16,2024-06-16,5208.45,0,38.04,5208.45,High Value
1368,Ayesha Ahmed,1,7,5208.28,4002.04,1206.24,2025-08-21,2025-08-21,5208.28,0,23.16,5208.28,High Value
6577,Hussain Siddiqui,1,6,5205.36,3538.26,1667.1,2022-01-08,2022-01-08,5205.36,0,32.03,5205.36,High Value
3695,Usman Buriro,2,4,5202.57,4214.8,987.77,2022-06-04,2023-09-08,2601.28,461,18.99,5202.57,High Value
6032,Ali Siddiqui,1,4,5201.28,3759.48,1441.8,2022-10-18,2022-10-18,5201.28,0,27.72,5201.28,High Value
5123,Hassan Siddiqui,2,5,5200.2,4245.47,954.73,2024-09-10,2026-05-07,2600.1,604,18.36,5200.2,High Value
95,Usman Malik,2,9,5198.1,4301.1,897.0,2024-12-30,2026-01-15,2599.05,381,17.26,5198.1,High Value
6773,Fahad Siddiqui,2,5,5194.69,3891.92,1302.77,2023-01-28,2023-11-08,2597.35,284,25.08,5194.69,High Value
3405,Ali Chaudhry,2,10,5190.67,4468.94,721.73,2022-05-26,2023-07-12,2595.34,412,13.9,5190.67,High Value
6522,Usman Siddiqui,1,3,5187.51,3511.71,1675.8,2024-06-24,2024-06-24,5187.51,0,32.3,5187.51,High Value
3182,Maham Shah,2,6,5186.64,3947.72,1238.92,2026-03-06,2026-04-14,2593.32,39,23.89,5186.64,High Value
3356,Bilal Qureshi,2,6,5182.82,5163.2,19.62,2023-10-03,2024-03-24,2591.41,173,0.38,5182.82,High Value
5591,Ayesha Siddiqui,2,10,5180.88,4702.5,478.38,2022-08-18,2023-04-11,2590.44,236,9.23,5180.88,High Value
6413,Zainab Siddiqui,2,6,5180.76,3649.02,1531.74,2023-03-27,2026-01-09,2590.38,1019,29.57,5180.76,High Value
4013,Hussain Chaudhry,1,7,5178.88,3442.88,1736.0,2023-10-27,2023-10-27,5178.88,0,33.52,5178.88,High Value
4884,Omar Qureshi,2,9,5177.16,3863.22,1313.94,2025-12-08,2026-05-26,2588.58,169,25.38,5177.16,High Value
6910,Hira Qureshi,1,3,5174.97,4138.02,1036.95,2022-01-13,2022-01-13,5174.97,0,20.04,5174.97,High Value
5855,Ayesha Khan,1,7,5173.28,3739.47,1433.81,2026-05-25,2026-05-25,5173.28,0,27.72,5173.28,High Value
9213,Sara Ahmed,1,3,5172.63,3480.45,1692.18,2025-04-03,2025-04-03,5172.63,0,32.71,5172.63,High Value
7059,Imran Raza,1,7,5171.74,3627.47,1544.27,2025-07-03,2025-07-03,5171.74,0,29.86,5171.74,High Value
9074,Hassan Memon,3,13,5170.0,4678.37,491.63,2023-11-30,2026-02-08,1723.33,801,9.51,5170.0,High Value
1936,Ali Ali,1,4,5168.68,3934.04,1234.64,2022-01-19,2022-01-19,5168.68,0,23.89,5168.68,High Value
3589,Sara Buriro,2,4,5167.44,4563.54,603.9,2022-05-12,2023-01-07,2583.72,240,11.69,5167.44,High Value
5654,Hussain Qureshi,2,9,5167.16,4025.31,1141.85,2023-05-17,2025-03-08,2583.58,661,22.1,5167.16,High Value
6207,Omar Qureshi,2,4,5165.28,4239.46,925.82,2022-06-22,2026-04-13,2582.64,1391,17.92,5165.28,High Value
7556,Fahad Chaudhry,1,3,5165.19,3553.98,1611.21,2023-05-27,2023-05-27,5165.19,0,31.19,5165.19,High Value
3091,Omar Chaudhry,1,4,5162.56,4831.4,331.16,2026-04-13,2026-04-13,5162.56,0,6.41,5162.56,High Value
7193,Hira Raza,2,4,5158.6,4025.22,1133.38,2022-08-14,2024-12-08,2579.3,847,21.97,5158.6,High Value
7946,Hassan Shah,2,4,5157.76,4132.97,1024.79,2023-08-30,2024-08-29,2578.88,365,19.87,5157.76,High Value
7615,Bilal Siddiqui,1,3,5156.01,4085.64,1070.37,2022-06-15,2022-06-15,5156.01,0,20.76,5156.01,High Value
3114,Sana Hussain,3,8,5154.73,4011.88,1142.85,2022-01-27,2024-08-08,1718.24,924,22.17,5154.73,High Value
6087,Zainab Sheikh,1,4,5148.68,4067.84,1080.84,2023-12-02,2023-12-02,5148.68,0,20.99,5148.68,High Value
6268,Hussain Mirza,1,4,5148.56,4960.24,188.32,2022-05-29,2022-05-29,5148.56,0,3.66,5148.56,High Value
7383,Maryam Iqbal,2,11,5146.15,4041.27,1104.88,2024-10-19,2025-06-23,2573.07,247,21.47,5146.15,High Value
2560,Fahad Khan,2,9,5143.77,4406.67,737.1,2023-02-17,2025-06-25,2571.89,859,14.33,5143.77,High Value
6434,Sana Chaudhry,1,4,5142.28,3965.12,1177.16,2024-12-27,2024-12-27,5142.28,0,22.89,5142.28,High Value
5789,Maham Mirza,1,4,5139.44,4606.36,533.08,2023-02-27,2023-02-27,5139.44,0,10.37,5139.44,High Value
7655,Fatima Shah,2,9,5139.09,4138.74,1000.35,2022-11-29,2025-04-03,2569.54,856,19.47,5139.09,High Value
982,Hassan Mirza,2,7,5139.0,3815.2,1323.8,2023-02-05,2025-07-04,2569.5,880,25.76,5139.0,High Value
2268,Ali Sheikh,1,6,5133.42,3571.38,1562.04,2026-04-21,2026-04-21,5133.42,0,30.43,5133.42,High Value
8170,Hussain Qureshi,2,4,5129.32,4421.6,707.72,2023-05-11,2024-04-30,2564.66,355,13.8,5129.32,High Value
1537,Usman Buriro,1,4,5125.32,4009.32,1116.0,2022-12-16,2022-12-16,5125.32,0,21.77,5125.32,High Value
5693,Usman Raza,1,5,5124.0,3517.65,1606.35,2024-02-27,2024-02-27,5124.0,0,31.35,5124.0,High Value
3568,Ali Sheikh,1,4,5121.24,3741.04,1380.2,2022-06-28,2022-06-28,5121.24,0,26.95,5121.24,High Value
2591,Fahad Buriro,1,4,5121.12,3642.0,1479.12,2026-06-28,2026-06-28,5121.12,0,28.88,5121.12,High Value
7501,Ahmed Sheikh,2,4,5120.74,3543.49,1577.25,2023-03-05,2025-01-11,2560.37,678,30.8,5120.74,High Value
9036,Ahmed Malik,1,5,5118.45,5154.2,-35.75,2023-03-14,2023-03-14,5118.45,0,-0.7,5118.45,High Value
3377,Maryam Khan,2,13,5117.54,3953.03,1164.51,2022-06-12,2025-09-11,2558.77,1187,22.76,5117.54,High Value
1297,Zainab Ali,2,6,5116.1,3992.2,1123.9,2023-01-16,2024-05-06,2558.05,476,21.97,5116.1,High Value
454,Ayesha Ahmed,1,3,5115.27,4344.03,771.24,2023-08-10,2023-08-10,5115.27,0,15.08,5115.27,High Value
2383,Ayesha Ahmed,1,5,5110.0,4754.4,355.6,2026-08-11,2026-08-11,5110.0,0,6.96,5110.0,High Value
4269,Sana Buriro,1,7,5106.85,3738.42,1368.43,2023-02-07,2023-02-07,5106.85,0,26.8,5106.85,High Value
8335,Hussain Shah,1,5,5105.5,3815.35,1290.15,2023-01-18,2023-01-18,5105.5,0,25.27,5105.5,High Value
4714,Ayesha Chaudhry,3,7,5102.73,4107.8,994.93,2025-01-24,2026-04-13,1700.91,444,19.5,5102.73,High Value
7300,Omar Hussain,2,6,5099.86,4268.72,831.14,2022-03-27,2025-01-14,2549.93,1024,16.3,5099.86,High Value
1595,Ahmed Mirza,1,4,5099.48,3686.16,1413.32,2024-04-02,2024-04-02,5099.48,0,27.71,5099.48,High Value
7108,Saad Raza,1,7,5096.91,4098.08,998.83,2022-05-29,2022-05-29,5096.91,0,19.6,5096.91,High Value
7331,Sana Shah,2,5,5092.83,3887.81,1205.02,2022-07-14,2024-10-27,2546.42,836,23.66,5092.83,High Value
1069,Zainab Khan,1,4,5090.76,4492.76,598.0,2023-12-30,2023-12-30,5090.76,0,11.75,5090.76,High Value
4317,Ayesha Iqbal,1,3,5087.28,4130.94,956.34,2025-03-02,2025-03-02,5087.28,0,18.8,5087.28,High Value
1361,Maryam Memon,1,3,5081.91,4014.18,1067.73,2024-08-28,2024-08-28,5081.91,0,21.01,5081.91,High Value
3160,Fatima Malik,1,3,5076.03,3514.38,1561.65,2025-04-21,2025-04-21,5076.03,0,30.77,5076.03,High Value
8204,Sara Raza,1,6,5073.96,3739.8,1334.16,2025-03-01,2025-03-01,5073.96,0,26.29,5073.96,High Value
8443,Ali Malik,2,8,5073.01,3679.45,1393.56,2025-02-14,2025-06-12,2536.5,118,27.47,5073.01,High Value
8864,Ayesha Raza,1,6,5071.08,3745.98,1325.1,2022-09-01,2022-09-01,5071.08,0,26.13,5071.08,High Value
511,Ahmed Ali,1,4,5069.12,4304.36,764.76,2025-06-21,2025-06-21,5069.12,0,15.09,5069.12,High Value
8366,Fahad Iqbal,1,4,5068.72,3326.24,1742.48,2024-10-06,2024-10-06,5068.72,0,34.38,5068.72,High Value
8586,Sana Qureshi,1,4,5068.04,5124.32,-56.28,2023-01-20,2023-01-20,5068.04,0,-1.11,5068.04,High Value
7097,Maryam Sheikh,2,8,5068.0,4492.76,575.24,2022-05-18,2026-06-04,2534.0,1478,11.35,5068.0,High Value
9453,Maryam Mirza,2,9,5067.66,3944.46,1123.2,2025-02-18,2025-04-01,2533.83,42,22.16,5067.66,High Value
3152,Hussain Raza,1,6,5065.8,3733.8,1332.0,2024-02-08,2024-02-08,5065.8,0,26.29,5065.8,High Value
3401,Fahad Ali,1,7,5064.43,4736.76,327.67,2024-12-10,2024-12-10,5064.43,0,6.47,5064.43,High Value
1038,Hira Siddiqui,2,5,5062.88,4783.3,279.58,2022-03-08,2023-03-09,2531.44,366,5.52,5062.88,High Value
1525,Hussain Memon,1,4,5056.64,5151.88,-95.24,2024-12-27,2024-12-27,5056.64,0,-1.88,5056.64,High Value
3471,Danish Siddiqui,2,5,5055.8,4574.44,481.36,2022-01-22,2024-09-26,2527.9,978,9.52,5055.8,High Value
1353,Ahmed Malik,1,6,5055.0,4905.78,149.22,2024-09-04,2024-09-04,5055.0,0,2.95,5055.0,High Value
7679,Usman Chaudhry,1,3,5054.52,4243.77,810.75,2024-05-02,2024-05-02,5054.52,0,16.04,5054.52,High Value
3651,Maham Malik,1,5,5054.45,4836.45,218.0,2026-02-09,2026-02-09,5054.45,0,4.31,5054.45,High Value
1548,Imran Buriro,2,3,5044.91,3653.28,1391.63,2022-06-02,2024-08-17,2522.46,807,27.58,5044.91,High Value
7016,Danish Iqbal,2,11,5044.19,4511.77,532.42,2025-04-01,2025-08-07,2522.09,128,10.56,5044.19,High Value
423,Ali Khan,2,6,5043.7,4992.5,51.2,2023-03-03,2024-12-10,2521.85,648,1.02,5043.7,High Value
7746,Hira Raza,1,4,5043.24,3655.24,1388.0,2023-04-14,2023-04-14,5043.24,0,27.52,5043.24,High Value
3411,Maham Hussain,1,4,5036.88,3908.52,1128.36,2023-02-20,2023-02-20,5036.88,0,22.4,5036.88,High Value
6364,Ayesha Ali,2,8,5036.71,3516.36,1520.35,2022-01-17,2025-12-08,2518.36,1421,30.19,5036.71,High Value
9419,Maryam Sheikh,2,3,5033.42,3686.36,1347.06,2026-01-12,2026-05-19,2516.71,127,26.76,5033.42,High Value
8905,Hamza Iqbal,2,6,5032.94,3746.9,1286.04,2024-04-01,2025-05-30,2516.47,424,25.55,5032.94,High Value
21,Hussain Buriro,1,7,5027.82,4917.29,110.53,2022-02-18,2022-02-18,5027.82,0,2.2,5027.82,High Value
9468,Danish Hussain,1,5,5027.6,3557.9,1469.7,2026-06-20,2026-06-20,5027.6,0,29.23,5027.6,High Value
9286,Hussain Ali,1,3,5024.49,4472.76,551.73,2023-02-23,2023-02-23,5024.49,0,10.98,5024.49,High Value
4883,Maham Hussain,1,4,5024.24,4451.56,572.68,2025-07-31,2025-07-31,5024.24,0,11.4,5024.24,High Value
3063,Hassan Shah,3,11,5023.01,4091.24,931.77,2023-06-13,2025-08-28,1674.34,807,18.55,5023.01,High Value
8711,Maryam Memon,1,6,5020.44,4214.52,805.92,2025-11-13,2025-11-13,5020.44,0,16.05,5020.44,High Value
1287,Sara Qureshi,1,4,5019.24,4157.96,861.28,2025-03-07,2025-03-07,5019.24,0,17.16,5019.24,High Value
5,Usman Ali,1,7,5019.21,5076.89,-57.68,2022-07-05,2022-07-05,5019.21,0,-1.15,5019.21,High Value
9329,Zainab Khan,1,5,5019.05,4236.45,782.6,2022-09-13,2022-09-13,5019.05,0,15.59,5019.05,High Value
5254,Ali Mirza,1,6,5011.02,4645.98,365.04,2025-01-24,2025-01-24,5011.02,0,7.28,5011.02,High Value
8852,Hussain Ahmed,1,6,5009.88,4785.96,223.92,2026-02-25,2026-02-25,5009.88,0,4.47,5009.88,High Value
2598,Omar Siddiqui,1,4,5009.72,3642.0,1367.72,2022-10-09,2022-10-09,5009.72,0,27.3,5009.72,High Value
7260,Omar Khan,1,3,5009.19,4285.86,723.33,2024-12-14,2024-12-14,5009.19,0,14.44,5009.19,High Value
3575,Bilal Malik,1,4,5008.6,3588.72,1419.88,2024-03-10,2024-03-10,5008.6,0,28.35,5008.6,High Value
902,Fatima Shah,2,5,5002.16,3577.01,1425.15,2022-06-24,2024-02-20,2501.08,606,28.49,5002.16,High Value
3084,Hamza Buriro,2,8,5000.48,3924.56,1075.92,2023-08-07,2026-05-21,2500.24,1018,21.52,5000.48,High Value
7080,Bilal Iqbal,3,8,4998.82,3737.18,1261.64,2022-01-07,2023-09-08,1666.27,609,25.24,4998.82,Medium Value
4607,Imran Mirza,1,5,4997.85,4271.35,726.5,2025-01-22,2025-01-22,4997.85,0,14.54,4997.85,Medium Value
1838,Maryam Siddiqui,2,10,4991.78,4770.58,221.2,2022-03-22,2024-02-20,2495.89,700,4.43,4991.78,Medium Value
5894,Zainab Mirza,1,4,4991.56,3473.44,1518.12,2022-11-27,2022-11-27,4991.56,0,30.41,4991.56,Medium Value
1627,Hussain Qureshi,3,6,4991.32,4527.23,464.09,2022-08-10,2025-08-30,1663.77,1116,9.3,4991.32,Medium Value
9035,Hamza Siddiqui,1,4,4991.2,3204.12,1787.08,2023-04-28,2023-04-28,4991.2,0,35.8,4991.2,Medium Value
8246,Omar Ahmed,1,6,4988.52,4754.22,234.3,2024-04-12,2024-04-12,4988.52,0,4.7,4988.52,Medium Value
4046,Zainab Shah,2,9,4987.26,4053.04,934.22,2022-08-27,2023-08-11,2493.63,349,18.73,4987.26,Medium Value
3046,Usman Iqbal,2,11,4985.59,3549.29,1436.3,2024-09-15,2025-03-01,2492.8,167,28.81,4985.59,Medium Value
8792,Usman Mirza,1,3,4985.31,4253.13,732.18,2025-12-05,2025-12-05,4985.31,0,14.69,4985.31,Medium Value
7783,Ayesha Sheikh,1,7,4981.41,4534.25,447.16,2026-02-27,2026-02-27,4981.41,0,8.98,4981.41,Medium Value
6935,Hira Hussain,1,6,4979.4,4698.78,280.62,2025-08-18,2025-08-18,4979.4,0,5.64,4979.4,Medium Value
8644,Hussain Malik,2,4,4977.08,4505.84,471.24,2025-09-21,2026-01-19,2488.54,120,9.47,4977.08,Medium Value
6347,Saad Iqbal,1,3,4974.72,3781.2,1193.52,2022-05-28,2022-05-28,4974.72,0,23.99,4974.72,Medium Value
5261,Saad Hussain,2,5,4974.13,3845.3,1128.83,2023-02-05,2025-03-25,2487.06,779,22.69,4974.13,Medium Value
9707,Ayesha Buriro,1,3,4970.85,4027.65,943.2,2025-06-11,2025-06-11,4970.85,0,18.97,4970.85,Medium Value
5041,Hassan Shah,2,7,4970.44,4014.68,955.76,2022-03-04,2025-04-22,2485.22,1145,19.23,4970.44,Medium Value
6892,Fatima Malik,2,14,4970.14,3365.53,1604.61,2023-12-27,2024-05-10,2485.07,135,32.29,4970.14,Medium Value
1161,Ahmed Khan,1,5,4966.7,3414.4,1552.3,2025-08-14,2025-08-14,4966.7,0,31.25,4966.7,Medium Value
5813,Maryam Memon,2,8,4964.89,4268.37,696.52,2023-01-10,2025-10-13,2482.45,1007,14.03,4964.89,Medium Value
5883,Fatima Buriro,3,15,4964.16,4460.85,503.31,2023-07-06,2025-09-03,1654.72,790,10.14,4964.16,Medium Value
8330,Maham Sheikh,2,7,4963.74,3945.11,1018.63,2023-08-28,2025-02-26,2481.87,548,20.52,4963.74,Medium Value
7285,Hassan Chaudhry,2,9,4963.5,4931.07,32.43,2022-10-27,2024-11-25,2481.75,760,0.65,4963.5,Medium Value
6092,Ahmed Ali,1,5,4962.75,3734.8,1227.95,2022-01-20,2022-01-20,4962.75,0,24.74,4962.75,Medium Value
3621,Zainab Hussain,2,9,4962.24,3705.84,1256.4,2025-12-26,2026-06-15,2481.12,171,25.32,4962.24,Medium Value
6128,Saad Khan,1,3,4961.07,3884.07,1077.0,2023-07-21,2023-07-21,4961.07,0,21.71,4961.07,Medium Value
8859,Saad Shah,2,7,4960.82,4459.86,500.96,2022-04-29,2026-04-07,2480.41,1439,10.1,4960.82,Medium Value
6190,Maham Hussain,1,5,4960.6,3993.55,967.05,2022-06-28,2022-06-28,4960.6,0,19.49,4960.6,Medium Value
723,Hassan Khan,1,5,4957.9,3823.2,1134.7,2024-03-19,2024-03-19,4957.9,0,22.89,4957.9,Medium Value
1466,Hussain Memon,2,11,4957.32,3760.71,1196.61,2023-12-27,2025-08-14,2478.66,596,24.14,4957.32,Medium Value
5817,Usman Malik,1,3,4956.81,3770.25,1186.56,2023-07-03,2023-07-03,4956.81,0,23.94,4956.81,Medium Value
7594,Ali Mirza,2,10,4956.8,3651.3,1305.5,2022-04-22,2022-06-26,2478.4,65,26.34,4956.8,Medium Value
5736,Fatima Iqbal,1,6,4956.24,4355.1,601.14,2022-05-05,2022-05-05,4956.24,0,12.13,4956.24,Medium Value
6095,Hussain Iqbal,1,4,4952.56,3437.12,1515.44,2023-09-08,2023-09-08,4952.56,0,30.6,4952.56,Medium Value
8626,Danish Khan,2,6,4948.15,3627.83,1320.32,2024-11-27,2026-04-27,2474.07,516,26.68,4948.15,Medium Value
2411,Zainab Memon,1,3,4947.21,3632.37,1314.84,2024-02-29,2024-02-29,4947.21,0,26.58,4947.21,Medium Value
6159,Bilal Khan,2,7,4943.67,4178.75,764.92,2022-02-01,2024-10-23,2471.84,995,15.47,4943.67,Medium Value
766,Ahmed Khan,3,11,4942.95,3902.33,1040.62,2022-11-19,2025-07-29,1647.65,983,21.05,4942.95,Medium Value
5085,Fahad Chaudhry,1,7,4940.95,4179.7,761.25,2024-04-21,2024-04-21,4940.95,0,15.41,4940.95,Medium Value
6531,Bilal Malik,2,5,4940.55,4090.98,849.57,2023-06-05,2023-09-25,2470.28,112,17.2,4940.55,Medium Value
9311,Maham Shah,1,7,4939.55,3982.86,956.69,2023-06-16,2023-06-16,4939.55,0,19.37,4939.55,Medium Value
8512,Bilal Sheikh,2,9,4939.36,4322.66,616.7,2024-10-14,2025-07-24,2469.68,283,12.49,4939.36,Medium Value
7814,Maryam Shah,2,9,4936.61,3245.25,1691.36,2024-05-11,2025-02-26,2468.3,291,34.26,4936.61,Medium Value
2732,Sara Malik,2,10,4936.34,3375.84,1560.5,2025-02-02,2025-05-08,2468.17,95,31.61,4936.34,Medium Value
8209,Danish Hussain,1,3,4934.58,3332.49,1602.09,2023-04-01,2023-04-01,4934.58,0,32.47,4934.58,Medium Value
2455,Maham Hussain,1,3,4933.8,4480.74,453.06,2022-01-04,2022-01-04,4933.8,0,9.18,4933.8,Medium Value
9925,Ahmed Ali,1,5,4933.7,3889.25,1044.45,2023-09-06,2023-09-06,4933.7,0,21.17,4933.7,Medium Value
9876,Omar Qureshi,3,10,4933.35,4082.94,850.41,2022-04-10,2024-07-16,1644.45,828,17.24,4933.35,Medium Value
3826,Omar Raza,2,8,4932.32,3440.28,1492.04,2022-03-15,2023-07-09,2466.16,481,30.25,4932.32,Medium Value
4816,Ali Khan,2,13,4931.64,3918.99,1012.65,2022-08-03,2025-05-29,2465.82,1030,20.53,4931.64,Medium Value
6100,Omar Ahmed,2,6,4925.74,3287.58,1638.16,2023-12-09,2026-04-17,2462.87,860,33.26,4925.74,Medium Value
3296,Ali Iqbal,1,4,4921.6,4642.88,278.72,2025-10-02,2025-10-02,4921.6,0,5.66,4921.6,Medium Value
7105,Maham Malik,1,4,4921.16,4561.2,359.96,2026-02-21,2026-02-21,4921.16,0,7.31,4921.16,Medium Value
9411,Hira Qureshi,1,4,4920.04,3727.92,1192.12,2024-01-25,2024-01-25,4920.04,0,24.23,4920.04,Medium Value
9077,Omar Mirza,2,5,4915.96,4317.05,598.91,2023-10-05,2025-11-27,2457.98,784,12.18,4915.96,Medium Value
9605,Danish Ahmed,1,4,4915.92,3831.0,1084.92,2024-07-12,2024-07-12,4915.92,0,22.07,4915.92,Medium Value
8433,Fatima Chaudhry,1,3,4915.29,4193.52,721.77,2026-01-01,2026-01-01,4915.29,0,14.68,4915.29,Medium Value
3149,Hassan Mirza,2,5,4911.24,3426.19,1485.05,2023-03-08,2026-05-03,2455.62,1152,30.24,4911.24,Medium Value
9911,Omar Ali,1,6,4909.32,4030.44,878.88,2023-01-21,2023-01-21,4909.32,0,17.9,4909.32,Medium Value
8485,Omar Buriro,1,4,4908.28,3912.16,996.12,2022-11-28,2022-11-28,4908.28,0,20.29,4908.28,Medium Value
3875,Sana Iqbal,1,6,4907.46,3605.16,1302.3,2025-04-23,2025-04-23,4907.46,0,26.54,4907.46,Medium Value
1497,Hussain Mirza,2,14,4906.58,3848.88,1057.7,2023-09-13,2025-06-02,2453.29,628,21.56,4906.58,Medium Value
5199,Sara Buriro,2,4,4906.49,4625.77,280.72,2023-12-09,2025-11-20,2453.24,712,5.72,4906.49,Medium Value
2690,Fatima Sheikh,1,6,4904.7,3571.5,1333.2,2022-08-09,2022-08-09,4904.7,0,27.18,4904.7,Medium Value
3945,Danish Ahmed,2,3,4902.44,3756.17,1146.27,2022-09-15,2022-12-06,2451.22,82,23.38,4902.44,Medium Value
3392,Omar Memon,2,9,4898.68,4396.22,502.46,2024-06-27,2025-08-12,2449.34,411,10.26,4898.68,Medium Value
796,Sara Qureshi,1,3,4893.96,3511.71,1382.25,2026-06-11,2026-06-11,4893.96,0,28.24,4893.96,Medium Value
1889,Zainab Mirza,1,3,4893.87,3281.94,1611.93,2023-04-26,2023-04-26,4893.87,0,32.94,4893.87,Medium Value
2198,Zainab Sheikh,1,5,4892.45,3412.5,1479.95,2023-03-06,2023-03-06,4892.45,0,30.25,4892.45,Medium Value
3491,Bilal Raza,1,3,4886.82,4158.99,727.83,2022-05-24,2022-05-24,4886.82,0,14.89,4886.82,Medium Value
3058,Hussain Ahmed,1,5,4886.8,4972.25,-85.45,2024-11-08,2024-11-08,4886.8,0,-1.75,4886.8,Medium Value
4199,Hira Ahmed,2,9,4882.03,4572.42,309.61,2023-01-05,2023-11-03,2441.02,302,6.34,4882.03,Medium Value
7100,Maham Khan,2,4,4880.51,3403.31,1477.2,2022-07-12,2025-10-24,2440.25,1200,30.27,4880.51,Medium Value
8850,Hussain Iqbal,1,6,4878.18,4765.38,112.8,2026-03-17,2026-03-17,4878.18,0,2.31,4878.18,Medium Value
3484,Imran Raza,1,3,4874.88,3558.57,1316.31,2022-08-19,2022-08-19,4874.88,0,27.0,4874.88,Medium Value
7503,Sana Ahmed,2,4,4873.26,3564.4,1308.86,2023-05-04,2025-11-20,2436.63,931,26.86,4873.26,Medium Value
4161,Hira Sheikh,2,8,4872.52,3985.04,887.48,2022-08-24,2023-12-02,2436.26,465,18.21,4872.52,Medium Value
9513,Hassan Shah,1,7,4868.57,3766.91,1101.66,2024-04-23,2024-04-23,4868.57,0,22.63,4868.57,Medium Value
7986,Maham Shah,4,6,4867.36,3841.64,1025.72,2022-11-19,2025-02-26,1216.84,830,21.07,4867.36,Medium Value
4315,Bilal Khan,2,10,4867.28,4338.02,529.26,2023-08-18,2025-10-11,2433.64,785,10.87,4867.28,Medium Value
1273,Danish Qureshi,1,5,4866.1,4094.85,771.25,2023-01-25,2023-01-25,4866.1,0,15.85,4866.1,Medium Value
8684,Hamza Mirza,2,6,4865.24,4583.26,281.98,2024-11-05,2025-08-16,2432.62,284,5.8,4865.24,Medium Value
7444,Sara Ahmed,1,6,4861.38,3114.72,1746.66,2024-06-26,2024-06-26,4861.38,0,35.93,4861.38,Medium Value
9978,Hamza Mirza,1,5,4856.8,4186.45,670.35,2023-05-14,2023-05-14,4856.8,0,13.8,4856.8,Medium Value
8477,Zainab Buriro,1,5,4854.15,4869.5,-15.35,2022-06-15,2022-06-15,4854.15,0,-0.32,4854.15,Medium Value
6139,Fahad Ahmed,1,3,4850.28,3609.36,1240.92,2023-03-25,2023-03-25,4850.28,0,25.58,4850.28,Medium Value
1624,Maham Ali,1,4,4848.04,3717.56,1130.48,2024-10-19,2024-10-19,4848.04,0,23.32,4848.04,Medium Value
7675,Hamza Sheikh,1,6,4847.28,3798.66,1048.62,2022-07-28,2022-07-28,4847.28,0,21.63,4847.28,Medium Value
3912,Ali Sheikh,1,6,4846.86,3458.82,1388.04,2023-08-30,2023-08-30,4846.86,0,28.64,4846.86,Medium Value
2269,Ahmed Memon,1,6,4846.14,3119.58,1726.56,2024-01-01,2024-01-01,4846.14,0,35.63,4846.14,Medium Value
1817,Ali Buriro,2,9,4824.3,4192.38,631.92,2026-03-23,2026-03-30,2412.15,7,13.1,4824.3,Medium Value
5449,Sara Raza,1,5,4817.0,3660.7,1156.3,2024-03-05,2024-03-05,4817.0,0,24.0,4817.0,Medium Value
6786,Ahmed Sheikh,1,3,4816.95,4428.27,388.68,2026-05-16,2026-05-16,4816.95,0,8.07,4816.95,Medium Value
9943,Sana Buriro,1,3,4813.71,3525.96,1287.75,2026-05-10,2026-05-10,4813.71,0,26.75,4813.71,Medium Value
6247,Bilal Iqbal,2,5,4813.08,3320.82,1492.26,2022-02-01,2023-09-11,2406.54,587,31.0,4813.08,Medium Value
5319,Ali Siddiqui,1,7,4808.86,4419.59,389.27,2024-01-24,2024-01-24,4808.86,0,8.09,4808.86,Medium Value
4239,Fatima Raza,1,3,4804.5,4383.21,421.29,2022-09-14,2022-09-14,4804.5,0,8.77,4804.5,Medium Value
2644,Bilal Mirza,2,3,4802.12,3196.98,1605.14,2022-07-24,2023-08-14,2401.06,386,33.43,4802.12,Medium Value
3586,Fahad Mirza,1,7,4801.58,3496.08,1305.5,2022-07-17,2022-07-17,4801.58,0,27.19,4801.58,Medium Value
5091,Danish Siddiqui,1,7,4800.6,4237.1,563.5,2025-12-11,2025-12-11,4800.6,0,11.74,4800.6,Medium Value
9457,Sana Shah,2,7,4800.28,3955.14,845.14,2022-07-14,2026-02-07,2400.14,1304,17.61,4800.28,Medium Value
2745,Fahad Qureshi,2,8,4796.8,4517.63,279.17,2023-05-28,2023-07-15,2398.4,48,5.82,4796.8,Medium Value
8437,Bilal Siddiqui,2,8,4794.58,3978.79,815.79,2023-04-25,2024-04-11,2397.29,352,17.01,4794.58,Medium Value
3216,Fahad Buriro,3,6,4794.54,4069.95,724.59,2022-04-15,2025-06-19,1598.18,1161,15.11,4794.54,Medium Value
3971,Maryam Iqbal,2,3,4792.59,3534.91,1257.68,2026-02-24,2026-02-27,2396.3,3,26.24,4792.59,Medium Value
2388,Bilal Khan,2,5,4791.34,4079.33,712.01,2023-01-13,2024-08-21,2395.67,586,14.86,4791.34,Medium Value
7694,Saad Shah,3,7,4783.94,3975.74,808.2,2024-07-05,2026-02-01,1594.65,576,16.89,4783.94,Medium Value
921,Ayesha Ali,1,3,4782.78,3534.21,1248.57,2025-03-20,2025-03-20,4782.78,0,26.11,4782.78,Medium Value
7411,Danish Buriro,3,11,4781.74,4103.43,678.31,2024-06-01,2026-04-19,1593.91,687,14.19,4781.74,Medium Value
159,Sara Memon,1,4,4779.8,4451.56,328.24,2025-03-29,2025-03-29,4779.8,0,6.87,4779.8,Medium Value
6567,Sara Raza,1,4,4776.4,3229.44,1546.96,2022-08-26,2022-08-26,4776.4,0,32.39,4776.4,Medium Value
6480,Ayesha Qureshi,1,3,4768.65,3951.0,817.65,2026-06-20,2026-06-20,4768.65,0,17.15,4768.65,Medium Value
3179,Hira Khan,1,3,4764.69,4287.72,476.97,2025-03-16,2025-03-16,4764.69,0,10.01,4764.69,Medium Value
9037,Sana Chaudhry,2,4,4760.96,3778.8,982.16,2024-04-18,2024-12-01,2380.48,227,20.63,4760.96,Medium Value
6097,Ayesha Khan,1,5,4760.65,3276.05,1484.6,2022-03-06,2022-03-06,4760.65,0,31.18,4760.65,Medium Value
9463,Hassan Malik,2,8,4758.81,4093.25,665.56,2022-10-09,2026-08-14,2379.41,1405,13.99,4758.81,Medium Value
4326,Fahad Raza,1,3,4753.89,3656.25,1097.64,2025-06-13,2025-06-13,4753.89,0,23.09,4753.89,Medium Value
2922,Sana Khan,1,4,4751.12,3154.72,1596.4,2023-09-04,2023-09-04,4751.12,0,33.6,4751.12,Medium Value
2782,Maham Ali,3,13,4747.92,3862.01,885.91,2023-10-12,2025-05-12,1582.64,578,18.66,4747.92,Medium Value
3265,Danish Qureshi,1,5,4746.8,3416.65,1330.15,2022-06-01,2022-06-01,4746.8,0,28.02,4746.8,Medium Value
4095,Hussain Shah,1,5,4744.55,3423.5,1321.05,2024-04-08,2024-04-08,4744.55,0,27.84,4744.55,Medium Value
6105,Sara Siddiqui,2,5,4740.74,4103.79,636.95,2022-04-01,2025-05-14,2370.37,1139,13.44,4740.74,Medium Value
2905,Fatima Qureshi,2,7,4740.31,4522.74,217.57,2025-03-05,2025-11-13,2370.15,253,4.59,4740.31,Medium Value
2416,Hamza Ali,2,7,4738.91,4571.14,167.77,2022-10-25,2024-06-20,2369.46,604,3.54,4738.91,Medium Value
40,Sana Memon,1,5,4730.8,4021.6,709.2,2024-07-19,2024-07-19,4730.8,0,14.99,4730.8,Medium Value
8799,Hamza Ahmed,3,8,4726.96,4144.54,582.42,2024-06-06,2026-01-10,1575.65,583,12.32,4726.96,Medium Value
824,Hamza Hussain,1,5,4726.55,3135.15,1591.4,2024-07-20,2024-07-20,4726.55,0,33.67,4726.55,Medium Value
8481,Hassan Khan,2,5,4725.29,3821.36,903.93,2022-06-23,2024-07-21,2362.64,759,19.13,4725.29,Medium Value
5131,Hussain Malik,1,5,4724.85,3306.5,1418.35,2023-06-28,2023-06-28,4724.85,0,30.02,4724.85,Medium Value
111,Hassan Siddiqui,2,5,4724.2,3509.63,1214.57,2023-05-23,2024-08-21,2362.1,456,25.71,4724.2,Medium Value
5471,Omar Hussain,2,3,4722.1,4052.86,669.24,2023-07-11,2026-03-08,2361.05,971,14.17,4722.1,Medium Value
2566,Hamza Qureshi,1,3,4720.68,3969.33,751.35,2026-02-25,2026-02-25,4720.68,0,15.92,4720.68,Medium Value
3052,Fatima Ali,3,11,4718.79,3560.0,1158.79,2024-01-05,2026-07-27,1572.93,934,24.56,4718.79,Medium Value
7561,Fahad Chaudhry,2,6,4716.14,4656.72,59.42,2022-02-07,2022-11-26,2358.07,292,1.26,4716.14,Medium Value
8372,Ayesha Raza,1,3,4711.44,3829.41,882.03,2026-01-29,2026-01-29,4711.44,0,18.72,4711.44,Medium Value
8403,Hira Raza,1,4,4708.76,4336.48,372.28,2023-10-13,2023-10-13,4708.76,0,7.91,4708.76,Medium Value
4339,Maham Sheikh,1,6,4707.42,4083.78,623.64,2025-07-30,2025-07-30,4707.42,0,13.25,4707.42,Medium Value
3513,Hassan Iqbal,1,3,4704.48,4156.56,547.92,2022-04-27,2022-04-27,4704.48,0,11.65,4704.48,Medium Value
4431,Saad Malik,2,8,4703.32,4515.28,188.04,2025-11-17,2025-11-26,2351.66,9,4.0,4703.32,Medium Value
4720,Hamza Ahmed,1,7,4703.09,4165.49,537.6,2025-07-27,2025-07-27,4703.09,0,11.43,4703.09,Medium Value
555,Imran Khan,1,3,4700.25,3833.67,866.58,2022-07-28,2022-07-28,4700.25,0,18.44,4700.25,Medium Value
4500,Ahmed Buriro,2,8,4699.52,3085.12,1614.4,2023-05-17,2025-01-03,2349.76,597,34.35,4699.52,Medium Value
6292,Imran Chaudhry,1,3,4699.02,3028.86,1670.16,2024-09-03,2024-09-03,4699.02,0,35.54,4699.02,Medium Value
440,Zainab Hussain,1,6,4698.42,3881.52,816.9,2025-10-16,2025-10-16,4698.42,0,17.39,4698.42,Medium Value
3663,Fatima Chaudhry,1,7,4695.32,3741.92,953.4,2022-12-20,2022-12-20,4695.32,0,20.31,4695.32,Medium Value
785,Imran Iqbal,1,3,4694.31,4297.77,396.54,2026-06-21,2026-06-21,4694.31,0,8.45,4694.31,Medium Value
5875,Ahmed Ahmed,1,4,4692.04,3804.44,887.6,2025-05-01,2025-05-01,4692.04,0,18.92,4692.04,Medium Value
7954,Ali Khan,1,7,4692.03,3299.87,1392.16,2024-12-23,2024-12-23,4692.03,0,29.67,4692.03,Medium Value
8141,Hussain Malik,3,13,4687.73,4079.51,608.22,2023-04-04,2025-04-06,1562.58,733,12.97,4687.73,Medium Value
6393,Saad Malik,3,9,4685.99,4113.13,572.86,2022-02-19,2026-07-11,1562.0,1603,12.22,4685.99,Medium Value
594,Hassan Raza,2,7,4684.62,4158.15,526.47,2024-12-31,2025-09-08,2342.31,251,11.24,4684.62,Medium Value
9593,Hassan Chaudhry,1,5,4683.6,3044.7,1638.9,2022-05-12,2022-05-12,4683.6,0,34.99,4683.6,Medium Value
1828,Hira Sheikh,1,4,4681.96,4265.64,416.32,2024-03-24,2024-03-24,4681.96,0,8.89,4681.96,Medium Value
6166,Danish Hussain,1,3,4681.71,3188.43,1493.28,2026-07-17,2026-07-17,4681.71,0,31.9,4681.71,Medium Value
5308,Sana Malik,1,4,4678.96,4578.6,100.36,2025-04-26,2025-04-26,4678.96,0,2.14,4678.96,Medium Value
6152,Bilal Memon,2,10,4677.58,3845.24,832.34,2023-09-03,2023-10-05,2338.79,32,17.79,4677.58,Medium Value
8354,Sara Ahmed,1,3,4672.74,3000.15,1672.59,2023-06-25,2023-06-25,4672.74,0,35.79,4672.74,Medium Value
9189,Omar Buriro,1,4,4672.2,3679.0,993.2,2025-07-10,2025-07-10,4672.2,0,21.26,4672.2,Medium Value
8309,Maryam Qureshi,3,12,4668.85,3263.53,1405.32,2023-02-11,2024-04-23,1556.28,437,30.1,4668.85,Medium Value
873,Usman Iqbal,1,5,4668.3,4628.9,39.4,2023-07-26,2023-07-26,4668.3,0,0.84,4668.3,Medium Value
4663,Ayesha Siddiqui,1,2,4666.88,2962.4,1704.48,2025-02-17,2025-02-17,4666.88,0,36.52,4666.88,Medium Value
8314,Hussain Malik,1,4,4666.64,3590.84,1075.8,2022-07-13,2022-07-13,4666.64,0,23.05,4666.64,Medium Value
5588,Ahmed Malik,2,7,4661.41,3170.71,1490.7,2025-07-14,2026-08-08,2330.7,390,31.98,4661.41,Medium Value
9987,Maryam Mirza,1,7,4661.37,3683.96,977.41,2024-01-09,2024-01-09,4661.37,0,20.97,4661.37,Medium Value
3697,Bilal Malik,1,4,4658.48,4252.04,406.44,2025-06-15,2025-06-15,4658.48,0,8.72,4658.48,Medium Value
2365,Hassan Hussain,2,3,4657.3,3847.16,810.14,2023-07-19,2025-07-27,2328.65,739,17.4,4657.3,Medium Value
5959,Ayesha Memon,1,4,4652.2,3815.2,837.0,2024-07-26,2024-07-26,4652.2,0,17.99,4652.2,Medium Value
5018,Maham Sheikh,1,7,4648.63,3633.35,1015.28,2025-02-28,2025-02-28,4648.63,0,21.84,4648.63,Medium Value
5542,Hira Raza,2,10,4645.26,3403.92,1241.34,2022-06-06,2023-07-04,2322.63,393,26.72,4645.26,Medium Value
6106,Fahad Iqbal,1,3,4643.4,3346.47,1296.93,2025-04-16,2025-04-16,4643.4,0,27.93,4643.4,Medium Value
2936,Maham Sheikh,1,4,4643.32,3988.12,655.2,2025-03-28,2025-03-28,4643.32,0,14.11,4643.32,Medium Value
9929,Usman Buriro,1,3,4642.65,3666.42,976.23,2022-01-26,2022-01-26,4642.65,0,21.03,4642.65,Medium Value
3158,Fahad Khan,2,8,4640.53,3511.85,1128.68,2023-06-19,2023-10-27,2320.26,130,24.32,4640.53,Medium Value
4674,Fahad Malik,1,4,4640.36,3191.6,1448.76,2024-11-10,2024-11-10,4640.36,0,31.22,4640.36,Medium Value
5001,Hamza Shah,2,10,4640.0,3448.3,1191.7,2022-10-14,2025-03-07,2320.0,875,25.68,4640.0,Medium Value
9276,Ali Khan,2,7,4639.39,3386.11,1253.28,2022-05-03,2024-06-12,2319.69,771,27.01,4639.39,Medium Value
7742,Maham Siddiqui,1,6,4637.94,3579.84,1058.1,2026-07-09,2026-07-09,4637.94,0,22.81,4637.94,Medium Value
4461,Sara Siddiqui,1,6,4635.72,3990.18,645.54,2022-01-29,2022-01-29,4635.72,0,13.93,4635.72,Medium Value
6086,Hira Mirza,1,3,4635.09,3893.55,741.54,2025-05-07,2025-05-07,4635.09,0,16.0,4635.09,Medium Value
7494,Ahmed Ali,1,4,4630.44,3801.6,828.84,2022-10-11,2022-10-11,4630.44,0,17.9,4630.44,Medium Value
5479,Zainab Raza,1,5,4628.55,4599.55,29.0,2024-08-12,2024-08-12,4628.55,0,0.63,4628.55,Medium Value
9628,Ali Qureshi,2,6,4628.3,3826.32,801.98,2023-05-04,2026-07-23,2314.15,1176,17.33,4628.3,Medium Value
258,Saad Ali,1,3,4626.45,4053.36,573.09,2026-04-12,2026-04-12,4626.45,0,12.39,4626.45,Medium Value
5924,Danish Malik,1,6,4623.9,3190.56,1433.34,2022-03-18,2022-03-18,4623.9,0,31.0,4623.9,Medium Value
9427,Zainab Ahmed,2,5,4623.12,3820.15,802.97,2024-01-20,2025-08-13,2311.56,571,17.37,4623.12,Medium Value
2208,Fatima Siddiqui,1,3,4617.99,3171.33,1446.66,2026-05-07,2026-05-07,4617.99,0,31.33,4617.99,Medium Value
5036,Usman Ahmed,1,4,4616.68,3759.48,857.2,2026-01-07,2026-01-07,4616.68,0,18.57,4616.68,Medium Value
6419,Hassan Chaudhry,1,6,4615.56,3714.78,900.78,2023-09-14,2023-09-14,4615.56,0,19.52,4615.56,Medium Value
5884,Sara Iqbal,1,7,4612.86,3831.03,781.83,2024-02-20,2024-02-20,4612.86,0,16.95,4612.86,Medium Value
3658,Fahad Siddiqui,1,6,4611.72,3738.72,873.0,2023-05-03,2023-05-03,4611.72,0,18.93,4611.72,Medium Value
7880,Zainab Iqbal,1,5,4611.25,3844.65,766.6,2025-09-15,2025-09-15,4611.25,0,16.62,4611.25,Medium Value
3622,Usman Malik,1,5,4611.2,4063.85,547.35,2024-09-28,2024-09-28,4611.2,0,11.87,4611.2,Medium Value
2855,Zainab Buriro,2,11,4611.15,4461.3,149.85,2024-08-12,2024-08-19,2305.58,7,3.25,4611.15,Medium Value
1580,Hira Chaudhry,2,8,4608.78,3272.98,1335.8,2022-02-16,2022-06-09,2304.39,113,28.98,4608.78,Medium Value
9961,Usman Siddiqui,1,4,4605.64,3909.84,695.8,2023-09-21,2023-09-21,4605.64,0,15.11,4605.64,Medium Value
7782,Usman Malik,1,3,4599.72,3269.04,1330.68,2022-02-09,2022-02-09,4599.72,0,28.93,4599.72,Medium Value
6203,Hamza Raza,1,6,4599.12,3405.96,1193.16,2025-07-24,2025-07-24,4599.12,0,25.94,4599.12,Medium Value
4325,Danish Shah,2,5,4593.84,3249.79,1344.05,2023-10-08,2026-04-09,2296.92,914,29.26,4593.84,Medium Value
3849,Zainab Shah,4,9,4593.45,3129.41,1464.04,2023-03-10,2025-12-31,1148.36,1027,31.87,4593.45,Medium Value
4108,Ahmed Memon,1,5,4591.15,4463.35,127.8,2025-09-29,2025-09-29,4591.15,0,2.78,4591.15,Medium Value
1334,Usman Iqbal,2,10,4582.91,3093.73,1489.18,2023-09-11,2024-01-21,2291.46,132,32.49,4582.91,Medium Value
5208,Hamza Chaudhry,1,3,4578.72,4294.17,284.55,2022-06-09,2022-06-09,4578.72,0,6.21,4578.72,Medium Value
7174,Hussain Hussain,1,6,4573.62,4228.92,344.7,2022-04-13,2022-04-13,4573.62,0,7.54,4573.62,Medium Value
6339,Fatima Ahmed,1,3,4572.96,3909.51,663.45,2024-07-06,2024-07-06,4572.96,0,14.51,4572.96,Medium Value
6733,Maham Mirza,2,8,4572.36,3629.4,942.96,2022-03-07,2026-07-21,2286.18,1597,20.62,4572.36,Medium Value
738,Saad Malik,2,12,4571.66,2986.84,1584.82,2022-08-14,2024-07-17,2285.83,703,34.67,4571.66,Medium Value
7223,Hussain Sheikh,2,6,4570.86,3407.96,1162.9,2024-04-05,2024-07-27,2285.43,113,25.44,4570.86,Medium Value
9291,Imran Siddiqui,1,4,4567.56,3083.52,1484.04,2023-06-17,2023-06-17,4567.56,0,32.49,4567.56,Medium Value
7391,Imran Shah,2,9,4566.24,3714.0,852.24,2025-10-21,2025-11-21,2283.12,31,18.66,4566.24,Medium Value
6502,Ahmed Malik,3,7,4562.66,3408.15,1154.51,2022-01-19,2025-10-25,1520.89,1375,25.3,4562.66,Medium Value
9801,Hamza Khan,1,6,4561.14,3227.64,1333.5,2024-12-18,2024-12-18,4561.14,0,29.24,4561.14,Medium Value
2086,Omar Shah,1,4,4560.28,4013.4,546.88,2024-08-07,2024-08-07,4560.28,0,11.99,4560.28,Medium Value
4853,Ahmed Mirza,1,6,4558.38,4327.2,231.18,2025-05-12,2025-05-12,4558.38,0,5.07,4558.38,Medium Value
3473,Maham Raza,1,7,4554.41,3957.17,597.24,2022-05-03,2022-05-03,4554.41,0,13.11,4554.41,Medium Value
9084,Fahad Shah,1,6,4550.1,3364.8,1185.3,2025-03-03,2025-03-03,4550.1,0,26.05,4550.1,Medium Value
8127,Ayesha Siddiqui,2,3,4549.66,3553.55,996.11,2025-02-05,2025-04-21,2274.83,75,21.89,4549.66,Medium Value
4092,Sara Buriro,1,3,4549.47,4242.36,307.11,2023-03-11,2023-03-11,4549.47,0,6.75,4549.47,Medium Value
2319,Danish Sheikh,2,7,4548.49,3751.59,796.9,2023-06-15,2025-08-29,2274.25,806,17.52,4548.49,Medium Value
4366,Sana Ali,1,3,4548.09,2833.65,1714.44,2022-12-05,2022-12-05,4548.09,0,37.7,4548.09,Medium Value
6313,Ali Iqbal,2,3,4547.48,3303.38,1244.1,2023-04-14,2023-07-17,2273.74,94,27.36,4547.48,Medium Value
1505,Maryam Mirza,1,4,4547.36,4543.08,4.28,2022-06-04,2022-06-04,4547.36,0,0.09,4547.36,Medium Value
28,Fatima Khan,2,5,4546.7,3270.28,1276.42,2023-07-12,2025-01-04,2273.35,542,28.07,4546.7,Medium Value
1211,Bilal Buriro,2,5,4543.76,3841.32,702.44,2022-12-25,2024-12-07,2271.88,713,15.46,4543.76,Medium Value
3154,Danish Ali,3,6,4543.03,3773.71,769.32,2023-07-22,2024-02-02,1514.34,195,16.93,4543.03,Medium Value
8708,Sana Khan,1,4,4542.04,3707.68,834.36,2022-03-30,2022-03-30,4542.04,0,18.37,4542.04,Medium Value
4938,Fahad Memon,2,4,4541.53,4274.56,266.97,2023-08-31,2025-04-25,2270.76,603,5.88,4541.53,Medium Value
4464,Usman Iqbal,4,8,4538.34,3435.03,1103.31,2022-01-12,2025-09-23,1134.58,1350,24.31,4538.34,Medium Value
509,Omar Sheikh,2,11,4538.02,3399.6,1138.42,2024-05-14,2026-05-21,2269.01,737,25.09,4538.02,Medium Value
5628,Maryam Buriro,1,6,4533.78,4267.56,266.22,2025-09-04,2025-09-04,4533.78,0,5.87,4533.78,Medium Value
5748,Imran Iqbal,1,3,4533.69,3870.3,663.39,2026-07-11,2026-07-11,4533.69,0,14.63,4533.69,Medium Value
5527,Imran Malik,1,4,4530.76,3930.04,600.72,2022-05-09,2022-05-09,4530.76,0,13.26,4530.76,Medium Value
8853,Bilal Ahmed,1,6,4529.16,3133.56,1395.6,2025-12-14,2025-12-14,4529.16,0,30.81,4529.16,Medium Value
2534,Zainab Khan,1,4,4527.76,3490.04,1037.72,2024-11-09,2024-11-09,4527.76,0,22.92,4527.76,Medium Value
6504,Zainab Chaudhry,1,3,4525.05,3155.22,1369.83,2026-02-03,2026-02-03,4525.05,0,30.27,4525.05,Medium Value
4971,Sana Hussain,2,14,4524.59,3047.17,1477.42,2022-10-27,2026-03-03,2262.3,1223,32.65,4524.59,Medium Value
3083,Usman Hussain,1,6,4524.54,3207.54,1317.0,2023-02-05,2023-02-05,4524.54,0,29.11,4524.54,Medium Value
1494,Sara Buriro,1,5,4522.25,3617.1,905.15,2024-12-05,2024-12-05,4522.25,0,20.02,4522.25,Medium Value
6154,Imran Malik,1,3,4519.47,3564.06,955.41,2024-05-15,2024-05-15,4519.47,0,21.14,4519.47,Medium Value
5000,Sana Hussain,2,7,4515.43,3174.05,1341.38,2024-11-08,2025-03-11,2257.72,123,29.71,4515.43,Medium Value
1542,Bilal Shah,2,8,4513.0,4241.68,271.32,2024-03-21,2026-01-23,2256.5,673,6.01,4513.0,Medium Value
8266,Sana Iqbal,2,7,4510.23,4637.43,-127.2,2022-10-18,2025-06-10,2255.11,966,-2.82,4510.23,Medium Value
5593,Bilal Raza,1,6,4508.1,3515.1,993.0,2025-01-24,2025-01-24,4508.1,0,22.03,4508.1,Medium Value
3410,Sara Ali,1,4,4507.44,3806.64,700.8,2026-04-03,2026-04-03,4507.44,0,15.55,4507.44,Medium Value
5519,Ayesha Ahmed,1,3,4506.57,2957.07,1549.5,2023-07-11,2023-07-11,4506.57,0,34.38,4506.57,Medium Value
1980,Ahmed Shah,2,3,4505.86,3170.4,1335.46,2022-06-14,2024-10-14,2252.93,853,29.64,4505.86,Medium Value
6174,Maham Siddiqui,3,7,4503.98,3437.25,1066.73,2022-04-30,2024-10-13,1501.33,897,23.68,4503.98,Medium Value
3779,Danish Buriro,1,4,4500.92,4260.04,240.88,2022-10-25,2022-10-25,4500.92,0,5.35,4500.92,Medium Value
7550,Hira Khan,1,5,4500.35,3905.55,594.8,2024-11-06,2024-11-06,4500.35,0,13.22,4500.35,Medium Value
1582,Hussain Malik,3,10,4500.03,3394.66,1105.37,2025-01-15,2026-08-10,1500.01,572,24.56,4500.03,Medium Value
5412,Hassan Buriro,1,6,4498.62,3225.78,1272.84,2025-02-11,2025-02-11,4498.62,0,28.29,4498.62,Medium Value
1304,Zainab Shah,2,8,4492.0,3347.66,1144.34,2023-12-28,2025-11-04,2246.0,677,25.48,4492.0,Medium Value
8278,Fahad Buriro,1,5,4491.85,4324.65,167.2,2025-09-08,2025-09-08,4491.85,0,3.72,4491.85,Medium Value
5694,Zainab Mirza,2,5,4485.61,3730.42,755.19,2023-07-17,2024-03-09,2242.8,236,16.84,4485.61,Medium Value
1174,Hamza Buriro,1,7,4484.83,3861.9,622.93,2025-04-08,2025-04-08,4484.83,0,13.89,4484.83,Medium Value
1910,Maryam Chaudhry,1,3,4483.17,3619.83,863.34,2022-12-09,2022-12-09,4483.17,0,19.26,4483.17,Medium Value
3804,Zainab Ahmed,2,8,4480.82,3903.78,577.04,2025-04-28,2025-06-13,2240.41,46,12.88,4480.82,Medium Value
5011,Usman Shah,1,6,4479.3,3380.28,1099.02,2024-06-18,2024-06-18,4479.3,0,24.54,4479.3,Medium Value
2541,Hamza Sheikh,1,3,4478.31,4399.92,78.39,2022-03-06,2022-03-06,4478.31,0,1.75,4478.31,Medium Value
4374,Ahmed Ahmed,1,6,4477.8,3214.74,1263.06,2024-09-07,2024-09-07,4477.8,0,28.21,4477.8,Medium Value
1766,Omar Ali,2,6,4477.66,4065.93,411.73,2022-10-04,2023-12-08,2238.83,430,9.2,4477.66,Medium Value
2357,Fahad Sheikh,1,4,4477.24,2959.24,1518.0,2022-07-27,2022-07-27,4477.24,0,33.9,4477.24,Medium Value
5666,Saad Memon,2,9,4476.41,3972.6,503.81,2022-06-07,2024-11-07,2238.2,884,11.25,4476.41,Medium Value
8679,Danish Buriro,1,5,4467.45,4452.75,14.7,2022-01-05,2022-01-05,4467.45,0,0.33,4467.45,Medium Value
5896,Hira Buriro,1,4,4465.4,3212.92,1252.48,2022-07-24,2022-07-24,4465.4,0,28.05,4465.4,Medium Value
9991,Omar Malik,1,6,4465.38,3103.38,1362.0,2022-01-13,2022-01-13,4465.38,0,30.5,4465.38,Medium Value
7470,Bilal Raza,1,3,4464.27,3644.64,819.63,2022-01-10,2022-01-10,4464.27,0,18.36,4464.27,Medium Value
6815,Sara Sheikh,2,9,4460.94,4281.69,179.25,2024-03-08,2026-07-30,2230.47,874,4.02,4460.94,Medium Value
6981,Maryam Iqbal,1,3,4459.77,3137.13,1322.64,2025-08-17,2025-08-17,4459.77,0,29.66,4459.77,Medium Value
2168,Imran Siddiqui,2,4,4459.66,3885.32,574.34,2022-07-08,2025-11-14,2229.83,1225,12.88,4459.66,Medium Value
4312,Fahad Buriro,1,4,4455.28,3216.2,1239.08,2024-02-03,2024-02-03,4455.28,0,27.81,4455.28,Medium Value
3232,Usman Ali,1,6,4449.3,3207.54,1241.76,2026-04-28,2026-04-28,4449.3,0,27.91,4449.3,Medium Value
7218,Fahad Memon,2,10,4440.37,3766.32,674.05,2022-09-03,2024-01-06,2220.19,490,15.18,4440.37,Medium Value
2349,Ahmed Ali,1,3,4437.12,3723.24,713.88,2022-01-18,2022-01-18,4437.12,0,16.09,4437.12,Medium Value
8620,Fahad Memon,1,2,4435.66,2966.44,1469.22,2023-12-13,2023-12-13,4435.66,0,33.12,4435.66,Medium Value
3941,Omar Ali,1,3,4434.9,3353.28,1081.62,2024-08-18,2024-08-18,4434.9,0,24.39,4434.9,Medium Value
4076,Danish Siddiqui,2,8,4434.77,3027.36,1407.41,2022-03-02,2025-07-12,2217.38,1228,31.74,4434.77,Medium Value
9219,Ali Buriro,1,2,4430.08,2789.44,1640.64,2025-10-25,2025-10-25,4430.08,0,37.03,4430.08,Medium Value
6068,Maham Shah,3,12,4426.86,3724.02,702.84,2023-08-07,2026-06-02,1475.62,1030,15.88,4426.86,Medium Value
9717,Usman Shah,2,3,4425.17,3724.45,700.72,2023-08-28,2026-02-18,2212.58,905,15.83,4425.17,Medium Value
5890,Saad Ali,2,4,4424.89,3188.1,1236.79,2022-03-30,2023-12-05,2212.45,615,27.95,4424.89,Medium Value
1403,Hussain Iqbal,1,3,4423.95,4320.36,103.59,2023-09-13,2023-09-13,4423.95,0,2.34,4423.95,Medium Value
2547,Ali Iqbal,2,8,4422.06,3645.62,776.44,2025-02-01,2026-03-31,2211.03,423,17.56,4422.06,Medium Value
1606,Saad Malik,2,9,4419.0,4285.08,133.92,2025-05-10,2025-06-23,2209.5,44,3.03,4419.0,Medium Value
9963,Sana Ahmed,1,3,4416.09,3579.06,837.03,2023-11-22,2023-11-22,4416.09,0,18.95,4416.09,Medium Value
5843,Maryam Malik,1,3,4414.92,2826.66,1588.26,2025-07-10,2025-07-10,4414.92,0,35.97,4414.92,Medium Value
8786,Hassan Shah,1,7,4412.73,3433.29,979.44,2025-05-09,2025-05-09,4412.73,0,22.2,4412.73,Medium Value
113,Sara Malik,1,4,4411.48,3613.2,798.28,2024-06-29,2024-06-29,4411.48,0,18.1,4411.48,Medium Value
2248,Hamza Hussain,2,11,4410.18,3321.39,1088.79,2023-07-14,2023-07-26,2205.09,12,24.69,4410.18,Medium Value
2553,Hassan Hussain,1,3,4400.79,3515.64,885.15,2025-12-10,2025-12-10,4400.79,0,20.11,4400.79,Medium Value
4148,Ahmed Memon,1,3,4397.34,3873.87,523.47,2025-03-24,2025-03-24,4397.34,0,11.9,4397.34,Medium Value
7153,Ali Iqbal,1,2,4396.14,2990.92,1405.22,2022-04-08,2022-04-08,4396.14,0,31.96,4396.14,Medium Value
3087,Imran Shah,3,7,4390.42,3698.9,691.52,2024-09-20,2026-07-15,1463.47,663,15.75,4390.42,Medium Value
8360,Ali Ahmed,1,3,4388.85,4049.79,339.06,2023-04-13,2023-04-13,4388.85,0,7.73,4388.85,Medium Value
9353,Hira Qureshi,2,9,4387.81,3238.68,1149.13,2023-03-20,2026-03-04,2193.91,1080,26.19,4387.81,Medium Value
7984,Omar Iqbal,1,7,4387.25,3323.81,1063.44,2025-02-18,2025-02-18,4387.25,0,24.24,4387.25,Medium Value
5972,Omar Khan,1,4,4380.8,4098.32,282.48,2023-08-09,2023-08-09,4380.8,0,6.45,4380.8,Medium Value
8025,Ayesha Shah,1,5,4378.35,3045.1,1333.25,2023-09-21,2023-09-21,4378.35,0,30.45,4378.35,Medium Value
6645,Sara Hussain,1,4,4377.96,3246.32,1131.64,2026-02-14,2026-02-14,4377.96,0,25.85,4377.96,Medium Value
551,Fatima Sheikh,2,7,4375.1,3409.51,965.59,2024-04-04,2026-01-16,2187.55,652,22.07,4375.1,Medium Value
6288,Usman Iqbal,1,3,4373.58,3213.51,1160.07,2022-02-06,2022-02-06,4373.58,0,26.52,4373.58,Medium Value
5839,Fahad Sheikh,1,2,4368.74,2962.4,1406.34,2023-09-20,2023-09-20,4368.74,0,32.19,4368.74,Medium Value
4963,Ahmed Sheikh,1,3,4368.63,3664.47,704.16,2025-10-27,2025-10-27,4368.63,0,16.12,4368.63,Medium Value
4651,Usman Mirza,2,4,4367.78,3108.6,1259.18,2024-05-14,2025-02-01,2183.89,263,28.83,4367.78,Medium Value
6011,Omar Buriro,1,4,4366.16,3847.12,519.04,2022-07-06,2022-07-06,4366.16,0,11.89,4366.16,Medium Value
5103,Hira Khan,2,6,4364.68,3411.86,952.82,2024-01-06,2025-02-21,2182.34,412,21.83,4364.68,Medium Value
8648,Hassan Shah,3,5,4362.76,3405.73,957.03,2022-03-28,2025-03-24,1454.25,1092,21.94,4362.76,Medium Value
1975,Saad Ahmed,1,3,4358.91,3733.74,625.17,2024-01-12,2024-01-12,4358.91,0,14.34,4358.91,Medium Value
9082,Sana Qureshi,1,6,4357.32,3315.12,1042.2,2025-02-10,2025-02-10,4357.32,0,23.92,4357.32,Medium Value
1132,Ali Sheikh,1,3,4355.07,3732.3,622.77,2024-12-03,2024-12-03,4355.07,0,14.3,4355.07,Medium Value
905,Ahmed Iqbal,1,5,4352.55,4319.35,33.2,2024-06-28,2024-06-28,4352.55,0,0.76,4352.55,Medium Value
7233,Maham Ahmed,1,3,4350.54,2749.2,1601.34,2026-04-28,2026-04-28,4350.54,0,36.81,4350.54,Medium Value
8248,Maham Ali,1,6,4348.86,3534.36,814.5,2022-05-13,2022-05-13,4348.86,0,18.73,4348.86,Medium Value
8480,Danish Mirza,1,3,4348.74,4193.52,155.22,2024-10-21,2024-10-21,4348.74,0,3.57,4348.74,Medium Value
4455,Hamza Sheikh,1,6,4343.34,3045.42,1297.92,2022-08-13,2022-08-13,4343.34,0,29.88,4343.34,Medium Value
2179,Saad Shah,1,5,4340.5,2708.9,1631.6,2023-03-29,2023-03-29,4340.5,0,37.59,4340.5,Medium Value
1540,Usman Siddiqui,2,3,4338.97,3545.67,793.3,2022-08-25,2024-12-05,2169.48,833,18.28,4338.97,Medium Value
6772,Ahmed Raza,2,6,4334.68,3440.23,894.45,2025-05-24,2025-11-08,2167.34,168,20.63,4334.68,Medium Value
5284,Hussain Qureshi,1,3,4333.5,4162.92,170.58,2022-01-10,2022-01-10,4333.5,0,3.94,4333.5,Medium Value
6647,Ali Ali,1,4,4332.96,4094.12,238.84,2024-07-30,2024-07-30,4332.96,0,5.51,4332.96,Medium Value
1134,Hira Memon,2,4,4331.14,3624.94,706.2,2024-07-17,2026-01-20,2165.57,552,16.31,4331.14,Medium Value
7744,Hira Chaudhry,1,3,4328.4,3279.72,1048.68,2024-04-27,2024-04-27,4328.4,0,24.23,4328.4,Medium Value
2183,Sana Mirza,2,10,4326.87,4195.09,131.78,2025-04-26,2025-09-03,2163.44,130,3.05,4326.87,Medium Value
3952,Hamza Iqbal,1,4,4319.92,3304.72,1015.2,2023-05-31,2023-05-31,4319.92,0,23.5,4319.92,Medium Value
8324,Maham Iqbal,1,2,4314.64,2897.5,1417.14,2024-10-14,2024-10-14,4314.64,0,32.84,4314.64,Medium Value
8862,Maham Qureshi,3,9,4311.97,3307.98,1003.99,2022-06-24,2024-09-27,1437.32,826,23.28,4311.97,Medium Value
3098,Hamza Qureshi,1,7,4311.79,2879.17,1432.62,2023-04-23,2023-04-23,4311.79,0,33.23,4311.79,Medium Value
6933,Saad Raza,1,3,4309.05,3018.42,1290.63,2023-07-05,2023-07-05,4309.05,0,29.95,4309.05,Medium Value
8615,Maryam Ali,2,13,4304.97,3830.0,474.97,2022-02-21,2026-04-26,2152.48,1525,11.03,4304.97,Medium Value
6520,Hamza Malik,2,9,4299.48,3158.75,1140.73,2024-08-03,2025-12-07,2149.74,491,26.53,4299.48,Medium Value
489,Ahmed Raza,1,5,4297.95,3295.0,1002.95,2025-07-17,2025-07-17,4297.95,0,23.34,4297.95,Medium Value
4177,Hamza Hussain,1,5,4289.0,4000.65,288.35,2022-10-07,2022-10-07,4289.0,0,6.72,4289.0,Medium Value
6684,Ali Mirza,1,7,4286.73,3847.55,439.18,2026-06-03,2026-06-03,4286.73,0,10.25,4286.73,Medium Value
1988,Ahmed Memon,2,8,4283.56,3945.24,338.32,2023-12-13,2024-08-24,2141.78,255,7.9,4283.56,Medium Value
1693,Maham Shah,1,4,4282.72,3146.08,1136.64,2026-03-22,2026-03-22,4282.72,0,26.54,4282.72,Medium Value
7325,Danish Memon,1,4,4278.32,3358.96,919.36,2025-02-28,2025-02-28,4278.32,0,21.49,4278.32,Medium Value
7387,Ayesha Raza,1,5,4278.05,3011.7,1266.35,2025-12-18,2025-12-18,4278.05,0,29.6,4278.05,Medium Value
9197,Omar Raza,2,7,4277.37,3028.48,1248.89,2023-05-13,2026-07-19,2138.68,1163,29.2,4277.37,Medium Value
5078,Fatima Ahmed,2,8,4276.86,3078.64,1198.22,2023-09-29,2024-07-20,2138.43,295,28.02,4276.86,Medium Value
7442,Sara Mirza,1,7,4274.97,3837.61,437.36,2026-05-01,2026-05-01,4274.97,0,10.23,4274.97,Medium Value
6066,Saad Chaudhry,2,8,4273.92,3163.32,1110.6,2024-09-09,2024-12-13,2136.96,95,25.99,4273.92,Medium Value
2769,Ahmed Mirza,1,3,4273.71,3829.02,444.69,2023-01-07,2023-01-07,4273.71,0,10.41,4273.71,Medium Value
357,Sara Buriro,2,7,4270.05,3279.43,990.62,2024-05-21,2026-05-31,2135.02,740,23.2,4270.05,Medium Value
7178,Fahad Iqbal,2,6,4269.52,2993.14,1276.38,2022-10-03,2023-04-09,2134.76,188,29.9,4269.52,Medium Value
9320,Hassan Ali,1,6,4268.52,3510.54,757.98,2024-07-06,2024-07-06,4268.52,0,17.76,4268.52,Medium Value
6091,Hira Khan,1,5,4267.75,3820.95,446.8,2025-12-05,2025-12-05,4267.75,0,10.47,4267.75,Medium Value
2752,Ali Memon,3,7,4267.63,3452.02,815.61,2022-08-01,2026-07-06,1422.54,1435,19.11,4267.63,Medium Value
9253,Sana Memon,1,3,4265.61,4059.57,206.04,2022-12-26,2022-12-26,4265.61,0,4.83,4265.61,Medium Value
8414,Maryam Malik,1,7,4264.47,3737.72,526.75,2024-03-02,2024-03-02,4264.47,0,12.35,4264.47,Medium Value
2840,Maryam Khan,2,4,4262.68,3549.38,713.3,2024-06-18,2024-12-21,2131.34,186,16.73,4262.68,Medium Value
2581,Omar Khan,1,2,4260.98,2769.86,1491.12,2026-05-24,2026-05-24,4260.98,0,34.99,4260.98,Medium Value
2726,Bilal Buriro,2,5,4260.53,2996.68,1263.85,2025-03-16,2026-01-18,2130.26,308,29.66,4260.53,Medium Value
1844,Hassan Iqbal,1,5,4255.0,3526.35,728.65,2026-01-08,2026-01-08,4255.0,0,17.12,4255.0,Medium Value
800,Danish Memon,1,7,4254.74,2825.62,1429.12,2024-05-22,2024-05-22,4254.74,0,33.59,4254.74,Medium Value
442,Ayesha Ahmed,2,9,4252.51,3881.05,371.46,2022-01-06,2025-07-11,2126.26,1282,8.74,4252.51,Medium Value
4989,Usman Chaudhry,2,12,4251.46,3893.3,358.16,2022-03-28,2023-09-13,2125.73,534,8.42,4251.46,Medium Value
8942,Hassan Ali,2,4,4249.25,3460.44,788.81,2022-07-02,2023-08-25,2124.62,419,18.56,4249.25,Medium Value
1815,Danish Mirza,1,3,4248.93,3535.47,713.46,2026-01-08,2026-01-08,4248.93,0,16.79,4248.93,Medium Value
5998,Imran Mirza,2,3,4247.16,2892.81,1354.35,2022-01-25,2022-11-14,2123.58,293,31.89,4247.16,Medium Value
4631,Omar Malik,1,6,4246.86,3061.32,1185.54,2023-02-26,2023-02-26,4246.86,0,27.92,4246.86,Medium Value
9412,Sara Qureshi,2,4,4244.36,3916.22,328.14,2023-07-10,2025-04-15,2122.18,645,7.73,4244.36,Medium Value
5323,Fahad Mirza,2,3,4244.1,3743.68,500.42,2023-02-21,2026-01-10,2122.05,1054,11.79,4244.1,Medium Value
5684,Sara Raza,1,5,4243.3,3640.2,603.1,2022-04-23,2022-04-23,4243.3,0,14.21,4243.3,Medium Value
4327,Hamza Khan,2,5,4242.47,3934.3,308.17,2022-03-20,2025-01-09,2121.24,1026,7.26,4242.47,Medium Value
5179,Ali Sheikh,1,3,4239.84,3796.2,443.64,2025-10-26,2025-10-26,4239.84,0,10.46,4239.84,Medium Value
9374,Hassan Iqbal,1,4,4237.92,4059.32,178.6,2022-06-12,2022-06-12,4237.92,0,4.21,4237.92,Medium Value
6463,Hamza Memon,1,7,4236.89,3673.39,563.5,2022-12-09,2022-12-09,4236.89,0,13.3,4236.89,Medium Value
8300,Hassan Qureshi,1,3,4232.64,2912.91,1319.73,2025-03-19,2025-03-19,4232.64,0,31.18,4232.64,Medium Value
4498,Ali Sheikh,1,3,4229.19,3359.25,869.94,2025-08-23,2025-08-23,4229.19,0,20.57,4229.19,Medium Value
6870,Hira Raza,2,7,4228.58,3080.34,1148.24,2022-10-27,2023-03-08,2114.29,132,27.15,4228.58,Medium Value
7014,Omar Memon,1,3,4226.97,3037.68,1189.29,2025-12-20,2025-12-20,4226.97,0,28.14,4226.97,Medium Value
485,Imran Khan,1,5,4225.65,2863.3,1362.35,2023-03-10,2023-03-10,4225.65,0,32.24,4225.65,Medium Value
8161,Hira Qureshi,1,6,4225.02,2969.22,1255.8,2022-04-20,2022-04-20,4225.02,0,29.72,4225.02,Medium Value
8855,Omar Raza,1,5,4223.95,3422.5,801.45,2022-04-06,2022-04-06,4223.95,0,18.97,4223.95,Medium Value
7064,Hassan Khan,2,3,4221.03,3112.67,1108.36,2024-05-17,2026-02-04,2110.52,628,26.26,4221.03,Medium Value
2329,Hassan Raza,2,4,4217.77,3197.29,1020.48,2025-09-09,2026-01-22,2108.89,135,24.19,4217.77,Medium Value
7518,Fatima Memon,2,11,4216.51,3852.86,363.65,2024-07-17,2024-08-10,2108.26,24,8.62,4216.51,Medium Value
9326,Sara Sheikh,1,7,4216.45,3309.67,906.78,2024-06-13,2024-06-13,4216.45,0,21.51,4216.45,Medium Value
9603,Usman Memon,2,12,4215.48,3299.52,915.96,2022-11-10,2025-05-02,2107.74,904,21.73,4215.48,Medium Value
4416,Imran Buriro,1,2,4215.08,2936.06,1279.02,2026-05-03,2026-05-03,4215.08,0,30.34,4215.08,Medium Value
3136,Zainab Buriro,2,10,4207.12,2951.78,1255.34,2022-10-15,2025-07-24,2103.56,1013,29.84,4207.12,Medium Value
8103,Fatima Buriro,2,5,4206.55,3028.93,1177.62,2022-02-25,2022-05-28,2103.28,92,27.99,4206.55,Medium Value
7172,Bilal Raza,1,6,4201.5,3574.8,626.7,2024-05-07,2024-05-07,4201.5,0,14.92,4201.5,Medium Value
3900,Zainab Ahmed,2,8,4199.81,3401.69,798.12,2024-11-22,2025-03-06,2099.9,104,19.0,4199.81,Medium Value
6508,Bilal Khan,1,7,4199.72,3443.58,756.14,2022-01-14,2022-01-14,4199.72,0,18.0,4199.72,Medium Value
6402,Hamza Shah,1,2,4198.96,2924.86,1274.1,2025-04-19,2025-04-19,4198.96,0,30.34,4198.96,Medium Value
8232,Zainab Shah,2,9,4198.73,3260.22,938.51,2022-11-08,2025-10-22,2099.36,1079,22.35,4198.73,Medium Value
3959,Hira Ali,1,3,4197.69,3374.28,823.41,2025-04-28,2025-04-28,4197.69,0,19.62,4197.69,Medium Value
8863,Saad Mirza,2,11,4194.84,3468.59,726.25,2022-08-15,2024-07-21,2097.42,706,17.31,4194.84,Medium Value
3682,Ali Ahmed,3,6,4194.79,3090.96,1103.83,2023-04-12,2026-01-15,1398.26,1009,26.31,4194.79,Medium Value
969,Omar Raza,2,6,4190.89,2890.97,1299.92,2023-09-02,2024-05-30,2095.44,271,31.02,4190.89,Medium Value
2667,Omar Chaudhry,1,6,4189.56,3726.54,463.02,2025-04-20,2025-04-20,4189.56,0,11.05,4189.56,Medium Value
2572,Hira Raza,2,7,4180.16,3937.96,242.2,2024-08-02,2026-08-07,2090.08,735,5.79,4180.16,Medium Value
1358,Zainab Siddiqui,1,2,4177.6,2833.86,1343.74,2026-07-19,2026-07-19,4177.6,0,32.17,4177.6,Medium Value
4411,Fatima Qureshi,2,8,4174.52,3207.22,967.3,2022-12-05,2024-12-28,2087.26,754,23.17,4174.52,Medium Value
6250,Usman Qureshi,1,3,4172.58,4296.33,-123.75,2022-05-02,2022-05-02,4172.58,0,-2.97,4172.58,Medium Value
7386,Usman Buriro,2,4,4168.72,3598.54,570.18,2025-02-13,2025-04-07,2084.36,53,13.68,4168.72,Medium Value
9470,Sana Shah,2,7,4167.86,3729.42,438.44,2025-02-17,2025-11-12,2083.93,268,10.52,4167.86,Medium Value
1187,Ahmed Qureshi,2,7,4166.65,2962.35,1204.3,2025-03-14,2026-01-25,2083.33,317,28.9,4166.65,Medium Value
5546,Sana Malik,1,4,4165.56,3123.44,1042.12,2025-11-26,2025-11-26,4165.56,0,25.02,4165.56,Medium Value
7044,Fatima Shah,2,8,4162.81,2742.32,1420.49,2023-05-28,2025-04-29,2081.41,702,34.12,4162.81,Medium Value
9754,Danish Khan,2,6,4161.78,3931.14,230.64,2023-02-24,2023-06-29,2080.89,125,5.54,4161.78,Medium Value
4977,Ahmed Siddiqui,2,7,4160.77,3801.58,359.19,2022-05-01,2022-08-02,2080.39,93,8.63,4160.77,Medium Value
9068,Hamza Raza,2,8,4160.64,3923.92,236.72,2023-08-30,2026-08-13,2080.32,1079,5.69,4160.64,Medium Value
3911,Hussain Sheikh,3,7,4159.38,3468.6,690.78,2022-08-31,2025-04-15,1386.46,958,16.61,4159.38,Medium Value
680,Hassan Qureshi,1,6,4156.26,3584.76,571.5,2025-06-26,2025-06-26,4156.26,0,13.75,4156.26,Medium Value
4460,Sara Mirza,1,7,4155.9,3519.95,635.95,2024-07-08,2024-07-08,4155.9,0,15.3,4155.9,Medium Value
8755,Hamza Ahmed,1,7,4155.06,3680.04,475.02,2023-01-02,2023-01-02,4155.06,0,11.43,4155.06,Medium Value
6510,Fahad Raza,3,17,4153.05,2850.61,1302.44,2022-06-23,2025-07-05,1384.35,1108,31.36,4153.05,Medium Value
1781,Ahmed Ahmed,1,4,4150.96,2657.24,1493.72,2024-11-15,2024-11-15,4150.96,0,35.98,4150.96,Medium Value
9830,Hira Sheikh,1,3,4148.94,3346.98,801.96,2025-06-03,2025-06-03,4148.94,0,19.33,4148.94,Medium Value
1335,Ahmed Iqbal,2,5,4148.11,3596.57,551.54,2022-01-22,2025-07-12,2074.06,1267,13.3,4148.11,Medium Value
7506,Maryam Buriro,1,3,4147.86,3266.85,881.01,2025-04-30,2025-04-30,4147.86,0,21.24,4147.86,Medium Value
4218,Hamza Ali,2,8,4144.6,3413.76,730.84,2023-11-22,2026-01-07,2072.3,777,17.63,4144.6,Medium Value
6543,Hussain Chaudhry,2,8,4144.08,3445.92,698.16,2022-06-14,2025-12-11,2072.04,1276,16.85,4144.08,Medium Value
6921,Maryam Buriro,1,3,4142.13,2756.31,1385.82,2025-01-09,2025-01-09,4142.13,0,33.46,4142.13,Medium Value
479,Ayesha Hussain,2,6,4139.2,3257.92,881.28,2023-01-08,2024-09-28,2069.6,629,21.29,4139.2,Medium Value
4220,Bilal Memon,1,3,4136.7,3145.5,991.2,2024-01-16,2024-01-16,4136.7,0,23.96,4136.7,Medium Value
2884,Hamza Malik,3,6,4135.57,3248.67,886.9,2022-07-20,2026-07-25,1378.52,1466,21.45,4135.57,Medium Value
4120,Zainab Sheikh,1,3,4133.34,2840.94,1292.4,2026-02-09,2026-02-09,4133.34,0,31.27,4133.34,Medium Value
1074,Hussain Iqbal,1,2,4133.28,2748.04,1385.24,2023-06-04,2023-06-04,4133.28,0,33.51,4133.28,Medium Value
679,Hamza Ahmed,1,6,4132.56,3062.16,1070.4,2025-07-21,2025-07-21,4132.56,0,25.9,4132.56,Medium Value
5726,Maham Chaudhry,1,3,4129.86,3618.84,511.02,2022-04-12,2022-04-12,4129.86,0,12.37,4129.86,Medium Value
3936,Ahmed Shah,1,3,4127.94,3482.16,645.78,2023-09-23,2023-09-23,4127.94,0,15.64,4127.94,Medium Value
6266,Omar Mirza,1,3,4125.12,3070.38,1054.74,2025-01-29,2025-01-29,4125.12,0,25.57,4125.12,Medium Value
5994,Fatima Chaudhry,1,2,4124.24,2842.64,1281.6,2025-01-20,2025-01-20,4124.24,0,31.07,4124.24,Medium Value
9942,Danish Shah,1,6,4122.18,2828.46,1293.72,2022-05-30,2022-05-30,4122.18,0,31.38,4122.18,Medium Value
8673,Maryam Iqbal,2,7,4121.38,3549.37,572.01,2024-01-17,2026-03-07,2060.69,780,13.88,4121.38,Medium Value
7505,Saad Sheikh,1,6,4121.1,2924.22,1196.88,2024-09-09,2024-09-09,4121.1,0,29.04,4121.1,Medium Value
810,Hassan Iqbal,1,4,4120.88,3032.08,1088.8,2023-03-16,2023-03-16,4120.88,0,26.42,4120.88,Medium Value
5947,Hussain Khan,1,4,4118.04,2754.16,1363.88,2025-03-18,2025-03-18,4118.04,0,33.12,4118.04,Medium Value
6652,Sana Iqbal,1,5,4116.6,3459.95,656.65,2022-07-01,2022-07-01,4116.6,0,15.95,4116.6,Medium Value
6398,Fatima Ahmed,2,9,4114.81,2837.16,1277.65,2023-04-05,2024-08-10,2057.41,493,31.05,4114.81,Medium Value
3633,Zainab Raza,2,10,4112.8,3529.73,583.07,2022-01-20,2025-03-18,2056.4,1153,14.18,4112.8,Medium Value
6600,Ahmed Qureshi,1,7,4110.89,2894.99,1215.9,2022-05-01,2022-05-01,4110.89,0,29.58,4110.89,Medium Value
3088,Fatima Siddiqui,1,5,4109.45,3391.85,717.6,2025-12-28,2025-12-28,4109.45,0,17.46,4109.45,Medium Value
5201,Saad Shah,1,3,4109.22,3032.76,1076.46,2022-08-13,2022-08-13,4109.22,0,26.2,4109.22,Medium Value
4721,Ayesha Siddiqui,1,5,4108.0,2718.25,1389.75,2025-11-27,2025-11-27,4108.0,0,33.83,4108.0,Medium Value
2217,Fahad Ali,1,4,4105.84,3612.96,492.88,2025-01-31,2025-01-31,4105.84,0,12.0,4105.84,Medium Value
3492,Saad Khan,3,8,4105.59,3348.31,757.28,2023-03-18,2026-02-19,1368.53,1069,18.45,4105.59,Medium Value
8570,Hussain Buriro,2,3,4103.46,3217.5,885.96,2024-09-10,2025-08-27,2051.73,351,21.59,4103.46,Medium Value
6651,Sara Hussain,1,5,4092.45,2886.8,1205.65,2024-02-19,2024-02-19,4092.45,0,29.46,4092.45,Medium Value
3507,Sara Sheikh,1,5,4089.95,3765.9,324.05,2022-06-15,2022-06-15,4089.95,0,7.92,4089.95,Medium Value
2511,Fahad Siddiqui,1,4,4087.16,3561.76,525.4,2023-08-31,2023-08-31,4087.16,0,12.85,4087.16,Medium Value
5097,Ali Memon,2,3,4086.04,3272.27,813.77,2024-01-06,2025-01-30,2043.02,390,19.92,4086.04,Medium Value
4900,Sara Buriro,2,6,4083.16,3334.69,748.47,2022-05-13,2024-08-14,2041.58,824,18.33,4083.16,Medium Value
6678,Saad Chaudhry,2,10,4082.99,3083.93,999.06,2023-01-31,2026-05-26,2041.5,1211,24.47,4082.99,Medium Value
7844,Fatima Raza,2,4,4082.65,3066.33,1016.32,2023-11-26,2024-01-07,2041.32,42,24.89,4082.65,Medium Value
9099,Hussain Raza,1,3,4082.25,3923.49,158.76,2023-12-22,2023-12-22,4082.25,0,3.89,4082.25,Medium Value
3998,Danish Siddiqui,2,3,4077.89,3359.09,718.8,2022-08-01,2025-06-22,2038.94,1056,17.63,4077.89,Medium Value
644,Imran Shah,1,3,4076.91,2627.07,1449.84,2023-11-30,2023-11-30,4076.91,0,35.56,4076.91,Medium Value
8287,Hassan Siddiqui,2,10,4074.36,3210.68,863.68,2023-01-23,2025-10-14,2037.18,995,21.2,4074.36,Medium Value
1778,Ayesha Siddiqui,1,3,4073.88,3879.87,194.01,2024-06-04,2024-06-04,4073.88,0,4.76,4073.88,Medium Value
5699,Hira Mirza,2,4,4073.53,2810.56,1262.97,2023-12-07,2024-06-27,2036.76,203,31.0,4073.53,Medium Value
3751,Fahad Ali,2,5,4071.82,3080.7,991.12,2022-03-09,2024-07-05,2035.91,849,24.34,4071.82,Medium Value
7549,Bilal Ali,1,4,4068.92,3612.96,455.96,2022-09-04,2022-09-04,4068.92,0,11.21,4068.92,Medium Value
3326,Usman Mirza,2,3,4067.08,3244.66,822.42,2023-08-04,2026-08-06,2033.54,1098,20.22,4067.08,Medium Value
2249,Hamza Qureshi,1,4,4064.08,3595.6,468.48,2024-12-10,2024-12-10,4064.08,0,11.53,4064.08,Medium Value
2377,Danish Chaudhry,3,9,4061.51,3709.1,352.41,2024-07-12,2026-06-19,1353.84,707,8.68,4061.51,Medium Value
6609,Zainab Ali,1,7,4061.33,3949.61,111.72,2025-12-13,2025-12-13,4061.33,0,2.75,4061.33,Medium Value
7853,Hussain Raza,1,3,4053.12,3142.62,910.5,2024-09-07,2024-09-07,4053.12,0,22.46,4053.12,Medium Value
2554,Maham Iqbal,1,5,4051.65,3711.8,339.85,2022-12-18,2022-12-18,4051.65,0,8.39,4051.65,Medium Value
7408,Sara Raza,2,10,4050.82,3544.1,506.72,2024-11-21,2025-04-29,2025.41,159,12.51,4050.82,Medium Value
8062,Hussain Shah,2,9,4050.79,3324.93,725.86,2024-09-23,2026-04-11,2025.4,565,17.92,4050.79,Medium Value
9454,Fatima Memon,1,5,4049.3,3459.95,589.35,2023-04-04,2023-04-04,4049.3,0,14.55,4049.3,Medium Value
1498,Maham Hussain,2,7,4046.88,3151.4,895.48,2024-02-24,2025-12-24,2023.44,669,22.13,4046.88,Medium Value
6602,Danish Ali,1,4,4046.28,3086.48,959.8,2026-07-05,2026-07-05,4046.28,0,23.72,4046.28,Medium Value
2914,Hussain Memon,1,3,4044.6,2630.61,1413.99,2024-05-19,2024-05-19,4044.6,0,34.96,4044.6,Medium Value
4751,Imran Ahmed,1,3,4042.44,3543.15,499.29,2022-09-25,2022-09-25,4042.44,0,12.35,4042.44,Medium Value
6571,Bilal Memon,2,6,4041.7,3868.96,172.74,2024-07-13,2025-09-10,2020.85,424,4.27,4041.7,Medium Value
6945,Saad Qureshi,1,3,4041.21,3065.4,975.81,2024-07-06,2024-07-06,4041.21,0,24.15,4041.21,Medium Value
3261,Ali Ali,1,4,4032.92,3202.96,829.96,2026-05-17,2026-05-17,4032.92,0,20.58,4032.92,Medium Value
4273,Hassan Mirza,1,3,4031.55,3167.85,863.7,2023-11-26,2023-11-26,4031.55,0,21.42,4031.55,Medium Value
5170,Fahad Malik,1,4,4027.2,2652.08,1375.12,2024-02-08,2024-02-08,4027.2,0,34.15,4027.2,Medium Value
7908,Saad Mirza,1,4,4026.88,3418.8,608.08,2024-03-30,2024-03-30,4026.88,0,15.1,4026.88,Medium Value
1280,Ali Raza,1,2,4026.8,2849.42,1177.38,2025-10-23,2025-10-23,4026.8,0,29.24,4026.8,Medium Value
9487,Saad Hussain,1,2,4024.92,2944.42,1080.5,2024-03-25,2024-03-25,4024.92,0,26.85,4024.92,Medium Value
9263,Sara Memon,1,5,4022.75,3021.25,1001.5,2024-02-21,2024-02-21,4022.75,0,24.9,4022.75,Medium Value
9299,Hassan Hussain,2,4,4021.58,2931.28,1090.3,2024-06-24,2026-03-15,2010.79,629,27.11,4021.58,Medium Value
9950,Hussain Raza,3,10,4020.61,3391.87,628.74,2022-06-24,2023-07-11,1340.2,382,15.64,4020.61,Medium Value
3542,Sara Raza,1,6,4020.0,3787.38,232.62,2024-10-10,2024-10-10,4020.0,0,5.79,4020.0,Medium Value
2736,Sana Siddiqui,1,4,4019.56,2877.04,1142.52,2022-10-31,2022-10-31,4019.56,0,28.42,4019.56,Medium Value
7365,Ayesha Ahmed,1,3,4015.98,3071.94,944.04,2023-11-30,2023-11-30,4015.98,0,23.51,4015.98,Medium Value
1380,Omar Siddiqui,2,5,4014.91,2954.57,1060.34,2023-12-04,2024-10-28,2007.46,329,26.41,4014.91,Medium Value
775,Fatima Khan,2,6,4012.14,3641.85,370.29,2025-06-25,2026-07-06,2006.07,376,9.23,4012.14,Medium Value
5784,Hassan Mirza,2,6,4010.49,3312.61,697.88,2023-10-23,2024-03-18,2005.24,147,17.4,4010.49,Medium Value
7823,Imran Malik,1,4,4010.16,3256.12,754.04,2023-06-30,2023-06-30,4010.16,0,18.8,4010.16,Medium Value
9208,Imran Siddiqui,1,3,4007.55,3623.1,384.45,2022-03-20,2022-03-20,4007.55,0,9.59,4007.55,Medium Value
9126,Fatima Iqbal,1,5,3992.65,2880.05,1112.6,2022-03-07,2022-03-07,3992.65,0,27.87,3992.65,Medium Value
6287,Maham Sheikh,2,6,3990.04,3448.68,541.36,2024-02-12,2025-04-07,1995.02,420,13.57,3990.04,Medium Value
7847,Hassan Sheikh,3,5,3988.12,3200.68,787.44,2022-09-20,2024-05-29,1329.37,617,19.74,3988.12,Medium Value
7038,Danish Buriro,1,4,3987.76,3727.08,260.68,2022-05-14,2022-05-14,3987.76,0,6.54,3987.76,Medium Value
4568,Usman Khan,2,4,3983.14,3262.95,720.19,2022-01-16,2022-06-18,1991.57,153,18.08,3983.14,Medium Value
7577,Zainab Chaudhry,1,4,3981.6,3047.92,933.68,2022-11-19,2022-11-19,3981.6,0,23.45,3981.6,Medium Value
4185,Fatima Chaudhry,1,3,3981.57,3125.1,856.47,2024-03-01,2024-03-01,3981.57,0,21.51,3981.57,Medium Value
1669,Zainab Khan,3,11,3976.99,2807.0,1169.99,2022-09-27,2025-09-20,1325.66,1089,29.42,3976.99,Medium Value
4349,Sara Sheikh,1,3,3976.47,2483.82,1492.65,2024-01-15,2024-01-15,3976.47,0,37.54,3976.47,Medium Value
6681,Sana Hussain,1,7,3976.42,3556.98,419.44,2024-10-28,2024-10-28,3976.42,0,10.55,3976.42,Medium Value
8791,Danish Chaudhry,1,5,3976.05,3028.55,947.5,2023-10-06,2023-10-06,3976.05,0,23.83,3976.05,Medium Value
1665,Omar Chaudhry,1,4,3975.6,4012.48,-36.88,2022-10-28,2022-10-28,3975.6,0,-0.93,3975.6,Medium Value
5120,Ayesha Sheikh,2,3,3975.09,2882.39,1092.7,2022-06-06,2023-10-06,1987.54,487,27.49,3975.09,Medium Value
9598,Danish Qureshi,1,7,3974.6,2742.11,1232.49,2023-12-26,2023-12-26,3974.6,0,31.01,3974.6,Medium Value
9747,Usman Hussain,1,3,3974.1,2619.99,1354.11,2023-03-11,2023-03-11,3974.1,0,34.07,3974.1,Medium Value
3930,Ahmed Chaudhry,2,5,3970.15,3391.32,578.83,2022-06-25,2026-04-15,1985.08,1390,14.58,3970.15,Medium Value
9014,Ahmed Malik,1,7,3969.77,2774.45,1195.32,2025-11-29,2025-11-29,3969.77,0,30.11,3969.77,Medium Value
4670,Hira Malik,1,4,3969.36,2893.84,1075.52,2026-05-12,2026-05-12,3969.36,0,27.1,3969.36,Medium Value
5869,Hassan Ali,1,3,3967.02,3307.56,659.46,2022-03-23,2022-03-23,3967.02,0,16.62,3967.02,Medium Value
1937,Fahad Sheikh,2,12,3964.96,3681.38,283.58,2023-07-17,2025-01-24,1982.48,557,7.15,3964.96,Medium Value
6450,Omar Buriro,2,6,3963.01,3245.55,717.46,2023-03-28,2025-02-10,1981.5,685,18.1,3963.01,Medium Value
3650,Ayesha Mirza,3,13,3954.19,2719.38,1234.81,2025-02-04,2026-04-11,1318.06,431,31.23,3954.19,Medium Value
3887,Sana Iqbal,1,7,3951.15,3457.3,493.85,2022-09-15,2022-09-15,3951.15,0,12.5,3951.15,Medium Value
8827,Ali Memon,1,2,3950.14,2963.14,987.0,2024-02-02,2024-02-02,3950.14,0,24.99,3950.14,Medium Value
4945,Imran Sheikh,1,7,3949.75,3608.29,341.46,2024-04-30,2024-04-30,3949.75,0,8.65,3949.75,Medium Value
4957,Ayesha Mirza,2,6,3948.42,2927.38,1021.04,2024-09-17,2025-06-20,1974.21,276,25.86,3948.42,Medium Value
3104,Sara Buriro,1,3,3946.65,3350.34,596.31,2024-02-03,2024-02-03,3946.65,0,15.11,3946.65,Medium Value
7592,Maryam Chaudhry,2,7,3945.94,3572.54,373.4,2022-07-14,2025-11-21,1972.97,1226,9.46,3945.94,Medium Value
5002,Zainab Hussain,1,5,3943.25,3313.85,629.4,2025-12-20,2025-12-20,3943.25,0,15.96,3943.25,Medium Value
8897,Sana Shah,1,3,3941.88,2933.25,1008.63,2024-05-16,2024-05-16,3941.88,0,25.59,3941.88,Medium Value
9706,Hamza Ali,2,8,3941.0,3240.45,700.55,2023-11-12,2024-04-29,1970.5,169,17.78,3941.0,Medium Value
5745,Omar Memon,3,15,3940.02,3128.16,811.86,2023-08-07,2025-11-05,1313.34,821,20.61,3940.02,Medium Value
8538,Usman Iqbal,1,5,3938.15,3824.75,113.4,2022-09-22,2022-09-22,3938.15,0,2.88,3938.15,Medium Value
8297,Fahad Memon,2,3,3936.63,2687.35,1249.28,2024-04-24,2024-08-26,1968.32,124,31.73,3936.63,Medium Value
5221,Fatima Ali,2,10,3935.37,3603.98,331.39,2022-09-20,2024-01-09,1967.68,476,8.42,3935.37,Medium Value
2937,Sara Malik,1,7,3934.7,2892.05,1042.65,2025-03-10,2025-03-10,3934.7,0,26.5,3934.7,Medium Value
9072,Ahmed Malik,1,4,3934.4,3122.76,811.64,2024-03-18,2024-03-18,3934.4,0,20.63,3934.4,Medium Value
1648,Hussain Buriro,1,6,3934.32,3729.84,204.48,2024-09-23,2024-09-23,3934.32,0,5.2,3934.32,Medium Value
5897,Bilal Ali,1,7,3932.32,3822.07,110.25,2025-07-01,2025-07-01,3932.32,0,2.8,3932.32,Medium Value
8235,Imran Chaudhry,1,3,3931.44,3984.15,-52.71,2023-03-23,2023-03-23,3931.44,0,-1.34,3931.44,Medium Value
1312,Hassan Chaudhry,1,3,3925.56,2671.5,1254.06,2022-04-25,2022-04-25,3925.56,0,31.95,3925.56,Medium Value
1943,Hussain Siddiqui,1,4,3924.24,3298.96,625.28,2026-01-04,2026-01-04,3924.24,0,15.93,3924.24,Medium Value
2602,Danish Memon,1,3,3921.69,3071.61,850.08,2026-02-26,2026-02-26,3921.69,0,21.68,3921.69,Medium Value
4852,Omar Memon,1,3,3920.55,2982.87,937.68,2025-05-18,2025-05-18,3920.55,0,23.92,3920.55,Medium Value
2930,Hamza Memon,1,4,3914.8,3111.4,803.4,2026-06-05,2026-06-05,3914.8,0,20.52,3914.8,Medium Value
2485,Ali Mirza,1,6,3912.72,3574.8,337.92,2023-01-06,2023-01-06,3912.72,0,8.64,3912.72,Medium Value
6335,Danish Buriro,2,7,3911.34,2882.45,1028.89,2022-01-07,2023-02-14,1955.67,403,26.31,3911.34,Medium Value
4731,Hussain Malik,1,3,3904.41,3170.85,733.56,2024-07-28,2024-07-28,3904.41,0,18.79,3904.41,Medium Value
2016,Zainab Sheikh,1,5,3902.85,2739.5,1163.35,2025-01-03,2025-01-03,3902.85,0,29.81,3902.85,Medium Value
1875,Imran Chaudhry,1,4,3901.96,2730.0,1171.96,2023-06-15,2023-06-15,3901.96,0,30.04,3901.96,Medium Value
6905,Ahmed Sheikh,1,3,3901.74,2950.56,951.18,2025-10-26,2025-10-26,3901.74,0,24.38,3901.74,Medium Value
446,Ahmed Memon,2,6,3897.12,2824.46,1072.66,2022-04-26,2024-01-24,1948.56,638,27.52,3897.12,Medium Value
9255,Hamza Mirza,2,6,3895.58,3870.96,24.62,2023-12-18,2025-05-10,1947.79,509,0.63,3895.58,Medium Value
5283,Saad Iqbal,2,4,3892.65,3373.19,519.46,2024-02-11,2025-04-07,1946.32,421,13.34,3892.65,Medium Value
7397,Fatima Qureshi,1,7,3892.28,3060.19,832.09,2026-05-20,2026-05-20,3892.28,0,21.38,3892.28,Medium Value
148,Zainab Sheikh,1,2,3891.56,2691.46,1200.1,2024-03-31,2024-03-31,3891.56,0,30.84,3891.56,Medium Value
7838,Bilal Memon,1,3,3891.51,2880.45,1011.06,2025-03-18,2025-03-18,3891.51,0,25.98,3891.51,Medium Value
5028,Ayesha Malik,1,4,3891.0,3577.72,313.28,2023-09-16,2023-09-16,3891.0,0,8.05,3891.0,Medium Value
8338,Omar Ali,1,3,3889.71,2699.55,1190.16,2026-06-07,2026-06-07,3889.71,0,30.6,3889.71,Medium Value
3859,Hira Memon,1,6,3888.72,3027.3,861.42,2023-01-04,2023-01-04,3888.72,0,22.15,3888.72,Medium Value
207,Bilal Ali,1,5,3887.7,2751.9,1135.8,2026-03-31,2026-03-31,3887.7,0,29.22,3887.7,Medium Value
8997,Hassan Mirza,3,9,3886.46,2835.91,1050.55,2022-03-02,2023-09-09,1295.49,556,27.03,3886.46,Medium Value
8040,Usman Mirza,1,4,3885.56,2657.24,1228.32,2023-08-09,2023-08-09,3885.56,0,31.61,3885.56,Medium Value
7314,Sara Hussain,1,4,3881.28,2846.44,1034.84,2024-11-10,2024-11-10,3881.28,0,26.66,3881.28,Medium Value
1308,Hassan Memon,2,9,3880.79,3106.76,774.03,2022-03-07,2025-12-07,1940.4,1371,19.95,3880.79,Medium Value
975,Ali Malik,2,5,3880.29,2956.29,924.0,2022-02-01,2026-06-04,1940.14,1584,23.81,3880.29,Medium Value
7894,Hira Ahmed,1,6,3873.6,2989.62,883.98,2023-08-28,2023-08-28,3873.6,0,22.82,3873.6,Medium Value
2719,Ayesha Khan,1,5,3873.35,2983.2,890.15,2022-04-02,2022-04-02,3873.35,0,22.98,3873.35,Medium Value
93,Fatima Siddiqui,1,3,3871.8,3630.66,241.14,2025-09-13,2025-09-13,3871.8,0,6.23,3871.8,Medium Value
9671,Zainab Malik,1,3,3869.7,3870.3,-0.6,2022-11-08,2022-11-08,3869.7,0,-0.02,3869.7,Medium Value
1092,Maryam Hussain,1,3,3867.21,2891.82,975.39,2025-08-20,2025-08-20,3867.21,0,25.22,3867.21,Medium Value
9059,Hussain Khan,2,13,3863.1,2714.23,1148.87,2022-09-18,2023-09-18,1931.55,365,29.74,3863.1,Medium Value
1373,Hussain Siddiqui,1,4,3862.6,3550.68,311.92,2023-02-15,2023-02-15,3862.6,0,8.08,3862.6,Medium Value
7859,Sara Mirza,1,6,3861.3,2920.44,940.86,2024-02-16,2024-02-16,3861.3,0,24.37,3861.3,Medium Value
3565,Bilal Iqbal,1,5,3858.95,2798.15,1060.8,2025-09-01,2025-09-01,3858.95,0,27.49,3858.95,Medium Value
6374,Hamza Memon,1,3,3858.3,3017.67,840.63,2023-10-22,2023-10-22,3858.3,0,21.79,3858.3,Medium Value
5814,Zainab Memon,1,2,3857.56,2721.72,1135.84,2026-03-04,2026-03-04,3857.56,0,29.44,3857.56,Medium Value
9217,Fahad Iqbal,1,4,3856.4,3455.48,400.92,2026-02-05,2026-02-05,3856.4,0,10.4,3856.4,Medium Value
6629,Omar Shah,2,9,3855.96,3250.14,605.82,2023-11-13,2026-06-04,1927.98,934,15.71,3855.96,Medium Value
895,Fatima Buriro,2,7,3850.08,2796.34,1053.74,2024-03-03,2024-04-27,1925.04,55,27.37,3850.08,Medium Value
8988,Imran Iqbal,1,6,3849.42,2967.96,881.46,2024-10-05,2024-10-05,3849.42,0,22.9,3849.42,Medium Value
2332,Hussain Qureshi,1,4,3846.56,2817.96,1028.6,2026-07-14,2026-07-14,3846.56,0,26.74,3846.56,Medium Value
4085,Fatima Raza,2,7,3846.35,3025.9,820.45,2025-10-27,2025-12-28,1923.18,62,21.33,3846.35,Medium Value
5420,Ali Qureshi,1,7,3842.58,2737.98,1104.6,2026-05-21,2026-05-21,3842.58,0,28.75,3842.58,Medium Value
1154,Hamza Ahmed,1,6,3841.56,3391.32,450.24,2023-12-18,2023-12-18,3841.56,0,11.72,3841.56,Medium Value
7723,Bilal Khan,1,3,3840.12,3417.09,423.03,2025-11-29,2025-11-29,3840.12,0,11.02,3840.12,Medium Value
2576,Hussain Hussain,1,2,3837.58,2744.16,1093.42,2023-05-19,2023-05-19,3837.58,0,28.49,3837.58,Medium Value
3768,Usman Qureshi,2,4,3837.5,3407.02,430.48,2023-06-11,2026-08-18,1918.75,1164,11.22,3837.5,Medium Value
3430,Ayesha Mirza,1,2,3837.44,2835.18,1002.26,2022-11-20,2022-11-20,3837.44,0,26.12,3837.44,Medium Value
4904,Fahad Chaudhry,1,4,3835.96,3009.56,826.4,2026-05-09,2026-05-09,3835.96,0,21.54,3835.96,Medium Value
2593,Maham Hussain,1,5,3835.35,3626.35,209.0,2025-03-15,2025-03-15,3835.35,0,5.45,3835.35,Medium Value
348,Ahmed Shah,2,3,3834.9,3352.91,481.99,2023-10-31,2024-10-04,1917.45,339,12.57,3834.9,Medium Value
1594,Maham Siddiqui,1,2,3834.38,2508.08,1326.3,2022-09-29,2022-09-29,3834.38,0,34.59,3834.38,Medium Value
6833,Hassan Shah,1,5,3834.35,3663.35,171.0,2025-10-27,2025-10-27,3834.35,0,4.46,3834.35,Medium Value
6776,Zainab Qureshi,1,4,3832.32,3638.24,194.08,2024-01-29,2024-01-29,3832.32,0,5.06,3832.32,Medium Value
2325,Bilal Shah,3,7,3831.42,3073.6,757.82,2022-05-10,2025-09-05,1277.14,1214,19.78,3831.42,Medium Value
6470,Maham Mirza,2,8,3831.1,2785.13,1045.97,2023-01-24,2023-07-01,1915.55,158,27.3,3831.1,Medium Value
4823,Fatima Hussain,1,4,3830.6,2889.0,941.6,2022-02-21,2022-02-21,3830.6,0,24.58,3830.6,Medium Value
8701,Ayesha Malik,3,7,3830.03,2960.19,869.84,2024-09-12,2025-09-09,1276.68,362,22.71,3830.03,Medium Value
1089,Hassan Sheikh,1,5,3829.15,2632.65,1196.5,2025-08-04,2025-08-04,3829.15,0,31.25,3829.15,Medium Value
7891,Ahmed Raza,1,4,3827.2,3947.96,-120.76,2023-07-09,2023-07-09,3827.2,0,-3.16,3827.2,Medium Value
3548,Saad Iqbal,1,3,3825.9,2895.06,930.84,2023-04-01,2023-04-01,3825.9,0,24.33,3825.9,Medium Value
5826,Fatima Ahmed,1,3,3825.0,2788.17,1036.83,2022-09-30,2022-09-30,3825.0,0,27.11,3825.0,Medium Value
6309,Ahmed Qureshi,2,7,3824.39,2635.42,1188.97,2025-05-04,2026-04-06,1912.2,337,31.09,3824.39,Medium Value
8639,Ali Raza,1,2,3822.78,2494.08,1328.7,2025-04-29,2025-04-29,3822.78,0,34.76,3822.78,Medium Value
2789,Sana Iqbal,2,3,3822.17,3124.27,697.9,2023-06-24,2026-07-07,1911.08,1109,18.26,3822.17,Medium Value
5532,Fatima Mirza,1,2,3820.92,2811.9,1009.02,2022-07-19,2022-07-19,3820.92,0,26.41,3820.92,Medium Value
2065,Zainab Siddiqui,2,6,3820.17,3274.95,545.22,2023-01-09,2025-06-13,1910.09,886,14.27,3820.17,Medium Value
204,Ayesha Ahmed,1,5,3816.9,2776.85,1040.05,2026-06-01,2026-06-01,3816.9,0,27.25,3816.9,Medium Value
1412,Hassan Iqbal,2,9,3811.89,3448.32,363.57,2025-04-07,2026-06-12,1905.95,431,9.54,3811.89,Medium Value
3670,Hassan Raza,3,11,3811.2,3011.67,799.53,2022-03-29,2026-07-04,1270.4,1558,20.98,3811.2,Medium Value
9728,Bilal Shah,2,7,3811.0,2609.36,1201.64,2025-10-05,2026-08-08,1905.5,307,31.53,3811.0,Medium Value
5090,Danish Malik,1,3,3810.78,3110.25,700.53,2026-04-13,2026-04-13,3810.78,0,18.38,3810.78,Medium Value
5051,Danish Shah,1,6,3810.66,3143.1,667.56,2022-05-17,2022-05-17,3810.66,0,17.52,3810.66,Medium Value
542,Saad Raza,1,2,3809.66,2929.16,880.5,2024-03-12,2024-03-12,3809.66,0,23.11,3809.66,Medium Value
5515,Omar Ali,1,2,3808.88,2359.6,1449.28,2023-12-07,2023-12-07,3808.88,0,38.05,3808.88,Medium Value
933,Danish Siddiqui,1,3,3805.38,2426.13,1379.25,2026-03-27,2026-03-27,3805.38,0,36.24,3805.38,Medium Value
7338,Saad Sheikh,1,4,3801.72,2988.16,813.56,2023-06-07,2023-06-07,3801.72,0,21.4,3801.72,Medium Value
7136,Fatima Memon,1,5,3800.5,2418.55,1381.95,2023-06-02,2023-06-02,3800.5,0,36.36,3800.5,Medium Value
4370,Sara Siddiqui,1,3,3798.12,2447.79,1350.33,2026-03-15,2026-03-15,3798.12,0,35.55,3798.12,Medium Value
8731,Hassan Shah,1,5,3795.7,2468.85,1326.85,2022-08-05,2022-08-05,3795.7,0,34.96,3795.7,Medium Value
4040,Ali Mirza,1,2,3791.86,2982.56,809.3,2025-06-23,2025-06-23,3791.86,0,21.34,3791.86,Medium Value
4817,Usman Shah,1,6,3791.58,3803.94,-12.36,2025-11-25,2025-11-25,3791.58,0,-0.33,3791.58,Medium Value
9205,Ali Khan,2,8,3787.34,2868.6,918.74,2022-01-07,2024-01-17,1893.67,740,24.26,3787.34,Medium Value
6711,Hussain Ahmed,1,7,3785.53,2731.4,1054.13,2025-10-14,2025-10-14,3785.53,0,27.85,3785.53,Medium Value
1655,Ali Iqbal,1,6,3782.94,2586.78,1196.16,2024-05-09,2024-05-09,3782.94,0,31.62,3782.94,Medium Value
5606,Ayesha Raza,1,2,3779.76,2854.14,925.62,2024-04-05,2024-04-05,3779.76,0,24.49,3779.76,Medium Value
312,Hussain Siddiqui,1,5,3779.1,3132.25,646.85,2024-01-20,2024-01-20,3779.1,0,17.12,3779.1,Medium Value
9685,Maryam Ahmed,1,5,3774.45,2736.5,1037.95,2025-05-03,2025-05-03,3774.45,0,27.5,3774.45,Medium Value
3092,Hussain Chaudhry,1,3,3773.58,3501.57,272.01,2023-08-03,2023-08-03,3773.58,0,7.21,3773.58,Medium Value
4096,Usman Malik,2,5,3769.05,3427.83,341.22,2022-11-24,2025-01-29,1884.52,797,9.05,3769.05,Medium Value
2906,Hira Hussain,2,5,3768.74,2925.85,842.89,2022-05-23,2026-03-20,1884.37,1397,22.37,3768.74,Medium Value
1482,Saad Ali,2,5,3767.05,2917.52,849.53,2023-07-23,2023-09-16,1883.52,55,22.55,3767.05,Medium Value
4014,Sana Khan,2,10,3765.55,2938.86,826.69,2023-02-20,2023-03-09,1882.78,17,21.95,3765.55,Medium Value
5442,Omar Mirza,2,14,3763.97,3105.69,658.28,2022-10-27,2024-10-08,1881.98,712,17.49,3763.97,Medium Value
1024,Fatima Sheikh,1,3,3763.44,2596.11,1167.33,2022-04-18,2022-04-18,3763.44,0,31.02,3763.44,Medium Value
6099,Ali Hussain,2,8,3761.8,2730.52,1031.28,2024-09-11,2025-07-06,1880.9,298,27.41,3761.8,Medium Value
6192,Usman Ahmed,1,2,3758.0,2542.5,1215.5,2025-07-01,2025-07-01,3758.0,0,32.34,3758.0,Medium Value
2207,Hamza Memon,3,9,3752.92,3154.21,598.71,2024-07-20,2025-02-27,1250.97,222,15.95,3752.92,Medium Value
7235,Maham Hussain,1,2,3752.9,2745.34,1007.56,2025-11-04,2025-11-04,3752.9,0,26.85,3752.9,Medium Value
6249,Omar Hussain,1,3,3750.42,3066.39,684.03,2022-08-22,2022-08-22,3750.42,0,18.24,3750.42,Medium Value
5315,Hira Qureshi,2,4,3749.6,3178.1,571.5,2025-10-24,2025-10-31,1874.8,7,15.24,3749.6,Medium Value
9409,Omar Memon,2,5,3748.6,2556.48,1192.12,2022-04-03,2024-05-07,1874.3,765,31.8,3748.6,Medium Value
6834,Maham Iqbal,1,2,3747.34,2284.34,1463.0,2025-11-26,2025-11-26,3747.34,0,39.04,3747.34,Medium Value
7850,Ali Memon,1,4,3747.16,2687.64,1059.52,2023-12-16,2023-12-16,3747.16,0,28.28,3747.16,Medium Value
9626,Hassan Memon,1,6,3747.12,3164.7,582.42,2023-05-18,2023-05-18,3747.12,0,15.54,3747.12,Medium Value
7490,Hassan Khan,3,10,3745.7,3171.99,573.71,2022-06-12,2025-04-25,1248.57,1048,15.32,3745.7,Medium Value
4016,Bilal Raza,1,5,3745.65,2600.3,1145.35,2022-01-27,2022-01-27,3745.65,0,30.58,3745.65,Medium Value
3146,Ayesha Hussain,1,6,3744.9,3112.08,632.82,2025-07-03,2025-07-03,3744.9,0,16.9,3744.9,Medium Value
844,Ayesha Siddiqui,1,5,3744.65,2753.7,990.95,2023-12-09,2023-12-09,3744.65,0,26.46,3744.65,Medium Value
1002,Omar Siddiqui,2,7,3744.2,2983.5,760.7,2022-12-02,2023-08-09,1872.1,250,20.32,3744.2,Medium Value
492,Zainab Hussain,1,6,3742.5,2594.46,1148.04,2023-12-11,2023-12-11,3742.5,0,30.68,3742.5,Medium Value
1517,Sana Ali,1,7,3742.13,3032.19,709.94,2022-12-04,2022-12-04,3742.13,0,18.97,3742.13,Medium Value
480,Saad Siddiqui,1,3,3741.9,2659.59,1082.31,2025-07-16,2025-07-16,3741.9,0,28.92,3741.9,Medium Value
7181,Ayesha Shah,1,2,3741.74,2694.44,1047.3,2024-06-19,2024-06-19,3741.74,0,27.99,3741.74,Medium Value
6484,Maham Buriro,2,5,3740.79,2826.45,914.34,2023-02-27,2025-02-11,1870.4,715,24.44,3740.79,Medium Value
9643,Fahad Chaudhry,1,4,3736.28,3014.44,721.84,2023-01-31,2023-01-31,3736.28,0,19.32,3736.28,Medium Value
1120,Fatima Chaudhry,1,5,3734.1,2657.15,1076.95,2024-03-14,2024-03-14,3734.1,0,28.84,3734.1,Medium Value
5610,Bilal Memon,1,3,3731.82,2839.44,892.38,2026-02-23,2026-02-23,3731.82,0,23.91,3731.82,Medium Value
9512,Usman Siddiqui,1,3,3731.73,3810.09,-78.36,2026-03-17,2026-03-17,3731.73,0,-2.1,3731.73,Medium Value
19,Fahad Mirza,2,7,3731.07,2548.13,1182.94,2023-04-05,2026-07-22,1865.54,1204,31.71,3731.07,Medium Value
9701,Hamza Khan,1,5,3730.5,3160.95,569.55,2025-11-07,2025-11-07,3730.5,0,15.27,3730.5,Medium Value
3298,Saad Sheikh,2,10,3729.14,2935.97,793.17,2024-04-11,2026-03-26,1864.57,714,21.27,3729.14,Medium Value
9026,Usman Sheikh,1,4,3726.6,2403.92,1322.68,2023-06-05,2023-06-05,3726.6,0,35.49,3726.6,Medium Value
8706,Hassan Siddiqui,2,4,3726.07,2678.59,1047.48,2022-02-09,2023-07-17,1863.04,523,28.11,3726.07,Medium Value
2654,Omar Buriro,1,4,3725.88,3013.68,712.2,2025-04-25,2025-04-25,3725.88,0,19.11,3725.88,Medium Value
2813,Usman Memon,2,4,3723.86,3520.42,203.44,2022-10-01,2024-01-28,1861.93,484,5.46,3723.86,Medium Value
615,Hussain Malik,1,2,3721.48,2674.92,1046.56,2023-12-21,2023-12-21,3721.48,0,28.12,3721.48,Medium Value
1957,Hussain Raza,1,7,3720.29,3291.05,429.24,2023-08-24,2023-08-24,3720.29,0,11.54,3720.29,Medium Value
7196,Hamza Iqbal,1,4,3720.04,3657.44,62.6,2022-10-08,2022-10-08,3720.04,0,1.68,3720.04,Medium Value
3795,Hassan Raza,2,11,3717.31,2811.52,905.79,2023-05-17,2024-09-02,1858.65,474,24.37,3717.31,Medium Value
7008,Hassan Khan,1,7,3714.9,3298.54,416.36,2024-10-30,2024-10-30,3714.9,0,11.21,3714.9,Medium Value
427,Saad Shah,1,3,3714.15,3764.76,-50.61,2026-06-26,2026-06-26,3714.15,0,-1.36,3714.15,Medium Value
8550,Sara Hussain,1,5,3709.9,3529.65,180.25,2024-06-25,2024-06-25,3709.9,0,4.86,3709.9,Medium Value
3889,Danish Chaudhry,4,21,3704.89,3204.14,500.75,2022-05-03,2026-04-07,926.22,1435,13.52,3704.89,Medium Value
7836,Ayesha Qureshi,1,4,3704.8,3312.04,392.76,2025-03-11,2025-03-11,3704.8,0,10.6,3704.8,Medium Value
3999,Sara Qureshi,1,6,3703.38,2837.58,865.8,2024-12-16,2024-12-16,3703.38,0,23.38,3703.38,Medium Value
4077,Ayesha Hussain,1,3,3699.93,2733.93,966.0,2023-07-05,2023-07-05,3699.93,0,26.11,3699.93,Medium Value
4457,Hira Ahmed,1,5,3699.35,3391.85,307.5,2024-07-01,2024-07-01,3699.35,0,8.31,3699.35,Medium Value
927,Fatima Ahmed,1,3,3698.04,2997.93,700.11,2026-01-22,2026-01-22,3698.04,0,18.93,3698.04,Medium Value
4679,Sara Ali,2,8,3696.66,3094.12,602.54,2026-05-20,2026-05-31,1848.33,11,16.3,3696.66,Medium Value
2241,Fatima Malik,2,4,3695.29,2594.32,1100.97,2022-08-02,2022-10-12,1847.64,71,29.79,3695.29,Medium Value
220,Ahmed Qureshi,1,4,3695.0,2309.76,1385.24,2025-07-22,2025-07-22,3695.0,0,37.49,3695.0,Medium Value
459,Zainab Buriro,1,6,3692.46,2890.08,802.38,2023-05-04,2023-05-04,3692.46,0,21.73,3692.46,Medium Value
8164,Hamza Shah,1,3,3690.99,3328.86,362.13,2025-12-15,2025-12-15,3690.99,0,9.81,3690.99,Medium Value
2362,Imran Khan,1,3,3685.14,3431.19,253.95,2026-03-03,2026-03-03,3685.14,0,6.89,3685.14,Medium Value
1696,Bilal Sheikh,2,3,3683.7,2639.26,1044.44,2023-05-12,2025-11-22,1841.85,925,28.35,3683.7,Medium Value
7671,Zainab Iqbal,2,5,3680.14,3041.45,638.69,2022-06-13,2022-09-15,1840.07,94,17.36,3680.14,Medium Value
5642,Hassan Buriro,1,5,3675.35,2621.3,1054.05,2026-04-06,2026-04-06,3675.35,0,28.68,3675.35,Medium Value
2762,Maham Chaudhry,2,3,3675.21,3182.6,492.61,2023-04-07,2024-03-20,1837.6,348,13.4,3675.21,Medium Value
5965,Saad Memon,1,3,3674.79,2966.49,708.3,2026-02-08,2026-02-08,3674.79,0,19.27,3674.79,Medium Value
1496,Fatima Hussain,1,3,3672.78,3154.41,518.37,2023-05-08,2023-05-08,3672.78,0,14.11,3672.78,Medium Value
9567,Ayesha Shah,1,5,3672.55,3010.45,662.1,2025-11-09,2025-11-09,3672.55,0,18.03,3672.55,Medium Value
8307,Fatima Memon,2,11,3669.89,3195.36,474.53,2024-05-01,2026-04-19,1834.94,718,12.93,3669.89,Medium Value
8104,Ali Memon,2,5,3667.27,2975.2,692.07,2024-07-03,2025-08-13,1833.64,406,18.87,3667.27,Medium Value
3280,Saad Ali,1,2,3667.18,2837.74,829.44,2024-04-06,2024-04-06,3667.18,0,22.62,3667.18,Medium Value
6800,Saad Ahmed,1,3,3667.17,2678.67,988.5,2026-04-25,2026-04-25,3667.17,0,26.96,3667.17,Medium Value
3226,Maham Mirza,2,3,3666.49,2864.55,801.94,2024-06-02,2025-11-15,1833.24,531,21.87,3666.49,Medium Value
2709,Omar Ahmed,2,8,3662.27,3016.89,645.38,2022-10-05,2024-06-25,1831.14,629,17.62,3662.27,Medium Value
5134,Hamza Sheikh,1,6,3658.86,3158.28,500.58,2026-01-16,2026-01-16,3658.86,0,13.68,3658.86,Medium Value
7840,Hamza Malik,2,5,3657.71,3276.61,381.1,2022-12-19,2024-05-11,1828.86,509,10.42,3657.71,Medium Value
4418,Imran Khan,1,4,3657.44,3071.64,585.8,2022-09-03,2022-09-03,3657.44,0,16.02,3657.44,Medium Value
332,Ali Shah,1,3,3656.88,2840.52,816.36,2025-06-19,2025-06-19,3656.88,0,22.32,3656.88,Medium Value
9807,Zainab Memon,1,4,3656.48,3402.84,253.64,2022-04-23,2022-04-23,3656.48,0,6.94,3656.48,Medium Value
4683,Hamza Buriro,1,7,3655.96,3458.84,197.12,2026-06-24,2026-06-24,3655.96,0,5.39,3655.96,Medium Value
8252,Hassan Ahmed,2,2,3654.09,2553.79,1100.3,2022-11-19,2024-05-21,1827.04,549,30.11,3654.09,Medium Value
3493,Saad Mirza,1,3,3653.43,2928.15,725.28,2025-04-10,2025-04-10,3653.43,0,19.85,3653.43,Medium Value
643,Omar Khan,1,2,3653.14,2342.7,1310.44,2025-11-20,2025-11-20,3653.14,0,35.87,3653.14,Medium Value
499,Zainab Qureshi,1,5,3652.85,2722.55,930.3,2022-02-26,2022-02-26,3652.85,0,25.47,3652.85,Medium Value
1169,Fatima Mirza,1,5,3650.55,3642.5,8.05,2024-06-10,2024-06-10,3650.55,0,0.22,3650.55,Medium Value
7990,Fatima Mirza,1,2,3644.84,2670.98,973.86,2025-11-04,2025-11-04,3644.84,0,26.72,3644.84,Medium Value
1710,Ahmed Malik,1,4,3644.84,2662.72,982.12,2024-08-27,2024-08-27,3644.84,0,26.95,3644.84,Medium Value
3631,Usman Ali,2,4,3644.69,3063.7,580.99,2022-03-03,2022-04-06,1822.34,34,15.94,3644.69,Medium Value
1985,Sana Hussain,2,7,3641.13,2958.56,682.57,2023-02-02,2024-03-26,1820.56,418,18.75,3641.13,Medium Value
6008,Saad Mirza,1,3,3640.44,3641.1,-0.66,2023-01-17,2023-01-17,3640.44,0,-0.02,3640.44,Medium Value
2829,Danish Mirza,2,3,3639.87,3278.61,361.26,2025-09-17,2026-02-10,1819.94,146,9.93,3639.87,Medium Value
2882,Hussain Ali,2,3,3639.7,2980.99,658.71,2022-07-12,2023-06-10,1819.85,333,18.1,3639.7,Medium Value
1031,Fahad Raza,1,2,3639.64,2663.92,975.72,2025-05-12,2025-05-12,3639.64,0,26.81,3639.64,Medium Value
8572,Sara Iqbal,1,6,3636.72,2925.3,711.42,2026-07-07,2026-07-07,3636.72,0,19.56,3636.72,Medium Value
5397,Hamza Malik,2,8,3636.08,2554.72,1081.36,2022-06-30,2024-05-04,1818.04,674,29.74,3636.08,Medium Value
4024,Ayesha Chaudhry,1,5,3632.45,2651.7,980.75,2022-03-24,2022-03-24,3632.45,0,27.0,3632.45,Medium Value
5727,Maham Hussain,1,2,3630.78,2266.72,1364.06,2022-10-24,2022-10-24,3630.78,0,37.57,3630.78,Medium Value
5543,Ali Raza,1,3,3628.89,3189.57,439.32,2022-06-16,2022-06-16,3628.89,0,12.11,3628.89,Medium Value
5438,Fatima Shah,1,4,3627.0,2871.16,755.84,2026-04-03,2026-04-03,3627.0,0,20.84,3627.0,Medium Value
9829,Danish Siddiqui,1,4,3626.28,2948.6,677.68,2022-05-03,2022-05-03,3626.28,0,18.69,3626.28,Medium Value
6189,Sara Hussain,1,2,3625.4,2521.1,1104.3,2022-11-09,2022-11-09,3625.4,0,30.46,3625.4,Medium Value
9146,Saad Memon,2,6,3623.97,3434.45,189.52,2022-07-18,2025-09-25,1811.98,1165,5.23,3623.97,Medium Value
6073,Ayesha Khan,1,3,3623.07,2917.86,705.21,2023-05-10,2023-05-10,3623.07,0,19.46,3623.07,Medium Value
8788,Ahmed Hussain,1,4,3620.12,3082.52,537.6,2023-01-12,2023-01-12,3620.12,0,14.85,3620.12,Medium Value
3350,Hamza Qureshi,4,6,3616.56,2921.61,694.95,2023-12-10,2025-08-25,904.14,624,19.22,3616.56,Medium Value
9776,Hussain Ali,2,4,3615.24,2686.3,928.94,2024-01-21,2024-04-22,1807.62,92,25.7,3615.24,Medium Value
960,Fatima Sheikh,1,6,3615.0,3830.34,-215.34,2025-03-27,2025-03-27,3615.0,0,-5.96,3615.0,Medium Value
9806,Hussain Chaudhry,1,7,3614.24,2538.76,1075.48,2026-07-28,2026-07-28,3614.24,0,29.76,3614.24,Medium Value
9569,Hamza Ali,1,4,3613.56,2930.36,683.2,2022-04-22,2022-04-22,3613.56,0,18.91,3613.56,Medium Value
8243,Hussain Iqbal,3,8,3613.48,2830.83,782.65,2022-06-20,2025-12-24,1204.49,1283,21.66,3613.48,Medium Value
1843,Saad Ahmed,1,3,3612.36,2937.96,674.4,2024-07-10,2024-07-10,3612.36,0,18.67,3612.36,Medium Value
2856,Bilal Iqbal,1,3,3609.09,2649.09,960.0,2023-04-02,2023-04-02,3609.09,0,26.6,3609.09,Medium Value
2068,Saad Iqbal,1,2,3605.66,2872.86,732.8,2025-05-20,2025-05-20,3605.66,0,20.32,3605.66,Medium Value
790,Hassan Hussain,3,12,3603.91,3134.01,469.9,2022-09-14,2026-05-17,1201.3,1341,13.04,3603.91,Medium Value
1841,Sara Khan,1,6,3602.46,3686.7,-84.24,2025-01-04,2025-01-04,3602.46,0,-2.34,3602.46,Medium Value
6637,Fatima Ali,1,6,3601.14,3404.46,196.68,2025-08-19,2025-08-19,3601.14,0,5.46,3601.14,Medium Value
2111,Hassan Sheikh,2,6,3598.06,3159.44,438.62,2024-11-01,2026-03-09,1799.03,493,12.19,3598.06,Medium Value
6064,Imran Siddiqui,1,5,3597.55,2550.6,1046.95,2024-03-22,2024-03-22,3597.55,0,29.1,3597.55,Medium Value
4662,Danish Chaudhry,1,7,3595.76,2810.22,785.54,2025-12-25,2025-12-25,3595.76,0,21.85,3595.76,Medium Value
4328,Ali Buriro,1,7,3593.1,3381.63,211.47,2026-03-01,2026-03-01,3593.1,0,5.89,3593.1,Medium Value
6404,Ahmed Sheikh,1,7,3593.03,2936.36,656.67,2022-03-06,2022-03-06,3593.03,0,18.28,3593.03,Medium Value
4536,Hassan Ali,1,5,3590.2,2760.45,829.75,2024-09-03,2024-09-03,3590.2,0,23.11,3590.2,Medium Value
2799,Zainab Memon,2,2,3589.93,2744.57,845.36,2022-12-08,2023-07-26,1794.96,230,23.55,3589.93,Medium Value
9674,Sana Raza,2,7,3586.62,2946.63,639.99,2022-01-06,2025-11-27,1793.31,1421,17.84,3586.62,Medium Value
7399,Maryam Iqbal,2,6,3577.56,3217.82,359.74,2023-01-28,2024-05-29,1788.78,487,10.06,3577.56,Medium Value
3684,Sara Sheikh,1,5,3577.3,3492.7,84.6,2023-06-02,2023-06-02,3577.3,0,2.36,3577.3,Medium Value
2406,Usman Shah,3,10,3572.99,2836.55,736.44,2023-05-23,2025-03-26,1191.0,673,20.61,3572.99,Medium Value
54,Maham Hussain,1,2,3566.98,2431.64,1135.34,2026-01-30,2026-01-30,3566.98,0,31.83,3566.98,Medium Value
3683,Saad Siddiqui,2,4,3566.02,3242.52,323.5,2024-07-28,2025-09-19,1783.01,418,9.07,3566.02,Medium Value
3624,Hassan Mirza,1,5,3565.9,2666.55,899.35,2023-06-14,2023-06-14,3565.9,0,25.22,3565.9,Medium Value
7347,Ali Qureshi,1,4,3564.56,3194.08,370.48,2025-05-14,2025-05-14,3564.56,0,10.39,3564.56,Medium Value
2504,Fatima Mirza,1,3,3561.12,3392.31,168.81,2025-03-04,2025-03-04,3561.12,0,4.74,3561.12,Medium Value
8145,Maham Hussain,1,6,3559.86,3059.94,499.92,2026-07-12,2026-07-12,3559.86,0,14.04,3559.86,Medium Value
50,Maryam Ahmed,1,3,3559.8,3022.14,537.66,2025-09-29,2025-09-29,3559.8,0,15.1,3559.8,Medium Value
2811,Ali Khan,1,7,3557.68,2271.5,1286.18,2025-10-25,2025-10-25,3557.68,0,36.15,3557.68,Medium Value
3409,Fahad Sheikh,2,5,3556.94,2809.88,747.06,2023-03-08,2026-08-02,1778.47,1243,21.0,3556.94,Medium Value
5138,Usman Khan,2,5,3556.55,2569.23,987.32,2024-09-18,2025-01-15,1778.28,119,27.76,3556.55,Medium Value
2360,Ayesha Ahmed,2,14,3553.76,3317.23,236.53,2023-05-03,2024-09-02,1776.88,488,6.66,3553.76,Medium Value
8898,Sana Malik,1,2,3553.42,2627.5,925.92,2022-10-31,2022-10-31,3553.42,0,26.06,3553.42,Medium Value
2748,Maham Ahmed,1,3,3548.46,2632.26,916.2,2025-10-23,2025-10-23,3548.46,0,25.82,3548.46,Medium Value
7569,Hassan Chaudhry,2,8,3543.75,2725.82,817.93,2024-06-27,2025-12-20,1771.88,541,23.08,3543.75,Medium Value
6513,Maham Ahmed,2,5,3543.26,3049.21,494.05,2022-11-14,2023-05-09,1771.63,176,13.94,3543.26,Medium Value
2301,Saad Iqbal,2,4,3543.22,2402.56,1140.66,2022-06-18,2022-11-11,1771.61,146,32.19,3543.22,Medium Value
9147,Fatima Shah,2,4,3536.0,2605.56,930.44,2022-06-12,2024-06-29,1768.0,748,26.31,3536.0,Medium Value
3932,Maham Raza,1,2,3535.8,2606.2,929.6,2025-06-20,2025-06-20,3535.8,0,26.29,3535.8,Medium Value
1467,Hussain Siddiqui,1,4,3532.04,2709.84,822.2,2024-12-29,2024-12-29,3532.04,0,23.28,3532.04,Medium Value
341,Sara Ahmed,1,7,3531.15,2392.39,1138.76,2023-04-27,2023-04-27,3531.15,0,32.25,3531.15,Medium Value
832,Hussain Raza,1,6,3529.32,2398.14,1131.18,2023-07-02,2023-07-02,3529.32,0,32.05,3529.32,Medium Value
1709,Maryam Chaudhry,1,3,3528.27,3603.06,-74.79,2026-01-09,2026-01-09,3528.27,0,-2.12,3528.27,Medium Value
3939,Ayesha Sheikh,2,3,3521.94,3160.51,361.43,2023-02-26,2023-06-22,1760.97,116,10.26,3521.94,Medium Value
3667,Hamza Shah,2,2,3521.38,2345.13,1176.25,2023-04-24,2025-12-15,1760.69,966,33.4,3521.38,Medium Value
2463,Hamza Ali,1,4,3521.32,2461.44,1059.88,2025-12-05,2025-12-05,3521.32,0,30.1,3521.32,Medium Value
1720,Imran Mirza,2,6,3519.81,3120.15,399.66,2023-10-22,2024-08-16,1759.9,299,11.35,3519.81,Medium Value
3252,Zainab Raza,1,6,3518.22,2262.72,1255.5,2026-02-27,2026-02-27,3518.22,0,35.69,3518.22,Medium Value
471,Hira Siddiqui,2,5,3516.02,2439.78,1076.24,2023-07-02,2023-10-19,1758.01,109,30.61,3516.02,Medium Value
5343,Maryam Chaudhry,2,5,3514.42,3151.78,362.64,2022-08-01,2023-08-12,1757.21,376,10.32,3514.42,Medium Value
5341,Fahad Qureshi,1,4,3507.48,2617.44,890.04,2025-07-05,2025-07-05,3507.48,0,25.38,3507.48,Medium Value
7743,Sana Mirza,1,3,3505.83,2676.21,829.62,2024-01-18,2024-01-18,3505.83,0,23.66,3505.83,Medium Value
5685,Fahad Siddiqui,1,3,3505.47,3209.04,296.43,2022-04-14,2022-04-14,3505.47,0,8.46,3505.47,Medium Value
2837,Saad Hussain,2,6,3504.2,3166.2,338.0,2024-06-29,2026-08-10,1752.1,772,9.65,3504.2,Medium Value
361,Hassan Chaudhry,2,4,3503.45,3168.33,335.12,2023-02-19,2023-02-20,1751.72,1,9.57,3503.45,Medium Value
6332,Ahmed Iqbal,1,3,3502.08,3429.36,72.72,2026-07-23,2026-07-23,3502.08,0,2.08,3502.08,Medium Value
3504,Maryam Hussain,1,6,3501.9,3108.18,393.72,2024-04-01,2024-04-01,3501.9,0,11.24,3501.9,Medium Value
2435,Imran Memon,1,2,3500.64,2475.32,1025.32,2023-12-07,2023-12-07,3500.64,0,29.29,3500.64,Medium Value
230,Danish Ali,2,4,3499.82,2462.29,1037.53,2024-05-15,2026-06-06,1749.91,752,29.65,3499.82,Medium Value
331,Hussain Buriro,1,4,3499.04,2476.44,1022.6,2023-05-04,2023-05-04,3499.04,0,29.23,3499.04,Medium Value
5681,Danish Chaudhry,1,4,3498.16,2466.8,1031.36,2023-08-27,2023-08-27,3498.16,0,29.48,3498.16,Medium Value
4433,Danish Mirza,1,2,3497.36,2447.06,1050.3,2024-08-04,2024-08-04,3497.36,0,30.03,3497.36,Medium Value
3450,Imran Mirza,1,2,3497.36,2662.34,835.02,2023-05-26,2023-05-26,3497.36,0,23.88,3497.36,Medium Value
1235,Ali Shah,2,3,3494.97,2830.69,664.28,2023-02-16,2024-12-09,1747.48,662,19.01,3494.97,Medium Value
7929,Usman Khan,2,6,3493.05,2645.1,847.95,2023-03-25,2025-04-11,1746.52,748,24.28,3493.05,Medium Value
6738,Imran Raza,1,5,3491.95,3310.65,181.3,2023-01-26,2023-01-26,3491.95,0,5.19,3491.95,Medium Value
2967,Hamza Malik,3,16,3491.57,2709.4,782.17,2023-11-12,2025-09-17,1163.86,675,22.4,3491.57,Medium Value
5477,Imran Shah,2,8,3489.83,3202.76,287.07,2022-01-18,2023-10-10,1744.92,630,8.23,3489.83,Medium Value
1796,Hassan Malik,1,4,3489.6,3090.56,399.04,2023-04-30,2023-04-30,3489.6,0,11.44,3489.6,Medium Value
2393,Danish Qureshi,2,8,3488.74,2375.96,1112.78,2022-05-24,2022-12-21,1744.37,211,31.9,3488.74,Medium Value
5301,Sara Raza,1,3,3486.78,3494.49,-7.71,2024-11-06,2024-11-06,3486.78,0,-0.22,3486.78,Medium Value
5017,Fahad Sheikh,1,3,3485.58,2554.59,930.99,2023-10-04,2023-10-04,3485.58,0,26.71,3485.58,Medium Value
9186,Hassan Iqbal,3,4,3485.09,2966.38,518.71,2023-06-22,2024-02-02,1161.7,225,14.88,3485.09,Medium Value
2628,Hamza Qureshi,1,5,3481.6,2794.75,686.85,2026-03-11,2026-03-11,3481.6,0,19.73,3481.6,Medium Value
190,Omar Shah,3,13,3477.81,2737.05,740.76,2022-06-02,2025-05-04,1159.27,1067,21.3,3477.81,Medium Value
3924,Bilal Chaudhry,1,2,3475.58,2341.14,1134.44,2026-01-11,2026-01-11,3475.58,0,32.64,3475.58,Medium Value
8210,Bilal Iqbal,1,5,3472.8,2450.7,1022.1,2023-07-24,2023-07-24,3472.8,0,29.43,3472.8,Medium Value
478,Maham Hussain,1,3,3471.42,2396.19,1075.23,2024-02-20,2024-02-20,3471.42,0,30.97,3471.42,Medium Value
3892,Danish Hussain,1,7,3465.42,3381.63,83.79,2026-07-10,2026-07-10,3465.42,0,2.42,3465.42,Medium Value
7869,Danish Raza,1,3,3465.12,2960.61,504.51,2024-06-11,2024-06-11,3465.12,0,14.56,3465.12,Medium Value
4927,Danish Shah,2,12,3464.44,2657.85,806.59,2022-03-29,2023-06-07,1732.22,435,23.28,3464.44,Medium Value
6029,Sana Chaudhry,1,7,3461.85,2438.87,1022.98,2023-10-25,2023-10-25,3461.85,0,29.55,3461.85,Medium Value
2261,Saad Memon,1,4,3461.72,2996.28,465.44,2023-01-04,2023-01-04,3461.72,0,13.45,3461.72,Medium Value
4477,Omar Raza,2,6,3456.34,2528.39,927.95,2022-06-22,2026-02-17,1728.17,1336,26.85,3456.34,Medium Value
9522,Danish Hussain,1,3,3455.88,2824.2,631.68,2023-05-01,2023-05-01,3455.88,0,18.28,3455.88,Medium Value
8262,Ali Ali,2,4,3455.46,2524.33,931.13,2023-07-13,2023-09-14,1727.73,63,26.95,3455.46,Medium Value
3428,Fahad Chaudhry,1,5,3455.2,3348.95,106.25,2025-09-20,2025-09-20,3455.2,0,3.08,3455.2,Medium Value
8431,Hussain Khan,1,2,3454.42,2433.42,1021.0,2024-05-24,2024-05-24,3454.42,0,29.56,3454.42,Medium Value
8861,Sana Shah,1,2,3454.26,2912.72,541.54,2025-03-27,2025-03-27,3454.26,0,15.68,3454.26,Medium Value
6730,Ahmed Raza,2,2,3453.69,2676.5,777.19,2023-02-19,2023-12-12,1726.84,296,22.5,3453.69,Medium Value
7728,Omar Shah,1,6,3452.82,2444.94,1007.88,2023-09-10,2023-09-10,3452.82,0,29.19,3452.82,Medium Value
3529,Omar Mirza,2,11,3452.13,2398.92,1053.21,2024-03-20,2025-01-08,1726.06,294,30.51,3452.13,Medium Value
3953,Maryam Iqbal,1,4,3450.16,3450.6,-0.44,2022-11-05,2022-11-05,3450.16,0,-0.01,3450.16,Medium Value
9791,Maryam Shah,2,5,3450.14,3622.69,-172.55,2023-10-23,2025-01-15,1725.07,450,-5.0,3450.14,Medium Value
2074,Ayesha Mirza,2,4,3450.09,2504.75,945.34,2022-08-02,2026-01-28,1725.04,1275,27.4,3450.09,Medium Value
752,Usman Malik,1,7,3446.03,3197.95,248.08,2026-04-11,2026-04-11,3446.03,0,7.2,3446.03,Medium Value
9448,Hira Sheikh,1,3,3446.01,2374.44,1071.57,2026-06-28,2026-06-28,3446.01,0,31.1,3446.01,Medium Value
8728,Hira Qureshi,1,5,3445.6,2634.9,810.7,2025-07-21,2025-07-21,3445.6,0,23.53,3445.6,Medium Value
7953,Bilal Chaudhry,1,7,3444.42,2588.6,855.82,2024-07-03,2024-07-03,3444.42,0,24.85,3444.42,Medium Value
2523,Danish Qureshi,1,3,3444.39,2446.65,997.74,2026-07-16,2026-07-16,3444.39,0,28.97,3444.39,Medium Value
703,Hussain Ahmed,1,3,3443.88,2452.44,991.44,2022-11-07,2022-11-07,3443.88,0,28.79,3443.88,Medium Value
5975,Hussain Iqbal,1,6,3443.88,2575.2,868.68,2023-09-18,2023-09-18,3443.88,0,25.22,3443.88,Medium Value
3902,Sara Mirza,1,3,3436.71,2466.24,970.47,2024-02-07,2024-02-07,3436.71,0,28.24,3436.71,Medium Value
685,Saad Hussain,1,2,3436.56,2552.88,883.68,2025-02-04,2025-02-04,3436.56,0,25.71,3436.56,Medium Value
4868,Omar Shah,2,8,3435.6,2621.84,813.76,2024-02-06,2024-12-03,1717.8,301,23.69,3435.6,Medium Value
9239,Hassan Buriro,2,7,3435.47,3187.39,248.08,2024-07-07,2026-04-18,1717.74,650,7.22,3435.47,Medium Value
1513,Omar Hussain,2,7,3434.9,2643.57,791.33,2022-06-27,2026-05-30,1717.45,1433,23.04,3434.9,Medium Value
515,Sana Qureshi,1,6,3434.58,2491.92,942.66,2023-05-30,2023-05-30,3434.58,0,27.45,3434.58,Medium Value
374,Zainab Malik,2,6,3431.91,2459.52,972.39,2022-02-28,2023-12-08,1715.96,648,28.33,3431.91,Medium Value
3908,Fatima Chaudhry,1,6,3431.46,3483.84,-52.38,2024-02-06,2024-02-06,3431.46,0,-1.53,3431.46,Medium Value
8873,Bilal Khan,2,6,3431.25,3056.97,374.28,2023-02-24,2025-05-04,1715.62,800,10.91,3431.25,Medium Value
5966,Usman Shah,1,2,3430.7,2640.64,790.06,2025-04-25,2025-04-25,3430.7,0,23.03,3430.7,Medium Value
9428,Usman Siddiqui,1,2,3430.32,2469.6,960.72,2022-05-30,2022-05-30,3430.32,0,28.01,3430.32,Medium Value
4454,Fahad Hussain,1,4,3428.88,3249.84,179.04,2026-03-23,2026-03-23,3428.88,0,5.22,3428.88,Medium Value
7310,Hussain Qureshi,1,5,3428.35,2747.55,680.8,2022-09-13,2022-09-13,3428.35,0,19.86,3428.35,Medium Value
8171,Danish Iqbal,2,9,3426.48,2761.44,665.04,2023-05-26,2024-08-15,1713.24,447,19.41,3426.48,Medium Value
132,Bilal Chaudhry,1,7,3426.36,3279.78,146.58,2024-07-07,2024-07-07,3426.36,0,4.28,3426.36,Medium Value
619,Ali Ali,1,2,3426.0,2607.76,818.24,2024-06-16,2024-06-16,3426.0,0,23.88,3426.0,Medium Value
4378,Sara Ahmed,2,2,3423.47,2503.67,919.8,2023-08-25,2024-12-14,1711.74,477,26.87,3423.47,Medium Value
3985,Ali Qureshi,1,3,3423.27,2359.56,1063.71,2024-02-05,2024-02-05,3423.27,0,31.07,3423.27,Medium Value
6694,Fahad Mirza,1,4,3422.84,2473.64,949.2,2024-02-03,2024-02-03,3422.84,0,27.73,3422.84,Medium Value
2767,Zainab Siddiqui,2,12,3420.5,2868.38,552.12,2023-05-01,2025-05-09,1710.25,739,16.14,3420.5,Medium Value
7745,Usman Buriro,1,4,3418.52,2686.92,731.6,2023-07-03,2023-07-03,3418.52,0,21.4,3418.52,Medium Value
3719,Danish Iqbal,1,2,3418.46,2428.24,990.22,2022-10-21,2022-10-21,3418.46,0,28.97,3418.46,Medium Value
6610,Hamza Khan,1,5,3417.75,2889.15,528.6,2025-05-12,2025-05-12,3417.75,0,15.47,3417.75,Medium Value
5958,Ahmed Ali,1,7,3416.56,2830.73,585.83,2023-03-18,2023-03-18,3416.56,0,17.15,3416.56,Medium Value
11,Zainab Qureshi,1,2,3416.2,2920.86,495.34,2025-11-04,2025-11-04,3416.2,0,14.5,3416.2,Medium Value
203,Fatima Sheikh,1,5,3415.35,2619.25,796.1,2023-09-24,2023-09-24,3415.35,0,23.31,3415.35,Medium Value
2835,Maham Memon,1,4,3410.92,3079.6,331.32,2025-03-19,2025-03-19,3410.92,0,9.71,3410.92,Medium Value
6792,Maham Malik,1,2,3410.82,2754.26,656.56,2024-08-20,2024-08-20,3410.82,0,19.25,3410.82,Medium Value
4136,Hamza Khan,1,3,3408.06,2881.65,526.41,2022-08-11,2022-08-11,3408.06,0,15.45,3408.06,Medium Value
1562,Fatima Hussain,1,2,3407.9,2482.24,925.66,2025-02-03,2025-02-03,3407.9,0,27.16,3407.9,Medium Value
1952,Zainab Khan,1,3,3406.8,2254.5,1152.3,2024-01-06,2024-01-06,3406.8,0,33.82,3406.8,Medium Value
6461,Imran Shah,1,3,3406.53,2245.8,1160.73,2024-06-13,2024-06-13,3406.53,0,34.07,3406.53,Medium Value
9491,Maryam Qureshi,1,7,3405.92,2739.31,666.61,2026-01-02,2026-01-02,3405.92,0,19.57,3405.92,Medium Value
5914,Sana Malik,1,2,3405.06,2437.46,967.6,2024-03-16,2024-03-16,3405.06,0,28.42,3405.06,Medium Value
1729,Maham Khan,1,3,3403.14,2780.76,622.38,2024-08-29,2024-08-29,3403.14,0,18.29,3403.14,Medium Value
9102,Saad Sheikh,2,5,3403.14,3343.82,59.32,2022-09-04,2025-08-23,1701.57,1084,1.74,3403.14,Medium Value
5307,Ali Iqbal,1,4,3402.96,2656.44,746.52,2025-01-15,2025-01-15,3402.96,0,21.94,3402.96,Medium Value
1573,Maham Raza,3,11,3396.63,3171.54,225.09,2023-01-15,2025-09-18,1132.21,977,6.63,3396.63,Medium Value
180,Ahmed Buriro,2,13,3395.15,2734.76,660.39,2024-08-07,2026-04-27,1697.57,628,19.45,3395.15,Medium Value
3772,Omar Iqbal,1,2,3395.1,2521.1,874.0,2023-07-02,2023-07-02,3395.1,0,25.74,3395.1,Medium Value
4499,Usman Mirza,1,2,3393.24,2366.36,1026.88,2022-04-24,2022-04-24,3393.24,0,30.26,3393.24,Medium Value
7294,Maham Ahmed,2,7,3392.86,2897.7,495.16,2022-12-23,2025-04-11,1696.43,840,14.59,3392.86,Medium Value
4471,Ahmed Chaudhry,1,4,3392.44,2515.2,877.24,2023-09-28,2023-09-28,3392.44,0,25.86,3392.44,Medium Value
8634,Imran Hussain,1,3,3387.78,2396.19,991.59,2025-03-08,2025-03-08,3387.78,0,29.27,3387.78,Medium Value
1282,Hira Siddiqui,2,5,3387.43,2745.07,642.36,2023-06-20,2024-09-04,1693.72,442,18.96,3387.43,Medium Value
9271,Bilal Khan,1,3,3384.21,3041.13,343.08,2022-04-25,2022-04-25,3384.21,0,10.14,3384.21,Medium Value
2912,Fahad Ahmed,1,4,3382.72,3133.8,248.92,2023-05-31,2023-05-31,3382.72,0,7.36,3382.72,Medium Value
2525,Bilal Chaudhry,2,3,3382.63,2634.53,748.1,2024-04-22,2024-12-02,1691.32,224,22.12,3382.63,Medium Value
6411,Ayesha Khan,1,7,3382.12,2251.97,1130.15,2025-05-15,2025-05-15,3382.12,0,33.42,3382.12,Medium Value
9954,Danish Sheikh,1,3,3381.66,3299.22,82.44,2022-10-13,2022-10-13,3381.66,0,2.44,3381.66,Medium Value
2059,Ali Ali,2,5,3381.14,2271.98,1109.16,2022-12-15,2025-12-30,1690.57,1111,32.8,3381.14,Medium Value
5467,Hassan Buriro,2,5,3380.29,2990.73,389.56,2024-11-19,2025-01-30,1690.14,72,11.52,3380.29,Medium Value
363,Maham Ali,1,2,3379.26,2180.98,1198.28,2023-11-09,2023-11-09,3379.26,0,35.46,3379.26,Medium Value
4917,Omar Buriro,1,5,3378.0,2885.25,492.75,2022-11-29,2022-11-29,3378.0,0,14.59,3378.0,Medium Value
7712,Omar Buriro,1,3,3377.19,2140.05,1237.14,2023-04-25,2023-04-25,3377.19,0,36.63,3377.19,Medium Value
5200,Usman Raza,1,2,3374.48,2513.32,861.16,2024-05-31,2024-05-31,3374.48,0,25.52,3374.48,Medium Value
6093,Ahmed Hussain,1,3,3368.34,2501.79,866.55,2022-10-20,2022-10-20,3368.34,0,25.73,3368.34,Medium Value
1223,Sana Chaudhry,1,4,3367.76,2903.28,464.48,2022-03-28,2022-03-28,3367.76,0,13.79,3367.76,Medium Value
3131,Hassan Siddiqui,2,10,3365.02,2950.82,414.2,2023-05-07,2026-02-27,1682.51,1027,12.31,3365.02,Medium Value
8451,Saad Iqbal,1,2,3361.86,2324.66,1037.2,2024-02-23,2024-02-23,3361.86,0,30.85,3361.86,Medium Value
4920,Hassan Siddiqui,1,6,3360.9,2617.26,743.64,2025-01-22,2025-01-22,3360.9,0,22.13,3360.9,Medium Value
3614,Ali Chaudhry,2,5,3360.47,2370.95,989.52,2025-05-05,2025-05-15,1680.24,10,29.45,3360.47,Medium Value
3987,Ayesha Shah,2,5,3358.47,3024.47,334.0,2023-08-26,2025-06-07,1679.24,651,9.95,3358.47,Medium Value
5547,Ahmed Iqbal,2,7,3357.84,2553.11,804.73,2023-12-13,2026-02-14,1678.92,794,23.97,3357.84,Medium Value
5988,Ayesha Qureshi,1,7,3357.83,2886.94,470.89,2023-02-04,2023-02-04,3357.83,0,14.02,3357.83,Medium Value
2622,Imran Iqbal,1,6,3355.8,2833.32,522.48,2022-05-18,2022-05-18,3355.8,0,15.57,3355.8,Medium Value
1589,Maryam Malik,2,5,3354.01,2974.62,379.39,2022-03-31,2023-04-10,1677.0,375,11.31,3354.01,Medium Value
9932,Maham Memon,1,3,3354.0,2985.09,368.91,2023-06-05,2023-06-05,3354.0,0,11.0,3354.0,Medium Value
4894,Zainab Malik,2,4,3353.88,2316.24,1037.64,2023-02-11,2026-04-15,1676.94,1159,30.94,3353.88,Medium Value
3431,Sara Raza,1,2,3352.42,2319.74,1032.68,2022-02-21,2022-02-21,3352.42,0,30.8,3352.42,Medium Value
3559,Zainab Hussain,1,2,3352.04,2390.36,961.68,2022-05-03,2022-05-03,3352.04,0,28.69,3352.04,Medium Value
4890,Maryam Iqbal,1,2,3350.92,2368.54,982.38,2024-04-15,2024-04-15,3350.92,0,29.32,3350.92,Medium Value
7685,Maham Khan,2,5,3350.56,2387.12,963.44,2024-08-29,2025-02-22,1675.28,177,28.75,3350.56,Medium Value
7536,Sara Iqbal,2,8,3349.2,3266.32,82.88,2024-08-27,2025-09-29,1674.6,398,2.47,3349.2,Medium Value
1163,Sara Mirza,1,2,3348.6,2922.64,425.96,2024-09-01,2024-09-01,3348.6,0,12.72,3348.6,Medium Value
8331,Bilal Ahmed,1,3,3345.12,2949.6,395.52,2023-02-25,2023-02-25,3345.12,0,11.82,3345.12,Medium Value
7948,Ali Siddiqui,1,6,3344.76,2398.14,946.62,2023-01-29,2023-01-29,3344.76,0,28.3,3344.76,Medium Value
3437,Saad Malik,1,3,3343.86,2821.23,522.63,2023-07-18,2023-07-18,3343.86,0,15.63,3343.86,Medium Value
3962,Zainab Ali,1,2,3342.48,2859.5,482.98,2022-05-24,2022-05-24,3342.48,0,14.45,3342.48,Medium Value
265,Imran Chaudhry,2,8,3339.7,3013.7,326.0,2023-12-13,2024-11-14,1669.85,337,9.76,3339.7,Medium Value
3415,Fatima Malik,1,4,3338.0,2698.28,639.72,2026-07-17,2026-07-17,3338.0,0,19.16,3338.0,Medium Value
9546,Ali Malik,1,4,3337.12,2704.64,632.48,2023-04-11,2023-04-11,3337.12,0,18.95,3337.12,Medium Value
5621,Maryam Siddiqui,1,5,3336.85,2774.75,562.1,2022-07-08,2022-07-08,3336.85,0,16.85,3336.85,Medium Value
8454,Bilal Iqbal,1,4,3336.0,2417.0,919.0,2025-05-04,2025-05-04,3336.0,0,27.55,3336.0,Medium Value
77,Imran Malik,1,6,3335.76,3048.84,286.92,2025-09-21,2025-09-21,3335.76,0,8.6,3335.76,Medium Value
5600,Zainab Sheikh,2,4,3334.5,2649.72,684.78,2024-05-30,2026-04-09,1667.25,679,20.54,3334.5,Medium Value
7201,Ahmed Qureshi,2,7,3333.4,2677.34,656.06,2024-02-16,2025-04-18,1666.7,427,19.68,3333.4,Medium Value
6400,Zainab Mirza,1,5,3331.6,2425.4,906.2,2026-05-21,2026-05-21,3331.6,0,27.2,3331.6,Medium Value
9270,Hamza Chaudhry,3,9,3327.31,2619.57,707.74,2023-02-12,2025-08-09,1109.1,909,21.27,3327.31,Medium Value
9509,Fatima Memon,2,6,3325.06,2587.44,737.62,2023-02-21,2023-08-29,1662.53,189,22.18,3325.06,Medium Value
8230,Ayesha Hussain,1,2,3324.72,2282.94,1041.78,2026-05-17,2026-05-17,3324.72,0,31.33,3324.72,Medium Value
2827,Ahmed Siddiqui,2,7,3322.65,2580.57,742.08,2022-01-09,2025-03-17,1661.32,1163,22.33,3322.65,Medium Value
7500,Fatima Khan,1,5,3322.05,2512.85,809.2,2024-01-06,2024-01-06,3322.05,0,24.36,3322.05,Medium Value
8976,Maham Ali,1,3,3321.84,2412.15,909.69,2025-08-30,2025-08-30,3321.84,0,27.39,3321.84,Medium Value
1294,Omar Malik,1,7,3318.77,2516.43,802.34,2022-05-13,2022-05-13,3318.77,0,24.18,3318.77,Medium Value
6472,Ahmed Hussain,1,6,3316.92,2794.92,522.0,2022-08-02,2022-08-02,3316.92,0,15.74,3316.92,Medium Value
5093,Danish Qureshi,1,5,3316.0,2548.1,767.9,2026-05-18,2026-05-18,3316.0,0,23.16,3316.0,Medium Value
7155,Imran Mirza,1,2,3312.58,2271.7,1040.88,2025-11-18,2025-11-18,3312.58,0,31.42,3312.58,Medium Value
4440,Hamza Malik,2,9,3311.11,3201.65,109.46,2024-01-19,2025-08-15,1655.55,574,3.31,3311.11,Medium Value
2618,Omar Mirza,1,5,3310.05,2550.6,759.45,2024-07-19,2024-07-19,3310.05,0,22.94,3310.05,Medium Value
7261,Maham Chaudhry,1,4,3305.24,2253.52,1051.72,2024-12-13,2024-12-13,3305.24,0,31.82,3305.24,Medium Value
2200,Ahmed Hussain,2,8,3304.89,2187.47,1117.42,2023-01-07,2023-10-07,1652.44,273,33.81,3304.89,Medium Value
8439,Ayesha Iqbal,1,7,3303.93,2688.0,615.93,2023-04-26,2023-04-26,3303.93,0,18.64,3303.93,Medium Value
5505,Hamza Chaudhry,1,7,3303.23,3085.39,217.84,2026-05-12,2026-05-12,3303.23,0,6.59,3303.23,Medium Value
3284,Hassan Ali,1,3,3299.4,2233.35,1066.05,2022-03-14,2022-03-14,3299.4,0,32.31,3299.4,Medium Value
7029,Hira Hussain,2,8,3299.32,3089.29,210.03,2022-10-10,2025-11-27,1649.66,1144,6.37,3299.32,Medium Value
1352,Usman Mirza,2,9,3297.22,2254.37,1042.85,2025-02-12,2025-09-22,1648.61,222,31.63,3297.22,Medium Value
9556,Ahmed Khan,2,5,3293.14,2465.95,827.19,2022-05-12,2023-12-18,1646.57,585,25.12,3293.14,Medium Value
1286,Danish Chaudhry,1,6,3289.14,3307.38,-18.24,2025-03-09,2025-03-09,3289.14,0,-0.55,3289.14,Medium Value
3176,Hamza Khan,1,2,3288.96,2192.6,1096.36,2024-05-02,2024-05-02,3288.96,0,33.33,3288.96,Medium Value
634,Ahmed Qureshi,1,2,3287.34,2410.62,876.72,2022-10-07,2022-10-07,3287.34,0,26.67,3287.34,Medium Value
2570,Ahmed Iqbal,1,2,3287.02,2771.2,515.82,2023-10-17,2023-10-17,3287.02,0,15.69,3287.02,Medium Value
3456,Maryam Buriro,1,6,3286.86,2155.8,1131.06,2025-02-15,2025-02-15,3286.86,0,34.41,3286.86,Medium Value
7004,Hussain Sheikh,1,4,3286.48,2307.76,978.72,2025-06-20,2025-06-20,3286.48,0,29.78,3286.48,Medium Value
2558,Usman Shah,1,3,3282.9,3353.52,-70.62,2023-10-06,2023-10-06,3282.9,0,-2.15,3282.9,Medium Value
1238,Hassan Siddiqui,2,3,3280.78,2660.14,620.64,2025-10-16,2025-11-10,1640.39,25,18.92,3280.78,Medium Value
78,Ayesha Hussain,1,3,3279.72,2343.06,936.66,2026-02-07,2026-02-07,3279.72,0,28.56,3279.72,Medium Value
813,Sana Iqbal,1,7,3278.24,2243.08,1035.16,2025-07-27,2025-07-27,3278.24,0,31.58,3278.24,Medium Value
15,Zainab Siddiqui,2,5,3278.11,2721.06,557.05,2025-10-01,2026-02-03,1639.05,125,16.99,3278.11,Medium Value
1786,Maham Mirza,1,3,3277.59,2602.47,675.12,2025-03-10,2025-03-10,3277.59,0,20.6,3277.59,Medium Value
8311,Danish Chaudhry,1,5,3277.45,2430.0,847.45,2024-07-07,2024-07-07,3277.45,0,25.86,3277.45,Medium Value
2358,Ali Sheikh,1,3,3274.74,2885.01,389.73,2024-10-18,2024-10-18,3274.74,0,11.9,3274.74,Medium Value
2437,Ahmed Raza,1,2,3274.24,2383.34,890.9,2022-02-05,2022-02-05,3274.24,0,27.21,3274.24,Medium Value
7996,Hassan Qureshi,2,5,3273.43,2394.87,878.56,2022-02-10,2023-08-24,1636.72,560,26.84,3273.43,Medium Value
7806,Sara Memon,2,5,3272.51,2890.72,381.79,2024-09-02,2025-10-03,1636.26,396,11.67,3272.51,Medium Value
5770,Danish Buriro,2,7,3267.42,2302.58,964.84,2024-10-21,2026-02-15,1633.71,482,29.53,3267.42,Medium Value
9319,Imran Buriro,1,2,3266.86,2268.18,998.68,2024-12-28,2024-12-28,3266.86,0,30.57,3266.86,Medium Value
4857,Zainab Siddiqui,1,4,3266.12,2338.28,927.84,2025-01-16,2025-01-16,3266.12,0,28.41,3266.12,Medium Value
6475,Sana Ali,1,2,3263.04,2658.14,604.9,2025-08-22,2025-08-22,3263.04,0,18.54,3263.04,Medium Value
1394,Bilal Khan,1,5,3262.8,2394.7,868.1,2024-10-08,2024-10-08,3262.8,0,26.61,3262.8,Medium Value
6074,Ali Ahmed,1,3,3262.14,3312.12,-49.98,2026-07-04,2026-07-04,3262.14,0,-1.53,3262.14,Medium Value
535,Hamza Khan,2,4,3260.78,2777.58,483.2,2023-08-06,2024-05-14,1630.39,282,14.82,3260.78,Medium Value
8214,Danish Hussain,1,4,3255.72,2534.36,721.36,2023-06-28,2023-06-28,3255.72,0,22.16,3255.72,Medium Value
661,Hassan Malik,1,2,3255.52,2901.78,353.74,2024-03-22,2024-03-22,3255.52,0,10.87,3255.52,Medium Value
9172,Omar Memon,1,5,3254.35,2184.3,1070.05,2026-04-29,2026-04-29,3254.35,0,32.88,3254.35,Medium Value
5425,Imran Chaudhry,1,7,3253.04,2027.34,1225.7,2025-09-15,2025-09-15,3253.04,0,37.68,3253.04,Medium Value
5195,Hassan Chaudhry,1,5,3252.2,2286.35,965.85,2024-12-26,2024-12-26,3252.2,0,29.7,3252.2,Medium Value
4189,Hussain Ali,2,7,3252.04,3088.3,163.74,2024-05-22,2026-05-26,1626.02,734,5.03,3252.04,Medium Value
5287,Hussain Buriro,2,4,3247.39,2483.72,763.67,2022-07-07,2024-01-17,1623.7,559,23.52,3247.39,Medium Value
1370,Fatima Qureshi,1,4,3245.68,3156.56,89.12,2026-02-23,2026-02-23,3245.68,0,2.75,3245.68,Medium Value
4496,Ali Qureshi,1,6,3243.72,2513.04,730.68,2022-04-28,2022-04-28,3243.72,0,22.53,3243.72,Medium Value
5834,Hamza Hussain,2,10,3243.3,2428.32,814.98,2024-08-23,2025-10-29,1621.65,432,25.13,3243.3,Medium Value
4713,Bilal Hussain,2,9,3240.3,2993.7,246.6,2024-03-13,2026-06-10,1620.15,819,7.61,3240.3,Medium Value
7667,Maham Buriro,2,7,3240.15,2485.52,754.63,2022-01-31,2025-06-20,1620.07,1236,23.29,3240.15,Medium Value
8071,Ali Siddiqui,1,4,3240.12,2607.0,633.12,2025-08-24,2025-08-24,3240.12,0,19.54,3240.12,Medium Value
3618,Omar Ahmed,1,5,3239.85,2834.25,405.6,2026-03-04,2026-03-04,3239.85,0,12.52,3239.85,Medium Value
8747,Hira Memon,1,5,3239.5,2924.1,315.4,2025-11-18,2025-11-18,3239.5,0,9.74,3239.5,Medium Value
5900,Saad Khan,1,2,3239.42,2071.5,1167.92,2022-03-20,2022-03-20,3239.42,0,36.05,3239.42,Medium Value
5473,Maryam Iqbal,1,4,3239.4,2455.8,783.6,2025-10-25,2025-10-25,3239.4,0,24.19,3239.4,Medium Value
6514,Usman Buriro,1,5,3239.35,2924.1,315.25,2024-12-24,2024-12-24,3239.35,0,9.73,3239.35,Medium Value
1818,Saad Sheikh,1,2,3238.14,2612.22,625.92,2025-05-01,2025-05-01,3238.14,0,19.33,3238.14,Medium Value
8347,Hamza Hussain,1,2,3237.78,2881.64,356.14,2026-01-10,2026-01-10,3237.78,0,11.0,3237.78,Medium Value
6685,Zainab Shah,1,3,3237.24,2989.17,248.07,2026-01-02,2026-01-02,3237.24,0,7.66,3237.24,Medium Value
3457,Bilal Iqbal,1,7,3235.19,2924.25,310.94,2024-08-30,2024-08-30,3235.19,0,9.61,3235.19,Medium Value
4724,Saad Hussain,1,5,3233.1,2515.75,717.35,2025-01-22,2025-01-22,3233.1,0,22.19,3233.1,Medium Value
6649,Imran Chaudhry,1,4,3232.88,2757.88,475.0,2023-10-14,2023-10-14,3232.88,0,14.69,3232.88,Medium Value
6379,Bilal Malik,1,3,3229.53,2065.8,1163.73,2026-02-10,2026-02-10,3229.53,0,36.03,3229.53,Medium Value
7828,Ayesha Ahmed,1,2,3229.26,2399.34,829.92,2024-05-26,2024-05-26,3229.26,0,25.7,3229.26,Medium Value
5970,Maryam Buriro,1,6,3228.72,3030.84,197.88,2023-10-11,2023-10-11,3228.72,0,6.13,3228.72,Medium Value
7872,Saad Khan,1,3,3227.07,2808.45,418.62,2023-03-07,2023-03-07,3227.07,0,12.97,3227.07,Medium Value
2660,Maham Shah,2,6,3226.5,2638.8,587.7,2024-07-02,2026-04-24,1613.25,661,18.21,3226.5,Medium Value
8996,Danish Iqbal,2,3,3226.29,2252.3,973.99,2022-12-31,2025-05-21,1613.14,872,30.19,3226.29,Medium Value
2658,Ayesha Raza,2,11,3224.99,2328.09,896.9,2024-06-09,2026-06-21,1612.5,742,27.81,3224.99,Medium Value
6195,Maham Khan,1,2,3219.24,2766.34,452.9,2024-01-23,2024-01-23,3219.24,0,14.07,3219.24,Medium Value
5804,Sara Raza,1,7,3217.2,2923.97,293.23,2026-04-09,2026-04-09,3217.2,0,9.11,3217.2,Medium Value
377,Ahmed Iqbal,2,5,3214.0,2366.42,847.58,2023-09-23,2026-04-11,1607.0,931,26.37,3214.0,Medium Value
5767,Imran Qureshi,1,3,3211.26,2679.27,531.99,2023-08-25,2023-08-25,3211.26,0,16.57,3211.26,Medium Value
1045,Hamza Khan,3,19,3211.18,2607.25,603.93,2023-09-01,2024-04-25,1070.39,237,18.81,3211.18,Medium Value
5010,Danish Siddiqui,1,7,3206.49,2504.88,701.61,2023-04-16,2023-04-16,3206.49,0,21.88,3206.49,Medium Value
6116,Ahmed Buriro,2,9,3204.31,2584.98,619.33,2024-06-10,2024-08-03,1602.15,54,19.33,3204.31,Medium Value
6331,Fatima Siddiqui,1,3,3204.03,2872.29,331.74,2025-12-10,2025-12-10,3204.03,0,10.35,3204.03,Medium Value
3705,Zainab Khan,1,2,3201.58,2623.12,578.46,2026-06-28,2026-06-28,3201.58,0,18.07,3201.58,Medium Value
1459,Maryam Iqbal,1,4,3198.64,3063.56,135.08,2022-01-25,2022-01-25,3198.64,0,4.22,3198.64,Medium Value
3113,Omar Memon,1,3,3198.15,2129.7,1068.45,2022-01-12,2022-01-12,3198.15,0,33.41,3198.15,Medium Value
4937,Maham Qureshi,1,4,3198.04,2635.6,562.44,2023-08-14,2023-08-14,3198.04,0,17.59,3198.04,Medium Value
5759,Ayesha Shah,1,4,3195.56,2908.44,287.12,2023-02-17,2023-02-17,3195.56,0,8.98,3195.56,Medium Value
657,Maham Mirza,2,7,3194.32,2322.56,871.76,2025-01-10,2025-07-03,1597.16,174,27.29,3194.32,Medium Value
4324,Hira Khan,2,3,3192.67,2821.7,370.97,2022-06-02,2022-07-28,1596.34,56,11.62,3192.67,Medium Value
4810,Ayesha Raza,1,2,3189.94,2928.36,261.58,2026-05-10,2026-05-10,3189.94,0,8.2,3189.94,Medium Value
104,Maham Iqbal,1,2,3189.92,2502.08,687.84,2025-02-18,2025-02-18,3189.92,0,21.56,3189.92,Medium Value
8494,Ali Chaudhry,1,2,3189.9,2995.7,194.2,2024-02-28,2024-02-28,3189.9,0,6.09,3189.9,Medium Value
4212,Usman Qureshi,1,2,3189.12,2418.28,770.84,2026-07-15,2026-07-15,3189.12,0,24.17,3189.12,Medium Value
2896,Sara Ali,1,6,3184.8,2305.8,879.0,2024-04-04,2024-04-04,3184.8,0,27.6,3184.8,Medium Value
3864,Ali Qureshi,1,2,3183.72,2662.38,521.34,2025-11-09,2025-11-09,3183.72,0,16.38,3183.72,Medium Value
3403,Ayesha Sheikh,1,2,3182.74,2773.94,408.8,2025-12-23,2025-12-23,3182.74,0,12.84,3182.74,Medium Value
7483,Ali Raza,1,3,3181.17,2643.3,537.87,2026-06-17,2026-06-17,3181.17,0,16.91,3181.17,Medium Value
6877,Imran Khan,1,3,3180.27,2342.07,838.2,2022-10-21,2022-10-21,3180.27,0,26.36,3180.27,Medium Value
4423,Zainab Hussain,1,6,3177.78,2292.54,885.24,2024-04-19,2024-04-19,3177.78,0,27.86,3177.78,Medium Value
8418,Imran Mirza,2,10,3177.05,2691.0,486.05,2022-11-19,2023-10-15,1588.52,330,15.3,3177.05,Medium Value
9584,Zainab Mirza,1,5,3172.8,2791.7,381.1,2023-02-20,2023-02-20,3172.8,0,12.01,3172.8,Medium Value
1480,Zainab Sheikh,1,2,3171.74,2105.3,1066.44,2022-12-29,2022-12-29,3171.74,0,33.62,3171.74,Medium Value
8226,Ayesha Ahmed,1,2,3170.4,2234.86,935.54,2022-10-25,2022-10-25,3170.4,0,29.51,3170.4,Medium Value
5955,Zainab Siddiqui,1,6,3168.78,2153.22,1015.56,2026-05-23,2026-05-23,3168.78,0,32.05,3168.78,Medium Value
9688,Sara Mirza,1,4,3166.68,2208.36,958.32,2024-10-11,2024-10-11,3166.68,0,30.26,3166.68,Medium Value
6420,Maryam Memon,1,4,3163.36,2539.84,623.52,2024-10-04,2024-10-04,3163.36,0,19.71,3163.36,Medium Value
9722,Danish Iqbal,1,7,3163.23,2531.41,631.82,2026-03-13,2026-03-13,3163.23,0,19.97,3163.23,Medium Value
5206,Maryam Khan,1,4,3163.04,2178.68,984.36,2023-05-04,2023-05-04,3163.04,0,31.12,3163.04,Medium Value
2717,Hamza Sheikh,2,3,3162.71,2318.7,844.01,2024-12-12,2026-04-27,1581.36,501,26.69,3162.71,Medium Value
9200,Sara Sheikh,2,4,3161.35,3005.78,155.57,2023-11-07,2024-09-21,1580.68,319,4.92,3161.35,Medium Value
2900,Sana Siddiqui,2,8,3159.82,2622.3,537.52,2022-10-08,2024-11-22,1579.91,776,17.01,3159.82,Medium Value
3169,Zainab Ali,1,4,3157.76,3139.4,18.36,2023-04-21,2023-04-21,3157.76,0,0.58,3157.76,Medium Value
6698,Fatima Ali,2,4,3154.92,2863.85,291.07,2022-12-17,2023-07-14,1577.46,209,9.23,3154.92,Medium Value
1417,Hamza Raza,1,7,3150.7,3218.53,-67.83,2026-03-18,2026-03-18,3150.7,0,-2.15,3150.7,Medium Value
8087,Fahad Iqbal,1,2,3148.38,2357.72,790.66,2022-02-05,2022-02-05,3148.38,0,25.11,3148.38,Medium Value
8515,Sana Qureshi,1,2,3145.18,2644.22,500.96,2026-08-06,2026-08-06,3145.18,0,15.93,3145.18,Medium Value
6560,Hira Shah,1,7,3143.84,2186.1,957.74,2024-02-06,2024-02-06,3143.84,0,30.46,3143.84,Medium Value
878,Maryam Malik,1,2,3141.54,2836.32,305.22,2024-11-25,2024-11-25,3141.54,0,9.72,3141.54,Medium Value
939,Usman Chaudhry,2,6,3141.15,2625.9,515.25,2022-08-26,2024-02-27,1570.57,550,16.4,3141.15,Medium Value
7035,Zainab Ahmed,1,2,3138.72,2684.5,454.22,2026-07-06,2026-07-06,3138.72,0,14.47,3138.72,Medium Value
7481,Zainab Sheikh,2,4,3136.72,2299.87,836.85,2023-09-08,2025-10-03,1568.36,756,26.68,3136.72,Medium Value
8931,Fahad Hussain,1,3,3136.02,2056.62,1079.4,2026-03-24,2026-03-24,3136.02,0,34.42,3136.02,Medium Value
7730,Omar Ahmed,1,2,3135.42,2420.3,715.12,2022-09-02,2022-09-02,3135.42,0,22.81,3135.42,Medium Value
1964,Zainab Ahmed,1,2,3132.56,2933.14,199.42,2024-12-11,2024-12-11,3132.56,0,6.37,3132.56,Medium Value
7727,Imran Ali,1,3,3130.95,2679.27,451.68,2024-10-14,2024-10-14,3130.95,0,14.43,3130.95,Medium Value
1395,Ali Mirza,1,3,3129.75,2739.6,390.15,2023-12-21,2023-12-21,3129.75,0,12.47,3129.75,Medium Value
2302,Hamza Buriro,1,3,3128.19,2065.8,1062.39,2023-08-29,2023-08-29,3128.19,0,33.96,3128.19,Medium Value
226,Saad Chaudhry,1,7,3126.76,2113.37,1013.39,2026-01-09,2026-01-09,3126.76,0,32.41,3126.76,Medium Value
8424,Hira Iqbal,2,7,3126.65,2164.59,962.06,2022-04-13,2023-03-13,1563.32,334,30.77,3126.65,Medium Value
8218,Hussain Raza,3,15,3122.17,2746.71,375.46,2022-07-11,2026-06-20,1040.72,1440,12.03,3122.17,Medium Value
9034,Ahmed Chaudhry,2,12,3121.38,2264.28,857.1,2025-06-03,2025-08-04,1560.69,62,27.46,3121.38,Medium Value
8846,Ali Raza,2,6,3120.56,2227.17,893.39,2022-01-10,2025-12-01,1560.28,1421,28.63,3120.56,Medium Value
4842,Ayesha Siddiqui,2,6,3120.44,2962.55,157.89,2022-03-04,2023-05-30,1560.22,452,5.06,3120.44,Medium Value
7793,Fahad Ahmed,1,3,3120.33,2229.69,890.64,2026-02-20,2026-02-20,3120.33,0,28.54,3120.33,Medium Value
7280,Fatima Buriro,2,9,3112.95,2285.34,827.61,2024-10-24,2025-01-04,1556.48,72,26.59,3112.95,Medium Value
8055,Maham Iqbal,4,12,3111.79,2532.26,579.53,2023-11-18,2025-01-29,777.95,438,18.62,3111.79,Medium Value
579,Hassan Mirza,1,5,3110.8,2735.2,375.6,2025-01-25,2025-01-25,3110.8,0,12.07,3110.8,Medium Value
4914,Imran Iqbal,1,4,3106.96,2625.56,481.4,2022-06-03,2022-06-03,3106.96,0,15.49,3106.96,Medium Value
2700,Imran Chaudhry,1,3,3103.38,2190.12,913.26,2023-06-02,2023-06-02,3103.38,0,29.43,3103.38,Medium Value
1314,Saad Khan,2,5,3101.57,2372.17,729.4,2023-02-04,2025-11-10,1550.78,1010,23.52,3101.57,Medium Value
2590,Ahmed Siddiqui,1,4,3100.88,2742.48,358.4,2022-11-27,2022-11-27,3100.88,0,11.56,3100.88,Medium Value
2346,Ali Khan,1,3,3099.33,2116.8,982.53,2025-12-20,2025-12-20,3099.33,0,31.7,3099.33,Medium Value
2973,Bilal Ali,1,3,3097.59,2242.8,854.79,2023-10-20,2023-10-20,3097.59,0,27.6,3097.59,Medium Value
1175,Usman Sheikh,2,3,3097.56,2196.51,901.05,2022-07-18,2023-03-04,1548.78,229,29.09,3097.56,Medium Value
2778,Sana Sheikh,1,2,3097.42,2535.16,562.26,2025-08-20,2025-08-20,3097.42,0,18.15,3097.42,Medium Value
1860,Hira Shah,1,3,3095.19,2481.06,614.13,2022-08-02,2022-08-02,3095.19,0,19.84,3095.19,Medium Value
219,Sana Chaudhry,1,3,3089.13,2850.84,238.29,2025-11-23,2025-11-23,3089.13,0,7.71,3089.13,Medium Value
5563,Maryam Ali,2,10,3088.66,2960.78,127.88,2023-07-04,2023-10-26,1544.33,114,4.14,3088.66,Medium Value
9842,Danish Shah,1,2,3085.96,2406.24,679.72,2022-12-03,2022-12-03,3085.96,0,22.03,3085.96,Medium Value
4893,Fatima Siddiqui,2,7,3085.24,2339.44,745.8,2022-01-10,2022-07-29,1542.62,200,24.17,3085.24,Medium Value
6527,Hussain Malik,1,3,3079.86,2598.87,480.99,2023-08-19,2023-08-19,3079.86,0,15.62,3079.86,Medium Value
2849,Ahmed Buriro,1,7,3073.42,2568.3,505.12,2023-09-30,2023-09-30,3073.42,0,16.44,3073.42,Medium Value
3703,Ayesha Raza,1,2,3070.24,2828.28,241.96,2026-08-15,2026-08-15,3070.24,0,7.88,3070.24,Medium Value
3556,Ali Buriro,2,11,3068.72,2754.86,313.86,2022-07-20,2025-06-12,1534.36,1058,10.23,3068.72,Medium Value
7437,Saad Ali,1,2,3065.36,2935.96,129.4,2022-04-28,2022-04-28,3065.36,0,4.22,3065.36,Medium Value
4905,Hassan Memon,1,4,3065.2,2320.96,744.24,2024-03-06,2024-03-06,3065.2,0,24.28,3065.2,Medium Value
183,Hassan Sheikh,1,2,3064.16,2892.0,172.16,2024-09-03,2024-09-03,3064.16,0,5.62,3064.16,Medium Value
3567,Maham Mirza,1,3,3063.9,2678.07,385.83,2023-06-18,2023-06-18,3063.9,0,12.59,3063.9,Medium Value
3379,Zainab Siddiqui,1,2,3062.84,2624.04,438.8,2023-12-23,2023-12-23,3062.84,0,14.33,3062.84,Medium Value
3550,Usman Mirza,1,7,3061.59,2113.44,948.15,2026-08-17,2026-08-17,3061.59,0,30.97,3061.59,Medium Value
1357,Imran Sheikh,1,2,3061.48,2541.96,519.52,2024-01-11,2024-01-11,3061.48,0,16.97,3061.48,Medium Value
3830,Maryam Hussain,2,7,3060.73,2478.53,582.2,2022-05-10,2023-11-08,1530.36,547,19.02,3060.73,Medium Value
7186,Ali Siddiqui,1,3,3058.95,2237.13,821.82,2023-11-12,2023-11-12,3058.95,0,26.87,3058.95,Medium Value
7427,Hira Iqbal,1,5,3058.4,3124.25,-65.85,2023-09-23,2023-09-23,3058.4,0,-2.15,3058.4,Medium Value
8441,Sara Buriro,1,2,3056.84,2960.3,96.54,2023-04-07,2023-04-07,3056.84,0,3.16,3056.84,Medium Value
622,Saad Sheikh,1,4,3055.32,2011.0,1044.32,2026-03-02,2026-03-02,3055.32,0,34.18,3055.32,Medium Value
5879,Ali Memon,1,2,3054.74,2580.74,474.0,2025-04-10,2025-04-10,3054.74,0,15.52,3054.74,Medium Value
6734,Usman Buriro,1,2,3053.26,2523.74,529.52,2022-01-31,2022-01-31,3053.26,0,17.34,3053.26,Medium Value
7517,Ali Chaudhry,2,6,3050.39,2351.45,698.94,2022-03-24,2026-07-16,1525.2,1575,22.91,3050.39,Medium Value
4169,Omar Raza,1,7,3048.22,2745.68,302.54,2024-10-31,2024-10-31,3048.22,0,9.93,3048.22,Medium Value
9936,Hassan Malik,1,2,3047.4,2175.28,872.12,2025-08-03,2025-08-03,3047.4,0,28.62,3047.4,Medium Value
2093,Ahmed Raza,1,3,3046.11,2423.52,622.59,2026-07-17,2026-07-17,3046.11,0,20.44,3046.11,Medium Value
3215,Hira Ahmed,2,10,3046.04,2881.24,164.8,2024-06-06,2025-05-07,1523.02,335,5.41,3046.04,Medium Value
7725,Maham Mirza,2,7,3045.29,2143.32,901.97,2022-07-07,2026-01-28,1522.64,1301,29.62,3045.29,Medium Value
9588,Hussain Sheikh,1,6,3044.28,2600.34,443.94,2026-05-18,2026-05-18,3044.28,0,14.58,3044.28,Medium Value
9089,Ali Sheikh,1,7,3042.9,2271.5,771.4,2024-08-28,2024-08-28,3042.9,0,25.35,3042.9,Medium Value
2951,Imran Ahmed,1,2,3041.82,2535.28,506.54,2025-08-14,2025-08-14,3041.82,0,16.65,3041.82,Medium Value
8729,Hassan Ali,2,8,3041.56,2663.47,378.09,2024-05-20,2025-06-11,1520.78,387,12.43,3041.56,Medium Value
9551,Saad Chaudhry,1,3,3040.35,2090.19,950.16,2024-05-04,2024-05-04,3040.35,0,31.25,3040.35,Medium Value
9996,Saad Siddiqui,1,6,3038.1,2644.62,393.48,2026-02-10,2026-02-10,3038.1,0,12.95,3038.1,Medium Value
8650,Ali Hussain,1,3,3037.98,2499.36,538.62,2024-01-13,2024-01-13,3037.98,0,17.73,3037.98,Medium Value
5658,Maham Buriro,1,7,3037.16,2200.03,837.13,2023-07-19,2023-07-19,3037.16,0,27.56,3037.16,Medium Value
7830,Sana Ahmed,2,6,3036.82,2345.46,691.36,2025-08-12,2026-07-14,1518.41,336,22.77,3036.82,Medium Value
3979,Hira Sheikh,2,4,3036.46,2872.34,164.12,2026-03-24,2026-05-02,1518.23,39,5.4,3036.46,Medium Value
2615,Ahmed Malik,2,3,3032.31,2177.35,854.96,2025-06-30,2026-04-05,1516.16,279,28.2,3032.31,Medium Value
1675,Hassan Buriro,1,3,3031.77,2853.6,178.17,2022-10-31,2022-10-31,3031.77,0,5.88,3031.77,Medium Value
2962,Hira Iqbal,1,6,3031.14,2605.08,426.06,2022-10-02,2022-10-02,3031.14,0,14.06,3031.14,Medium Value
5466,Hamza Mirza,1,4,3030.76,2867.12,163.64,2025-09-06,2025-09-06,3030.76,0,5.4,3030.76,Medium Value
3393,Usman Iqbal,1,3,3030.72,1887.48,1143.24,2023-06-27,2023-06-27,3030.72,0,37.72,3030.72,Medium Value
3986,Usman Ali,1,7,3029.46,2963.87,65.59,2026-02-25,2026-02-25,3029.46,0,2.17,3029.46,Medium Value
4534,Fahad Sheikh,2,4,3028.58,2561.7,466.88,2023-09-08,2023-11-25,1514.29,78,15.42,3028.58,Medium Value
2605,Fatima Khan,1,2,3028.5,2088.94,939.56,2023-11-15,2023-11-15,3028.5,0,31.02,3028.5,Medium Value
8421,Usman Malik,2,4,3027.01,2425.87,601.14,2023-01-04,2023-04-16,1513.5,102,19.86,3027.01,Medium Value
1962,Fatima Siddiqui,2,7,3023.05,2437.06,585.99,2026-02-23,2026-08-14,1511.52,172,19.38,3023.05,Medium Value
6550,Imran Malik,1,5,3022.75,2043.0,979.75,2024-07-30,2024-07-30,3022.75,0,32.41,3022.75,Medium Value
5623,Zainab Hussain,2,9,3021.75,2766.6,255.15,2022-01-02,2025-11-15,1510.88,1413,8.44,3021.75,Medium Value
3746,Hassan Memon,1,5,3021.55,2014.2,1007.35,2022-07-01,2022-07-01,3021.55,0,33.34,3021.55,Medium Value
7147,Hassan Qureshi,1,3,3020.55,1992.93,1027.62,2024-02-20,2024-02-20,3020.55,0,34.02,3020.55,Medium Value
7892,Fatima Chaudhry,1,2,3020.22,2690.26,329.96,2023-08-15,2023-08-15,3020.22,0,10.93,3020.22,Medium Value
4895,Hira Memon,1,5,3018.3,3156.85,-138.55,2022-03-09,2022-03-09,3018.3,0,-4.59,3018.3,Medium Value
9104,Bilal Memon,1,6,3016.5,2580.96,435.54,2023-06-17,2023-06-17,3016.5,0,14.44,3016.5,Medium Value
2661,Hamza Mirza,1,2,3014.9,2204.1,810.8,2022-03-31,2022-03-31,3014.9,0,26.89,3014.9,Medium Value
4593,Saad Memon,1,3,3012.15,2805.63,206.52,2023-12-08,2023-12-08,3012.15,0,6.86,3012.15,Medium Value
5961,Fahad Khan,2,6,3010.41,2649.09,361.32,2022-10-01,2026-01-30,1505.2,1217,12.0,3010.41,Medium Value
9709,Hira Buriro,1,2,3009.74,2914.44,95.3,2026-02-02,2026-02-02,3009.74,0,3.17,3009.74,Medium Value
2495,Imran Chaudhry,1,4,3009.16,2327.28,681.88,2023-12-17,2023-12-17,3009.16,0,22.66,3009.16,Medium Value
3129,Maryam Memon,2,8,3008.82,2052.57,956.25,2025-08-20,2026-03-06,1504.41,198,31.78,3008.82,Medium Value
5312,Saad Shah,1,4,3006.44,2359.96,646.48,2024-11-04,2024-11-04,3006.44,0,21.5,3006.44,Medium Value
7926,Ahmed Ahmed,2,6,3003.68,2251.2,752.48,2023-10-14,2024-07-25,1501.84,285,25.05,3003.68,Medium Value
4445,Sana Ali,1,2,3001.66,2352.82,648.84,2023-08-29,2023-08-29,3001.66,0,21.62,3001.66,Medium Value
7692,Ahmed Siddiqui,2,6,3001.58,2409.8,591.78,2023-08-30,2024-06-01,1500.79,276,19.72,3001.58,Medium Value
7695,Omar Shah,1,2,3001.42,2333.32,668.1,2025-05-05,2025-05-05,3001.42,0,22.26,3001.42,Medium Value
823,Hassan Malik,1,2,3001.38,2779.58,221.8,2022-04-29,2022-04-29,3001.38,0,7.39,3001.38,Medium Value
7441,Omar Chaudhry,1,4,2998.96,2612.76,386.2,2024-08-12,2024-08-12,2998.96,0,12.88,2998.96,Medium Value
57,Sana Siddiqui,1,3,2993.85,2272.8,721.05,2026-03-21,2026-03-21,2993.85,0,24.08,2993.85,Medium Value
5399,Omar Memon,1,6,2992.44,2235.78,756.66,2022-01-07,2022-01-07,2992.44,0,25.29,2992.44,Medium Value
3536,Bilal Buriro,1,4,2991.48,1992.0,999.48,2022-11-04,2022-11-04,2991.48,0,33.41,2991.48,Medium Value
1258,Hassan Mirza,2,4,2990.2,2469.26,520.94,2023-04-01,2024-12-08,1495.1,617,17.42,2990.2,Medium Value
464,Zainab Malik,2,8,2988.43,2253.19,735.24,2023-01-22,2023-06-25,1494.22,154,24.6,2988.43,Medium Value
3774,Hira Mirza,2,3,2987.12,2311.77,675.35,2023-03-17,2025-08-18,1493.56,885,22.61,2987.12,Medium Value
1848,Omar Hussain,1,3,2986.14,2378.34,607.8,2023-03-20,2023-03-20,2986.14,0,20.35,2986.14,Medium Value
2542,Ali Siddiqui,1,2,2984.0,2533.12,450.88,2025-01-19,2025-01-19,2984.0,0,15.11,2984.0,Medium Value
2311,Maryam Iqbal,2,12,2983.02,2054.16,928.86,2023-08-27,2025-11-27,1491.51,823,31.14,2983.02,Medium Value
8371,Hamza Siddiqui,2,5,2982.92,2420.96,561.96,2024-08-02,2024-09-01,1491.46,30,18.84,2982.92,Medium Value
3790,Maryam Memon,1,3,2982.78,2674.17,308.61,2026-04-14,2026-04-14,2982.78,0,10.35,2982.78,Medium Value
9802,Zainab Hussain,1,5,2974.75,2581.8,392.95,2022-11-27,2022-11-27,2974.75,0,13.21,2974.75,Medium Value
8604,Omar Iqbal,2,3,2974.37,2516.57,457.8,2023-12-29,2024-12-22,1487.18,359,15.39,2974.37,Medium Value
260,Fatima Raza,2,4,2974.3,2591.74,382.56,2023-05-16,2024-05-26,1487.15,376,12.86,2974.3,Medium Value
9682,Bilal Khan,1,4,2973.2,2486.68,486.52,2023-07-21,2023-07-21,2973.2,0,16.36,2973.2,Medium Value
5831,Omar Memon,2,3,2971.7,2515.2,456.5,2025-04-10,2025-10-25,1485.85,198,15.36,2971.7,Medium Value
6218,Hamza Memon,1,7,2965.62,2087.33,878.29,2025-06-27,2025-06-27,2965.62,0,29.62,2965.62,Medium Value
1883,Ayesha Siddiqui,2,2,2964.56,2094.81,869.75,2024-03-04,2025-11-12,1482.28,618,29.34,2964.56,Medium Value
4959,Ahmed Qureshi,1,2,2963.3,2856.54,106.76,2026-05-04,2026-05-04,2963.3,0,3.6,2963.3,Medium Value
2446,Danish Raza,1,7,2957.92,2168.74,789.18,2023-09-20,2023-09-20,2957.92,0,26.68,2957.92,Medium Value
8820,Sara Chaudhry,2,6,2957.73,2213.04,744.69,2022-09-26,2025-03-06,1478.86,892,25.18,2957.73,Medium Value
8802,Saad Malik,1,3,2957.16,2157.18,799.98,2022-01-23,2022-01-23,2957.16,0,27.05,2957.16,Medium Value
709,Maryam Siddiqui,1,6,2953.5,2769.6,183.9,2025-02-07,2025-02-07,2953.5,0,6.23,2953.5,Medium Value
5866,Sana Malik,1,3,2951.34,2264.58,686.76,2023-07-23,2023-07-23,2951.34,0,23.27,2951.34,Medium Value
2866,Danish Ali,1,3,2944.44,2501.19,443.25,2024-04-26,2024-04-26,2944.44,0,15.05,2944.44,Medium Value
4305,Sara Khan,1,3,2940.09,2355.33,584.76,2024-05-09,2024-05-09,2940.09,0,19.89,2940.09,Medium Value
6392,Zainab Hussain,1,2,2937.32,2596.66,340.66,2022-01-29,2022-01-29,2937.32,0,11.6,2937.32,Medium Value
1812,Hamza Siddiqui,1,3,2936.1,2866.86,69.24,2025-09-13,2025-09-13,2936.1,0,2.36,2936.1,Medium Value
3989,Ahmed Iqbal,1,7,2936.08,2360.96,575.12,2026-02-13,2026-02-13,2936.08,0,19.59,2936.08,Medium Value
48,Fahad Malik,1,3,2934.36,2798.34,136.02,2022-06-03,2022-06-03,2934.36,0,4.64,2934.36,Medium Value
2490,Imran Hussain,2,7,2933.0,2239.48,693.52,2022-10-21,2022-11-26,1466.5,36,23.65,2933.0,Medium Value
642,Omar Mirza,1,7,2932.23,2928.24,3.99,2024-08-15,2024-08-15,2932.23,0,0.14,2932.23,Medium Value
7747,Ali Raza,1,2,2932.0,2724.12,207.88,2023-01-20,2023-01-20,2932.0,0,7.09,2932.0,Medium Value
4992,Hamza Mirza,1,6,2929.92,1831.2,1098.72,2023-05-24,2023-05-24,2929.92,0,37.5,2929.92,Medium Value
5203,Danish Ahmed,1,2,2929.1,2663.58,265.52,2023-09-06,2023-09-06,2929.1,0,9.06,2929.1,Medium Value
4224,Fatima Ahmed,2,5,2928.42,2807.83,120.59,2024-05-03,2026-05-31,1464.21,758,4.12,2928.42,Medium Value
9734,Omar Ahmed,1,3,2927.55,2493.24,434.31,2025-04-24,2025-04-24,2927.55,0,14.84,2927.55,Medium Value
8270,Danish Qureshi,2,2,2924.14,2678.07,246.07,2025-10-24,2025-11-13,1462.07,20,8.42,2924.14,Medium Value
7375,Bilal Raza,1,2,2923.1,2113.1,810.0,2025-07-04,2025-07-04,2923.1,0,27.71,2923.1,Medium Value
1912,Zainab Ahmed,1,5,2918.8,2059.3,859.5,2025-04-03,2025-04-03,2918.8,0,29.45,2918.8,Medium Value
3570,Usman Malik,1,2,2918.38,2401.66,516.72,2024-05-16,2024-05-16,2918.38,0,17.71,2918.38,Medium Value
9930,Fatima Sheikh,1,7,2916.9,2188.27,728.63,2024-07-24,2024-07-24,2916.9,0,24.98,2916.9,Medium Value
5150,Maham Malik,1,5,2916.8,2409.5,507.3,2024-08-05,2024-08-05,2916.8,0,17.39,2916.8,Medium Value
7279,Zainab Hussain,1,2,2916.64,2482.16,434.48,2026-05-27,2026-05-27,2916.64,0,14.9,2916.64,Medium Value
7559,Maryam Mirza,2,5,2913.54,2236.0,677.54,2023-06-03,2024-10-06,1456.77,491,23.25,2913.54,Medium Value
7423,Hassan Malik,1,4,2911.6,2258.96,652.64,2024-04-18,2024-04-18,2911.6,0,22.42,2911.6,Medium Value
9127,Hira Shah,1,6,2910.06,2430.96,479.1,2022-12-08,2022-12-08,2910.06,0,16.46,2910.06,Medium Value
3812,Danish Ahmed,1,7,2909.27,2323.58,585.69,2022-09-26,2022-09-26,2909.27,0,20.13,2909.27,Medium Value
814,Sana Raza,3,5,2906.68,2408.03,498.65,2023-12-22,2026-03-21,968.89,820,17.16,2906.68,Medium Value
9959,Ahmed Siddiqui,1,3,2904.3,1895.04,1009.26,2024-09-19,2024-09-19,2904.3,0,34.75,2904.3,Medium Value
26,Maham Ahmed,1,2,2899.24,2403.96,495.28,2024-08-30,2024-08-30,2899.24,0,17.08,2899.24,Medium Value
2089,Hamza Memon,1,2,2899.08,2399.04,500.04,2022-10-17,2022-10-17,2899.08,0,17.25,2899.08,Medium Value
9696,Hamza Qureshi,1,3,2897.55,2412.15,485.4,2022-11-14,2022-11-14,2897.55,0,16.75,2897.55,Medium Value
8007,Ayesha Raza,1,3,2897.25,2028.57,868.68,2023-11-19,2023-11-19,2897.25,0,29.98,2897.25,Medium Value
5004,Maryam Ahmed,1,3,2895.57,2261.7,633.87,2023-06-29,2023-06-29,2895.57,0,21.89,2895.57,Medium Value
780,Saad Mirza,1,2,2895.0,1990.08,904.92,2025-08-05,2025-08-05,2895.0,0,31.26,2895.0,Medium Value
8283,Ayesha Qureshi,2,7,2894.85,2055.9,838.95,2022-12-23,2024-07-19,1447.42,574,28.98,2894.85,Medium Value
9297,Maham Ali,2,6,2894.51,2283.4,611.11,2023-08-30,2025-11-20,1447.26,813,21.11,2894.51,Medium Value
3142,Sana Ahmed,2,7,2894.0,1862.06,1031.94,2022-03-05,2025-02-23,1447.0,1086,35.66,2894.0,Medium Value
9957,Hussain Buriro,1,2,2892.7,1997.48,895.22,2026-02-21,2026-02-21,2892.7,0,30.95,2892.7,Medium Value
2105,Usman Hussain,1,3,2891.46,1940.46,951.0,2022-03-21,2022-03-21,2891.46,0,32.89,2891.46,Medium Value
270,Zainab Khan,1,4,2890.12,2431.92,458.2,2023-04-04,2023-04-04,2890.12,0,15.85,2890.12,Medium Value
7812,Fahad Raza,1,4,2888.28,2011.0,877.28,2022-10-14,2022-10-14,2888.28,0,30.37,2888.28,Medium Value
8727,Fahad Iqbal,1,6,2888.1,2155.98,732.12,2026-04-16,2026-04-16,2888.1,0,25.35,2888.1,Medium Value
7085,Imran Hussain,1,3,2886.09,2486.76,399.33,2022-06-24,2022-06-24,2886.09,0,13.84,2886.09,Medium Value
788,Hassan Malik,1,3,2883.6,1940.46,943.14,2024-10-25,2024-10-25,2883.6,0,32.71,2883.6,Medium Value
4308,Hussain Qureshi,1,5,2882.95,2270.65,612.3,2022-02-25,2022-02-25,2882.95,0,21.24,2882.95,Medium Value
6454,Ayesha Malik,1,2,2882.18,2018.24,863.94,2026-02-25,2026-02-25,2882.18,0,29.98,2882.18,Medium Value
9866,Imran Siddiqui,2,5,2881.43,2422.5,458.93,2023-02-27,2025-10-08,1440.72,954,15.93,2881.43,Medium Value
1947,Ayesha Shah,2,9,2880.62,2572.3,308.32,2025-11-30,2026-04-20,1440.31,141,10.7,2880.62,Medium Value
7239,Danish Sheikh,1,7,2880.29,2810.15,70.14,2022-05-05,2022-05-05,2880.29,0,2.44,2880.29,Medium Value
7591,Ali Qureshi,2,3,2879.51,2650.37,229.14,2024-11-28,2025-12-17,1439.76,384,7.96,2879.51,Medium Value
55,Fatima Memon,1,2,2872.58,2856.24,16.34,2023-01-21,2023-01-21,2872.58,0,0.57,2872.58,Medium Value
9535,Ahmed Chaudhry,1,4,2867.24,2090.68,776.56,2026-04-03,2026-04-03,2867.24,0,27.08,2867.24,Medium Value
9761,Zainab Chaudhry,1,5,2866.65,2837.05,29.6,2024-07-17,2024-07-17,2866.65,0,1.03,2866.65,Medium Value
4020,Hamza Memon,1,3,2860.17,2894.16,-33.99,2022-11-17,2022-11-17,2860.17,0,-1.19,2860.17,Medium Value
1075,Danish Mirza,1,3,2859.36,2236.29,623.07,2026-06-02,2026-06-02,2859.36,0,21.79,2859.36,Medium Value
153,Zainab Ahmed,1,2,2853.58,2579.72,273.86,2024-06-29,2024-06-29,2853.58,0,9.6,2853.58,Medium Value
6063,Bilal Ahmed,1,5,2853.35,1885.6,967.75,2024-10-28,2024-10-28,2853.35,0,33.92,2853.35,Medium Value
5401,Zainab Memon,1,3,2852.85,2134.8,718.05,2025-12-03,2025-12-03,2852.85,0,25.17,2852.85,Medium Value
4296,Ayesha Siddiqui,1,2,2848.98,1965.76,883.22,2022-10-03,2022-10-03,2848.98,0,31.0,2848.98,Medium Value
9948,Hira Shah,1,5,2848.95,2028.05,820.9,2024-08-24,2024-08-24,2848.95,0,28.81,2848.95,Medium Value
4232,Hira Khan,1,4,2848.44,2008.36,840.08,2023-01-20,2023-01-20,2848.44,0,29.49,2848.44,Medium Value
9774,Omar Raza,1,3,2847.03,2708.52,138.51,2025-01-29,2025-01-29,2847.03,0,4.87,2847.03,Medium Value
1249,Danish Chaudhry,1,2,2840.16,2855.04,-14.88,2022-08-03,2022-08-03,2840.16,0,-0.52,2840.16,Medium Value
4234,Omar Buriro,1,5,2836.95,2301.9,535.05,2026-07-05,2026-07-05,2836.95,0,18.86,2836.95,Medium Value
8448,Maryam Memon,1,7,2834.65,2122.96,711.69,2023-09-10,2023-09-10,2834.65,0,25.11,2834.65,Medium Value
37,Fatima Ali,1,2,2832.92,2256.1,576.82,2023-08-05,2023-08-05,2832.92,0,20.36,2832.92,Medium Value
7911,Imran Iqbal,2,6,2831.64,2107.44,724.2,2024-12-06,2026-02-23,1415.82,444,25.58,2831.64,Medium Value
8462,Fatima Hussain,2,8,2830.88,2065.4,765.48,2023-01-15,2023-07-06,1415.44,172,27.04,2830.88,Medium Value
8636,Ahmed Sheikh,1,4,2830.8,1997.44,833.36,2025-05-25,2025-05-25,2830.8,0,29.44,2830.8,Medium Value
2343,Zainab Memon,1,2,2830.7,2299.48,531.22,2022-03-08,2022-03-08,2830.7,0,18.77,2830.7,Medium Value
45,Maham Mirza,1,6,2829.42,2019.72,809.7,2024-07-10,2024-07-10,2829.42,0,28.62,2829.42,Medium Value
3490,Maryam Sheikh,1,5,2829.25,2744.25,85.0,2024-06-03,2024-06-03,2829.25,0,3.0,2829.25,Medium Value
5165,Maryam Hussain,2,8,2827.9,2052.33,775.57,2022-11-04,2025-02-20,1413.95,839,27.43,2827.9,Medium Value
3355,Usman Sheikh,1,2,2825.38,2346.8,478.58,2026-07-16,2026-07-16,2825.38,0,16.94,2825.38,Medium Value
8737,Maham Raza,1,3,2822.4,2530.29,292.11,2022-03-18,2022-03-18,2822.4,0,10.35,2822.4,Medium Value
1522,Hamza Sheikh,1,5,2821.5,2454.15,367.35,2025-03-22,2025-03-22,2821.5,0,13.02,2821.5,Medium Value
1129,Maham Hussain,2,8,2819.76,2268.36,551.4,2023-07-18,2024-04-06,1409.88,263,19.55,2819.76,Medium Value
2489,Sana Ali,3,5,2819.39,2189.95,629.44,2024-02-08,2024-12-01,939.8,297,22.33,2819.39,Medium Value
5433,Danish Hussain,2,7,2817.76,2311.61,506.15,2024-06-07,2025-03-19,1408.88,285,17.96,2817.76,Medium Value
2479,Hussain Qureshi,1,5,2815.65,1849.0,966.65,2023-12-31,2023-12-31,2815.65,0,34.33,2815.65,Medium Value
4376,Usman Ahmed,1,2,2811.38,2359.02,452.36,2022-05-26,2022-05-26,2811.38,0,16.09,2811.38,Medium Value
4926,Hussain Qureshi,1,3,2811.03,2623.59,187.44,2025-07-14,2025-07-14,2811.03,0,6.67,2811.03,Medium Value
3759,Ali Chaudhry,1,4,2810.8,2216.0,594.8,2026-03-14,2026-03-14,2810.8,0,21.16,2810.8,Medium Value
3608,Usman Shah,1,4,2809.04,2486.68,322.36,2025-12-12,2025-12-12,2809.04,0,11.48,2809.04,Medium Value
6785,Sana Hussain,1,6,2807.82,2914.38,-106.56,2026-07-17,2026-07-17,2807.82,0,-3.8,2807.82,Medium Value
834,Maham Memon,1,3,2806.2,2299.23,506.97,2022-08-11,2022-08-11,2806.2,0,18.07,2806.2,Medium Value
1825,Saad Buriro,1,4,2805.2,2171.64,633.56,2022-01-22,2022-01-22,2805.2,0,22.59,2805.2,Medium Value
8906,Sara Shah,1,7,2802.59,2501.03,301.56,2026-07-11,2026-07-11,2802.59,0,10.76,2802.59,Medium Value
9555,Maryam Ahmed,1,5,2802.5,1939.9,862.6,2024-05-27,2024-05-27,2802.5,0,30.78,2802.5,Medium Value
4042,Zainab Buriro,1,3,2802.45,2405.61,396.84,2024-02-18,2024-02-18,2802.45,0,14.16,2802.45,Medium Value
3010,Maham Buriro,1,3,2801.37,2094.42,706.95,2025-07-13,2025-07-13,2801.37,0,25.24,2801.37,Medium Value
9303,Hassan Shah,2,6,2801.24,2656.48,144.76,2022-10-06,2026-07-29,1400.62,1392,5.17,2801.24,Medium Value
2792,Sara Ali,1,5,2800.95,1769.75,1031.2,2023-04-12,2023-04-12,2800.95,0,36.82,2800.95,Medium Value
8844,Fahad Raza,1,2,2800.14,2105.02,695.12,2022-08-09,2022-08-09,2800.14,0,24.82,2800.14,Medium Value
9046,Ali Khan,1,2,2796.18,2093.8,702.38,2024-01-09,2024-01-09,2796.18,0,25.12,2796.18,Medium Value
1658,Ayesha Mirza,1,2,2793.4,2555.6,237.8,2024-07-14,2024-07-14,2793.4,0,8.51,2793.4,Medium Value
2721,Zainab Sheikh,2,9,2793.15,2360.52,432.63,2022-08-25,2025-04-18,1396.57,967,15.49,2793.15,Medium Value
3273,Hussain Hussain,1,4,2792.52,2512.28,280.24,2023-01-28,2023-01-28,2792.52,0,10.04,2792.52,Medium Value
8956,Sara Qureshi,1,7,2792.23,2678.13,114.1,2025-07-26,2025-07-26,2792.23,0,4.09,2792.23,Medium Value
2266,Ali Ali,1,5,2791.95,1803.4,988.55,2023-04-02,2023-04-02,2791.95,0,35.41,2791.95,Medium Value
7544,Bilal Iqbal,1,7,2791.6,2122.96,668.64,2023-04-16,2023-04-16,2791.6,0,23.95,2791.6,Medium Value
262,Hussain Mirza,1,2,2791.34,1988.66,802.68,2023-01-12,2023-01-12,2791.34,0,28.76,2791.34,Medium Value
8222,Imran Buriro,1,2,2789.86,2054.86,735.0,2022-06-06,2022-06-06,2789.86,0,26.35,2789.86,Medium Value
8006,Ali Memon,1,7,2787.12,2770.04,17.08,2025-08-19,2025-08-19,2787.12,0,0.61,2787.12,Medium Value
7524,Imran Ahmed,1,2,2786.94,2080.8,706.14,2024-04-04,2024-04-04,2786.94,0,25.34,2786.94,Medium Value
7452,Maryam Malik,1,7,2786.63,2193.52,593.11,2025-06-05,2025-06-05,2786.63,0,21.28,2786.63,Medium Value
1507,Ali Buriro,1,5,2786.3,2323.5,462.8,2026-04-17,2026-04-17,2786.3,0,16.61,2786.3,Medium Value
5005,Imran Khan,1,5,2784.45,2453.75,330.7,2023-07-13,2023-07-13,2784.45,0,11.88,2784.45,Medium Value
2155,Danish Hussain,1,2,2784.3,2167.82,616.48,2025-09-10,2025-09-10,2784.3,0,22.14,2784.3,Medium Value
7737,Sana Buriro,1,3,2781.03,2789.7,-8.67,2026-06-05,2026-06-05,2781.03,0,-0.31,2781.03,Medium Value
1702,Hussain Iqbal,1,2,2780.48,2683.56,96.92,2025-01-19,2025-01-19,2780.48,0,3.49,2780.48,Medium Value
7352,Maryam Ahmed,1,4,2779.16,2083.28,695.88,2022-12-08,2022-12-08,2779.16,0,25.04,2779.16,Medium Value
6716,Omar Mirza,2,10,2776.6,1940.0,836.6,2023-06-16,2024-02-23,1388.3,252,30.13,2776.6,Medium Value
2586,Maryam Siddiqui,1,5,2775.2,2455.55,319.65,2023-07-26,2023-07-26,2775.2,0,11.52,2775.2,Medium Value
4200,Fahad Ali,1,5,2772.2,2639.5,132.7,2023-08-23,2023-08-23,2772.2,0,4.79,2772.2,Medium Value
5863,Bilal Hussain,1,3,2770.77,2866.32,-95.55,2022-07-13,2022-07-13,2770.77,0,-3.45,2770.77,Medium Value
3118,Maham Memon,2,12,2770.38,2140.08,630.3,2022-03-27,2025-12-29,1385.19,1373,22.75,2770.38,Medium Value
4901,Sara Sheikh,1,5,2767.75,1796.65,971.1,2025-05-16,2025-05-16,2767.75,0,35.09,2767.75,Medium Value
4702,Saad Siddiqui,1,5,2766.6,2221.3,545.3,2023-02-03,2023-02-03,2766.6,0,19.71,2766.6,Medium Value
4106,Hira Ali,1,3,2766.45,1885.23,881.22,2025-05-05,2025-05-05,2766.45,0,31.85,2766.45,Medium Value
6433,Hamza Ali,2,8,2765.06,2167.72,597.34,2023-08-04,2024-03-19,1382.53,228,21.6,2765.06,Medium Value
7628,Zainab Chaudhry,2,9,2763.82,2263.07,500.75,2024-07-15,2024-10-05,1381.91,82,18.12,2763.82,Medium Value
3307,Imran Khan,1,7,2763.53,2745.68,17.85,2024-09-14,2024-09-14,2763.53,0,0.65,2763.53,Medium Value
7768,Hassan Qureshi,1,3,2759.55,1948.05,811.5,2022-07-18,2022-07-18,2759.55,0,29.41,2759.55,Medium Value
9015,Usman Iqbal,1,7,2758.91,2514.19,244.72,2025-03-18,2025-03-18,2758.91,0,8.87,2758.91,Medium Value
7485,Omar Malik,1,4,2757.08,2399.48,357.6,2023-12-01,2023-12-01,2757.08,0,12.97,2757.08,Medium Value
730,Bilal Sheikh,1,2,2756.3,2416.5,339.8,2022-04-10,2022-04-10,2756.3,0,12.33,2756.3,Medium Value
584,Ali Qureshi,1,7,2755.13,2085.44,669.69,2023-12-18,2023-12-18,2755.13,0,24.31,2755.13,Medium Value
6071,Hamza Chaudhry,1,4,2752.6,2475.68,276.92,2024-04-04,2024-04-04,2752.6,0,10.06,2752.6,Medium Value
1609,Ali Siddiqui,1,3,2751.24,2242.8,508.44,2025-10-30,2025-10-30,2751.24,0,18.48,2751.24,Medium Value
7684,Zainab Mirza,2,5,2751.01,1817.68,933.33,2023-01-17,2023-06-11,1375.5,145,33.93,2751.01,Medium Value
9438,Zainab Buriro,1,5,2749.75,2331.3,418.45,2022-07-26,2022-07-26,2749.75,0,15.22,2749.75,Medium Value
4484,Sara Shah,1,3,2747.61,2880.21,-132.6,2025-09-25,2025-09-25,2747.61,0,-4.83,2747.61,Medium Value
4124,Ayesha Qureshi,1,2,2746.46,2571.42,175.04,2026-06-17,2026-06-17,2746.46,0,6.37,2746.46,Medium Value
6217,Hira Raza,1,6,2744.46,2599.02,145.44,2024-12-22,2024-12-22,2744.46,0,5.3,2744.46,Medium Value
7703,Saad Raza,1,4,2743.76,2503.8,239.96,2024-05-23,2024-05-23,2743.76,0,8.75,2743.76,Medium Value
971,Hussain Shah,2,9,2738.48,1959.47,779.01,2022-07-04,2023-01-17,1369.24,197,28.45,2738.48,Medium Value
9580,Maryam Ali,1,3,2734.56,2218.89,515.67,2025-06-17,2025-06-17,2734.56,0,18.86,2734.56,Medium Value
1556,Zainab Buriro,1,3,2734.44,2260.26,474.18,2023-12-13,2023-12-13,2734.44,0,17.34,2734.44,Medium Value
5687,Maham Ali,1,5,2734.25,2030.7,703.55,2026-07-08,2026-07-08,2734.25,0,25.73,2734.25,Medium Value
9053,Ali Chaudhry,1,6,2733.36,2533.08,200.28,2023-12-30,2023-12-30,2733.36,0,7.33,2733.36,Medium Value
206,Hussain Shah,1,5,2730.7,2322.8,407.9,2023-12-23,2023-12-23,2730.7,0,14.94,2730.7,Medium Value
9676,Sana Ali,2,3,2726.95,2113.55,613.4,2023-10-05,2024-02-13,1363.48,131,22.49,2726.95,Medium Value
1733,Omar Buriro,1,5,2724.25,1981.75,742.5,2026-06-15,2026-06-15,2724.25,0,27.26,2724.25,Medium Value
8871,Maham Raza,1,4,2723.64,2414.0,309.64,2025-03-30,2025-03-30,2723.64,0,11.37,2723.64,Medium Value
1382,Omar Khan,1,2,2722.7,1714.86,1007.84,2026-01-11,2026-01-11,2722.7,0,37.02,2722.7,Medium Value
5570,Sana Chaudhry,1,6,2722.5,2157.78,564.72,2022-11-24,2022-11-24,2722.5,0,20.74,2722.5,Medium Value
9815,Hamza Iqbal,1,2,2721.6,2211.8,509.8,2024-02-23,2024-02-23,2721.6,0,18.73,2721.6,Medium Value
7752,Maham Malik,1,6,2720.46,1749.24,971.22,2024-03-19,2024-03-19,2720.46,0,35.7,2720.46,Medium Value
9335,Omar Hussain,1,6,2716.5,2426.34,290.16,2025-07-12,2025-07-12,2716.5,0,10.68,2716.5,Medium Value
851,Bilal Ahmed,1,3,2716.17,2474.79,241.38,2023-12-31,2023-12-31,2716.17,0,8.89,2716.17,Medium Value
9910,Danish Mirza,4,12,2716.04,2044.27,671.77,2023-06-29,2026-03-05,679.01,980,24.73,2716.04,Medium Value
8453,Saad Ahmed,3,3,2713.23,2392.89,320.34,2023-07-23,2024-06-25,904.41,338,11.81,2713.23,Medium Value
2162,Fatima Shah,1,2,2709.6,1912.16,797.44,2026-03-20,2026-03-20,2709.6,0,29.43,2709.6,Medium Value
833,Zainab Qureshi,2,8,2708.02,1804.01,904.01,2026-01-30,2026-08-14,1354.01,196,33.38,2708.02,Medium Value
7215,Zainab Mirza,2,4,2707.97,2172.85,535.12,2022-03-24,2025-11-08,1353.98,1325,19.76,2707.97,Medium Value
3461,Bilal Siddiqui,1,4,2706.44,1776.32,930.12,2023-08-18,2023-08-18,2706.44,0,34.37,2706.44,Medium Value
7732,Fahad Siddiqui,3,3,2706.43,2212.21,494.22,2023-09-23,2026-06-18,902.14,999,18.26,2706.43,Medium Value
146,Danish Malik,1,2,2705.66,2394.08,311.58,2024-08-07,2024-08-07,2705.66,0,11.52,2705.66,Medium Value
5372,Fatima Iqbal,2,5,2705.64,1926.5,779.14,2022-01-08,2022-11-08,1352.82,304,28.8,2705.64,Medium Value
2243,Fatima Qureshi,1,4,2704.92,2632.84,72.08,2025-03-18,2025-03-18,2704.92,0,2.66,2704.92,Medium Value
2493,Hussain Khan,1,3,2701.89,2094.3,607.59,2025-11-24,2025-11-24,2701.89,0,22.49,2701.89,Medium Value
2025,Hamza Siddiqui,1,2,2700.44,1960.66,739.78,2024-11-17,2024-11-17,2700.44,0,27.39,2700.44,Medium Value
8003,Saad Malik,1,2,2698.7,2281.92,416.78,2023-06-20,2023-06-20,2698.7,0,15.44,2698.7,Medium Value
3844,Ahmed Hussain,1,7,2697.66,2087.33,610.33,2026-03-21,2026-03-21,2697.66,0,22.62,2697.66,Medium Value
241,Bilal Mirza,2,7,2695.37,2310.47,384.9,2022-01-23,2022-05-27,1347.68,124,14.28,2695.37,Medium Value
7259,Fahad Memon,1,5,2693.35,2043.9,649.45,2025-03-13,2025-03-13,2693.35,0,24.11,2693.35,Medium Value
1272,Saad Qureshi,2,2,2693.05,1911.07,781.98,2023-11-05,2026-02-22,1346.52,840,29.04,2693.05,Medium Value
5464,Maham Buriro,1,2,2693.02,1824.0,869.02,2022-09-12,2022-09-12,2693.02,0,32.27,2693.02,Medium Value
1341,Hassan Ali,1,7,2690.87,1866.06,824.81,2026-01-30,2026-01-30,2690.87,0,30.65,2690.87,Medium Value
4695,Ayesha Qureshi,1,6,2689.8,2103.9,585.9,2026-06-28,2026-06-28,2689.8,0,21.78,2689.8,Medium Value
2820,Hassan Chaudhry,1,2,2689.4,1895.08,794.32,2022-04-12,2022-04-12,2689.4,0,29.54,2689.4,Medium Value
6957,Bilal Malik,1,4,2687.84,2383.52,304.32,2024-12-13,2024-12-13,2687.84,0,11.32,2687.84,Medium Value
7467,Hira Shah,1,3,2687.16,2184.69,502.47,2022-05-10,2022-05-10,2687.16,0,18.7,2687.16,Medium Value
2519,Imran Raza,1,2,2685.68,2680.58,5.1,2023-03-12,2023-03-12,2685.68,0,0.19,2685.68,Medium Value
9397,Hamza Raza,3,6,2685.29,2053.7,631.59,2024-06-22,2025-01-01,895.1,193,23.52,2685.29,Medium Value
5188,Sara Sheikh,1,2,2684.94,2152.18,532.76,2023-04-24,2023-04-24,2684.94,0,19.84,2684.94,Medium Value
7612,Ahmed Buriro,1,5,2684.6,2190.1,494.5,2026-03-09,2026-03-09,2684.6,0,18.42,2684.6,Medium Value
6417,Ahmed Siddiqui,1,2,2683.98,1834.86,849.12,2022-07-31,2022-07-31,2683.98,0,31.64,2683.98,Medium Value
2260,Sara Siddiqui,1,4,2681.44,2408.36,273.08,2025-07-19,2025-07-19,2681.44,0,10.18,2681.44,Medium Value
8358,Danish Ali,1,7,2681.35,1950.97,730.38,2025-02-17,2025-02-17,2681.35,0,27.24,2681.35,Medium Value
1363,Maham Hussain,1,2,2681.3,2042.58,638.72,2023-11-19,2023-11-19,2681.3,0,23.82,2681.3,Medium Value
7042,Ali Ahmed,1,2,2681.22,2042.56,638.66,2022-06-18,2022-06-18,2681.22,0,23.82,2681.22,Medium Value
5033,Ahmed Khan,1,5,2680.1,2127.5,552.6,2024-10-02,2024-10-02,2680.1,0,20.62,2680.1,Medium Value
5070,Usman Sheikh,1,6,2679.48,2157.6,521.88,2024-12-29,2024-12-29,2679.48,0,19.48,2679.48,Medium Value
9855,Fatima Ali,1,2,2678.94,1826.98,851.96,2023-08-04,2023-08-04,2678.94,0,31.8,2678.94,Medium Value
1390,Omar Khan,1,5,2678.45,2088.8,589.65,2023-09-10,2023-09-10,2678.45,0,22.01,2678.45,Medium Value
812,Imran Khan,1,3,2678.28,2180.79,497.49,2024-08-17,2024-08-17,2678.28,0,18.57,2678.28,Medium Value
4116,Hamza Malik,1,5,2677.25,1978.0,699.25,2026-03-24,2026-03-24,2677.25,0,26.12,2677.25,Medium Value
5183,Sana Khan,2,8,2673.85,2403.51,270.34,2024-05-19,2025-01-30,1336.93,256,10.11,2673.85,Medium Value
2968,Danish Malik,2,5,2673.4,2537.74,135.66,2025-01-27,2025-07-19,1336.7,173,5.07,2673.4,Medium Value
6343,Ahmed Chaudhry,1,3,2671.44,2314.11,357.33,2023-05-20,2023-05-20,2671.44,0,13.38,2671.44,Medium Value
6881,Saad Khan,1,4,2671.24,2006.12,665.12,2023-05-12,2023-05-12,2671.24,0,24.9,2671.24,Medium Value
1747,Omar Buriro,1,2,2670.78,2051.3,619.48,2024-09-14,2024-09-14,2670.78,0,23.19,2670.78,Medium Value
1311,Danish Qureshi,1,3,2667.42,1871.79,795.63,2024-01-18,2024-01-18,2667.42,0,29.83,2667.42,Medium Value
7985,Maryam Buriro,2,4,2667.15,1868.4,798.75,2023-09-28,2024-07-20,1333.57,296,29.95,2667.15,Medium Value
4542,Hussain Khan,2,6,2666.55,2285.97,380.58,2025-03-20,2025-05-04,1333.28,45,14.27,2666.55,Medium Value
8249,Fatima Qureshi,1,2,2665.22,2720.46,-55.24,2023-04-13,2023-04-13,2665.22,0,-2.07,2665.22,Medium Value
9241,Ali Malik,1,2,2664.5,2201.88,462.62,2026-06-16,2026-06-16,2664.5,0,17.36,2664.5,Medium Value
990,Ahmed Buriro,1,3,2664.45,2227.8,436.65,2023-05-07,2023-05-07,2664.45,0,16.39,2664.45,Medium Value
5447,Usman Mirza,1,2,2660.12,1827.62,832.5,2026-01-24,2026-01-24,2660.12,0,31.3,2660.12,Medium Value
1049,Imran Mirza,1,5,2659.2,2589.7,69.5,2026-03-27,2026-03-27,2659.2,0,2.61,2659.2,Medium Value
3893,Fatima Sheikh,1,3,2658.33,2149.11,509.22,2025-06-24,2025-06-24,2658.33,0,19.16,2658.33,Medium Value
7822,Maryam Raza,2,6,2657.76,2012.66,645.1,2024-02-18,2026-01-12,1328.88,694,24.27,2657.76,Medium Value
6371,Fatima Chaudhry,2,3,2656.15,2259.17,396.98,2023-02-19,2024-07-17,1328.08,514,14.95,2656.15,Medium Value
2768,Ahmed Memon,1,3,2656.05,2247.21,408.84,2023-05-02,2023-05-02,2656.05,0,15.39,2656.05,Medium Value
3449,Bilal Malik,1,4,2655.76,2006.12,649.64,2026-07-12,2026-07-12,2655.76,0,24.46,2655.76,Medium Value
1356,Ahmed Khan,1,3,2653.62,2430.36,223.26,2023-07-07,2023-07-07,2653.62,0,8.41,2653.62,Medium Value
852,Hira Ahmed,2,6,2652.42,2085.56,566.86,2022-05-16,2023-09-06,1326.21,478,21.37,2652.42,Medium Value
7905,Zainab Iqbal,1,4,2650.28,2627.88,22.4,2026-03-26,2026-03-26,2650.28,0,0.85,2650.28,Medium Value
1014,Maryam Iqbal,1,6,2647.86,1743.78,904.08,2026-08-12,2026-08-12,2647.86,0,34.14,2647.86,Medium Value
4310,Ali Hussain,1,5,2646.7,2556.05,90.65,2023-05-30,2023-05-30,2646.7,0,3.43,2646.7,Medium Value
9586,Hamza Mirza,1,5,2645.75,2199.0,446.75,2026-01-27,2026-01-27,2645.75,0,16.89,2645.75,Medium Value
7096,Ali Shah,1,3,2644.53,2298.27,346.26,2025-06-29,2025-06-29,2644.53,0,13.09,2644.53,Medium Value
6950,Danish Chaudhry,1,4,2641.32,1801.52,839.8,2026-02-16,2026-02-16,2641.32,0,31.79,2641.32,Medium Value
9779,Danish Memon,2,4,2639.87,2085.31,554.56,2022-09-17,2022-12-01,1319.94,75,21.01,2639.87,Medium Value
373,Maham Qureshi,1,2,2636.2,2173.56,462.64,2026-01-12,2026-01-12,2636.2,0,17.55,2636.2,Medium Value
2647,Hamza Memon,1,3,2634.63,2621.37,13.26,2023-01-21,2023-01-21,2634.63,0,0.5,2634.63,Medium Value
385,Hassan Qureshi,1,4,2632.64,2267.28,365.36,2025-05-08,2025-05-08,2632.64,0,13.88,2632.64,Medium Value
5749,Ayesha Iqbal,2,6,2626.73,1820.49,806.24,2025-03-25,2025-05-14,1313.37,50,30.69,2626.73,Medium Value
7722,Sana Mirza,1,3,2625.27,1841.58,783.69,2023-09-09,2023-09-09,2625.27,0,29.85,2625.27,Medium Value
6927,Hamza Shah,1,7,2625.0,2588.32,36.68,2025-11-27,2025-11-27,2625.0,0,1.4,2625.0,Medium Value
2705,Sana Memon,1,6,2624.58,2025.78,598.8,2026-07-27,2026-07-27,2624.58,0,22.82,2624.58,Medium Value
4656,Maham Chaudhry,1,7,2623.67,2451.47,172.2,2023-05-21,2023-05-21,2623.67,0,6.56,2623.67,Medium Value
6320,Maryam Hussain,1,3,2623.53,2107.26,516.27,2026-01-01,2026-01-01,2623.53,0,19.68,2623.53,Medium Value
3811,Imran Raza,1,2,2623.04,1966.78,656.26,2022-12-15,2022-12-15,2623.04,0,25.02,2623.04,Medium Value
5512,Hira Raza,1,4,2621.76,1849.64,772.12,2025-01-03,2025-01-03,2621.76,0,29.45,2621.76,Medium Value
7316,Sana Ahmed,1,2,2620.54,1931.6,688.94,2024-08-15,2024-08-15,2620.54,0,26.29,2620.54,Medium Value
9711,Sana Mirza,3,3,2619.41,2420.55,198.86,2023-10-05,2026-02-19,873.14,868,7.59,2619.41,Medium Value
9204,Hamza Qureshi,1,7,2618.21,1907.78,710.43,2025-01-19,2025-01-19,2618.21,0,27.13,2618.21,Medium Value
5342,Hira Khan,1,5,2618.0,1867.75,750.25,2026-07-25,2026-07-25,2618.0,0,28.66,2618.0,Medium Value
1420,Usman Iqbal,1,3,2617.86,2273.4,344.46,2023-11-25,2023-11-25,2617.86,0,13.16,2617.86,Medium Value
1443,Omar Ahmed,1,3,2616.84,2192.07,424.77,2025-01-27,2025-01-27,2616.84,0,16.23,2616.84,Medium Value
6575,Omar Siddiqui,2,3,2616.39,2017.68,598.71,2022-11-05,2024-08-20,1308.2,654,22.88,2616.39,Medium Value
9518,Ayesha Qureshi,2,2,2616.38,2020.63,595.75,2023-01-25,2026-01-17,1308.19,1088,22.77,2616.38,Medium Value
6758,Bilal Chaudhry,1,3,2615.1,1868.37,746.73,2024-12-25,2024-12-25,2615.1,0,28.55,2615.1,Medium Value
1152,Sana Chaudhry,3,11,2612.88,2172.99,439.89,2022-09-14,2026-06-29,870.96,1384,16.84,2612.88,Medium Value
5575,Danish Malik,1,4,2611.76,1949.48,662.28,2025-08-06,2025-08-06,2611.76,0,25.36,2611.76,Medium Value
149,Danish Siddiqui,1,5,2611.3,2102.0,509.3,2025-07-25,2025-07-25,2611.3,0,19.5,2611.3,Medium Value
8217,Sara Mirza,1,3,2610.36,1957.53,652.83,2024-10-17,2024-10-17,2610.36,0,25.01,2610.36,Medium Value
5985,Maryam Memon,2,4,2609.96,1958.42,651.54,2022-07-16,2026-05-01,1304.98,1385,24.96,2609.96,Medium Value
7780,Zainab Memon,2,6,2609.92,1953.72,656.2,2022-03-25,2023-09-27,1304.96,551,25.14,2609.92,Medium Value
7626,Hamza Khan,2,6,2609.56,2401.4,208.16,2023-04-09,2024-12-28,1304.78,629,7.98,2609.56,Medium Value
7071,Ahmed Hussain,1,2,2608.54,1740.16,868.38,2025-10-02,2025-10-02,2608.54,0,33.29,2608.54,Medium Value
4396,Zainab Siddiqui,1,5,2607.85,2158.8,449.05,2023-05-16,2023-05-16,2607.85,0,17.22,2607.85,Medium Value
1479,Ahmed Sheikh,1,3,2606.97,2547.18,59.79,2022-01-24,2022-01-24,2606.97,0,2.29,2606.97,Medium Value
9700,Hamza Shah,1,4,2604.76,1629.64,975.12,2025-09-15,2025-09-15,2604.76,0,37.44,2604.76,Medium Value
1984,Maham Shah,1,3,2602.8,2054.07,548.73,2025-10-21,2025-10-21,2602.8,0,21.08,2602.8,Medium Value
4225,Danish Shah,3,6,2601.69,2445.79,155.9,2024-10-08,2026-07-12,867.23,642,5.99,2601.69,Medium Value
1630,Sana Siddiqui,2,10,2598.22,1943.27,654.95,2022-01-03,2025-04-05,1299.11,1188,25.21,2598.22,Medium Value
9090,Sara Siddiqui,2,9,2596.47,1923.46,673.01,2023-10-24,2024-09-22,1298.23,334,25.92,2596.47,Medium Value
431,Saad Chaudhry,1,2,2595.96,1834.98,760.98,2025-10-01,2025-10-01,2595.96,0,29.31,2595.96,Medium Value
6289,Bilal Qureshi,1,4,2595.92,1863.88,732.04,2025-09-22,2025-09-22,2595.92,0,28.2,2595.92,Medium Value
2841,Hussain Buriro,3,10,2595.73,2442.34,153.39,2022-03-30,2023-11-20,865.24,600,5.91,2595.73,Medium Value
769,Hussain Ali,1,3,2594.4,2013.3,581.1,2025-05-17,2025-05-17,2594.4,0,22.4,2594.4,Medium Value
2868,Hira Raza,2,4,2590.93,2177.94,412.99,2023-01-03,2023-04-15,1295.46,102,15.94,2590.93,Medium Value
4974,Hira Chaudhry,2,8,2589.26,1707.85,881.41,2025-03-30,2025-06-02,1294.63,64,34.04,2589.26,Medium Value
9831,Bilal Buriro,2,7,2588.34,1907.77,680.57,2022-10-06,2024-10-09,1294.17,734,26.29,2588.34,Medium Value
299,Sana Buriro,1,6,2588.1,2132.46,455.64,2024-01-27,2024-01-27,2588.1,0,17.61,2588.1,Medium Value
740,Usman Siddiqui,1,6,2587.5,1890.6,696.9,2026-05-12,2026-05-12,2587.5,0,26.93,2587.5,Medium Value
6142,Maham Ahmed,1,2,2585.22,2190.28,394.94,2026-06-13,2026-06-13,2585.22,0,15.28,2585.22,Medium Value
712,Sana Memon,1,2,2585.16,2141.0,444.16,2025-06-07,2025-06-07,2585.16,0,17.18,2585.16,Medium Value
1769,Ali Ali,1,3,2581.32,2204.91,376.41,2023-05-28,2023-05-28,2581.32,0,14.58,2581.32,Medium Value
5891,Hassan Iqbal,1,3,2579.91,2325.57,254.34,2024-06-06,2024-06-06,2579.91,0,9.86,2579.91,Medium Value
1695,Bilal Memon,1,6,2578.02,1607.22,970.8,2025-08-26,2025-08-26,2578.02,0,37.66,2578.02,Medium Value
5478,Ahmed Siddiqui,1,3,2575.86,2197.98,377.88,2022-01-03,2022-01-03,2575.86,0,14.67,2575.86,Medium Value
9465,Omar Iqbal,1,2,2575.38,2076.82,498.56,2022-02-04,2022-02-04,2575.38,0,19.36,2575.38,Medium Value
6906,Maryam Mirza,2,9,2574.66,1856.1,718.56,2023-07-19,2025-08-11,1287.33,754,27.91,2574.66,Medium Value
9594,Bilal Hussain,1,6,2573.52,2154.66,418.86,2024-08-26,2024-08-26,2573.52,0,16.28,2573.52,Medium Value
3717,Omar Memon,1,2,2570.36,1618.18,952.18,2026-08-11,2026-08-11,2570.36,0,37.04,2570.36,Medium Value
4784,Usman Raza,1,4,2570.08,2354.92,215.16,2022-04-27,2022-04-27,2570.08,0,8.37,2570.08,Medium Value
4221,Fatima Ahmed,2,5,2561.91,2075.72,486.19,2022-10-16,2024-06-14,1280.96,607,18.98,2561.91,Medium Value
4289,Sana Iqbal,1,7,2560.6,1762.81,797.79,2023-01-10,2023-01-10,2560.6,0,31.16,2560.6,Medium Value
4434,Hassan Qureshi,1,5,2558.55,2005.05,553.5,2022-04-15,2022-04-15,2558.55,0,21.63,2558.55,Medium Value
1524,Sara Buriro,2,8,2554.98,2120.96,434.02,2023-01-02,2024-12-11,1277.49,709,16.99,2554.98,Medium Value
458,Sana Siddiqui,1,4,2554.76,1927.72,627.04,2026-07-04,2026-07-04,2554.76,0,24.54,2554.76,Medium Value
6900,Zainab Iqbal,1,3,2554.65,1993.77,560.88,2026-04-24,2026-04-24,2554.65,0,21.96,2554.65,Medium Value
1816,Fatima Raza,1,7,2552.06,2601.27,-49.21,2026-06-06,2026-06-06,2552.06,0,-1.93,2552.06,Medium Value
2666,Sana Mirza,1,5,2551.65,1660.05,891.6,2024-01-15,2024-01-15,2551.65,0,34.94,2551.65,Medium Value
8781,Bilal Raza,1,3,2549.76,1870.77,678.99,2024-05-21,2024-05-21,2549.76,0,26.63,2549.76,Medium Value
9349,Saad Memon,1,6,2544.36,1765.56,778.8,2022-08-06,2022-08-06,2544.36,0,30.61,2544.36,Medium Value
4412,Maryam Khan,1,2,2541.78,2196.06,345.72,2025-03-05,2025-03-05,2541.78,0,13.6,2541.78,Medium Value
7204,Zainab Iqbal,2,9,2540.67,1883.49,657.18,2025-08-18,2026-07-05,1270.34,321,25.87,2540.67,Medium Value
3195,Usman Hussain,2,4,2539.65,1718.21,821.44,2024-04-23,2026-03-06,1269.82,682,32.34,2539.65,Medium Value
161,Hamza Ali,2,5,2534.04,2283.33,250.71,2024-12-02,2025-01-16,1267.02,45,9.89,2534.04,Medium Value
8399,Fahad Iqbal,1,2,2530.74,2513.7,17.04,2026-03-27,2026-03-27,2530.74,0,0.67,2530.74,Medium Value
6088,Hassan Shah,1,7,2530.5,1799.7,730.8,2023-12-06,2023-12-06,2530.5,0,28.88,2530.5,Medium Value
934,Hassan Buriro,1,5,2530.15,2053.65,476.5,2022-03-15,2022-03-15,2530.15,0,18.83,2530.15,Medium Value
3345,Hira Sheikh,1,2,2525.98,2002.0,523.98,2022-06-19,2022-06-19,2525.98,0,20.74,2525.98,Medium Value
2921,Maham Iqbal,2,7,2524.53,2220.71,303.82,2024-02-24,2024-06-01,1262.26,98,12.03,2524.53,Medium Value
2916,Hamza Ahmed,1,3,2521.83,1674.87,846.96,2023-01-11,2023-01-11,2521.83,0,33.59,2521.83,Medium Value
2032,Maryam Sheikh,1,2,2521.36,2042.28,479.08,2025-06-19,2025-06-19,2521.36,0,19.0,2521.36,Medium Value
3914,Bilal Qureshi,2,7,2521.04,2460.15,60.89,2022-01-20,2023-04-28,1260.52,463,2.42,2521.04,Medium Value
7610,Maham Chaudhry,2,2,2520.09,1814.87,705.22,2025-12-31,2026-08-15,1260.04,227,27.98,2520.09,Medium Value
3545,Hassan Malik,2,2,2519.34,1857.27,662.07,2023-04-30,2025-07-29,1259.67,821,26.28,2519.34,Medium Value
9723,Ali Sheikh,1,3,2515.47,2166.75,348.72,2023-03-30,2023-03-30,2515.47,0,13.86,2515.47,Medium Value
1226,Danish Chaudhry,2,3,2512.91,2350.24,162.67,2026-03-12,2026-06-02,1256.46,82,6.47,2512.91,Medium Value
5978,Omar Qureshi,1,5,2507.1,1720.95,786.15,2025-09-12,2025-09-12,2507.1,0,31.36,2507.1,Medium Value
1935,Usman Memon,2,8,2506.34,1990.26,516.08,2022-04-10,2026-08-06,1253.17,1579,20.59,2506.34,Medium Value
9423,Hamza Raza,1,3,2505.9,2268.27,237.63,2022-03-12,2022-03-12,2505.9,0,9.48,2505.9,Medium Value
4570,Imran Raza,1,2,2505.66,2308.12,197.54,2023-10-15,2023-10-15,2505.66,0,7.88,2505.66,Medium Value
8664,Hamza Chaudhry,1,2,2504.44,1633.32,871.12,2022-11-14,2022-11-14,2504.44,0,34.78,2504.44,Medium Value
5647,Maham Raza,1,2,2499.02,1821.98,677.04,2022-08-24,2022-08-24,2499.02,0,27.09,2499.02,Medium Value
8507,Bilal Raza,1,5,2499.0,2234.2,264.8,2024-05-05,2024-05-05,2499.0,0,10.6,2499.0,Medium Value
2750,Saad Khan,1,4,2496.56,2038.24,458.32,2022-03-26,2022-03-26,2496.56,0,18.36,2496.56,Medium Value
1953,Fahad Buriro,1,2,2496.04,1885.9,610.14,2023-08-28,2023-08-28,2496.04,0,24.44,2496.04,Medium Value
8461,Ali Chaudhry,1,2,2490.74,1743.5,747.24,2024-04-27,2024-04-27,2490.74,0,30.0,2490.74,Medium Value
6915,Ahmed Buriro,1,5,2490.35,1779.15,711.2,2022-03-15,2022-03-15,2490.35,0,28.56,2490.35,Medium Value
8185,Zainab Qureshi,1,3,2489.25,1982.1,507.15,2024-04-02,2024-04-02,2489.25,0,20.37,2489.25,Medium Value
197,Omar Raza,1,2,2488.96,2415.4,73.56,2022-12-10,2022-12-10,2488.96,0,2.96,2488.96,Medium Value
1145,Imran Siddiqui,1,3,2485.68,2048.94,436.74,2025-09-02,2025-09-02,2485.68,0,17.57,2485.68,Medium Value
7886,Hira Qureshi,1,5,2480.2,2253.4,226.8,2025-02-05,2025-02-05,2480.2,0,9.14,2480.2,Medium Value
5911,Sara Iqbal,2,5,2479.57,2036.35,443.22,2025-01-28,2025-12-24,1239.78,330,17.87,2479.57,Medium Value
3338,Sana Chaudhry,3,9,2479.33,1785.01,694.32,2024-06-11,2026-03-14,826.44,641,28.0,2479.33,Medium Value
5403,Maryam Qureshi,1,2,2477.68,1704.68,773.0,2024-09-29,2024-09-29,2477.68,0,31.2,2477.68,Medium Value
3435,Sara Ali,2,7,2476.6,2063.87,412.73,2024-08-24,2025-09-15,1238.3,387,16.67,2476.6,Medium Value
1723,Imran Memon,2,2,2475.46,1842.05,633.41,2023-07-05,2025-03-29,1237.73,633,25.59,2475.46,Medium Value
5046,Hussain Iqbal,2,6,2474.78,1931.08,543.7,2023-12-22,2025-06-13,1237.39,539,21.97,2474.78,Medium Value
9789,Omar Shah,1,2,2473.56,1861.78,611.78,2025-12-18,2025-12-18,2473.56,0,24.73,2473.56,Medium Value
8382,Hassan Raza,1,6,2471.1,2249.04,222.06,2025-12-21,2025-12-21,2471.1,0,8.99,2471.1,Medium Value
6976,Danish Khan,2,8,2469.1,1913.99,555.11,2024-07-10,2025-07-03,1234.55,358,22.48,2469.1,Medium Value
3361,Fahad Malik,1,5,2468.0,1970.7,497.3,2024-06-16,2024-06-16,2468.0,0,20.15,2468.0,Medium Value
7400,Hussain Buriro,1,5,2467.15,1670.7,796.45,2022-12-20,2022-12-20,2467.15,0,32.28,2467.15,Medium Value
5597,Hira Chaudhry,1,4,2463.96,1679.2,784.76,2022-06-13,2022-06-13,2463.96,0,31.85,2463.96,Medium Value
6306,Danish Ali,1,2,2462.26,2434.54,27.72,2022-07-24,2022-07-24,2462.26,0,1.13,2462.26,Medium Value
5747,Ali Ahmed,2,3,2459.37,1590.06,869.31,2023-10-22,2026-08-10,1229.69,1023,35.35,2459.37,Medium Value
1360,Sana Ahmed,1,4,2457.08,2334.16,122.92,2024-04-03,2024-04-03,2457.08,0,5.0,2457.08,Medium Value
8554,Sana Memon,2,10,2455.5,1788.85,666.65,2023-08-29,2025-11-30,1227.75,824,27.15,2455.5,Medium Value
3644,Hira Ahmed,2,7,2454.5,2150.2,304.3,2023-09-11,2024-12-14,1227.25,460,12.4,2454.5,Medium Value
1783,Maham Shah,1,3,2452.92,2344.74,108.18,2025-10-11,2025-10-11,2452.92,0,4.41,2452.92,Medium Value
6914,Ayesha Buriro,1,6,2451.42,1670.28,781.14,2024-05-23,2024-05-23,2451.42,0,31.86,2451.42,Medium Value
4790,Hassan Memon,1,2,2450.78,2220.32,230.46,2024-01-16,2024-01-16,2450.78,0,9.4,2450.78,Medium Value
4357,Fahad Iqbal,1,3,2448.57,1592.85,855.72,2025-06-03,2025-06-03,2448.57,0,34.95,2448.57,Medium Value
5422,Saad Sheikh,1,6,2446.44,2102.88,343.56,2022-10-03,2022-10-03,2446.44,0,14.04,2446.44,Medium Value
8020,Sana Hussain,1,2,2444.58,1534.62,909.96,2026-06-14,2026-06-14,2444.58,0,37.22,2444.58,Medium Value
8124,Fahad Ahmed,2,4,2444.53,2194.09,250.44,2022-03-15,2022-12-21,1222.26,281,10.24,2444.53,Medium Value
6216,Bilal Ahmed,1,4,2442.76,2032.36,410.4,2023-12-01,2023-12-01,2442.76,0,16.8,2442.76,Medium Value
7047,Hussain Qureshi,1,6,2442.3,1757.7,684.6,2022-08-23,2022-08-23,2442.3,0,28.03,2442.3,Medium Value
1518,Ahmed Iqbal,1,3,2441.01,1835.52,605.49,2025-06-21,2025-06-21,2441.01,0,24.8,2441.01,Medium Value
143,Ayesha Iqbal,1,2,2439.54,1955.44,484.1,2025-09-19,2025-09-19,2439.54,0,19.84,2439.54,Medium Value
2743,Zainab Ahmed,2,4,2438.6,1903.72,534.88,2025-01-25,2025-09-01,1219.3,219,21.93,2438.6,Medium Value
6621,Sana Mirza,1,4,2438.56,1787.8,650.76,2025-03-15,2025-03-15,2438.56,0,26.69,2438.56,Medium Value
646,Usman Mirza,2,5,2435.02,2124.7,310.32,2024-10-08,2025-09-06,1217.51,333,12.74,2435.02,Medium Value
8800,Bilal Siddiqui,1,4,2432.88,2109.56,323.32,2023-02-14,2023-02-14,2432.88,0,13.29,2432.88,Medium Value
8010,Hassan Raza,3,7,2432.67,2048.59,384.08,2024-09-24,2025-01-19,810.89,117,15.79,2432.67,Medium Value
2783,Ahmed Hussain,2,6,2431.11,2167.4,263.71,2022-01-22,2022-11-08,1215.55,290,10.85,2431.11,Medium Value
2401,Maryam Raza,1,3,2429.34,1885.23,544.11,2022-06-25,2022-06-25,2429.34,0,22.4,2429.34,Medium Value
9184,Sara Iqbal,1,2,2428.88,2010.94,417.94,2026-03-31,2026-03-31,2428.88,0,17.21,2428.88,Medium Value
629,Usman Raza,1,3,2428.41,2032.86,395.55,2022-09-10,2022-09-10,2428.41,0,16.29,2428.41,Medium Value
979,Zainab Sheikh,1,7,2428.02,1762.81,665.21,2026-01-24,2026-01-24,2428.02,0,27.4,2428.02,Medium Value
2227,Fatima Memon,1,5,2425.7,2185.85,239.85,2022-12-24,2022-12-24,2425.7,0,9.89,2425.7,Medium Value
8547,Fahad Buriro,1,2,2425.38,1717.78,707.6,2023-04-27,2023-04-27,2425.38,0,29.17,2425.38,Medium Value
9018,Ahmed Qureshi,1,3,2424.12,1751.79,672.33,2025-05-18,2025-05-18,2424.12,0,27.74,2424.12,Medium Value
5118,Danish Buriro,1,5,2423.55,1561.5,862.05,2023-09-28,2023-09-28,2423.55,0,35.57,2423.55,Medium Value
3654,Zainab Shah,1,2,2421.72,2307.82,113.9,2022-05-20,2022-05-20,2421.72,0,4.7,2421.72,Medium Value
1726,Fatima Khan,1,6,2420.94,2132.46,288.48,2023-05-02,2023-05-02,2420.94,0,11.92,2420.94,Medium Value
2895,Zainab Iqbal,1,3,2418.57,1635.33,783.24,2022-08-14,2022-08-14,2418.57,0,32.38,2418.57,Medium Value
456,Maham Ahmed,1,4,2418.32,2216.0,202.32,2024-05-25,2024-05-25,2418.32,0,8.37,2418.32,Medium Value
7579,Sara Khan,1,2,2418.24,2373.86,44.38,2024-01-16,2024-01-16,2418.24,0,1.84,2418.24,Medium Value
6986,Saad Hussain,2,2,2414.25,1924.58,489.67,2023-08-07,2024-02-02,1207.12,179,20.28,2414.25,Medium Value
7957,Omar Qureshi,1,2,2410.94,1889.64,521.3,2024-11-11,2024-11-11,2410.94,0,21.62,2410.94,Medium Value
7275,Danish Memon,1,3,2407.92,1696.95,710.97,2025-09-11,2025-09-11,2407.92,0,29.53,2407.92,Medium Value
3233,Hassan Sheikh,2,13,2401.89,2368.57,33.32,2023-01-13,2026-07-31,1200.94,1295,1.39,2401.89,Medium Value
6707,Ayesha Ahmed,1,5,2400.9,2331.3,69.6,2026-03-05,2026-03-05,2400.9,0,2.9,2400.9,Medium Value
8284,Hassan Sheikh,1,3,2397.54,2188.98,208.56,2022-12-14,2022-12-14,2397.54,0,8.7,2397.54,Medium Value
1969,Zainab Sheikh,1,3,2395.74,1836.18,559.56,2022-01-07,2022-01-07,2395.74,0,23.36,2395.74,Medium Value
5415,Sara Memon,1,7,2393.72,2363.9,29.82,2022-12-10,2022-12-10,2393.72,0,1.25,2393.72,Medium Value
7738,Ali Siddiqui,2,8,2392.72,1625.75,766.97,2022-07-27,2022-11-18,1196.36,114,32.05,2392.72,Medium Value
2807,Maryam Malik,2,4,2387.59,2086.67,300.92,2024-11-07,2025-11-10,1193.8,368,12.6,2387.59,Medium Value
1784,Ayesha Ahmed,1,4,2387.52,1927.6,459.92,2024-06-03,2024-06-03,2387.52,0,19.26,2387.52,Medium Value
1173,Sana Shah,2,11,2387.11,2198.43,188.68,2024-09-21,2026-02-04,1193.56,501,7.9,2387.11,Medium Value
4419,Bilal Khan,1,2,2386.36,2067.74,318.62,2025-04-02,2025-04-02,2386.36,0,13.35,2386.36,Medium Value
1842,Usman Raza,1,2,2386.04,2101.98,284.06,2024-03-14,2024-03-14,2386.04,0,11.91,2386.04,Medium Value
7584,Imran Buriro,1,3,2381.1,1674.87,706.23,2025-08-18,2025-08-18,2381.1,0,29.66,2381.1,Medium Value
4585,Hira Memon,1,6,2380.8,2169.78,211.02,2025-07-02,2025-07-02,2380.8,0,8.86,2380.8,Medium Value
925,Zainab Ahmed,1,4,2376.72,1602.8,773.92,2026-07-07,2026-07-07,2376.72,0,32.56,2376.72,Medium Value
8603,Usman Malik,3,4,2376.36,1935.83,440.53,2022-01-09,2026-02-10,792.12,1493,18.54,2376.36,Medium Value
7638,Maham Iqbal,2,4,2375.65,1890.66,484.99,2023-10-14,2024-01-03,1187.82,81,20.42,2375.65,Medium Value
9356,Hussain Malik,1,4,2374.04,2033.52,340.52,2025-03-29,2025-03-29,2374.04,0,14.34,2374.04,Medium Value
3256,Bilal Mirza,2,5,2373.46,2028.15,345.31,2023-02-21,2026-06-06,1186.73,1201,14.55,2373.46,Medium Value
7220,Hussain Ahmed,1,4,2372.56,1881.36,491.2,2024-06-22,2024-06-22,2372.56,0,20.7,2372.56,Medium Value
2756,Ayesha Buriro,2,5,2369.96,1763.2,606.76,2022-12-12,2025-03-29,1184.98,838,25.6,2369.96,Medium Value
7250,Saad Hussain,1,6,2367.48,1838.58,528.9,2025-12-24,2025-12-24,2367.48,0,22.34,2367.48,Medium Value
1553,Sara Malik,1,7,2367.47,1809.99,557.48,2026-05-31,2026-05-31,2367.47,0,23.55,2367.47,Medium Value
7881,Hassan Malik,1,7,2367.26,1644.93,722.33,2023-06-15,2023-06-15,2367.26,0,30.51,2367.26,Medium Value
9273,Imran Chaudhry,2,5,2364.03,1761.48,602.55,2024-03-13,2024-08-07,1182.02,147,25.49,2364.03,Medium Value
2306,Ahmed Malik,1,5,2359.8,2242.35,117.45,2025-09-30,2025-09-30,2359.8,0,4.98,2359.8,Medium Value
4753,Ali Qureshi,1,4,2358.8,1741.4,617.4,2023-10-17,2023-10-17,2358.8,0,26.17,2358.8,Medium Value
7048,Hamza Malik,1,4,2358.04,2186.92,171.12,2025-07-15,2025-07-15,2358.04,0,7.26,2358.04,Medium Value
2141,Fatima Chaudhry,1,5,2353.05,1964.0,389.05,2024-03-21,2024-03-21,2353.05,0,16.53,2353.05,Medium Value
5500,Sana Shah,1,3,2344.47,1629.09,715.38,2026-05-03,2026-05-03,2344.47,0,30.51,2344.47,Medium Value
8607,Saad Shah,1,4,2341.36,1820.16,521.2,2022-10-30,2022-10-30,2341.36,0,22.26,2341.36,Medium Value
1068,Ayesha Memon,1,3,2339.04,2006.37,332.67,2025-06-15,2025-06-15,2339.04,0,14.22,2339.04,Medium Value
2213,Hamza Chaudhry,1,2,2337.48,1527.62,809.86,2025-06-01,2025-06-01,2337.48,0,34.65,2337.48,Medium Value
6479,Fatima Shah,1,2,2335.3,1920.4,414.9,2023-07-12,2023-07-12,2335.3,0,17.77,2335.3,Medium Value
7324,Saad Chaudhry,1,5,2334.3,2011.75,322.55,2023-12-24,2023-12-24,2334.3,0,13.82,2334.3,Medium Value
1744,Hamza Iqbal,1,3,2331.57,1724.04,607.53,2025-04-02,2025-04-02,2331.57,0,26.06,2331.57,Medium Value
8645,Usman Malik,1,2,2329.94,2005.66,324.28,2023-08-09,2023-08-09,2329.94,0,13.92,2329.94,Medium Value
5066,Bilal Sheikh,1,2,2321.9,1772.52,549.38,2023-10-25,2023-10-25,2321.9,0,23.66,2321.9,Medium Value
317,Ayesha Qureshi,1,5,2315.35,1763.15,552.2,2024-05-04,2024-05-04,2315.35,0,23.85,2315.35,Medium Value
4444,Hira Chaudhry,1,1,2311.76,1471.25,840.51,2023-07-26,2023-07-26,2311.76,0,36.36,2311.76,Medium Value
1147,Usman Buriro,1,1,2302.68,1475.27,827.41,2024-02-10,2024-02-10,2302.68,0,35.93,2302.68,Medium Value
5099,Maryam Mirza,1,3,2299.68,1865.58,434.1,2023-12-20,2023-12-20,2299.68,0,18.88,2299.68,Medium Value
5728,Saad Malik,3,8,2298.68,2284.7,13.98,2022-06-12,2024-07-25,766.23,774,0.61,2298.68,Medium Value
5574,Hamza Mirza,1,6,2292.3,1964.58,327.72,2022-01-16,2022-01-16,2292.3,0,14.3,2292.3,Medium Value
7876,Saad Ali,1,1,2292.08,1448.75,843.33,2025-10-10,2025-10-10,2292.08,0,36.79,2292.08,Medium Value
4158,Ali Ali,1,2,2289.38,1696.78,592.6,2023-03-27,2023-03-27,2289.38,0,25.88,2289.38,Medium Value
3446,Hassan Qureshi,1,6,2289.06,1840.26,448.8,2023-08-25,2023-08-25,2289.06,0,19.61,2289.06,Medium Value
5941,Usman Memon,1,4,2286.76,1628.4,658.36,2024-08-24,2024-08-24,2286.76,0,28.79,2286.76,Medium Value
7058,Fahad Ahmed,1,4,2284.28,1994.48,289.8,2026-01-26,2026-01-26,2284.28,0,12.69,2284.28,Medium Value
8894,Usman Shah,2,9,2284.17,1855.89,428.28,2024-03-12,2024-12-12,1142.08,275,18.75,2284.17,Medium Value
2341,Hamza Ahmed,1,4,2275.56,1930.96,344.6,2024-11-29,2024-11-29,2275.56,0,15.14,2275.56,Medium Value
1503,Sara Qureshi,1,4,2274.28,1667.36,606.92,2024-09-05,2024-09-05,2274.28,0,26.69,2274.28,Medium Value
4348,Fatima Chaudhry,1,6,2273.4,1781.7,491.7,2024-09-12,2024-09-12,2273.4,0,21.63,2273.4,Medium Value
7315,Hamza Malik,1,2,2272.92,1921.86,351.06,2024-08-21,2024-08-21,2272.92,0,15.45,2272.92,Medium Value
2716,Saad Shah,2,8,2272.0,1826.98,445.02,2022-09-16,2022-12-23,1136.0,98,19.59,2272.0,Medium Value
2822,Hira Memon,1,5,2268.75,1736.7,532.05,2023-09-10,2023-09-10,2268.75,0,23.45,2268.75,Medium Value
6183,Omar Mirza,1,7,2264.85,1515.85,749.0,2023-10-04,2023-10-04,2264.85,0,33.07,2264.85,Medium Value
1642,Saad Ali,2,4,2262.04,1945.74,316.3,2022-04-13,2024-12-25,1131.02,987,13.98,2262.04,Medium Value
7102,Danish Shah,1,4,2260.84,1511.0,749.84,2024-02-08,2024-02-08,2260.84,0,33.17,2260.84,Medium Value
5272,Hira Chaudhry,1,6,2255.22,1810.32,444.9,2026-03-23,2026-03-23,2255.22,0,19.73,2255.22,Medium Value
32,Omar Iqbal,1,3,2254.98,1828.29,426.69,2023-04-25,2023-04-25,2254.98,0,18.92,2254.98,Medium Value
6984,Omar Buriro,2,11,2253.5,1881.23,372.27,2022-11-02,2024-05-22,1126.75,567,16.52,2253.5,Medium Value
482,Danish Shah,1,3,2253.45,1642.29,611.16,2023-04-10,2023-04-10,2253.45,0,27.12,2253.45,Medium Value
7820,Hira Siddiqui,2,6,2251.48,1833.85,417.63,2023-03-25,2025-09-07,1125.74,897,18.55,2251.48,Medium Value
5750,Ali Iqbal,1,3,2248.89,2205.75,43.14,2026-08-15,2026-08-15,2248.89,0,1.92,2248.89,Medium Value
7583,Sana Ahmed,1,3,2245.35,1991.01,254.34,2026-04-09,2026-04-09,2245.35,0,11.33,2245.35,Medium Value
6899,Fahad Hussain,1,3,2243.13,1689.78,553.35,2025-07-15,2025-07-15,2243.13,0,24.67,2243.13,Medium Value
4307,Omar Raza,1,2,2240.64,1601.68,638.96,2024-11-18,2024-11-18,2240.64,0,28.52,2240.64,Medium Value
848,Hussain Memon,1,2,2240.46,1619.22,621.24,2023-03-02,2023-03-02,2240.46,0,27.73,2240.46,Medium Value
5974,Fatima Iqbal,1,2,2239.94,1605.94,634.0,2026-01-17,2026-01-17,2239.94,0,28.3,2239.94,Medium Value
3590,Omar Malik,1,2,2239.54,1996.0,243.54,2024-08-26,2024-08-26,2239.54,0,10.87,2239.54,Medium Value
791,Bilal Shah,1,1,2237.46,1429.03,808.43,2025-10-23,2025-10-23,2237.46,0,36.13,2237.46,Medium Value
8271,Fahad Sheikh,1,5,2237.25,1639.6,597.65,2022-04-05,2022-04-05,2237.25,0,26.71,2237.25,Medium Value
4756,Usman Raza,2,4,2235.29,1893.41,341.88,2022-08-28,2025-04-10,1117.64,956,15.29,2235.29,Medium Value
6046,Fatima Qureshi,1,2,2235.08,1551.28,683.8,2022-06-13,2022-06-13,2235.08,0,30.59,2235.08,Medium Value
2512,Hira Siddiqui,2,2,2234.25,1707.39,526.86,2022-02-28,2026-07-14,1117.12,1597,23.58,2234.25,Medium Value
7213,Imran Hussain,2,3,2232.81,2107.34,125.47,2025-03-07,2026-05-02,1116.4,421,5.62,2232.81,Medium Value
7983,Fatima Chaudhry,1,6,2232.6,1599.48,633.12,2023-11-11,2023-11-11,2232.6,0,28.36,2232.6,Medium Value
5701,Hamza Mirza,1,2,2231.6,2023.44,208.16,2026-06-27,2026-06-27,2231.6,0,9.33,2231.6,Medium Value
415,Fahad Khan,1,2,2231.4,1925.12,306.28,2026-01-06,2026-01-06,2231.4,0,13.73,2231.4,Medium Value
23,Ahmed Iqbal,1,4,2229.36,1745.88,483.48,2024-11-26,2024-11-26,2229.36,0,21.69,2229.36,Medium Value
5232,Ali Chaudhry,1,4,2228.0,1783.4,444.6,2024-08-18,2024-08-18,2228.0,0,19.96,2228.0,Medium Value
395,Zainab Khan,2,12,2227.33,1515.1,712.23,2024-06-05,2025-01-28,1113.66,237,31.98,2227.33,Medium Value
5782,Fahad Iqbal,2,4,2227.06,1801.81,425.25,2025-09-16,2026-06-26,1113.53,283,19.09,2227.06,Medium Value
6947,Fahad Memon,1,2,2226.04,1560.16,665.88,2023-05-19,2023-05-19,2226.04,0,29.91,2226.04,Medium Value
9877,Hussain Mirza,1,2,2214.0,2067.74,146.26,2026-07-30,2026-07-30,2214.0,0,6.61,2214.0,Medium Value
1185,Hussain Ahmed,1,4,2213.68,1578.68,635.0,2024-02-22,2024-02-22,2213.68,0,28.69,2213.68,Medium Value
4747,Zainab Siddiqui,1,3,2212.05,1682.94,529.11,2022-10-08,2022-10-08,2212.05,0,23.92,2212.05,Medium Value
9079,Sara Khan,1,7,2210.53,1781.64,428.89,2026-01-26,2026-01-26,2210.53,0,19.4,2210.53,Medium Value
4646,Sana Iqbal,1,6,2209.86,1995.96,213.9,2023-11-11,2023-11-11,2209.86,0,9.68,2209.86,Medium Value
6224,Ali Ahmed,2,7,2206.48,1532.89,673.59,2023-10-23,2024-01-03,1103.24,72,30.53,2206.48,Medium Value
1561,Maryam Iqbal,1,5,2206.25,2018.15,188.1,2023-02-05,2023-02-05,2206.25,0,8.53,2206.25,Medium Value
4819,Saad Raza,1,2,2203.88,2067.54,136.34,2023-11-17,2023-11-17,2203.88,0,6.19,2203.88,Medium Value
1036,Hussain Hussain,2,5,2202.9,1783.99,418.91,2023-10-24,2026-07-12,1101.45,992,19.02,2202.9,Medium Value
4739,Hamza Ali,1,4,2202.36,1872.52,329.84,2024-06-22,2024-06-22,2202.36,0,14.98,2202.36,Medium Value
2573,Maryam Buriro,1,4,2201.04,2103.92,97.12,2022-09-01,2022-09-01,2201.04,0,4.41,2201.04,Medium Value
7299,Maryam Chaudhry,2,5,2200.29,1776.96,423.33,2023-11-19,2026-02-25,1100.14,829,19.24,2200.29,Medium Value
9012,Danish Memon,2,5,2199.45,1496.37,703.08,2022-10-04,2023-04-10,1099.73,188,31.97,2199.45,Medium Value
3047,Hussain Siddiqui,1,6,2198.22,1749.66,448.56,2025-07-27,2025-07-27,2198.22,0,20.41,2198.22,Medium Value
9979,Ahmed Ali,1,6,2195.64,1964.58,231.06,2022-08-22,2022-08-22,2195.64,0,10.52,2195.64,Medium Value
5953,Zainab Siddiqui,1,2,2194.72,1512.3,682.42,2025-07-05,2025-07-05,2194.72,0,31.09,2194.72,Medium Value
9387,Fahad Chaudhry,1,3,2193.33,1646.85,546.48,2025-04-24,2025-04-24,2193.33,0,24.92,2193.33,Medium Value
830,Danish Shah,3,6,2193.32,1583.61,609.71,2025-06-11,2026-07-02,731.11,386,27.8,2193.32,Medium Value
1305,Zainab Mirza,1,7,2191.63,2060.24,131.39,2022-10-01,2022-10-01,2191.63,0,6.0,2191.63,Medium Value
4003,Imran Mirza,1,2,2191.56,1586.76,604.8,2024-03-06,2024-03-06,2191.56,0,27.6,2191.56,Medium Value
945,Ahmed Siddiqui,2,8,2191.48,2038.08,153.4,2022-08-31,2026-05-12,1095.74,1350,7.0,2191.48,Medium Value
4682,Imran Khan,1,3,2190.66,1499.43,691.23,2022-03-06,2022-03-06,2190.66,0,31.55,2190.66,Medium Value
8240,Maham Qureshi,1,4,2188.92,1430.08,758.84,2022-10-12,2022-10-12,2188.92,0,34.67,2188.92,Medium Value
3488,Hamza Buriro,1,2,2188.34,1830.42,357.92,2025-03-05,2025-03-05,2188.34,0,16.36,2188.34,Medium Value
6942,Imran Sheikh,1,2,2188.22,1462.04,726.18,2024-09-24,2024-09-24,2188.22,0,33.19,2188.22,Medium Value
3993,Sara Ali,1,2,2186.78,1604.32,582.46,2022-07-07,2022-07-07,2186.78,0,26.64,2186.78,Medium Value
5358,Hamza Siddiqui,1,4,2186.36,1697.04,489.32,2025-09-10,2025-09-10,2186.36,0,22.38,2186.36,Medium Value
7618,Zainab Memon,2,10,2185.7,1430.3,755.4,2022-02-22,2025-10-19,1092.85,1335,34.56,2185.7,Medium Value
3612,Omar Malik,1,2,2185.34,1479.62,705.72,2025-09-28,2025-09-28,2185.34,0,32.29,2185.34,Medium Value
4949,Danish Hussain,1,2,2183.34,1837.78,345.56,2025-09-22,2025-09-22,2183.34,0,15.83,2183.34,Medium Value
5024,Fatima Hussain,2,3,2181.99,1691.35,490.64,2022-11-26,2026-05-14,1090.99,1265,22.49,2181.99,Medium Value
10000,Omar Sheikh,2,6,2181.95,1681.27,500.68,2024-07-24,2025-07-21,1090.97,362,22.95,2181.95,Medium Value
5032,Fahad Mirza,1,6,2180.7,2025.48,155.22,2022-08-26,2022-08-26,2180.7,0,7.12,2180.7,Medium Value
267,Hussain Malik,1,5,2179.85,2096.35,83.5,2026-03-03,2026-03-03,2179.85,0,3.83,2179.85,Medium Value
1604,Saad Mirza,1,6,2179.8,2212.26,-32.46,2026-05-01,2026-05-01,2179.8,0,-1.49,2179.8,Medium Value
4197,Imran Ali,1,2,2177.62,1988.9,188.72,2025-07-27,2025-07-27,2177.62,0,8.67,2177.62,Medium Value
2035,Sara Ali,1,2,2177.06,1526.5,650.56,2023-01-29,2023-01-29,2177.06,0,29.88,2177.06,Medium Value
2356,Bilal Buriro,1,4,2173.52,1895.72,277.8,2023-11-27,2023-11-27,2173.52,0,12.78,2173.52,Medium Value
1061,Maham Iqbal,1,3,2173.05,1928.19,244.86,2023-08-07,2023-08-07,2173.05,0,11.27,2173.05,Medium Value
1095,Fatima Raza,2,5,2172.05,1734.43,437.62,2026-04-03,2026-08-13,1086.02,132,20.15,2172.05,Medium Value
2064,Ali Ali,1,7,2171.4,1658.3,513.1,2025-01-18,2025-01-18,2171.4,0,23.63,2171.4,Medium Value
6862,Danish Chaudhry,1,4,2170.8,2057.12,113.68,2026-05-11,2026-05-11,2170.8,0,5.24,2170.8,Medium Value
5430,Hassan Hussain,1,1,2170.8,1431.87,738.93,2023-09-12,2023-09-12,2170.8,0,34.04,2170.8,Medium Value
4560,Omar Memon,2,5,2170.58,1782.33,388.25,2024-10-11,2026-05-30,1085.29,596,17.89,2170.58,Medium Value
6936,Ali Memon,1,2,2168.98,1775.44,393.54,2022-03-11,2022-03-11,2168.98,0,18.14,2168.98,Medium Value
6708,Ayesha Sheikh,2,7,2162.52,1664.75,497.77,2022-02-27,2025-02-11,1081.26,1080,23.02,2162.52,Medium Value
9317,Ayesha Chaudhry,1,4,2161.6,1796.24,365.36,2025-07-21,2025-07-21,2161.6,0,16.9,2161.6,Medium Value
513,Danish Khan,1,3,2156.37,1427.4,728.97,2026-04-27,2026-04-27,2156.37,0,33.81,2156.37,Medium Value
3119,Danish Malik,1,1,2156.0,1450.54,705.46,2023-07-25,2023-07-25,2156.0,0,32.72,2156.0,Medium Value
758,Usman Chaudhry,1,6,2155.08,1395.84,759.24,2023-09-05,2023-09-05,2155.08,0,35.23,2155.08,Medium Value
1127,Usman Sheikh,1,2,2152.76,1479.1,673.66,2022-03-03,2022-03-03,2152.76,0,31.29,2152.76,Medium Value
3940,Maham Ali,1,5,2152.05,1602.55,549.5,2022-09-01,2022-09-01,2152.05,0,25.53,2152.05,Medium Value
1762,Danish Ahmed,1,3,2151.78,1807.86,343.92,2023-12-24,2023-12-24,2151.78,0,15.98,2151.78,Medium Value
3272,Hamza Raza,1,7,2148.09,1589.7,558.39,2025-04-27,2025-04-27,2148.09,0,25.99,2148.09,Medium Value
7672,Bilal Ahmed,1,3,2144.25,1661.25,483.0,2023-11-27,2023-11-27,2144.25,0,22.53,2144.25,Medium Value
7949,Fahad Malik,1,2,2143.14,1746.06,397.08,2022-09-10,2022-09-10,2143.14,0,18.53,2143.14,Medium Value
7791,Omar Memon,1,1,2143.02,1443.25,699.77,2025-10-14,2025-10-14,2143.02,0,32.65,2143.02,Medium Value
8519,Saad Raza,2,4,2136.61,1504.98,631.63,2022-10-10,2023-11-29,1068.3,415,29.56,2136.61,Medium Value
5806,Hamza Memon,1,1,2135.39,1442.26,693.13,2022-11-03,2022-11-03,2135.39,0,32.46,2135.39,Medium Value
4973,Hussain Malik,1,3,2133.72,1664.04,469.68,2022-09-30,2022-09-30,2133.72,0,22.01,2133.72,Medium Value
828,Hussain Shah,1,3,2133.09,1840.11,292.98,2024-02-09,2024-02-09,2133.09,0,13.74,2133.09,Medium Value
9496,Hassan Ahmed,1,2,2130.64,1615.38,515.26,2022-01-28,2022-01-28,2130.64,0,24.18,2130.64,Medium Value
5864,Hira Buriro,1,2,2130.36,1890.9,239.46,2022-07-06,2022-07-06,2130.36,0,11.24,2130.36,Medium Value
6264,Fatima Memon,2,2,2130.27,1807.02,323.25,2023-03-11,2023-07-11,1065.14,122,15.17,2130.27,Medium Value
588,Ali Qureshi,2,2,2127.75,1995.69,132.06,2022-02-14,2022-03-04,1063.88,18,6.21,2127.75,Medium Value
3834,Sana Sheikh,1,5,2127.4,1337.05,790.35,2024-10-24,2024-10-24,2127.4,0,37.15,2127.4,Medium Value
750,Fatima Mirza,1,7,2126.46,1850.03,276.43,2022-10-28,2022-10-28,2126.46,0,13.0,2126.46,Medium Value
4401,Hira Buriro,1,2,2126.18,1497.52,628.66,2025-03-13,2025-03-13,2126.18,0,29.57,2126.18,Medium Value
3381,Ali Malik,1,2,2124.36,2017.48,106.88,2023-08-17,2023-08-17,2124.36,0,5.03,2124.36,Medium Value
2031,Hassan Khan,1,6,2123.88,2007.96,115.92,2022-06-05,2022-06-05,2123.88,0,5.46,2123.88,Medium Value
497,Hussain Siddiqui,1,4,2122.36,1522.04,600.32,2022-06-07,2022-06-07,2122.36,0,28.29,2122.36,Medium Value
4804,Hamza Siddiqui,1,3,2122.26,1519.35,602.91,2024-02-15,2024-02-15,2122.26,0,28.41,2122.26,Medium Value
2669,Sara Raza,1,2,2120.32,1498.66,621.66,2022-11-02,2022-11-02,2120.32,0,29.32,2120.32,Medium Value
3271,Imran Iqbal,1,2,2119.04,2014.36,104.68,2024-05-25,2024-05-25,2119.04,0,4.94,2119.04,Medium Value
9928,Hira Khan,1,1,2118.72,1366.19,752.53,2025-08-26,2025-08-26,2118.72,0,35.52,2118.72,Medium Value
2175,Maham Qureshi,1,3,2118.6,2171.94,-53.34,2022-01-30,2022-01-30,2118.6,0,-2.52,2118.6,Medium Value
1207,Imran Hussain,1,4,2116.48,1393.2,723.28,2023-02-06,2023-02-06,2116.48,0,34.17,2116.48,Medium Value
1324,Sana Buriro,1,2,2114.7,1641.46,473.24,2025-12-19,2025-12-19,2114.7,0,22.38,2114.7,Medium Value
6648,Bilal Khan,1,2,2113.96,1983.3,130.66,2025-01-11,2025-01-11,2113.96,0,6.18,2113.96,Medium Value
3961,Hamza Malik,1,2,2113.36,1780.88,332.48,2025-03-14,2025-03-14,2113.36,0,15.73,2113.36,Medium Value
3827,Bilal Malik,3,4,2113.06,1657.16,455.9,2024-01-12,2024-11-24,704.35,317,21.58,2113.06,Medium Value
8076,Ahmed Sheikh,1,6,2111.4,1716.42,394.98,2025-08-06,2025-08-06,2111.4,0,18.71,2111.4,Medium Value
7792,Ali Sheikh,1,2,2111.12,1789.08,322.04,2025-10-31,2025-10-31,2111.12,0,15.25,2111.12,Medium Value
6549,Ali Memon,2,9,2110.74,1849.11,261.63,2023-10-12,2024-08-02,1055.37,295,12.4,2110.74,Medium Value
2067,Sara Sheikh,1,1,2110.64,1470.14,640.5,2024-05-14,2024-05-14,2110.64,0,30.35,2110.64,Medium Value
9300,Zainab Ali,1,1,2109.93,1359.96,749.97,2023-01-03,2023-01-03,2109.93,0,35.54,2109.93,Medium Value
9753,Omar Malik,3,7,2108.65,1676.35,432.3,2023-10-17,2024-09-25,702.88,344,20.5,2108.65,Medium Value
7046,Saad Iqbal,2,4,2108.33,1574.54,533.79,2022-06-09,2024-11-15,1054.16,890,25.32,2108.33,Medium Value
9573,Omar Siddiqui,1,4,2107.92,1924.8,183.12,2025-07-31,2025-07-31,2107.92,0,8.69,2107.92,Medium Value
4850,Sara Buriro,1,3,2106.84,1499.43,607.41,2026-08-14,2026-08-14,2106.84,0,28.83,2106.84,Medium Value
6042,Maham Khan,1,4,2106.68,1858.24,248.44,2026-03-04,2026-03-04,2106.68,0,11.79,2106.68,Medium Value
6793,Ahmed Memon,1,3,2105.76,1929.78,175.98,2022-11-05,2022-11-05,2105.76,0,8.36,2105.76,Medium Value
9066,Omar Hussain,1,7,2104.76,1894.55,210.21,2025-05-21,2025-05-21,2104.76,0,9.99,2104.76,Medium Value
8029,Hamza Iqbal,1,4,2100.56,1654.08,446.48,2022-04-15,2022-04-15,2100.56,0,21.26,2100.56,Medium Value
1020,Saad Siddiqui,1,4,2100.48,1371.48,729.0,2022-01-07,2022-01-07,2100.48,0,34.71,2100.48,Medium Value
1151,Bilal Ahmed,1,2,2098.24,2103.96,-5.72,2023-10-07,2023-10-07,2098.24,0,-0.27,2098.24,Medium Value
2804,Fatima Raza,1,2,2096.34,1373.48,722.86,2022-08-12,2022-08-12,2096.34,0,34.48,2096.34,Medium Value
438,Hira Sheikh,1,5,2095.4,2075.4,20.0,2023-06-21,2023-06-21,2095.4,0,0.95,2095.4,Medium Value
1549,Hussain Malik,1,7,2094.4,2156.14,-61.74,2022-01-28,2022-01-28,2094.4,0,-2.95,2094.4,Medium Value
4344,Ahmed Shah,1,3,2094.18,1685.07,409.11,2024-07-28,2024-07-28,2094.18,0,19.54,2094.18,Medium Value
8885,Hassan Sheikh,1,2,2094.06,1606.46,487.6,2024-02-15,2024-02-15,2094.06,0,23.28,2094.06,Medium Value
8990,Hassan Qureshi,2,4,2093.7,1780.28,313.42,2023-01-29,2025-04-14,1046.85,806,14.97,2093.7,Medium Value
9376,Fahad Shah,1,6,2091.12,1931.94,159.18,2025-01-05,2025-01-05,2091.12,0,7.61,2091.12,Medium Value
9240,Hira Iqbal,1,3,2090.4,1949.1,141.3,2023-04-08,2023-04-08,2090.4,0,6.76,2090.4,Medium Value
321,Hira Chaudhry,1,6,2089.44,2041.8,47.64,2026-07-23,2026-07-23,2089.44,0,2.28,2089.44,Medium Value
286,Imran Siddiqui,1,1,2089.28,1473.18,616.1,2024-05-06,2024-05-06,2089.28,0,29.49,2089.28,Medium Value
541,Imran Iqbal,1,2,2088.82,1387.12,701.7,2026-02-26,2026-02-26,2088.82,0,33.59,2088.82,Medium Value
4875,Sara Sheikh,2,5,2087.2,1615.45,471.75,2024-03-15,2024-04-23,1043.6,39,22.6,2087.2,Medium Value
6013,Imran Khan,1,6,2083.62,1532.7,550.92,2024-01-31,2024-01-31,2083.62,0,26.44,2083.62,Medium Value
5020,Saad Siddiqui,1,2,2079.22,1413.42,665.8,2023-11-08,2023-11-08,2079.22,0,32.02,2079.22,Medium Value
9811,Maham Malik,1,3,2078.43,1781.79,296.64,2026-07-27,2026-07-27,2078.43,0,14.27,2078.43,Medium Value
4768,Ahmed Raza,1,2,2078.34,1647.2,431.14,2023-07-25,2023-07-25,2078.34,0,20.74,2078.34,Medium Value
3739,Saad Buriro,1,1,2077.43,1304.89,772.54,2026-07-15,2026-07-15,2077.43,0,37.19,2077.43,Medium Value
3116,Fatima Hussain,1,2,2075.24,1735.3,339.94,2024-02-02,2024-02-02,2075.24,0,16.38,2075.24,Medium Value
6037,Fatima Chaudhry,1,6,2074.32,1782.6,291.72,2022-09-04,2022-09-04,2074.32,0,14.06,2074.32,Medium Value
5286,Maham Ali,1,2,2071.94,1814.14,257.8,2025-03-31,2025-03-31,2071.94,0,12.44,2071.94,Medium Value
6049,Hamza Shah,2,8,2070.4,1815.1,255.3,2022-09-26,2023-07-29,1035.2,306,12.33,2070.4,Medium Value
1533,Sara Raza,1,4,2068.2,1456.16,612.04,2025-04-13,2025-04-13,2068.2,0,29.59,2068.2,Medium Value
7205,Fahad Hussain,1,4,2067.88,1731.4,336.48,2025-10-27,2025-10-27,2067.88,0,16.27,2067.88,Medium Value
1668,Ahmed Shah,1,4,2067.0,1531.08,535.92,2023-09-21,2023-09-21,2067.0,0,25.93,2067.0,Medium Value
7963,Bilal Memon,1,5,2066.0,1457.7,608.3,2025-05-18,2025-05-18,2066.0,0,29.44,2066.0,Medium Value
880,Sana Raza,2,3,2064.25,1838.6,225.65,2023-02-17,2025-03-16,1032.12,758,10.93,2064.25,Medium Value
2780,Zainab Ahmed,1,5,2064.05,1612.25,451.8,2026-02-06,2026-02-06,2064.05,0,21.89,2064.05,Medium Value
9836,Ayesha Khan,1,2,2060.32,1505.54,554.78,2025-09-23,2025-09-23,2060.32,0,26.93,2060.32,Medium Value
9223,Ahmed Qureshi,1,4,2057.8,1567.8,490.0,2023-03-22,2023-03-22,2057.8,0,23.81,2057.8,Medium Value
3130,Sara Iqbal,1,2,2054.14,1652.54,401.6,2026-05-05,2026-05-05,2054.14,0,19.55,2054.14,Medium Value
2836,Omar Hussain,2,11,2053.97,1559.13,494.84,2024-07-31,2024-10-13,1026.99,74,24.09,2053.97,Medium Value
3283,Ali Malik,2,3,2050.86,1516.31,534.55,2024-08-29,2024-11-28,1025.43,91,26.06,2050.86,Medium Value
3675,Imran Buriro,1,1,2050.77,1410.03,640.74,2025-02-11,2025-02-11,2050.77,0,31.24,2050.77,Medium Value
3897,Sara Malik,1,1,2050.38,1498.03,552.35,2022-03-27,2022-03-27,2050.38,0,26.94,2050.38,Medium Value
7232,Ahmed Shah,1,3,2050.35,1507.71,542.64,2025-07-22,2025-07-22,2050.35,0,26.47,2050.35,Medium Value
8417,Hira Iqbal,1,3,2049.51,1942.83,106.68,2022-12-06,2022-12-06,2049.51,0,5.21,2049.51,Medium Value
9999,Hussain Qureshi,1,1,2049.13,1362.41,686.72,2024-12-19,2024-12-19,2049.13,0,33.51,2049.13,Medium Value
8848,Usman Raza,1,6,2048.16,1889.1,159.06,2024-06-15,2024-06-15,2048.16,0,7.77,2048.16,Medium Value
7969,Danish Ali,1,5,2048.05,1765.5,282.55,2022-12-14,2022-12-14,2048.05,0,13.8,2048.05,Medium Value
5816,Maryam Buriro,2,14,2046.45,1699.11,347.34,2023-03-09,2024-05-30,1023.22,448,16.97,2046.45,Medium Value
3807,Fatima Hussain,1,2,2045.98,1424.26,621.72,2022-09-23,2022-09-23,2045.98,0,30.39,2045.98,Medium Value
8568,Imran Siddiqui,1,6,2043.0,1866.6,176.4,2025-09-17,2025-09-17,2043.0,0,8.63,2043.0,Medium Value
4699,Usman Sheikh,1,4,2042.84,1943.84,99.0,2024-10-10,2024-10-10,2042.84,0,4.85,2042.84,Medium Value
3825,Zainab Memon,1,2,2038.9,1606.42,432.48,2023-11-30,2023-11-30,2038.9,0,21.21,2038.9,Medium Value
6305,Hamza Memon,1,7,2037.35,1472.24,565.11,2022-01-09,2022-01-09,2037.35,0,27.74,2037.35,Medium Value
8753,Danish Buriro,2,3,2036.13,1545.56,490.57,2023-09-11,2026-03-03,1018.06,904,24.09,2036.13,Medium Value
31,Imran Buriro,1,7,2033.29,1509.83,523.46,2026-07-21,2026-07-21,2033.29,0,25.74,2033.29,Medium Value
7242,Hassan Malik,2,9,2031.28,2092.06,-60.78,2022-09-07,2025-02-27,1015.64,904,-2.99,2031.28,Medium Value
755,Fahad Memon,2,3,2029.67,1440.03,589.64,2023-09-04,2024-11-02,1014.84,425,29.05,2029.67,Medium Value
4055,Hira Mirza,2,4,2028.67,1842.16,186.51,2024-05-26,2026-06-18,1014.34,753,9.19,2028.67,Medium Value
6307,Ahmed Memon,1,2,2026.1,1427.38,598.72,2022-11-08,2022-11-08,2026.1,0,29.55,2026.1,Medium Value
5992,Fatima Memon,1,2,2025.44,1474.18,551.26,2023-05-15,2023-05-15,2025.44,0,27.22,2025.44,Medium Value
8923,Bilal Khan,1,2,2024.5,1870.42,154.08,2024-07-21,2024-07-21,2024.5,0,7.61,2024.5,Medium Value
8288,Omar Chaudhry,1,2,2021.68,1382.46,639.22,2023-10-28,2023-10-28,2021.68,0,31.62,2021.68,Medium Value
5825,Fatima Qureshi,1,1,2020.17,1352.71,667.46,2024-07-03,2024-07-03,2020.17,0,33.04,2020.17,Medium Value
1004,Ayesha Ahmed,1,3,2015.91,1489.38,526.53,2022-01-19,2022-01-19,2015.91,0,26.12,2015.91,Medium Value
9116,Ayesha Mirza,1,6,2015.7,1423.86,591.84,2023-02-25,2023-02-25,2015.7,0,29.36,2015.7,Medium Value
5787,Danish Chaudhry,2,2,2015.43,1699.3,316.13,2022-12-28,2023-01-16,1007.71,19,15.69,2015.43,Medium Value
980,Hira Ahmed,1,3,2014.32,1555.38,458.94,2024-08-01,2024-08-01,2014.32,0,22.78,2014.32,Medium Value
4860,Sana Malik,2,3,2010.65,1378.69,631.96,2023-07-17,2024-03-17,1005.32,244,31.43,2010.65,Medium Value
7093,Zainab Mirza,1,6,2010.6,2039.1,-28.5,2026-04-03,2026-04-03,2010.6,0,-1.42,2010.6,Medium Value
1398,Ahmed Chaudhry,1,1,2008.92,1270.41,738.51,2025-06-29,2025-06-29,2008.92,0,36.76,2008.92,Medium Value
3674,Ali Qureshi,2,3,2008.19,1645.88,362.31,2022-01-16,2022-12-09,1004.1,327,18.04,2008.19,Medium Value
4597,Fahad Siddiqui,1,3,2006.49,1661.28,345.21,2025-12-10,2025-12-10,2006.49,0,17.2,2006.49,Medium Value
9787,Ayesha Shah,2,8,2003.16,1715.38,287.78,2024-04-03,2025-06-10,1001.58,433,14.37,2003.16,Medium Value
8778,Hussain Buriro,1,4,2002.12,1628.4,373.72,2022-08-04,2022-08-04,2002.12,0,18.67,2002.12,Medium Value
9178,Ali Sheikh,1,2,1999.5,1323.36,676.14,2024-05-11,2024-05-11,1999.5,0,33.82,1999.5,Medium Value
6592,Sara Memon,2,4,1997.54,1591.53,406.01,2023-01-21,2025-06-12,998.77,873,20.33,1997.54,Medium Value
8918,Imran Shah,1,4,1993.16,1765.16,228.0,2026-08-11,2026-08-11,1993.16,0,11.44,1993.16,Medium Value
2066,Ali Chaudhry,1,1,1992.81,1407.85,584.96,2025-07-26,2025-07-26,1992.81,0,29.35,1992.81,Medium Value
2408,Sara Malik,1,1,1990.03,1410.03,580.0,2025-03-14,2025-03-14,1990.03,0,29.15,1990.03,Medium Value
2509,Ahmed Sheikh,1,5,1986.95,1356.3,630.65,2023-05-17,2023-05-17,1986.95,0,31.74,1986.95,Medium Value
4118,Omar Mirza,1,2,1986.92,1441.32,545.6,2022-06-28,2022-06-28,1986.92,0,27.46,1986.92,Medium Value
3630,Hassan Ahmed,1,2,1984.5,1520.32,464.18,2022-09-14,2022-09-14,1984.5,0,23.39,1984.5,Medium Value
8422,Ali Mirza,1,1,1983.73,1380.49,603.24,2023-07-03,2023-07-03,1983.73,0,30.41,1983.73,Medium Value
7422,Zainab Ahmed,1,2,1981.2,1610.4,370.8,2025-05-16,2025-05-16,1981.2,0,18.72,1981.2,Medium Value
3572,Saad Ahmed,1,3,1980.06,1452.84,527.22,2023-03-22,2023-03-22,1980.06,0,26.63,1980.06,Medium Value
2270,Danish Chaudhry,1,3,1980.0,1418.43,561.57,2026-07-30,2026-07-30,1980.0,0,28.36,1980.0,Medium Value
2225,Sana Chaudhry,2,8,1979.79,1511.62,468.17,2025-01-05,2025-12-21,989.9,350,23.65,1979.79,Medium Value
4174,Bilal Malik,2,4,1979.09,1492.05,487.04,2022-02-19,2024-05-28,989.54,829,24.61,1979.09,Medium Value
7833,Omar Ali,1,1,1977.33,1438.29,539.04,2025-04-27,2025-04-27,1977.33,0,27.26,1977.33,Medium Value
5058,Sara Raza,2,10,1977.3,1558.99,418.31,2022-10-31,2023-11-24,988.65,389,21.16,1977.3,Medium Value
4909,Usman Memon,1,5,1976.95,1397.65,579.3,2022-11-27,2022-11-27,1976.95,0,29.3,1976.95,Medium Value
3657,Zainab Ahmed,1,3,1975.38,1504.59,470.79,2023-02-18,2023-02-18,1975.38,0,23.83,1975.38,Medium Value
9552,Usman Ali,1,2,1974.58,1573.4,401.18,2026-05-24,2026-05-24,1974.58,0,20.32,1974.58,Medium Value
8113,Imran Iqbal,1,2,1974.3,1655.92,318.38,2023-10-22,2023-10-22,1974.3,0,16.13,1974.3,Medium Value
2177,Sana Siddiqui,2,6,1973.82,1332.18,641.64,2022-05-25,2025-08-19,986.91,1182,32.51,1973.82,Medium Value
1105,Usman Ahmed,1,1,1972.54,1356.55,615.99,2024-02-17,2024-02-17,1972.54,0,31.23,1972.54,Medium Value
4031,Omar Sheikh,1,3,1971.27,1711.14,260.13,2023-11-10,2023-11-10,1971.27,0,13.2,1971.27,Medium Value
7227,Sara Khan,2,4,1970.32,1498.62,471.7,2026-04-08,2026-06-13,985.16,66,23.94,1970.32,Medium Value
5383,Imran Buriro,1,2,1970.02,1580.3,389.72,2024-08-13,2024-08-13,1970.02,0,19.78,1970.02,Medium Value
6221,Ayesha Siddiqui,2,9,1969.95,1687.23,282.72,2022-11-22,2025-08-13,984.98,995,14.35,1969.95,Medium Value
7165,Ali Chaudhry,1,1,1968.71,1412.38,556.33,2024-01-02,2024-01-02,1968.71,0,28.26,1968.71,Medium Value
5870,Usman Ahmed,2,9,1968.69,1671.21,297.48,2022-08-02,2025-08-10,984.34,1104,15.11,1968.69,Medium Value
912,Hamza Chaudhry,1,2,1968.54,1391.0,577.54,2024-09-29,2024-09-29,1968.54,0,29.34,1968.54,Medium Value
9466,Usman Shah,1,2,1967.0,1328.76,638.24,2025-03-08,2025-03-08,1967.0,0,32.45,1967.0,Medium Value
1998,Zainab Qureshi,2,14,1966.44,1606.36,360.08,2023-08-23,2025-07-22,983.22,699,18.31,1966.44,Medium Value
2394,Sana Khan,1,5,1966.0,1854.35,111.65,2025-11-25,2025-11-25,1966.0,0,5.68,1966.0,Medium Value
5629,Ahmed Khan,1,2,1965.88,1960.1,5.78,2023-07-30,2023-07-30,1965.88,0,0.29,1965.88,Medium Value
1310,Hira Iqbal,1,1,1961.63,1289.05,672.58,2022-07-27,2022-07-27,1961.63,0,34.29,1961.63,Medium Value
869,Zainab Ali,1,2,1959.74,1643.98,315.76,2024-10-01,2024-10-01,1959.74,0,16.11,1959.74,Medium Value
4691,Ali Sheikh,1,5,1959.65,1673.3,286.35,2026-04-30,2026-04-30,1959.65,0,14.61,1959.65,Medium Value
4184,Hamza Sheikh,1,5,1954.2,1498.05,456.15,2023-09-13,2023-09-13,1954.2,0,23.34,1954.2,Medium Value
3062,Danish Siddiqui,1,7,1952.93,1762.25,190.68,2026-01-30,2026-01-30,1952.93,0,9.76,1952.93,Medium Value
7581,Hassan Shah,1,4,1950.8,1551.0,399.8,2026-04-18,2026-04-18,1950.8,0,20.49,1950.8,Medium Value
2354,Fatima Raza,1,4,1949.0,1488.52,460.48,2023-10-17,2023-10-17,1949.0,0,23.63,1949.0,Medium Value
4657,Ayesha Chaudhry,1,5,1946.7,1493.5,453.2,2024-09-23,2024-09-23,1946.7,0,23.28,1946.7,Medium Value
2143,Hassan Buriro,1,2,1943.76,1411.48,532.28,2024-01-27,2024-01-27,1943.76,0,27.38,1943.76,Medium Value
5973,Sara Raza,1,4,1942.4,1525.44,416.96,2023-07-16,2023-07-16,1942.4,0,21.47,1942.4,Medium Value
6706,Fahad Sheikh,1,5,1940.5,1500.45,440.05,2026-07-14,2026-07-14,1940.5,0,22.68,1940.5,Medium Value
9758,Ahmed Sheikh,1,3,1938.66,1775.16,163.5,2024-09-16,2024-09-16,1938.66,0,8.43,1938.66,Medium Value
7987,Danish Iqbal,1,2,1938.62,1656.0,282.62,2023-05-30,2023-05-30,1938.62,0,14.58,1938.62,Medium Value
9260,Maryam Siddiqui,1,6,1936.86,1435.86,501.0,2024-05-14,2024-05-14,1936.86,0,25.87,1936.86,Medium Value
6969,Zainab Raza,1,1,1936.83,1329.2,607.63,2025-12-30,2025-12-30,1936.83,0,31.37,1936.83,Medium Value
6809,Hira Siddiqui,1,2,1935.98,1654.84,281.14,2025-08-11,2025-08-11,1935.98,0,14.52,1935.98,Medium Value
581,Sana Sheikh,1,2,1934.14,1652.9,281.24,2024-05-24,2024-05-24,1934.14,0,14.54,1934.14,Medium Value
3530,Saad Sheikh,2,5,1933.81,1419.62,514.19,2024-05-11,2026-01-23,966.9,622,26.59,1933.81,Medium Value
8107,Maham Shah,1,2,1932.3,1269.52,662.78,2025-01-02,2025-01-02,1932.3,0,34.3,1932.3,Medium Value
3905,Hassan Qureshi,2,10,1930.65,1469.72,460.93,2024-08-29,2025-01-23,965.32,147,23.87,1930.65,Medium Value
334,Zainab Mirza,2,2,1929.97,1521.48,408.49,2022-08-14,2026-08-10,964.98,1457,21.17,1929.97,Medium Value
2432,Fahad Memon,1,3,1928.85,1471.41,457.44,2023-11-15,2023-11-15,1928.85,0,23.72,1928.85,Medium Value
9444,Omar Malik,1,2,1928.18,1471.2,456.98,2024-03-13,2024-03-13,1928.18,0,23.7,1928.18,Medium Value
6118,Hira Ali,1,7,1926.4,1839.53,86.87,2025-02-04,2025-02-04,1926.4,0,4.51,1926.4,Medium Value
4309,Maham Iqbal,1,5,1926.25,1846.1,80.15,2024-03-13,2024-03-13,1926.25,0,4.16,1926.25,Medium Value
8612,Hussain Memon,2,14,1924.51,1387.47,537.04,2023-11-01,2024-10-18,962.26,352,27.91,1924.51,Medium Value
9157,Sara Siddiqui,1,5,1920.2,1652.75,267.45,2023-12-03,2023-12-03,1920.2,0,13.93,1920.2,Medium Value
8334,Sara Raza,1,5,1918.9,1643.0,275.9,2023-07-06,2023-07-06,1918.9,0,14.38,1918.9,Medium Value
6275,Ahmed Khan,2,2,1914.26,1537.92,376.34,2023-04-15,2023-08-08,957.13,115,19.66,1914.26,Medium Value
5151,Ahmed Hussain,1,1,1913.66,1318.98,594.68,2025-05-03,2025-05-03,1913.66,0,31.08,1913.66,Medium Value
3292,Maryam Memon,1,1,1913.01,1192.74,720.27,2023-07-07,2023-07-07,1913.01,0,37.65,1913.01,Medium Value
7455,Sara Iqbal,1,1,1912.06,1444.33,467.73,2023-05-12,2023-05-12,1912.06,0,24.46,1912.06,Medium Value
3005,Ahmed Ali,1,6,1906.5,1578.24,328.26,2025-10-19,2025-10-19,1906.5,0,17.22,1906.5,Medium Value
1372,Zainab Iqbal,1,6,1905.3,1416.54,488.76,2023-09-16,2023-09-16,1905.3,0,25.65,1905.3,Medium Value
3034,Omar Shah,1,5,1905.1,1270.5,634.6,2026-04-22,2026-04-22,1905.1,0,33.31,1905.1,Medium Value
7451,Zainab Shah,1,3,1902.06,1374.84,527.22,2026-02-19,2026-02-19,1902.06,0,27.72,1902.06,Medium Value
1091,Hira Shah,2,7,1898.69,1554.95,343.74,2024-02-06,2024-08-27,949.34,203,18.1,1898.69,Medium Value
8659,Ali Raza,1,3,1896.48,1514.4,382.08,2023-11-08,2023-11-08,1896.48,0,20.15,1896.48,Medium Value
7342,Fatima Malik,1,4,1895.64,1268.4,627.24,2023-09-15,2023-09-15,1895.64,0,33.09,1895.64,Medium Value
926,Ahmed Shah,1,1,1894.81,1448.08,446.73,2026-03-01,2026-03-01,1894.81,0,23.58,1894.81,Medium Value
8146,Maryam Raza,1,3,1894.32,1376.1,518.22,2024-03-04,2024-03-04,1894.32,0,27.36,1894.32,Medium Value
3640,Zainab Raza,1,6,1890.18,1634.88,255.3,2022-07-14,2022-07-14,1890.18,0,13.51,1890.18,Medium Value
9100,Bilal Iqbal,1,5,1890.0,1550.25,339.75,2023-07-11,2023-07-11,1890.0,0,17.98,1890.0,Medium Value
8361,Danish Ahmed,1,2,1889.14,1701.44,187.7,2025-08-08,2025-08-08,1889.14,0,9.94,1889.14,Medium Value
8938,Fahad Khan,1,1,1888.25,1341.56,546.69,2022-03-21,2022-03-21,1888.25,0,28.95,1888.25,Medium Value
5077,Omar Sheikh,1,7,1886.57,1455.02,431.55,2025-10-05,2025-10-05,1886.57,0,22.87,1886.57,Medium Value
9864,Ayesha Chaudhry,1,2,1886.4,1508.78,377.62,2023-05-07,2023-05-07,1886.4,0,20.02,1886.4,Medium Value
1569,Sana Sheikh,1,5,1885.35,1356.15,529.2,2024-02-03,2024-02-03,1885.35,0,28.07,1885.35,Medium Value
6445,Fahad Shah,1,7,1883.49,1532.86,350.63,2023-11-16,2023-11-16,1883.49,0,18.62,1883.49,Medium Value
4624,Imran Chaudhry,1,3,1882.2,1572.12,310.08,2023-02-11,2023-02-11,1882.2,0,16.47,1882.2,Medium Value
5302,Ahmed Hussain,1,1,1881.85,1339.87,541.98,2022-10-21,2022-10-21,1881.85,0,28.8,1881.85,Medium Value
4306,Usman Ali,2,2,1881.7,1271.66,610.04,2023-02-23,2026-02-24,940.85,1097,32.42,1881.7,Medium Value
3110,Ali Iqbal,1,3,1880.1,1727.82,152.28,2026-04-09,2026-04-09,1880.1,0,8.1,1880.1,Medium Value
741,Hussain Khan,1,3,1877.97,1571.55,306.42,2025-01-13,2025-01-13,1877.97,0,16.32,1877.97,Medium Value
8868,Danish Siddiqui,1,2,1875.74,1656.0,219.74,2023-12-26,2023-12-26,1875.74,0,11.71,1875.74,Medium Value
7486,Ahmed Buriro,2,9,1874.56,1610.11,264.45,2025-12-18,2026-05-31,937.28,164,14.11,1874.56,Medium Value
767,Imran Ahmed,1,4,1869.56,1642.0,227.56,2023-07-04,2023-07-04,1869.56,0,12.17,1869.56,Medium Value
5171,Maryam Memon,1,1,1869.04,1355.76,513.28,2025-06-20,2025-06-20,1869.04,0,27.46,1869.04,Medium Value
9097,Danish Siddiqui,1,3,1867.47,1588.38,279.09,2024-08-13,2024-08-13,1867.47,0,14.94,1867.47,Medium Value
2594,Fahad Ali,1,4,1866.32,1237.24,629.08,2025-07-01,2025-07-01,1866.32,0,33.71,1866.32,Medium Value
1056,Bilal Memon,1,1,1863.19,1403.1,460.09,2026-08-08,2026-08-08,1863.19,0,24.69,1863.19,Medium Value
3628,Usman Memon,2,7,1862.97,1513.41,349.56,2022-01-08,2022-12-21,931.48,347,18.76,1862.97,Medium Value
900,Fatima Sheikh,2,9,1862.77,1731.11,131.66,2023-08-13,2024-09-09,931.38,393,7.07,1862.77,Medium Value
8400,Fahad Buriro,1,2,1861.98,1479.8,382.18,2024-06-02,2024-06-02,1861.98,0,20.53,1861.98,Medium Value
9565,Danish Hussain,1,7,1861.72,1678.81,182.91,2022-04-27,2022-04-27,1861.72,0,9.82,1861.72,Medium Value
7278,Omar Hussain,2,4,1860.82,1547.98,312.84,2022-01-18,2023-09-15,930.41,605,16.81,1860.82,Medium Value
3822,Ayesha Hussain,2,4,1860.17,1352.05,508.12,2024-12-21,2025-02-28,930.08,69,27.32,1860.17,Medium Value
3376,Sara Siddiqui,2,11,1860.06,1782.08,77.98,2024-03-06,2024-08-08,930.03,155,4.19,1860.06,Medium Value
5788,Saad Mirza,1,2,1857.52,1658.52,199.0,2022-04-02,2022-04-02,1857.52,0,10.71,1857.52,Medium Value
8660,Danish Siddiqui,2,9,1857.09,1577.22,279.87,2022-01-04,2024-01-19,928.54,745,15.07,1857.09,Medium Value
9119,Saad Hussain,1,2,1856.92,1294.86,562.06,2025-06-12,2025-06-12,1856.92,0,30.27,1856.92,Medium Value
7864,Fahad Sheikh,1,7,1856.68,1672.16,184.52,2023-07-27,2023-07-27,1856.68,0,9.94,1856.68,Medium Value
4483,Fahad Buriro,1,3,1855.59,1567.74,287.85,2024-02-19,2024-02-19,1855.59,0,15.51,1855.59,Medium Value
8456,Zainab Ali,1,1,1851.9,1319.62,532.28,2026-01-04,2026-01-04,1851.9,0,28.74,1851.9,Medium Value
5472,Maryam Khan,2,5,1849.43,1756.87,92.56,2022-04-12,2026-06-17,924.72,1527,5.0,1849.43,Medium Value
2006,Omar Chaudhry,1,4,1849.32,1363.48,485.84,2023-11-18,2023-11-18,1849.32,0,26.27,1849.32,Medium Value
9246,Hussain Raza,1,1,1846.17,1241.19,604.98,2026-06-28,2026-06-28,1846.17,0,32.77,1846.17,Medium Value
2687,Omar Shah,1,4,1844.36,1611.64,232.72,2026-08-06,2026-08-06,1844.36,0,12.62,1844.36,Medium Value
630,Zainab Mirza,2,3,1843.73,1283.28,560.45,2022-04-06,2023-04-12,921.86,371,30.4,1843.73,Medium Value
4601,Fatima Hussain,1,4,1839.8,1441.12,398.68,2022-10-27,2022-10-27,1839.8,0,21.67,1839.8,Medium Value
2445,Hamza Sheikh,1,2,1839.58,1639.32,200.26,2025-03-21,2025-03-21,1839.58,0,10.89,1839.58,Medium Value
7202,Hamza Qureshi,1,2,1839.48,1828.72,10.76,2025-04-26,2025-04-26,1839.48,0,0.58,1839.48,Medium Value
9669,Omar Chaudhry,1,1,1835.93,1195.25,640.68,2022-02-13,2022-02-13,1835.93,0,34.9,1835.93,Medium Value
7149,Omar Memon,1,2,1834.12,1528.3,305.82,2026-02-11,2026-02-11,1834.12,0,16.67,1834.12,Medium Value
4,Ahmed Memon,2,8,1833.78,1672.74,161.04,2024-08-19,2024-12-24,916.89,127,8.78,1833.78,Medium Value
9786,Ahmed Hussain,1,3,1831.23,1664.85,166.38,2025-06-21,2025-06-21,1831.23,0,9.09,1831.23,Medium Value
3750,Sana Shah,2,2,1829.46,1556.83,272.63,2022-08-13,2025-07-07,914.73,1059,14.9,1829.46,Medium Value
764,Hamza Ahmed,1,3,1829.25,1133.25,696.0,2022-01-01,2022-01-01,1829.25,0,38.05,1829.25,Medium Value
1859,Hamza Shah,1,6,1828.32,1611.18,217.14,2023-11-19,2023-11-19,1828.32,0,11.88,1828.32,Medium Value
1413,Maryam Mirza,1,7,1826.16,1783.32,42.84,2026-06-18,2026-06-18,1826.16,0,2.35,1826.16,Medium Value
6920,Sara Raza,1,2,1823.98,1412.42,411.56,2022-05-07,2022-05-07,1823.98,0,22.56,1823.98,Medium Value
7267,Saad Malik,1,1,1823.09,1237.19,585.9,2025-10-14,2025-10-14,1823.09,0,32.14,1823.09,Medium Value
8019,Bilal Malik,1,3,1821.72,1738.44,83.28,2025-09-30,2025-09-30,1821.72,0,4.57,1821.72,Medium Value
7922,Hira Qureshi,1,1,1820.71,1406.35,414.36,2026-05-31,2026-05-31,1820.71,0,22.76,1820.71,Medium Value
5402,Bilal Shah,1,5,1817.3,1497.05,320.25,2025-02-05,2025-02-05,1817.3,0,17.62,1817.3,Medium Value
5872,Sana Malik,1,5,1816.95,1523.95,293.0,2023-04-22,2023-04-22,1816.95,0,16.13,1816.95,Medium Value
3033,Omar Shah,1,2,1813.68,1880.86,-67.18,2026-06-02,2026-06-02,1813.68,0,-3.7,1813.68,Medium Value
3722,Sana Sheikh,2,9,1811.37,1405.05,406.32,2024-08-12,2024-09-12,905.68,31,22.43,1811.37,Medium Value
9148,Bilal Siddiqui,1,1,1811.03,1150.16,660.87,2025-07-15,2025-07-15,1811.03,0,36.49,1811.03,Medium Value
5160,Ahmed Malik,1,1,1809.58,1253.78,555.8,2026-06-08,2026-06-08,1809.58,0,30.71,1809.58,Medium Value
909,Usman Shah,2,4,1809.47,1400.89,408.58,2023-08-01,2026-04-21,904.74,994,22.58,1809.47,Medium Value
4150,Ahmed Siddiqui,2,6,1808.96,1416.88,392.08,2023-03-30,2024-09-21,904.48,541,21.67,1808.96,Medium Value
5380,Sana Mirza,2,5,1808.76,1322.42,486.34,2023-01-09,2024-10-13,904.38,643,26.89,1808.76,Medium Value
943,Maryam Ahmed,1,4,1808.52,1289.8,518.72,2026-08-05,2026-08-05,1808.52,0,28.68,1808.52,Medium Value
3888,Ahmed Mirza,1,2,1806.88,1270.42,536.46,2024-08-17,2024-08-17,1806.88,0,29.69,1806.88,Medium Value
7952,Hira Hussain,2,7,1805.7,1410.4,395.3,2023-04-02,2026-01-29,902.85,1033,21.89,1805.7,Medium Value
4338,Saad Khan,2,3,1804.47,1476.44,328.03,2022-06-12,2026-01-03,902.24,1301,18.18,1804.47,Medium Value
6102,Sara Ahmed,1,2,1802.38,1799.0,3.38,2022-04-05,2022-04-05,1802.38,0,0.19,1802.38,Medium Value
2375,Fahad Qureshi,2,7,1799.5,1366.38,433.12,2022-06-03,2024-06-07,899.75,735,24.07,1799.5,Medium Value
8665,Fahad Ali,2,5,1798.58,1435.87,362.71,2022-04-23,2024-04-07,899.29,715,20.17,1798.58,Medium Value
6802,Hamza Hussain,1,2,1798.1,1512.44,285.66,2024-01-28,2024-01-28,1798.1,0,15.89,1798.1,Medium Value
1690,Fahad Qureshi,1,3,1795.5,1369.14,426.36,2026-03-11,2026-03-11,1795.5,0,23.75,1795.5,Medium Value
5662,Zainab Khan,1,1,1794.6,1406.35,388.25,2025-09-11,2025-09-11,1794.6,0,21.63,1794.6,Medium Value
8957,Usman Memon,1,1,1793.47,1266.61,526.86,2025-03-30,2025-03-30,1793.47,0,29.38,1793.47,Medium Value
2379,Sana Ahmed,1,1,1792.11,1132.23,659.88,2024-01-07,2024-01-07,1792.11,0,36.82,1792.11,Medium Value
378,Sana Siddiqui,1,1,1791.19,1454.46,336.73,2026-07-05,2026-07-05,1791.19,0,18.8,1791.19,Medium Value
3436,Hussain Raza,1,2,1790.4,1441.52,348.88,2023-02-25,2023-02-25,1790.4,0,19.49,1790.4,Medium Value
5370,Ali Malik,1,4,1785.16,1874.16,-89.0,2025-09-27,2025-09-27,1785.16,0,-4.99,1785.16,Medium Value
1671,Zainab Malik,2,7,1784.16,1277.83,506.33,2024-02-23,2026-01-14,892.08,691,28.38,1784.16,Medium Value
1532,Omar Ali,3,9,1783.99,1531.88,252.11,2024-09-21,2025-11-28,594.66,433,14.13,1783.99,Medium Value
8137,Hamza Raza,1,2,1778.78,1569.54,209.24,2026-05-03,2026-05-03,1778.78,0,11.76,1778.78,Medium Value
713,Bilal Mirza,1,4,1777.16,1259.76,517.4,2024-11-11,2024-11-11,1777.16,0,29.11,1777.16,Medium Value
6677,Hamza Siddiqui,1,3,1775.94,1638.03,137.91,2026-01-19,2026-01-19,1775.94,0,7.77,1775.94,Medium Value
7200,Maham Memon,1,3,1775.22,1483.35,291.87,2026-05-17,2026-05-17,1775.22,0,16.44,1775.22,Medium Value
2678,Maham Mirza,1,2,1774.16,1637.28,136.88,2026-06-23,2026-06-23,1774.16,0,7.72,1774.16,Medium Value
49,Usman Memon,1,2,1773.3,1838.42,-65.12,2025-05-30,2025-05-30,1773.3,0,-3.67,1773.3,Medium Value
3368,Hamza Hussain,1,4,1772.96,1275.16,497.8,2025-11-19,2025-11-19,1772.96,0,28.08,1772.96,Medium Value
8810,Imran Chaudhry,1,4,1772.48,1630.92,141.56,2026-02-16,2026-02-16,1772.48,0,7.99,1772.48,Medium Value
7708,Hira Siddiqui,1,3,1770.75,1520.61,250.14,2024-12-09,2024-12-09,1770.75,0,14.13,1770.75,Medium Value
6789,Sara Buriro,1,3,1768.05,1105.14,662.91,2024-08-28,2024-08-28,1768.05,0,37.49,1768.05,Medium Value
2334,Hamza Ahmed,2,3,1767.35,1165.14,602.21,2024-01-06,2025-07-04,883.68,545,34.07,1767.35,Medium Value
18,Fahad Khan,1,3,1766.61,1197.18,569.43,2025-07-06,2025-07-06,1766.61,0,32.23,1766.61,Medium Value
4091,Fatima Ali,1,7,1765.4,1343.44,421.96,2022-11-19,2022-11-19,1765.4,0,23.9,1765.4,Medium Value
1827,Ayesha Sheikh,1,4,1761.04,1199.88,561.16,2024-12-22,2024-12-22,1761.04,0,31.87,1761.04,Medium Value
6568,Maham Sheikh,1,1,1760.55,1428.5,332.05,2023-08-04,2023-08-04,1760.55,0,18.86,1760.55,Medium Value
1959,Ahmed Mirza,1,2,1758.54,1528.38,230.16,2024-08-22,2024-08-22,1758.54,0,13.09,1758.54,Medium Value
3966,Hamza Ali,3,7,1758.23,1318.18,440.05,2023-01-19,2023-07-18,586.08,180,25.03,1758.23,Medium Value
9545,Ali Raza,1,1,1756.81,1403.32,353.49,2022-05-11,2022-05-11,1756.81,0,20.12,1756.81,Medium Value
9527,Hassan Sheikh,1,1,1756.54,1159.98,596.56,2024-02-18,2024-02-18,1756.54,0,33.96,1756.54,Medium Value
744,Hussain Khan,1,2,1752.12,1725.3,26.82,2026-08-11,2026-08-11,1752.12,0,1.53,1752.12,Medium Value
1244,Usman Khan,2,3,1751.57,1311.69,439.88,2023-03-16,2025-11-10,875.78,970,25.11,1751.57,Medium Value
8628,Maryam Chaudhry,2,3,1751.07,1557.45,193.62,2023-11-09,2025-12-21,875.54,773,11.06,1751.07,Medium Value
4953,Maryam Shah,1,1,1749.69,1250.5,499.19,2022-06-02,2022-06-02,1749.69,0,28.53,1749.69,Medium Value
6334,Fatima Sheikh,1,2,1748.38,1314.88,433.5,2025-03-02,2025-03-02,1748.38,0,24.79,1748.38,Medium Value
229,Hassan Hussain,3,10,1747.4,1386.35,361.05,2023-07-07,2023-09-07,582.47,62,20.66,1747.4,Medium Value
2532,Maryam Hussain,1,2,1747.2,1509.0,238.2,2024-03-03,2024-03-03,1747.2,0,13.63,1747.2,Medium Value
1208,Omar Sheikh,1,2,1747.08,1617.74,129.34,2025-01-28,2025-01-28,1747.08,0,7.4,1747.08,Medium Value
7831,Hussain Iqbal,1,2,1747.02,1270.42,476.6,2025-03-21,2025-03-21,1747.02,0,27.28,1747.02,Medium Value
1897,Bilal Hussain,2,8,1746.56,1584.65,161.91,2022-08-20,2024-02-21,873.28,550,9.27,1746.56,Medium Value
9449,Bilal Shah,1,2,1743.42,1635.26,108.16,2024-11-29,2024-11-29,1743.42,0,6.2,1743.42,Medium Value
9850,Ali Khan,1,2,1740.9,1336.26,404.64,2024-03-27,2024-03-27,1740.9,0,23.24,1740.9,Medium Value
4144,Ahmed Qureshi,2,7,1740.68,1216.8,523.88,2024-11-16,2025-08-12,870.34,269,30.1,1740.68,Medium Value
4748,Sana Hussain,1,6,1739.1,1441.8,297.3,2022-05-16,2022-05-16,1739.1,0,17.1,1739.1,Medium Value
3281,Maryam Hussain,2,4,1738.94,1576.51,162.43,2022-01-16,2025-04-17,869.47,1187,9.34,1738.94,Medium Value
4056,Hamza Mirza,1,6,1738.68,1275.54,463.14,2025-02-28,2025-02-28,1738.68,0,26.64,1738.68,Medium Value
5086,Ahmed Siddiqui,1,1,1738.54,1409.33,329.21,2023-04-02,2023-04-02,1738.54,0,18.94,1738.54,Medium Value
4982,Maham Shah,1,6,1737.24,1144.8,592.44,2024-09-04,2024-09-04,1737.24,0,34.1,1737.24,Medium Value
5373,Danish Khan,1,1,1736.51,1317.0,419.51,2024-02-08,2024-02-08,1736.51,0,24.16,1736.51,Medium Value
7918,Zainab Khan,1,2,1732.74,1179.18,553.56,2022-08-30,2022-08-30,1732.74,0,31.95,1732.74,Medium Value
941,Omar Shah,1,4,1731.8,1681.52,50.28,2024-05-17,2024-05-17,1731.8,0,2.9,1731.8,Medium Value
1597,Hira Ahmed,1,1,1730.43,1235.51,494.92,2022-11-17,2022-11-17,1730.43,0,28.6,1730.43,Medium Value
3024,Hassan Raza,1,7,1729.7,1337.91,391.79,2026-02-08,2026-02-08,1729.7,0,22.65,1729.7,Medium Value
7447,Maham Hussain,1,2,1728.6,1562.86,165.74,2025-08-13,2025-08-13,1728.6,0,9.59,1728.6,Medium Value
8149,Hassan Mirza,1,1,1726.03,1412.49,313.54,2023-01-03,2023-01-03,1726.03,0,18.17,1726.03,Medium Value
2298,Maryam Khan,1,7,1724.8,1643.04,81.76,2026-08-20,2026-08-20,1724.8,0,4.74,1724.8,Medium Value
1805,Maryam Memon,1,6,1723.68,1659.66,64.02,2024-07-07,2024-07-07,1723.68,0,3.71,1723.68,Medium Value
9731,Sara Malik,1,5,1721.85,1518.5,203.35,2023-09-15,2023-09-15,1721.85,0,11.81,1721.85,Medium Value
6966,Imran Raza,1,3,1721.4,1100.55,620.85,2024-12-14,2024-12-14,1721.4,0,36.07,1721.4,Medium Value
4792,Danish Khan,1,7,1720.18,1253.28,466.9,2023-05-22,2023-05-22,1720.18,0,27.14,1720.18,Medium Value
416,Usman Shah,1,5,1719.1,1595.65,123.45,2022-12-26,2022-12-26,1719.1,0,7.18,1719.1,Medium Value
1122,Fatima Ali,1,4,1718.64,1376.76,341.88,2023-03-29,2023-03-29,1718.64,0,19.89,1718.64,Medium Value
8567,Hira Chaudhry,1,2,1718.3,1472.3,246.0,2024-03-19,2024-03-19,1718.3,0,14.32,1718.3,Medium Value
364,Sara Ali,1,1,1714.96,1349.87,365.09,2026-05-22,2026-05-22,1714.96,0,21.29,1714.96,Medium Value
8721,Fatima Mirza,1,1,1714.61,1310.13,404.48,2026-07-05,2026-07-05,1714.61,0,23.59,1714.61,Medium Value
951,Zainab Sheikh,1,4,1713.4,1143.36,570.04,2026-07-18,2026-07-18,1713.4,0,33.27,1713.4,Medium Value
5294,Omar Memon,1,1,1712.75,1489.22,223.53,2026-01-29,2026-01-29,1712.75,0,13.05,1712.75,Medium Value
7554,Maryam Shah,1,1,1712.48,1113.52,598.96,2025-02-07,2025-02-07,1712.48,0,34.98,1712.48,Medium Value
9871,Danish Khan,1,1,1711.87,1357.55,354.32,2023-02-02,2023-02-02,1711.87,0,20.7,1711.87,Medium Value
5931,Hassan Iqbal,1,1,1710.17,1170.48,539.69,2026-06-22,2026-06-22,1710.17,0,31.56,1710.17,Medium Value
6880,Saad Ali,1,4,1709.56,1611.64,97.92,2022-05-03,2022-05-03,1709.56,0,5.73,1709.56,Medium Value
9529,Zainab Mirza,1,3,1708.35,1299.66,408.69,2023-06-23,2023-06-23,1708.35,0,23.92,1708.35,Medium Value
8293,Hassan Siddiqui,1,2,1707.4,1451.7,255.7,2022-09-24,2022-09-24,1707.4,0,14.98,1707.4,Medium Value
9394,Hassan Shah,1,2,1707.38,1166.14,541.24,2022-04-08,2022-04-08,1707.38,0,31.7,1707.38,Medium Value
9923,Sana Raza,1,1,1704.82,1475.56,229.26,2024-10-29,2024-10-29,1704.82,0,13.45,1704.82,Medium Value
2481,Omar Sheikh,2,7,1702.5,1529.09,173.41,2022-02-23,2026-03-13,851.25,1479,10.19,1702.5,Medium Value
7257,Hamza Siddiqui,1,3,1700.22,1130.28,569.94,2022-04-03,2022-04-03,1700.22,0,33.52,1700.22,Medium Value
6528,Bilal Khan,1,1,1699.49,1196.4,503.09,2025-11-30,2025-11-30,1699.49,0,29.6,1699.49,Medium Value
7608,Hassan Khan,1,2,1696.18,1452.22,243.96,2022-04-25,2022-04-25,1696.18,0,14.38,1696.18,Medium Value
1196,Fatima Ahmed,2,5,1695.96,1502.11,193.85,2024-07-31,2025-01-28,847.98,181,11.43,1695.96,Medium Value
1430,Sara Siddiqui,1,1,1695.52,1421.38,274.14,2023-09-14,2023-09-14,1695.52,0,16.17,1695.52,Medium Value
1299,Zainab Memon,1,2,1695.46,1210.22,485.24,2024-04-17,2024-04-17,1695.46,0,28.62,1695.46,Medium Value
7156,Hassan Buriro,1,3,1695.03,1526.67,168.36,2022-06-11,2022-06-11,1695.03,0,9.93,1695.03,Medium Value
8500,Omar Khan,1,1,1689.89,1383.17,306.72,2024-03-25,2024-03-25,1689.89,0,18.15,1689.89,Medium Value
9908,Saad Buriro,1,5,1689.65,1553.65,136.0,2026-04-04,2026-04-04,1689.65,0,8.05,1689.65,Medium Value
3659,Hira Chaudhry,1,3,1689.42,1586.4,103.02,2025-04-06,2025-04-06,1689.42,0,6.1,1689.42,Medium Value
6726,Ali Qureshi,1,5,1689.15,1165.1,524.05,2024-08-19,2024-08-19,1689.15,0,31.02,1689.15,Medium Value
7502,Sana Memon,1,4,1688.8,1187.28,501.52,2022-10-17,2022-10-17,1688.8,0,29.7,1688.8,Medium Value
9473,Hussain Khan,1,2,1688.5,1196.42,492.08,2023-09-07,2023-09-07,1688.5,0,29.14,1688.5,Medium Value
6691,Sana Siddiqui,2,5,1687.91,1254.35,433.56,2023-06-01,2025-11-11,843.96,894,25.69,1687.91,Medium Value
9505,Imran Raza,2,4,1687.75,1145.35,542.4,2023-08-26,2024-07-10,843.88,319,32.14,1687.75,Medium Value
3335,Fatima Qureshi,2,4,1686.73,1303.29,383.44,2022-03-23,2025-11-05,843.36,1323,22.73,1686.73,Medium Value
892,Ali Iqbal,1,7,1684.62,1372.77,311.85,2025-06-13,2025-06-13,1684.62,0,18.51,1684.62,Medium Value
9913,Imran Chaudhry,1,7,1683.08,1501.64,181.44,2024-03-23,2024-03-23,1683.08,0,10.78,1683.08,Medium Value
4922,Hira Ahmed,1,3,1683.0,1371.42,311.58,2024-11-05,2024-11-05,1683.0,0,18.51,1683.0,Medium Value
9156,Ali Chaudhry,1,5,1681.85,1174.95,506.9,2026-04-15,2026-04-15,1681.85,0,30.14,1681.85,Medium Value
1640,Saad Memon,1,6,1680.9,1585.26,95.64,2023-01-03,2023-01-03,1680.9,0,5.69,1680.9,Medium Value
3369,Omar Ahmed,1,6,1678.86,1661.34,17.52,2024-09-18,2024-09-18,1678.86,0,1.04,1678.86,Medium Value
3917,Ayesha Sheikh,1,1,1678.81,1212.01,466.8,2025-06-23,2025-06-23,1678.81,0,27.81,1678.81,Medium Value
4862,Hassan Chaudhry,1,7,1678.6,1567.79,110.81,2025-06-28,2025-06-28,1678.6,0,6.6,1678.6,Medium Value
4001,Maryam Memon,1,1,1677.32,1201.88,475.44,2022-12-08,2022-12-08,1677.32,0,28.35,1677.32,Medium Value
7234,Maryam Qureshi,1,3,1674.18,1443.42,230.76,2022-07-21,2022-07-21,1674.18,0,13.78,1674.18,Medium Value
6428,Usman Qureshi,2,3,1673.72,1329.61,344.11,2026-05-12,2026-06-30,836.86,49,20.56,1673.72,Medium Value
2264,Ali Ali,1,4,1669.76,1485.4,184.36,2023-11-15,2023-11-15,1669.76,0,11.04,1669.76,Medium Value
5440,Maham Ahmed,1,2,1668.14,1593.5,74.64,2026-05-27,2026-05-27,1668.14,0,4.47,1668.14,Medium Value
6516,Ali Sheikh,1,2,1665.98,1389.74,276.24,2024-06-30,2024-06-30,1665.98,0,16.58,1665.98,Medium Value
5539,Fatima Qureshi,1,2,1665.3,1117.52,547.78,2023-11-16,2023-11-16,1665.3,0,32.89,1665.3,Medium Value
9796,Usman Hussain,1,2,1665.06,1432.74,232.32,2025-04-29,2025-04-29,1665.06,0,13.95,1665.06,Medium Value
3278,Ayesha Raza,1,3,1663.08,1335.69,327.39,2024-02-22,2024-02-22,1663.08,0,19.69,1663.08,Medium Value
9532,Ali Hussain,2,2,1662.58,1538.73,123.85,2023-08-30,2026-03-16,831.29,929,7.45,1662.58,Medium Value
457,Omar Iqbal,1,1,1662.58,1179.8,482.78,2024-10-15,2024-10-15,1662.58,0,29.04,1662.58,Medium Value
2449,Fahad Raza,2,8,1661.04,1171.35,489.69,2023-09-17,2024-04-10,830.52,206,29.48,1661.04,Medium Value
3916,Hussain Malik,1,2,1659.0,1507.14,151.86,2024-05-24,2024-05-24,1659.0,0,9.15,1659.0,Medium Value
8736,Ahmed Malik,1,2,1658.8,1408.98,249.82,2022-06-20,2022-06-20,1658.8,0,15.06,1658.8,Medium Value
33,Ayesha Malik,2,3,1657.89,1227.53,430.36,2022-12-17,2024-04-07,828.94,477,25.96,1657.89,Medium Value
1436,Bilal Iqbal,1,1,1656.95,1294.19,362.76,2024-10-20,2024-10-20,1656.95,0,21.89,1656.95,Medium Value
452,Usman Chaudhry,1,1,1656.56,1311.87,344.69,2023-07-01,2023-07-01,1656.56,0,20.81,1656.56,Medium Value
7515,Fatima Memon,1,2,1654.96,1593.58,61.38,2026-01-04,2026-01-04,1654.96,0,3.71,1654.96,Medium Value
2863,Usman Malik,1,1,1652.75,1346.99,305.76,2025-09-06,2025-09-06,1652.75,0,18.5,1652.75,Medium Value
2779,Hassan Shah,1,1,1651.79,1124.99,526.8,2025-03-22,2025-03-22,1651.79,0,31.89,1651.79,Medium Value
6991,Imran Ali,1,2,1651.76,1086.06,565.7,2023-06-29,2023-06-29,1651.76,0,34.25,1651.76,Medium Value
3026,Ayesha Ahmed,2,2,1650.53,1584.95,65.58,2024-01-30,2026-01-14,825.27,715,3.97,1650.53,Medium Value
6231,Fatima Chaudhry,1,1,1649.85,1387.04,262.81,2023-07-12,2023-07-12,1649.85,0,15.93,1649.85,Medium Value
9348,Hamza Mirza,1,2,1648.44,1498.48,149.96,2026-02-08,2026-02-08,1648.44,0,9.1,1648.44,Medium Value
379,Sara Qureshi,1,1,1647.37,1209.44,437.93,2025-01-20,2025-01-20,1647.37,0,26.58,1647.37,Medium Value
6155,Danish Siddiqui,2,8,1646.09,1357.96,288.13,2022-06-22,2024-04-01,823.04,649,17.5,1646.09,Medium Value
2036,Ahmed Buriro,1,7,1645.98,1260.0,385.98,2026-03-07,2026-03-07,1645.98,0,23.45,1645.98,Medium Value
7101,Danish Qureshi,1,2,1645.6,1524.68,120.92,2026-05-08,2026-05-08,1645.6,0,7.35,1645.6,Medium Value
5650,Bilal Ahmed,1,2,1644.96,1081.56,563.4,2023-07-12,2023-07-12,1644.96,0,34.25,1644.96,Medium Value
2164,Fahad Siddiqui,1,2,1643.58,1638.28,5.3,2022-01-31,2022-01-31,1643.58,0,0.32,1643.58,Medium Value
7578,Hira Khan,1,1,1642.86,1241.77,401.09,2025-10-15,2025-10-15,1642.86,0,24.41,1642.86,Medium Value
9560,Fatima Memon,1,7,1642.48,1501.64,140.84,2022-08-25,2022-08-25,1642.48,0,8.57,1642.48,Medium Value
1009,Ayesha Memon,2,13,1641.92,1336.68,305.24,2025-01-19,2026-02-24,820.96,401,18.59,1641.92,Medium Value
9683,Imran Iqbal,1,4,1640.2,1413.8,226.4,2026-03-02,2026-03-02,1640.2,0,13.8,1640.2,Medium Value
2438,Hussain Hussain,1,5,1639.6,1699.25,-59.65,2024-07-15,2024-07-15,1639.6,0,-3.64,1639.6,Medium Value
9085,Fahad Khan,1,1,1639.24,1298.02,341.22,2024-08-16,2024-08-16,1639.24,0,20.82,1639.24,Medium Value
6596,Maham Qureshi,1,2,1639.02,1137.96,501.06,2023-02-19,2023-02-19,1639.02,0,30.57,1639.02,Medium Value
1435,Fahad Shah,1,5,1638.3,1177.75,460.55,2024-07-29,2024-07-29,1638.3,0,28.11,1638.3,Medium Value
9548,Fahad Memon,1,4,1636.92,1191.2,445.72,2025-10-28,2025-10-28,1636.92,0,27.23,1636.92,Medium Value
6588,Ali Iqbal,1,1,1635.82,1453.46,182.36,2023-08-12,2023-08-12,1635.82,0,11.15,1635.82,Medium Value
7691,Ali Khan,1,4,1635.12,1274.96,360.16,2025-02-03,2025-02-03,1635.12,0,22.03,1635.12,Medium Value
4530,Saad Raza,1,2,1633.98,1249.56,384.42,2025-12-10,2025-12-10,1633.98,0,23.53,1633.98,Medium Value
351,Zainab Hussain,1,3,1633.95,1044.9,589.05,2026-07-16,2026-07-16,1633.95,0,36.05,1633.95,Medium Value
6646,Ahmed Ali,1,2,1631.46,1509.04,122.42,2025-09-05,2025-09-05,1631.46,0,7.5,1631.46,Medium Value
7128,Danish Siddiqui,1,2,1629.8,1450.56,179.24,2026-04-27,2026-04-27,1629.8,0,11.0,1629.8,Medium Value
8061,Ahmed Hussain,1,3,1629.06,1354.83,274.23,2022-11-03,2022-11-03,1629.06,0,16.83,1629.06,Medium Value
548,Hamza Ali,1,2,1627.32,1237.8,389.52,2023-09-13,2023-09-13,1627.32,0,23.94,1627.32,Medium Value
6803,Bilal Sheikh,1,1,1625.14,1324.68,300.46,2025-04-26,2025-04-26,1625.14,0,18.49,1625.14,Medium Value
1158,Usman Khan,1,4,1624.8,1113.88,510.92,2026-04-21,2026-04-21,1624.8,0,31.45,1624.8,Medium Value
6222,Imran Shah,1,5,1622.5,1286.0,336.5,2026-07-19,2026-07-19,1622.5,0,20.74,1622.5,Medium Value
7112,Sana Raza,1,1,1621.46,1225.8,395.66,2024-11-12,2024-11-12,1621.46,0,24.4,1621.46,Medium Value
9004,Fatima Khan,1,1,1620.84,1236.26,384.58,2023-05-02,2023-05-02,1620.84,0,23.73,1620.84,Medium Value
6608,Hassan Shah,1,2,1619.58,1070.46,549.12,2023-08-18,2023-08-18,1619.58,0,33.91,1619.58,Medium Value
1727,Fatima Qureshi,1,4,1618.72,1200.36,418.36,2023-02-25,2023-02-25,1618.72,0,25.85,1618.72,Medium Value
2063,Maham Sheikh,2,3,1618.11,1457.98,160.13,2024-03-01,2026-03-22,809.06,751,9.9,1618.11,Medium Value
4827,Danish Ahmed,1,1,1618.05,1263.32,354.73,2024-06-09,2024-06-09,1618.05,0,21.92,1618.05,Medium Value
4233,Fatima Memon,1,7,1616.44,1491.56,124.88,2026-04-27,2026-04-27,1616.44,0,7.73,1616.44,Medium Value
3333,Hira Khan,1,3,1614.96,1303.68,311.28,2024-12-16,2024-12-16,1614.96,0,19.27,1614.96,Medium Value
9657,Ahmed Siddiqui,1,2,1610.54,1267.34,343.2,2024-11-07,2024-11-07,1610.54,0,21.31,1610.54,Medium Value
393,Fatima Raza,1,2,1609.68,1344.1,265.58,2025-06-23,2025-06-23,1609.68,0,16.5,1609.68,Medium Value
6260,Sara Shah,2,8,1607.67,1162.44,445.23,2023-04-09,2024-11-21,803.84,592,27.69,1607.67,Medium Value
8950,Ayesha Ahmed,1,7,1605.03,1114.61,490.42,2025-09-20,2025-09-20,1605.03,0,30.56,1605.03,Medium Value
2028,Ali Qureshi,1,6,1602.24,1263.72,338.52,2022-09-02,2022-09-02,1602.24,0,21.13,1602.24,Medium Value
5480,Hira Iqbal,1,2,1600.56,1271.92,328.64,2023-04-21,2023-04-21,1600.56,0,20.53,1600.56,Medium Value
2229,Sana Khan,1,6,1600.38,1417.92,182.46,2023-11-17,2023-11-17,1600.38,0,11.4,1600.38,Medium Value
63,Fahad Raza,1,1,1600.25,1225.19,375.06,2023-02-19,2023-02-19,1600.25,0,23.44,1600.25,Medium Value
7863,Hira Ali,1,1,1599.0,1427.52,171.48,2023-08-26,2023-08-26,1599.0,0,10.72,1599.0,Medium Value
8770,Maryam Ali,1,3,1597.74,1301.94,295.8,2022-12-27,2022-12-27,1597.74,0,18.51,1597.74,Medium Value
1840,Zainab Buriro,1,3,1597.35,1421.79,175.56,2023-11-13,2023-11-13,1597.35,0,10.99,1597.35,Medium Value
1836,Hassan Ali,2,4,1597.06,1271.83,325.23,2023-12-20,2024-03-08,798.53,79,20.36,1597.06,Medium Value
2030,Usman Raza,1,2,1594.16,1319.32,274.84,2022-01-06,2022-01-06,1594.16,0,17.24,1594.16,Medium Value
3794,Danish Ahmed,1,7,1593.13,1355.41,237.72,2026-03-28,2026-03-28,1593.13,0,14.92,1593.13,Medium Value
8941,Hira Ahmed,1,2,1592.16,1061.9,530.26,2023-08-18,2023-08-18,1592.16,0,33.3,1592.16,Medium Value
9918,Bilal Siddiqui,1,2,1591.96,1366.14,225.82,2025-05-25,2025-05-25,1591.96,0,14.19,1591.96,Medium Value
6160,Hamza Chaudhry,1,6,1591.74,1162.86,428.88,2025-04-18,2025-04-18,1591.74,0,26.94,1591.74,Medium Value
6496,Ahmed Khan,1,1,1591.7,1345.13,246.57,2025-01-02,2025-01-02,1591.7,0,15.49,1591.7,Medium Value
7263,Imran Raza,1,2,1591.64,1112.68,478.96,2022-01-12,2022-01-12,1591.64,0,30.09,1591.64,Medium Value
9679,Fatima Siddiqui,1,1,1591.0,1231.87,359.13,2024-11-06,2024-11-06,1591.0,0,22.57,1591.0,Medium Value
5408,Hussain Ahmed,1,5,1590.45,1480.15,110.3,2024-11-06,2024-11-06,1590.45,0,6.94,1590.45,Medium Value
8599,Hira Siddiqui,1,1,1588.21,1079.8,508.41,2025-03-15,2025-03-15,1588.21,0,32.01,1588.21,Medium Value
7182,Danish Siddiqui,1,4,1588.08,1486.2,101.88,2025-02-19,2025-02-19,1588.08,0,6.42,1588.08,Medium Value
7358,Bilal Ahmed,1,2,1587.16,1337.56,249.6,2026-03-30,2026-03-30,1587.16,0,15.73,1587.16,Medium Value
3903,Maham Memon,2,2,1585.64,1395.38,190.26,2023-06-20,2025-02-19,792.82,610,12.0,1585.64,Medium Value
9167,Imran Hussain,1,2,1583.78,1453.92,129.86,2024-07-04,2024-07-04,1583.78,0,8.2,1583.78,Medium Value
3958,Hassan Iqbal,1,3,1582.32,1472.49,109.83,2024-04-07,2024-04-07,1582.32,0,6.94,1582.32,Medium Value
8698,Fatima Qureshi,1,4,1581.16,1119.44,461.72,2022-07-22,2022-07-22,1581.16,0,29.2,1581.16,Medium Value
1922,Sana Malik,2,6,1580.78,1402.36,178.42,2022-03-17,2022-05-15,790.39,59,11.29,1580.78,Medium Value
310,Ahmed Ahmed,1,7,1575.35,1289.54,285.81,2022-12-24,2022-12-24,1575.35,0,18.14,1575.35,Medium Value
9359,Sana Hussain,1,1,1574.28,1160.41,413.87,2026-03-26,2026-03-26,1574.28,0,26.29,1574.28,Medium Value
4022,Saad Ahmed,1,1,1573.93,1345.9,228.03,2023-05-04,2023-05-04,1573.93,0,14.49,1573.93,Medium Value
8009,Ayesha Mirza,1,1,1571.45,1148.93,422.52,2023-07-15,2023-07-15,1571.45,0,26.89,1571.45,Medium Value
3103,Ahmed Iqbal,1,5,1569.3,1347.8,221.5,2022-06-10,2022-06-10,1569.3,0,14.11,1569.3,Medium Value
1550,Hussain Malik,1,2,1568.08,1087.3,480.78,2023-05-09,2023-05-09,1568.08,0,30.66,1568.08,Medium Value
2308,Sana Siddiqui,1,2,1566.52,1062.64,503.88,2024-03-29,2024-03-29,1566.52,0,32.17,1566.52,Medium Value
6265,Sara Siddiqui,2,5,1564.51,1393.4,171.11,2022-02-22,2024-05-26,782.26,824,10.94,1564.51,Medium Value
9868,Hamza Buriro,1,2,1564.18,1175.34,388.84,2025-05-12,2025-05-12,1564.18,0,24.86,1564.18,Medium Value
8411,Saad Memon,1,4,1562.36,1513.08,49.28,2025-09-09,2025-09-09,1562.36,0,3.15,1562.36,Medium Value
2423,Maham Buriro,1,3,1561.8,1184.01,377.79,2022-02-15,2022-02-15,1561.8,0,24.19,1561.8,Medium Value
5291,Sara Malik,1,2,1561.34,1175.14,386.2,2024-09-19,2024-09-19,1561.34,0,24.74,1561.34,Medium Value
9344,Omar Shah,1,5,1554.2,1049.65,504.55,2024-12-12,2024-12-12,1554.2,0,32.46,1554.2,Medium Value
5365,Fatima Chaudhry,1,7,1553.3,1483.51,69.79,2025-01-13,2025-01-13,1553.3,0,4.49,1553.3,Medium Value
8699,Zainab Ahmed,1,7,1553.02,1067.43,485.59,2024-09-27,2024-09-27,1553.02,0,31.27,1553.02,Medium Value
5715,Maryam Ali,1,5,1551.75,1210.9,340.85,2023-06-04,2023-06-04,1551.75,0,21.97,1551.75,Medium Value
7563,Hassan Ali,1,2,1550.92,1210.22,340.7,2024-01-29,2024-01-29,1550.92,0,21.97,1550.92,Medium Value
640,Ali Mirza,1,4,1550.16,1152.4,397.76,2025-07-15,2025-07-15,1550.16,0,25.66,1550.16,Medium Value
6316,Ali Sheikh,1,3,1548.69,1154.13,394.56,2022-01-28,2022-01-28,1548.69,0,25.48,1548.69,Medium Value
2869,Bilal Chaudhry,1,1,1546.87,1094.3,452.57,2025-05-06,2025-05-06,1546.87,0,29.26,1546.87,Medium Value
6424,Ayesha Buriro,1,5,1544.3,1245.5,298.8,2023-03-25,2023-03-25,1544.3,0,19.35,1544.3,Medium Value
1775,Hamza Hussain,1,5,1543.95,1077.5,466.45,2022-09-27,2022-09-27,1543.95,0,30.21,1543.95,Medium Value
5181,Ayesha Hussain,1,1,1543.78,1014.13,529.65,2024-01-10,2024-01-10,1543.78,0,34.31,1543.78,Medium Value
7633,Imran Chaudhry,2,5,1543.42,1273.28,270.14,2022-08-02,2022-09-16,771.71,45,17.5,1543.42,Medium Value
6882,Fahad Hussain,1,6,1541.94,1347.36,194.58,2022-02-02,2022-02-02,1541.94,0,12.62,1541.94,Medium Value
8163,Hussain Shah,1,4,1538.64,1132.44,406.2,2025-07-07,2025-07-07,1538.64,0,26.4,1538.64,Medium Value
7425,Hussain Buriro,1,2,1536.98,1069.12,467.86,2022-03-12,2022-03-12,1536.98,0,30.44,1536.98,Medium Value
3035,Hassan Iqbal,1,1,1533.71,985.69,548.02,2024-04-03,2024-04-03,1533.71,0,35.73,1533.71,Medium Value
8083,Hamza Ali,1,1,1532.74,1178.22,354.52,2023-12-13,2023-12-13,1532.74,0,23.13,1532.74,Medium Value
9345,Sara Hussain,1,1,1530.87,1384.91,145.96,2025-11-23,2025-11-23,1530.87,0,9.53,1530.87,Medium Value
9574,Bilal Memon,1,1,1530.39,1146.74,383.65,2023-04-24,2023-04-24,1530.39,0,25.07,1530.39,Medium Value
904,Ali Sheikh,1,4,1529.64,1253.44,276.2,2025-09-01,2025-09-01,1529.64,0,18.06,1529.64,Medium Value
3421,Bilal Mirza,1,2,1525.38,1007.8,517.58,2025-04-04,2025-04-04,1525.38,0,33.93,1525.38,Medium Value
7951,Saad Hussain,1,4,1522.12,1148.44,373.68,2026-02-22,2026-02-22,1522.12,0,24.55,1522.12,Medium Value
2215,Maham Chaudhry,1,3,1521.9,1232.64,289.26,2024-01-09,2024-01-09,1521.9,0,19.01,1521.9,Medium Value
2668,Maryam Ali,1,3,1521.63,1354.98,166.65,2024-01-22,2024-01-22,1521.63,0,10.95,1521.63,Medium Value
1115,Bilal Iqbal,1,5,1520.65,1224.4,296.25,2023-11-05,2023-11-05,1520.65,0,19.48,1520.65,Medium Value
9134,Hassan Raza,1,6,1520.04,1210.62,309.42,2022-10-15,2022-10-15,1520.04,0,20.36,1520.04,Medium Value
6546,Ahmed Mirza,1,1,1519.33,1275.02,244.31,2024-03-17,2024-03-17,1519.33,0,16.08,1519.33,Medium Value
6626,Usman Chaudhry,1,2,1517.58,1450.84,66.74,2025-11-08,2025-11-08,1517.58,0,4.4,1517.58,Medium Value
6238,Danish Memon,1,2,1513.44,1201.62,311.82,2024-04-14,2024-04-14,1513.44,0,20.6,1513.44,Medium Value
4673,Saad Khan,1,3,1512.24,1092.12,420.12,2022-08-14,2022-08-14,1512.24,0,27.78,1512.24,Medium Value
1787,Hira Malik,2,9,1510.29,1125.81,384.48,2023-08-02,2025-10-25,755.14,815,25.46,1510.29,Medium Value
5540,Sara Khan,2,2,1509.34,1048.9,460.44,2022-02-17,2024-09-18,754.67,944,30.51,1509.34,Medium Value
4260,Imran Malik,1,2,1508.3,1508.26,0.04,2022-02-01,2022-02-01,1508.3,0,0.0,1508.3,Medium Value
2119,Imran Ali,1,3,1508.13,1020.54,487.59,2023-06-22,2023-06-22,1508.13,0,32.33,1508.13,Medium Value
2992,Imran Mirza,1,4,1504.88,1538.2,-33.32,2023-07-24,2023-07-24,1504.88,0,-2.21,1504.88,Medium Value
7841,Imran Chaudhry,1,3,1504.83,1150.53,354.3,2022-11-08,2022-11-08,1504.83,0,23.54,1504.83,Medium Value
545,Hira Ahmed,1,7,1503.81,1169.91,333.9,2024-03-22,2024-03-22,1503.81,0,22.2,1503.81,Medium Value
4105,Hamza Chaudhry,1,1,1499.99,1047.56,452.43,2022-02-17,2022-02-17,1499.99,0,30.16,1499.99,Medium Value
653,Maryam Memon,2,7,1497.7,1361.28,136.42,2023-06-08,2025-12-27,748.85,933,9.11,1497.7,Medium Value
8440,Hussain Ahmed,2,7,1496.76,945.13,551.63,2023-07-07,2023-09-01,748.38,56,36.85,1496.76,Medium Value
6133,Hamza Memon,1,1,1494.78,1209.5,285.28,2026-06-14,2026-06-14,1494.78,0,19.09,1494.78,Medium Value
8879,Maryam Ahmed,1,5,1494.35,1576.2,-81.85,2024-08-06,2024-08-06,1494.35,0,-5.48,1494.35,Medium Value
757,Sara Malik,2,11,1493.51,1071.72,421.79,2024-10-18,2025-04-21,746.76,185,28.24,1493.51,Medium Value
2382,Ahmed Shah,1,7,1490.93,1122.24,368.69,2023-03-18,2023-03-18,1490.93,0,24.73,1490.93,Medium Value
677,Fatima Chaudhry,1,3,1490.52,1180.56,309.96,2024-04-03,2024-04-03,1490.52,0,20.8,1490.52,Medium Value
9510,Ahmed Ali,1,1,1489.82,1248.9,240.92,2023-03-23,2023-03-23,1489.82,0,16.17,1489.82,Medium Value
9336,Hussain Mirza,1,4,1487.68,1041.28,446.4,2026-01-16,2026-01-16,1487.68,0,30.01,1487.68,Medium Value
20,Bilal Hussain,1,6,1486.74,1047.72,439.02,2025-08-14,2025-08-14,1486.74,0,29.53,1486.74,Medium Value
5892,Danish Raza,1,1,1486.12,1179.67,306.45,2023-05-28,2023-05-28,1486.12,0,20.62,1486.12,Medium Value
4410,Maham Ahmed,1,3,1485.78,1177.62,308.16,2023-10-16,2023-10-16,1485.78,0,20.74,1485.78,Medium Value
1064,Hamza Hussain,1,3,1484.61,1071.24,413.37,2024-05-09,2024-05-09,1484.61,0,27.84,1484.61,Medium Value
5564,Bilal Ahmed,1,1,1483.44,1259.62,223.82,2022-10-07,2022-10-07,1483.44,0,15.09,1483.44,Medium Value
9735,Ali Ali,1,1,1482.9,1325.66,157.24,2025-05-06,2025-05-06,1482.9,0,10.6,1482.9,Medium Value
1738,Bilal Shah,1,1,1482.02,1045.63,436.39,2022-05-06,2022-05-06,1482.02,0,29.45,1482.02,Medium Value
8472,Usman Mirza,1,7,1480.92,1364.37,116.55,2026-01-03,2026-01-03,1480.92,0,7.87,1480.92,Medium Value
7143,Usman Buriro,1,2,1480.0,1274.28,205.72,2025-11-17,2025-11-17,1480.0,0,13.9,1480.0,Medium Value
6330,Ahmed Shah,1,3,1479.78,961.32,518.46,2026-01-17,2026-01-17,1479.78,0,35.04,1479.78,Medium Value
5541,Ahmed Iqbal,1,1,1475.07,1449.59,25.48,2022-02-18,2022-02-18,1475.07,0,1.73,1475.07,Medium Value
6234,Danish Shah,2,2,1472.87,1031.8,441.07,2023-01-09,2024-03-11,736.44,427,29.95,1472.87,Medium Value
6067,Hamza Sheikh,1,2,1471.16,1012.5,458.66,2025-11-04,2025-11-04,1471.16,0,31.18,1471.16,Medium Value
2513,Fahad Ali,1,1,1470.43,1394.43,76.0,2022-04-30,2022-04-30,1470.43,0,5.17,1470.43,Medium Value
684,Hamza Siddiqui,1,1,1468.02,1160.41,307.61,2025-11-26,2025-11-26,1468.02,0,20.95,1468.02,Medium Value
5589,Sana Sheikh,1,4,1465.52,1052.16,413.36,2025-09-01,2025-09-01,1465.52,0,28.21,1465.52,Medium Value
1491,Sara Khan,1,1,1464.82,997.08,467.74,2022-11-28,2022-11-28,1464.82,0,31.93,1464.82,Medium Value
3231,Hussain Siddiqui,1,6,1463.4,1346.16,117.24,2024-01-12,2024-01-12,1463.4,0,8.01,1463.4,Medium Value
7311,Usman Qureshi,1,4,1462.8,1187.8,275.0,2023-11-07,2023-11-07,1462.8,0,18.8,1462.8,Medium Value
5732,Sana Chaudhry,1,1,1462.7,1053.59,409.11,2026-05-14,2026-05-14,1462.7,0,27.97,1462.7,Medium Value
2181,Ali Buriro,1,1,1462.52,1038.8,423.72,2022-01-01,2022-01-01,1462.52,0,28.97,1462.52,Medium Value
6996,Hussain Mirza,1,7,1462.44,1170.68,291.76,2023-05-24,2023-05-24,1462.44,0,19.95,1462.44,Medium Value
7643,Ahmed Malik,1,1,1462.39,1385.52,76.87,2022-03-24,2022-03-24,1462.39,0,5.26,1462.39,Medium Value
715,Bilal Buriro,1,1,1459.69,1344.45,115.24,2022-03-17,2022-03-17,1459.69,0,7.89,1459.69,Medium Value
4872,Zainab Shah,1,1,1457.68,1302.16,155.52,2026-01-06,2026-01-06,1457.68,0,10.67,1457.68,Medium Value
3174,Sana Iqbal,2,3,1457.23,1137.63,319.6,2023-02-11,2026-01-27,728.62,1081,21.93,1457.23,Medium Value
4180,Hira Chaudhry,1,6,1455.96,1251.54,204.42,2026-04-21,2026-04-21,1455.96,0,14.04,1455.96,Medium Value
5638,Hassan Memon,1,1,1454.07,1322.11,131.96,2023-08-21,2023-08-21,1454.07,0,9.08,1454.07,Medium Value
7272,Sana Chaudhry,1,3,1453.83,1349.52,104.31,2023-03-26,2023-03-26,1453.83,0,7.17,1453.83,Medium Value
7564,Ahmed Siddiqui,1,4,1448.68,940.08,508.6,2022-05-13,2022-05-13,1448.68,0,35.11,1448.68,Medium Value
108,Sara Malik,1,3,1448.34,936.9,511.44,2022-12-25,2022-12-25,1448.34,0,35.31,1448.34,Medium Value
3943,Danish Ahmed,1,1,1445.91,1113.01,332.9,2025-02-07,2025-02-07,1445.91,0,23.02,1445.91,Medium Value
8876,Danish Malik,1,2,1445.42,1061.9,383.52,2026-07-22,2026-07-22,1445.42,0,26.53,1445.42,Medium Value
8447,Hassan Siddiqui,1,2,1444.94,1079.58,365.36,2023-08-07,2023-08-07,1444.94,0,25.29,1444.94,Medium Value
7351,Ahmed Khan,1,4,1444.72,1228.84,215.88,2025-12-04,2025-12-04,1444.72,0,14.94,1444.72,Medium Value
7681,Omar Iqbal,1,1,1443.09,1333.93,109.16,2023-08-13,2023-08-13,1443.09,0,7.56,1443.09,Medium Value
6055,Bilal Khan,1,2,1442.28,1279.0,163.28,2024-12-21,2024-12-21,1442.28,0,11.32,1442.28,Medium Value
4943,Usman Raza,1,1,1442.27,1433.45,8.82,2024-09-29,2024-09-29,1442.27,0,0.61,1442.27,Medium Value
4478,Fahad Shah,1,1,1442.12,1446.77,-4.65,2022-12-23,2022-12-23,1442.12,0,-0.32,1442.12,Medium Value
3020,Ayesha Shah,1,1,1442.04,1226.93,215.11,2026-08-14,2026-08-14,1442.04,0,14.92,1442.04,Medium Value
3870,Hira Sheikh,1,1,1441.81,1431.98,9.83,2023-06-10,2023-06-10,1441.81,0,0.68,1441.81,Medium Value
1477,Imran Siddiqui,2,8,1441.13,1161.96,279.17,2025-05-12,2026-03-07,720.56,299,19.37,1441.13,Medium Value
4176,Hassan Raza,2,4,1440.95,1166.32,274.63,2024-02-18,2024-08-08,720.48,172,19.06,1440.95,Medium Value
6162,Ali Raza,1,1,1440.83,1304.24,136.59,2022-09-07,2022-09-07,1440.83,0,9.48,1440.83,Medium Value
6460,Ahmed Memon,1,7,1440.53,1262.87,177.66,2022-12-21,2022-12-21,1440.53,0,12.33,1440.53,Medium Value
5954,Danish Khan,2,6,1439.84,1326.76,113.08,2025-03-12,2026-02-28,719.92,353,7.85,1439.84,Medium Value
1660,Bilal Khan,1,4,1438.96,1287.52,151.44,2022-06-21,2022-06-21,1438.96,0,10.52,1438.96,Medium Value
4811,Hussain Sheikh,1,4,1437.6,1042.4,395.2,2024-12-08,2024-12-08,1437.6,0,27.49,1437.6,Medium Value
443,Danish Buriro,1,4,1434.52,1122.32,312.2,2022-12-06,2022-12-06,1434.52,0,21.76,1434.52,Medium Value
636,Omar Ali,1,6,1432.44,1300.2,132.24,2025-12-30,2025-12-30,1432.44,0,9.23,1432.44,Medium Value
6782,Ahmed Qureshi,1,2,1431.96,1135.78,296.18,2023-01-22,2023-01-22,1431.96,0,20.68,1431.96,Medium Value
8666,Fatima Hussain,1,3,1431.24,971.43,459.81,2024-07-30,2024-07-30,1431.24,0,32.13,1431.24,Medium Value
4147,Ahmed Khan,1,1,1431.06,1025.65,405.41,2025-02-27,2025-02-27,1431.06,0,28.33,1431.06,Medium Value
5446,Fatima Malik,2,4,1430.93,990.2,440.73,2025-06-20,2025-08-21,715.46,62,30.8,1430.93,Medium Value
2170,Sara Sheikh,2,3,1430.9,1334.03,96.87,2023-06-16,2025-11-25,715.45,893,6.77,1430.9,Medium Value
6081,Ahmed Ahmed,1,1,1430.65,1074.02,356.63,2023-04-11,2023-04-11,1430.65,0,24.93,1430.65,Medium Value
2488,Danish Mirza,1,5,1427.2,907.9,519.3,2022-12-25,2022-12-25,1427.2,0,36.39,1427.2,Medium Value
447,Zainab Iqbal,2,6,1426.05,1053.24,372.81,2023-02-05,2026-07-12,713.03,1253,26.14,1426.05,Medium Value
6760,Fahad Shah,1,2,1423.36,1191.78,231.58,2025-10-12,2025-10-12,1423.36,0,16.27,1423.36,Medium Value
8654,Ayesha Ali,1,3,1421.49,974.46,447.03,2023-02-23,2023-02-23,1421.49,0,31.45,1421.49,Medium Value
9784,Sara Shah,1,7,1417.78,957.11,460.67,2024-05-30,2024-05-30,1417.78,0,32.49,1417.78,Medium Value
7356,Fahad Qureshi,1,2,1416.74,951.76,464.98,2022-05-29,2022-05-29,1416.74,0,32.82,1416.74,Medium Value
1583,Hassan Siddiqui,2,8,1414.6,1126.48,288.12,2025-03-23,2025-05-09,707.3,47,20.37,1414.6,Medium Value
5474,Maham Shah,1,4,1414.04,1328.4,85.64,2025-03-31,2025-03-31,1414.04,0,6.06,1414.04,Medium Value
9852,Ayesha Memon,2,2,1412.73,1186.99,225.74,2022-12-09,2024-09-18,706.36,649,15.98,1412.73,Medium Value
5873,Sana Ali,1,2,1411.3,1136.96,274.34,2024-08-25,2024-08-25,1411.3,0,19.44,1411.3,Medium Value
3324,Hassan Mirza,1,2,1410.72,1100.34,310.38,2023-04-30,2023-04-30,1410.72,0,22.0,1410.72,Medium Value
617,Saad Buriro,1,4,1408.48,1106.8,301.68,2023-07-08,2023-07-08,1408.48,0,21.42,1408.48,Medium Value
2529,Imran Mirza,2,7,1404.55,1150.11,254.44,2022-12-24,2025-09-17,702.28,998,18.12,1404.55,Medium Value
9833,Hira Memon,1,3,1403.16,1349.52,53.64,2022-05-07,2022-05-07,1403.16,0,3.82,1403.16,Medium Value
9009,Fahad Memon,1,1,1402.87,1121.9,280.97,2024-10-06,2024-10-06,1402.87,0,20.03,1402.87,Medium Value
419,Danish Ahmed,1,2,1402.46,1055.26,347.2,2024-07-28,2024-07-28,1402.46,0,24.76,1402.46,Medium Value
7240,Omar Mirza,1,1,1402.36,1181.69,220.67,2025-04-19,2025-04-19,1402.36,0,15.74,1402.36,Medium Value
5698,Sana Chaudhry,1,5,1401.95,1194.05,207.9,2025-11-10,2025-11-10,1401.95,0,14.83,1401.95,Medium Value
5682,Zainab Qureshi,1,4,1401.72,1192.24,209.48,2025-09-16,2025-09-16,1401.72,0,14.94,1401.72,Medium Value
1333,Usman Raza,1,1,1401.6,1365.15,36.45,2022-04-06,2022-04-06,1401.6,0,2.6,1401.6,Medium Value
9443,Zainab Memon,1,5,1401.45,958.0,443.45,2024-05-10,2024-05-10,1401.45,0,31.64,1401.45,Medium Value
929,Omar Raza,1,5,1401.4,897.6,503.8,2024-07-07,2024-07-07,1401.4,0,35.95,1401.4,Medium Value
3025,Hussain Malik,1,3,1400.58,1126.92,273.66,2022-11-04,2022-11-04,1400.58,0,19.54,1400.58,Medium Value
5794,Hussain Ali,2,3,1398.75,1280.54,118.21,2022-08-27,2026-01-15,699.38,1237,8.45,1398.75,Medium Value
9721,Ahmed Memon,1,1,1397.18,1042.49,354.69,2026-03-12,2026-03-12,1397.18,0,25.39,1397.18,Medium Value
2873,Ali Khan,1,5,1395.55,905.1,490.45,2022-09-09,2022-09-09,1395.55,0,35.14,1395.55,Medium Value
9651,Ali Mirza,1,1,1395.13,1422.38,-27.25,2025-08-17,2025-08-17,1395.13,0,-1.95,1395.13,Medium Value
5361,Ayesha Hussain,1,3,1393.41,1293.54,99.87,2024-08-14,2024-08-14,1393.41,0,7.17,1393.41,Medium Value
5242,Saad Malik,1,2,1392.74,1143.72,249.02,2026-07-07,2026-07-07,1392.74,0,17.88,1392.74,Medium Value
9592,Fatima Ali,1,3,1391.85,1026.45,365.4,2024-07-06,2024-07-06,1391.85,0,26.25,1391.85,Medium Value
342,Saad Iqbal,1,1,1391.79,981.59,410.2,2025-08-05,2025-08-05,1391.79,0,29.47,1391.79,Medium Value
4643,Ali Sheikh,1,2,1391.74,1034.46,357.28,2024-08-21,2024-08-21,1391.74,0,25.67,1391.74,Medium Value
1716,Usman Buriro,1,1,1388.65,1163.08,225.57,2024-05-25,2024-05-25,1388.65,0,16.24,1388.65,Medium Value
6369,Omar Raza,1,4,1388.12,996.4,391.72,2026-08-02,2026-08-02,1388.12,0,28.22,1388.12,Medium Value
1063,Sara Shah,1,2,1387.7,1338.86,48.84,2024-02-20,2024-02-20,1387.7,0,3.52,1387.7,Medium Value
9750,Maryam Ali,2,6,1385.87,1196.72,189.15,2023-09-11,2025-01-17,692.94,494,13.65,1385.87,Medium Value
7595,Usman Hussain,1,3,1384.26,1333.83,50.43,2026-04-25,2026-04-25,1384.26,0,3.64,1384.26,Medium Value
2919,Fahad Khan,1,6,1382.7,988.92,393.78,2026-04-09,2026-04-09,1382.7,0,28.48,1382.7,Medium Value
3253,Ayesha Malik,1,7,1381.1,918.96,462.14,2023-01-25,2023-01-25,1381.1,0,33.46,1381.1,Medium Value
4603,Maryam Iqbal,1,1,1380.9,873.79,507.11,2024-02-19,2024-02-19,1380.9,0,36.72,1380.9,Medium Value
9964,Hassan Iqbal,1,1,1380.73,1081.13,299.6,2025-05-20,2025-05-20,1380.73,0,21.7,1380.73,Medium Value
1190,Saad Hussain,2,4,1379.39,1176.27,203.12,2022-04-21,2025-04-07,689.7,1082,14.73,1379.39,Medium Value
8900,Fahad Ahmed,1,5,1379.15,1199.15,180.0,2023-03-16,2023-03-16,1379.15,0,13.05,1379.15,Medium Value
4886,Hassan Mirza,1,2,1376.88,1110.3,266.58,2023-03-01,2023-03-01,1376.88,0,19.36,1376.88,Medium Value
5651,Saad Chaudhry,1,2,1374.36,1034.98,339.38,2026-07-17,2026-07-17,1374.36,0,24.69,1374.36,Medium Value
1839,Omar Buriro,1,2,1374.16,1053.06,321.1,2025-11-10,2025-11-10,1374.16,0,23.37,1374.16,Medium Value
590,Bilal Khan,1,3,1374.12,1148.31,225.81,2026-07-11,2026-07-11,1374.12,0,16.43,1374.12,Medium Value
8722,Bilal Sheikh,1,1,1371.94,1022.13,349.81,2022-05-21,2022-05-21,1371.94,0,25.5,1371.94,Medium Value
5951,Imran Qureshi,2,3,1370.5,1051.92,318.58,2022-03-17,2025-05-11,685.25,1151,23.25,1370.5,Medium Value
4213,Ahmed Siddiqui,1,5,1369.85,1199.15,170.7,2024-08-08,2024-08-08,1369.85,0,12.46,1369.85,Medium Value
2637,Usman Siddiqui,1,4,1369.84,893.6,476.24,2025-07-29,2025-07-29,1369.84,0,34.77,1369.84,Medium Value
5990,Saad Sheikh,1,1,1369.15,1208.55,160.6,2025-02-04,2025-02-04,1369.15,0,11.73,1369.15,Medium Value
6034,Bilal Khan,1,1,1369.04,907.11,461.93,2026-03-25,2026-03-25,1369.04,0,33.74,1369.04,Medium Value
7884,Sara Memon,1,6,1368.54,906.06,462.48,2026-04-04,2026-04-04,1368.54,0,33.79,1368.54,Medium Value
2994,Imran Raza,1,5,1366.75,1058.7,308.05,2022-07-09,2022-07-09,1366.75,0,22.54,1366.75,Medium Value
8889,Danish Buriro,1,2,1365.52,864.14,501.38,2026-02-24,2026-02-24,1365.52,0,36.72,1365.52,Medium Value
2948,Zainab Buriro,1,6,1365.48,895.26,470.22,2023-08-15,2023-08-15,1365.48,0,34.44,1365.48,Medium Value
3915,Sana Qureshi,1,4,1365.28,1114.12,251.16,2024-01-05,2024-01-05,1365.28,0,18.4,1365.28,Medium Value
8125,Imran Iqbal,1,1,1364.12,1014.03,350.09,2024-03-16,2024-03-16,1364.12,0,25.66,1364.12,Medium Value
7051,Saad Iqbal,2,2,1363.14,1173.96,189.18,2022-02-26,2024-04-21,681.57,785,13.88,1363.14,Medium Value
8704,Hira Qureshi,2,2,1357.1,1044.93,312.17,2024-08-01,2025-04-17,678.55,259,23.0,1357.1,Medium Value
1260,Hassan Iqbal,1,1,1354.81,1133.71,221.1,2025-04-02,2025-04-02,1354.81,0,16.32,1354.81,Medium Value
1965,Hira Buriro,1,1,1347.04,1360.23,-13.19,2024-08-25,2024-08-25,1347.04,0,-0.98,1347.04,Medium Value
3778,Maryam Ali,1,1,1347.0,876.45,470.55,2024-01-01,2024-01-01,1347.0,0,34.93,1347.0,Medium Value
1754,Danish Mirza,2,3,1345.65,1144.09,201.56,2023-09-23,2025-10-06,672.82,744,14.98,1345.65,Medium Value
1512,Omar Ahmed,1,3,1344.12,1043.82,300.3,2024-11-05,2024-11-05,1344.12,0,22.34,1344.12,Medium Value
94,Hussain Qureshi,1,1,1343.3,1242.26,101.04,2026-03-30,2026-03-30,1343.3,0,7.52,1343.3,Medium Value
5893,Hamza Sheikh,1,7,1343.16,1250.9,92.26,2024-02-24,2024-02-24,1343.16,0,6.87,1343.16,Medium Value
5583,Sana Malik,1,3,1341.15,1299.51,41.64,2022-05-15,2022-05-15,1341.15,0,3.1,1341.15,Medium Value
9905,Maryam Raza,1,1,1340.19,1053.35,286.84,2025-04-08,2025-04-08,1340.19,0,21.4,1340.19,Medium Value
8038,Ali Sheikh,2,3,1339.6,1234.44,105.16,2022-01-01,2022-08-02,669.8,213,7.85,1339.6,Medium Value
1891,Ahmed Shah,1,5,1338.95,1135.5,203.45,2022-11-19,2022-11-19,1338.95,0,15.19,1338.95,Medium Value
3581,Ali Buriro,1,4,1336.88,931.12,405.76,2025-06-28,2025-06-28,1336.88,0,30.35,1336.88,Medium Value
2484,Usman Qureshi,2,6,1336.58,1079.4,257.18,2024-06-17,2024-11-12,668.29,148,19.24,1336.58,Medium Value
2575,Omar Raza,1,1,1336.02,898.77,437.25,2023-12-22,2023-12-22,1336.02,0,32.73,1336.02,Medium Value
6252,Hussain Shah,1,1,1334.71,990.84,343.87,2024-07-26,2024-07-26,1334.71,0,25.76,1334.71,Medium Value
7185,Usman Ali,1,1,1334.34,1327.64,6.7,2022-04-20,2022-04-20,1334.34,0,0.5,1334.34,Medium Value
4281,Saad Khan,1,1,1334.28,1143.73,190.55,2023-03-31,2023-03-31,1334.28,0,14.28,1334.28,Medium Value
6078,Hira Qureshi,2,2,1334.09,1322.46,11.63,2024-04-03,2026-05-04,667.04,761,0.87,1334.09,Medium Value
6389,Imran Iqbal,1,2,1333.96,1041.24,292.72,2023-04-03,2023-04-03,1333.96,0,21.94,1333.96,Medium Value
4513,Fahad Chaudhry,1,3,1333.17,1299.93,33.24,2023-02-04,2023-02-04,1333.17,0,2.49,1333.17,Medium Value
1633,Zainab Hussain,1,1,1329.21,885.31,443.9,2025-06-24,2025-06-24,1329.21,0,33.4,1329.21,Medium Value
4422,Maryam Ahmed,2,4,1327.74,1269.92,57.82,2024-06-25,2025-10-17,663.87,479,4.35,1327.74,Medium Value
842,Ali Buriro,1,6,1323.54,1107.84,215.7,2024-07-27,2024-07-27,1323.54,0,16.3,1323.54,Medium Value
4466,Fahad Ahmed,1,1,1322.25,1351.31,-29.06,2024-12-19,2024-12-19,1322.25,0,-2.2,1322.25,Medium Value
570,Sara Raza,1,7,1322.02,1250.9,71.12,2026-05-17,2026-05-17,1322.02,0,5.38,1322.02,Medium Value
3200,Sana Chaudhry,2,3,1318.92,974.16,344.76,2023-07-13,2024-08-04,659.46,388,26.14,1318.92,Medium Value
1607,Hamza Iqbal,1,1,1316.91,1008.32,308.59,2025-04-09,2025-04-09,1316.91,0,23.43,1316.91,Medium Value
242,Bilal Buriro,1,3,1316.52,980.22,336.3,2022-12-25,2022-12-25,1316.52,0,25.54,1316.52,Medium Value
4362,Maham Raza,2,13,1313.08,1263.17,49.91,2022-01-18,2026-05-13,656.54,1576,3.8,1313.08,Medium Value
8221,Imran Malik,1,2,1311.08,1152.18,158.9,2026-04-09,2026-04-09,1311.08,0,12.12,1311.08,Medium Value
9150,Usman Ali,2,4,1310.7,1120.8,189.9,2022-11-29,2026-03-29,655.35,1216,14.49,1310.7,Medium Value
8197,Sara Hussain,1,1,1308.11,1047.54,260.57,2026-07-27,2026-07-27,1308.11,0,19.92,1308.11,Medium Value
2809,Maham Ahmed,1,3,1307.67,1109.97,197.7,2024-10-04,2024-10-04,1307.67,0,15.12,1307.67,Medium Value
1471,Sara Iqbal,1,6,1306.98,945.6,361.38,2022-05-20,2022-05-20,1306.98,0,27.65,1306.98,Medium Value
5483,Omar Qureshi,1,1,1306.4,1216.69,89.71,2025-09-10,2025-09-10,1306.4,0,6.87,1306.4,Medium Value
605,Bilal Iqbal,1,4,1305.6,993.32,312.28,2022-02-25,2022-02-25,1305.6,0,23.92,1305.6,Medium Value
6740,Omar Malik,1,6,1305.36,1033.68,271.68,2023-08-23,2023-08-23,1305.36,0,20.81,1305.36,Medium Value
3315,Ayesha Malik,1,3,1305.21,1379.37,-74.16,2024-10-24,2024-10-24,1305.21,0,-5.68,1305.21,Medium Value
4087,Bilal Raza,1,2,1305.0,1103.4,201.6,2024-05-10,2024-05-10,1305.0,0,15.45,1305.0,Medium Value
7354,Hira Raza,2,2,1302.2,1105.92,196.28,2024-04-26,2025-08-30,651.1,491,15.07,1302.2,Medium Value
1663,Ayesha Buriro,1,1,1299.85,1125.61,174.24,2022-05-13,2022-05-13,1299.85,0,13.4,1299.85,Medium Value
6668,Saad Sheikh,2,3,1298.18,1158.55,139.63,2022-08-14,2023-04-04,649.09,233,10.76,1298.18,Medium Value
5243,Hassan Malik,1,1,1297.65,1161.97,135.68,2025-01-15,2025-01-15,1297.65,0,10.46,1297.65,Medium Value
353,Hassan Raza,1,1,1295.53,1249.01,46.52,2026-02-03,2026-02-03,1295.53,0,3.59,1295.53,Medium Value
6958,Saad Raza,2,2,1294.13,1031.06,263.07,2022-10-27,2024-09-06,647.07,680,20.33,1294.13,Medium Value
3193,Usman Raza,2,10,1293.28,985.15,308.13,2023-05-30,2025-11-01,646.64,886,23.83,1293.28,Medium Value
2009,Bilal Ahmed,1,1,1292.77,1231.36,61.41,2025-03-07,2025-03-07,1292.77,0,4.75,1292.77,Medium Value
2671,Hamza Hussain,1,7,1289.75,852.11,437.64,2025-09-30,2025-09-30,1289.75,0,33.93,1289.75,Medium Value
2843,Zainab Siddiqui,1,1,1289.56,903.24,386.32,2024-04-23,2024-04-23,1289.56,0,29.96,1289.56,Medium Value
228,Sana Raza,1,1,1289.08,1213.26,75.82,2022-01-20,2022-01-20,1289.08,0,5.88,1289.08,Medium Value
700,Ali Malik,1,3,1287.9,1061.4,226.5,2023-05-04,2023-05-04,1287.9,0,17.59,1287.9,Medium Value
4497,Saad Sheikh,2,9,1287.39,988.94,298.45,2023-05-01,2026-06-18,643.69,1144,23.18,1287.39,Medium Value
1276,Hira Malik,1,2,1287.32,930.62,356.7,2026-07-19,2026-07-19,1287.32,0,27.71,1287.32,Medium Value
3855,Ayesha Hussain,1,1,1286.38,999.67,286.71,2024-08-17,2024-08-17,1286.38,0,22.29,1286.38,Medium Value
5268,Fahad Chaudhry,1,1,1285.65,1190.97,94.68,2025-11-30,2025-11-30,1285.65,0,7.36,1285.65,Medium Value
3842,Fahad Hussain,1,1,1284.52,833.19,451.33,2026-04-28,2026-04-28,1284.52,0,35.14,1284.52,Medium Value
2777,Hira Hussain,1,4,1283.28,996.92,286.36,2022-04-21,2022-04-21,1283.28,0,22.31,1283.28,Medium Value
4802,Hussain Shah,1,1,1282.51,972.15,310.36,2023-07-14,2023-07-14,1282.51,0,24.2,1282.51,Medium Value
4575,Ayesha Mirza,1,5,1281.15,940.4,340.75,2024-06-14,2024-06-14,1281.15,0,26.6,1281.15,Medium Value
1684,Maryam Malik,1,1,1281.07,1025.03,256.04,2026-03-06,2026-03-06,1281.07,0,19.99,1281.07,Medium Value
985,Danish Ahmed,1,1,1278.89,960.71,318.18,2022-03-16,2022-03-16,1278.89,0,24.88,1278.89,Medium Value
3845,Ali Iqbal,1,3,1277.88,886.71,391.17,2025-11-08,2025-11-08,1277.88,0,30.61,1277.88,Medium Value
4962,Sara Ahmed,1,6,1277.22,1043.94,233.28,2022-07-26,2022-07-26,1277.22,0,18.26,1277.22,Medium Value
1931,Zainab Hussain,2,7,1276.43,958.39,318.04,2023-03-02,2025-04-01,638.22,761,24.92,1276.43,Medium Value
1722,Fatima Shah,1,1,1273.23,1134.55,138.68,2024-04-02,2024-04-02,1273.23,0,10.89,1273.23,Medium Value
9755,Fahad Hussain,2,9,1271.46,1052.32,219.14,2023-12-22,2025-10-01,635.73,649,17.24,1271.46,Medium Value
7371,Fatima Malik,2,3,1270.75,968.9,301.85,2023-04-11,2025-06-14,635.38,795,23.75,1270.75,Medium Value
380,Hassan Memon,1,2,1265.44,1173.94,91.5,2025-09-18,2025-09-18,1265.44,0,7.23,1265.44,Medium Value
1336,Maham Mirza,2,5,1263.81,891.34,372.47,2023-11-08,2024-04-04,631.9,148,29.47,1263.81,Medium Value
2925,Maryam Khan,1,1,1263.32,976.05,287.27,2022-02-09,2022-02-09,1263.32,0,22.74,1263.32,Medium Value
1130,Ali Iqbal,1,2,1262.72,826.22,436.5,2024-11-13,2024-11-13,1262.72,0,34.57,1262.72,Medium Value
9637,Saad Raza,1,4,1262.0,1261.68,0.32,2022-09-03,2022-09-03,1262.0,0,0.03,1262.0,Medium Value
3094,Omar Iqbal,1,4,1260.92,909.48,351.44,2025-12-25,2025-12-25,1260.92,0,27.87,1260.92,Medium Value
6016,Sara Khan,1,3,1259.91,1120.68,139.23,2022-02-26,2022-02-26,1259.91,0,11.05,1259.91,Medium Value
7815,Danish Raza,1,2,1253.22,1183.72,69.5,2025-07-22,2025-07-22,1253.22,0,5.55,1253.22,Medium Value
2157,Hamza Ali,1,6,1251.9,912.06,339.84,2022-07-23,2022-07-23,1251.9,0,27.15,1251.9,Medium Value
3096,Imran Khan,1,5,1250.3,934.05,316.25,2026-02-23,2026-02-23,1250.3,0,25.29,1250.3,Medium Value
2274,Sana Mirza,1,2,1250.28,816.06,434.22,2023-10-23,2023-10-23,1250.28,0,34.73,1250.28,Medium Value
1921,Fahad Sheikh,1,1,1249.37,975.73,273.64,2023-03-31,2023-03-31,1249.37,0,21.9,1249.37,Medium Value
7617,Hamza Malik,1,4,1245.6,854.76,390.84,2025-07-13,2025-07-13,1245.6,0,31.38,1245.6,Medium Value
3610,Bilal Shah,1,1,1244.07,943.22,300.85,2022-07-02,2022-07-02,1244.07,0,24.18,1244.07,Medium Value
8914,Sara Siddiqui,1,1,1243.89,1196.71,47.18,2023-05-22,2023-05-22,1243.89,0,3.79,1243.89,Medium Value
7788,Imran Mirza,1,1,1243.42,818.8,424.62,2025-03-16,2025-03-16,1243.42,0,34.15,1243.42,Medium Value
1327,Saad Qureshi,1,5,1239.85,940.2,299.65,2024-06-01,2024-06-01,1239.85,0,24.17,1239.85,Medium Value
2041,Imran Malik,2,7,1237.42,892.28,345.14,2024-08-19,2026-08-11,618.71,722,27.89,1237.42,Medium Value
1160,Fahad Buriro,1,1,1236.89,1100.08,136.81,2022-06-07,2022-06-07,1236.89,0,11.06,1236.89,Medium Value
2312,Danish Ali,1,4,1236.12,946.12,290.0,2025-03-22,2025-03-22,1236.12,0,23.46,1236.12,Medium Value
9596,Usman Sheikh,1,3,1235.85,781.41,454.44,2022-08-27,2022-08-27,1235.85,0,36.77,1235.85,Medium Value
1046,Fahad Malik,1,1,1234.38,907.27,327.11,2023-03-04,2023-03-04,1234.38,0,26.5,1234.38,Medium Value
5590,Imran Hussain,1,2,1231.6,945.86,285.74,2025-08-31,2025-08-31,1231.6,0,23.2,1231.6,Medium Value
8974,Danish Khan,1,1,1230.55,943.22,287.33,2025-10-19,2025-10-19,1230.55,0,23.35,1230.55,Medium Value
2823,Maryam Khan,1,6,1229.88,974.64,255.24,2024-09-26,2024-09-26,1229.88,0,20.75,1229.88,Medium Value
5111,Hamza Ahmed,2,5,1226.84,1160.44,66.4,2025-10-10,2025-11-22,613.42,43,5.41,1226.84,Medium Value
2839,Zainab Qureshi,2,8,1225.54,972.36,253.18,2022-04-21,2022-12-23,612.77,246,20.66,1225.54,Medium Value
7057,Hamza Mirza,1,3,1224.69,899.91,324.78,2022-04-24,2022-04-24,1224.69,0,26.52,1224.69,Medium Value
7040,Usman Chaudhry,1,4,1224.4,1184.12,40.28,2026-05-30,2026-05-30,1224.4,0,3.29,1224.4,Medium Value
8142,Bilal Shah,1,1,1224.14,1170.17,53.97,2025-11-26,2025-11-26,1224.14,0,4.41,1224.14,Medium Value
8717,Omar Ahmed,1,1,1223.15,1008.52,214.63,2024-06-19,2024-06-19,1223.15,0,17.55,1223.15,Medium Value
1862,Maham Iqbal,1,1,1223.11,930.18,292.93,2024-06-03,2024-06-03,1223.11,0,23.95,1223.11,Medium Value
4776,Maham Ali,1,1,1222.78,815.55,407.23,2026-01-19,2026-01-19,1222.78,0,33.3,1222.78,Medium Value
9704,Ali Malik,1,6,1219.62,963.78,255.84,2025-05-14,2025-05-14,1219.62,0,20.98,1219.62,Medium Value
2516,Hamza Mirza,1,4,1218.88,1142.04,76.84,2026-06-08,2026-06-08,1218.88,0,6.3,1218.88,Medium Value
6003,Sana Raza,2,2,1218.29,825.34,392.95,2023-09-26,2023-12-20,609.14,85,32.25,1218.29,Medium Value
1121,Usman Hussain,1,2,1211.38,1019.08,192.3,2022-05-29,2022-05-29,1211.38,0,15.87,1211.38,Medium Value
7319,Ali Siddiqui,1,1,1211.06,933.56,277.5,2024-07-21,2024-07-21,1211.06,0,22.91,1211.06,Medium Value
3371,Ali Chaudhry,1,1,1210.99,762.27,448.72,2022-08-12,2022-08-12,1210.99,0,37.05,1210.99,Medium Value
308,Hira Hussain,1,6,1210.74,1207.92,2.82,2024-10-03,2024-10-03,1210.74,0,0.23,1210.74,Medium Value
6375,Danish Malik,1,1,1208.31,937.54,270.77,2024-12-12,2024-12-12,1208.31,0,22.41,1208.31,Medium Value
7214,Saad Hussain,1,3,1206.84,1014.9,191.94,2022-02-24,2022-02-24,1206.84,0,15.9,1206.84,Medium Value
1290,Saad Raza,1,2,1206.32,918.24,288.08,2025-01-20,2025-01-20,1206.32,0,23.88,1206.32,Medium Value
9681,Zainab Raza,1,4,1206.28,887.64,318.64,2025-02-07,2025-02-07,1206.28,0,26.42,1206.28,Medium Value
4820,Imran Raza,1,4,1203.6,988.08,215.52,2024-05-14,2024-05-14,1203.6,0,17.91,1203.6,Medium Value
4749,Omar Chaudhry,1,3,1202.91,1207.32,-4.41,2025-04-23,2025-04-23,1202.91,0,-0.37,1202.91,Medium Value
6075,Hassan Mirza,1,6,1199.34,1057.44,141.9,2024-08-14,2024-08-14,1199.34,0,11.83,1199.34,Medium Value
8095,Ayesha Khan,1,1,1198.93,829.46,369.47,2024-10-12,2024-10-12,1198.93,0,30.82,1198.93,Medium Value
2171,Ahmed Siddiqui,1,1,1198.78,1032.39,166.39,2025-11-15,2025-11-15,1198.78,0,13.88,1198.78,Medium Value
4557,Fahad Buriro,2,4,1198.36,1048.46,149.9,2022-01-05,2023-06-03,599.18,514,12.51,1198.36,Medium Value
9437,Imran Malik,1,2,1198.28,973.48,224.8,2024-02-11,2024-02-11,1198.28,0,18.76,1198.28,Medium Value
8140,Hamza Malik,2,2,1195.86,995.94,199.92,2023-08-22,2026-01-08,597.93,870,16.72,1195.86,Medium Value
9488,Ahmed Sheikh,2,4,1195.67,953.49,242.18,2022-10-20,2023-11-05,597.84,381,20.25,1195.67,Medium Value
4502,Hira Siddiqui,1,2,1195.48,1009.1,186.38,2023-04-08,2023-04-08,1195.48,0,15.59,1195.48,Medium Value
5389,Ayesha Siddiqui,1,3,1194.36,850.32,344.04,2025-09-02,2025-09-02,1194.36,0,28.81,1194.36,Medium Value
2790,Fatima Qureshi,1,1,1193.29,1069.68,123.61,2023-11-16,2023-11-16,1193.29,0,10.36,1193.29,Medium Value
4196,Saad Sheikh,1,2,1191.96,871.92,320.04,2026-01-16,2026-01-16,1191.96,0,26.85,1191.96,Medium Value
9684,Imran Malik,1,1,1190.53,866.4,324.13,2025-06-07,2025-06-07,1190.53,0,27.23,1190.53,Medium Value
7676,Ahmed Sheikh,1,2,1189.88,1136.92,52.96,2026-06-10,2026-06-10,1189.88,0,4.45,1189.88,Medium Value
7530,Imran Ahmed,1,2,1188.72,825.06,363.66,2024-09-07,2024-09-07,1188.72,0,30.59,1188.72,Medium Value
2540,Danish Sheikh,1,1,1188.31,1008.32,179.99,2022-02-01,2022-02-01,1188.31,0,15.15,1188.31,Medium Value
9160,Usman Siddiqui,1,4,1185.8,890.52,295.28,2022-12-16,2022-12-16,1185.8,0,24.9,1185.8,Medium Value
4559,Omar Khan,1,4,1182.72,1120.52,62.2,2026-07-26,2026-07-26,1182.72,0,5.26,1182.72,Medium Value
8296,Maham Siddiqui,1,1,1181.19,958.92,222.27,2026-01-09,2026-01-09,1181.19,0,18.82,1181.19,Medium Value
8203,Danish Shah,1,2,1180.04,981.5,198.54,2026-03-11,2026-03-11,1180.04,0,16.82,1180.04,Medium Value
2731,Fahad Khan,1,1,1178.45,964.08,214.37,2023-07-29,2023-07-29,1178.45,0,18.19,1178.45,Medium Value
531,Maham Memon,1,1,1177.46,1221.91,-44.45,2022-06-30,2022-06-30,1177.46,0,-3.78,1177.46,Medium Value
5129,Maham Chaudhry,1,3,1176.96,811.83,365.13,2026-03-28,2026-03-28,1176.96,0,31.02,1176.96,Medium Value
3707,Hira Malik,1,6,1176.06,860.22,315.84,2024-11-25,2024-11-25,1176.06,0,26.86,1176.06,Medium Value
9922,Maryam Raza,1,1,1173.05,884.15,288.9,2022-11-27,2022-11-27,1173.05,0,24.63,1173.05,Medium Value
7741,Zainab Sheikh,1,5,1169.35,1129.6,39.75,2024-06-26,2024-06-26,1169.35,0,3.4,1169.35,Medium Value
8236,Ali Ali,1,6,1162.56,821.88,340.68,2025-01-09,2025-01-09,1162.56,0,29.3,1162.56,Medium Value
7848,Imran Malik,1,2,1162.16,979.02,183.14,2022-06-28,2022-06-28,1162.16,0,15.76,1162.16,Medium Value
8831,Ali Khan,1,2,1160.88,1113.08,47.8,2025-07-12,2025-07-12,1160.88,0,4.12,1160.88,Medium Value
6293,Fahad Chaudhry,1,1,1160.7,865.12,295.58,2026-05-13,2026-05-13,1160.7,0,25.47,1160.7,Medium Value
5857,Danish Raza,1,1,1160.6,788.95,371.65,2022-11-13,2022-11-13,1160.6,0,32.02,1160.6,Medium Value
600,Danish Hussain,2,9,1159.39,884.79,274.6,2022-08-23,2023-02-26,579.7,187,23.68,1159.39,Medium Value
8177,Hira Hussain,1,4,1157.8,726.32,431.48,2026-02-15,2026-02-15,1157.8,0,37.27,1157.8,Medium Value
7516,Maham Sheikh,1,1,1155.27,1061.59,93.68,2024-01-25,2024-01-25,1155.27,0,8.11,1155.27,Medium Value
4946,Sana Mirza,1,1,1155.15,974.79,180.36,2022-01-12,2022-01-12,1155.15,0,15.61,1155.15,Medium Value
5716,Ayesha Ahmed,1,3,1154.76,1039.5,115.26,2023-11-02,2023-11-02,1154.76,0,9.98,1154.76,Medium Value
7557,Ali Malik,1,1,1152.28,993.25,159.03,2022-06-07,2022-06-07,1152.28,0,13.8,1152.28,Medium Value
5164,Fahad Siddiqui,1,3,1151.7,765.0,386.7,2026-02-19,2026-02-19,1151.7,0,33.58,1151.7,Medium Value
4191,Usman Ali,2,4,1150.81,1024.79,126.02,2023-01-26,2025-02-24,575.41,760,10.95,1150.81,Medium Value
4182,Maham Ali,1,2,1150.74,1092.02,58.72,2022-05-29,2022-05-29,1150.74,0,5.1,1150.74,Medium Value
3718,Ayesha Mirza,1,1,1147.88,917.5,230.38,2025-01-03,2025-01-03,1147.88,0,20.07,1147.88,Medium Value
2098,Sana Sheikh,1,2,1146.82,1100.74,46.08,2023-01-16,2023-01-16,1146.82,0,4.02,1146.82,Medium Value
8147,Imran Shah,1,6,1146.0,890.1,255.9,2023-09-15,2023-09-15,1146.0,0,22.33,1146.0,Medium Value
3054,Ali Buriro,1,6,1145.16,1143.84,1.32,2026-03-08,2026-03-08,1145.16,0,0.12,1145.16,Medium Value
702,Bilal Malik,1,1,1145.03,879.13,265.9,2025-09-05,2025-09-05,1145.03,0,23.22,1145.03,Medium Value
7939,Ali Shah,1,5,1143.65,1070.45,73.2,2023-03-30,2023-03-30,1143.65,0,6.4,1143.65,Medium Value
8237,Saad Chaudhry,1,2,1143.52,930.62,212.9,2026-01-02,2026-01-02,1143.52,0,18.62,1143.52,Medium Value
4529,Danish Shah,1,3,1141.74,1090.56,51.18,2022-07-15,2022-07-15,1141.74,0,4.48,1141.74,Medium Value
8434,Ayesha Hussain,1,5,1141.35,923.2,218.15,2025-03-05,2025-03-05,1141.35,0,19.11,1141.35,Medium Value
4599,Imran Malik,1,4,1139.16,901.88,237.28,2026-03-15,2026-03-15,1139.16,0,20.83,1139.16,Medium Value
9897,Zainab Hussain,1,1,1136.26,1162.45,-26.19,2024-08-13,2024-08-13,1136.26,0,-2.3,1136.26,Medium Value
5490,Maryam Buriro,1,3,1134.75,1016.82,117.93,2026-07-04,2026-07-04,1134.75,0,10.39,1134.75,Medium Value
3635,Fatima Raza,2,6,1134.68,743.2,391.48,2022-06-23,2024-05-02,567.34,679,34.5,1134.68,Medium Value
2939,Imran Shah,1,1,1133.0,1039.49,93.51,2026-02-12,2026-02-12,1133.0,0,8.25,1133.0,Medium Value
5448,Ayesha Qureshi,1,7,1131.9,762.86,369.04,2024-10-31,2024-10-31,1131.9,0,32.6,1131.9,Medium Value
5353,Zainab Hussain,1,2,1131.36,943.74,187.62,2026-04-11,2026-04-11,1131.36,0,16.58,1131.36,Medium Value
4448,Fatima Sheikh,1,6,1129.32,896.82,232.5,2024-05-27,2024-05-27,1129.32,0,20.59,1129.32,Medium Value
2949,Ali Iqbal,1,1,1128.48,801.87,326.61,2024-09-27,2024-09-27,1128.48,0,28.94,1128.48,Medium Value
6750,Hassan Memon,2,4,1128.16,990.94,137.22,2024-11-21,2024-12-19,564.08,28,12.16,1128.16,Medium Value
8458,Bilal Chaudhry,1,3,1126.44,965.37,161.07,2023-06-16,2023-06-16,1126.44,0,14.3,1126.44,Medium Value
2468,Omar Raza,1,2,1126.36,850.66,275.7,2025-11-26,2025-11-26,1126.36,0,24.48,1126.36,Medium Value
474,Saad Ahmed,1,1,1126.15,1066.41,59.74,2024-11-03,2024-11-03,1126.15,0,5.3,1126.15,Medium Value
3748,Fahad Chaudhry,1,2,1125.04,947.82,177.22,2022-05-27,2022-05-27,1125.04,0,15.75,1125.04,Medium Value
2461,Saad Chaudhry,1,4,1124.6,969.92,154.68,2025-06-10,2025-06-10,1124.6,0,13.75,1124.6,Medium Value
3365,Hassan Malik,1,2,1124.44,891.7,232.74,2022-01-12,2022-01-12,1124.44,0,20.7,1124.44,Medium Value
672,Hassan Raza,1,6,1123.5,1075.74,47.76,2024-07-26,2024-07-26,1123.5,0,4.25,1123.5,Medium Value
7900,Fahad Malik,1,1,1121.78,796.46,325.32,2023-05-31,2023-05-31,1121.78,0,29.0,1121.78,Medium Value
5926,Fatima Ahmed,1,1,1119.76,817.48,302.28,2025-07-25,2025-07-25,1119.76,0,27.0,1119.76,Medium Value
3044,Ayesha Siddiqui,2,4,1117.25,843.57,273.68,2024-08-11,2026-01-29,558.62,536,24.5,1117.25,Medium Value
9738,Ayesha Ahmed,2,6,1116.72,976.48,140.24,2023-08-03,2025-06-24,558.36,691,12.56,1116.72,Medium Value
3828,Hassan Malik,1,1,1116.51,922.92,193.59,2025-07-12,2025-07-12,1116.51,0,17.34,1116.51,Medium Value
8375,Bilal Hussain,2,4,1115.43,1046.53,68.9,2023-01-22,2025-08-21,557.71,942,6.18,1115.43,Medium Value
3652,Imran Shah,1,4,1115.2,827.0,288.2,2025-01-31,2025-01-31,1115.2,0,25.84,1115.2,Medium Value
9115,Ahmed Siddiqui,1,4,1114.84,976.24,138.6,2026-08-14,2026-08-14,1114.84,0,12.43,1114.84,Medium Value
327,Usman Mirza,1,6,1110.84,762.3,348.54,2024-05-29,2024-05-29,1110.84,0,31.38,1110.84,Medium Value
1301,Fahad Shah,1,1,1109.8,789.83,319.97,2025-04-16,2025-04-16,1109.8,0,28.83,1109.8,Medium Value
4882,Imran Raza,1,5,1109.15,846.55,262.6,2023-08-03,2023-08-03,1109.15,0,23.68,1109.15,Medium Value
2713,Hamza Shah,1,3,1108.65,929.46,179.19,2023-05-26,2023-05-26,1108.65,0,16.16,1108.65,Medium Value
6752,Ayesha Malik,1,7,1105.09,817.32,287.77,2026-04-06,2026-04-06,1105.09,0,26.04,1105.09,Medium Value
8053,Saad Chaudhry,1,1,1103.99,917.31,186.68,2025-05-14,2025-05-14,1103.99,0,16.91,1103.99,Medium Value
3603,Ali Sheikh,1,5,1103.45,868.75,234.7,2022-02-27,2022-02-27,1103.45,0,21.27,1103.45,Medium Value
2442,Fatima Ahmed,1,1,1100.47,951.66,148.81,2026-04-27,2026-04-27,1100.47,0,13.52,1100.47,Medium Value
837,Bilal Buriro,1,6,1099.56,742.68,356.88,2024-01-26,2024-01-26,1099.56,0,32.46,1099.56,Medium Value
8619,Danish Ahmed,1,1,1098.24,825.0,273.24,2024-12-28,2024-12-28,1098.24,0,24.88,1098.24,Medium Value
326,Fatima Hussain,1,5,1097.9,830.9,267.0,2025-11-28,2025-11-28,1097.9,0,24.32,1097.9,Medium Value
1942,Sana Siddiqui,1,5,1096.85,922.95,173.9,2025-12-29,2025-12-29,1096.85,0,15.85,1096.85,Medium Value
8775,Ahmed Memon,1,1,1095.67,760.14,335.53,2025-07-20,2025-07-20,1095.67,0,30.62,1095.67,Medium Value
4654,Hira Ali,1,3,1094.94,827.22,267.72,2023-08-02,2023-08-02,1094.94,0,24.45,1094.94,Medium Value
5622,Bilal Malik,1,7,1094.59,865.9,228.69,2024-05-22,2024-05-22,1094.59,0,20.89,1094.59,Medium Value
2410,Zainab Chaudhry,1,5,1093.55,1031.05,62.5,2023-12-06,2023-12-06,1093.55,0,5.72,1093.55,Medium Value
9033,Fatima Qureshi,1,3,1093.32,842.04,251.28,2024-04-20,2024-04-20,1093.32,0,22.98,1093.32,Medium Value
1289,Bilal Siddiqui,1,4,1092.88,890.24,202.64,2025-02-26,2025-02-26,1092.88,0,18.54,1092.88,Medium Value
6295,Maryam Ali,2,9,1090.52,806.32,284.2,2025-02-17,2026-06-07,545.26,475,26.06,1090.52,Medium Value
7148,Hamza Buriro,2,2,1086.33,905.47,180.86,2025-07-09,2025-10-05,543.16,88,16.65,1086.33,Medium Value
5983,Bilal Mirza,1,1,1084.01,923.52,160.49,2022-09-11,2022-09-11,1084.01,0,14.81,1084.01,Medium Value
1340,Sana Qureshi,1,1,1082.37,821.43,260.94,2024-07-27,2024-07-27,1082.37,0,24.11,1082.37,Medium Value
9652,Fahad Mirza,1,1,1081.4,702.32,379.08,2022-04-02,2022-04-02,1081.4,0,35.05,1081.4,Medium Value
4501,Ayesha Khan,1,2,1080.26,777.84,302.42,2022-09-17,2022-09-17,1080.26,0,28.0,1080.26,Medium Value
3191,Bilal Ahmed,1,2,1079.76,753.52,326.24,2024-12-29,2024-12-29,1079.76,0,30.21,1079.76,Medium Value
1555,Imran Shah,1,1,1079.03,1074.92,4.11,2023-04-01,2023-04-01,1079.03,0,0.38,1079.03,Medium Value
5456,Maryam Sheikh,1,7,1077.72,943.25,134.47,2024-05-23,2024-05-23,1077.72,0,12.48,1077.72,Medium Value
2197,Ali Ali,1,1,1076.53,1013.71,62.82,2025-12-02,2025-12-02,1076.53,0,5.84,1076.53,Medium Value
6412,Omar Buriro,2,10,1076.25,876.9,199.35,2023-02-04,2024-03-03,538.12,393,18.52,1076.25,Medium Value
6747,Omar Hussain,2,6,1074.84,869.69,205.15,2025-08-01,2026-07-27,537.42,360,19.09,1074.84,Medium Value
5376,Zainab Memon,1,2,1073.08,937.92,135.16,2022-08-01,2022-08-01,1073.08,0,12.6,1073.08,Medium Value
7637,Hira Sheikh,1,5,1070.6,856.45,214.15,2022-11-17,2022-11-17,1070.6,0,20.0,1070.6,Medium Value
2677,Hassan Sheikh,1,5,1069.4,855.9,213.5,2022-10-04,2022-10-04,1069.4,0,19.96,1069.4,Medium Value
3693,Maryam Ali,1,1,1069.3,712.13,357.17,2025-09-28,2025-09-28,1069.3,0,33.4,1069.3,Medium Value
81,Saad Hussain,1,1,1068.34,767.31,301.03,2026-06-30,2026-06-30,1068.34,0,28.18,1068.34,Medium Value
6606,Ahmed Ali,1,1,1066.23,983.1,83.13,2026-07-25,2026-07-25,1066.23,0,7.8,1066.23,Medium Value
3895,Danish Chaudhry,1,7,1065.68,779.73,285.95,2024-11-29,2024-11-29,1065.68,0,26.83,1065.68,Medium Value
140,Ahmed Ali,1,3,1065.6,1037.28,28.32,2022-09-15,2022-09-15,1065.6,0,2.66,1065.6,Medium Value
9821,Sara Mirza,2,12,1063.81,815.44,248.37,2023-03-02,2023-03-16,531.9,14,23.35,1063.81,Medium Value
195,Fahad Ahmed,1,2,1062.42,764.18,298.24,2023-05-01,2023-05-01,1062.42,0,28.07,1062.42,Medium Value
6838,Usman Hussain,1,1,1059.33,824.26,235.07,2024-12-17,2024-12-17,1059.33,0,22.19,1059.33,Medium Value
4515,Sana Ali,1,4,1058.44,913.92,144.52,2024-08-09,2024-08-09,1058.44,0,13.65,1058.44,Medium Value
6197,Fatima Buriro,1,7,1057.77,818.3,239.47,2026-06-07,2026-06-07,1057.77,0,22.64,1057.77,Medium Value
8065,Ayesha Iqbal,1,1,1057.08,671.04,386.04,2026-03-18,2026-03-18,1057.08,0,36.52,1057.08,Medium Value
1111,Imran Ahmed,1,6,1051.74,938.94,112.8,2023-02-18,2023-02-18,1051.74,0,10.73,1051.74,Medium Value
3894,Sara Sheikh,1,1,1051.42,759.82,291.6,2024-07-06,2024-07-06,1051.42,0,27.73,1051.42,Medium Value
9489,Hassan Iqbal,1,1,1051.36,935.36,116.0,2024-05-07,2024-05-07,1051.36,0,11.03,1051.36,Medium Value
4692,Sara Shah,1,7,1051.26,816.48,234.78,2025-04-16,2025-04-16,1051.26,0,22.33,1051.26,Medium Value
8801,Hussain Ahmed,1,3,1050.81,878.58,172.23,2025-03-07,2025-03-07,1050.81,0,16.39,1050.81,Medium Value
7849,Fatima Shah,1,1,1048.07,792.78,255.29,2025-12-12,2025-12-12,1048.07,0,24.36,1048.07,Medium Value
5377,Bilal Shah,1,3,1047.09,930.36,116.73,2022-02-18,2022-02-18,1047.09,0,11.15,1047.09,Medium Value
3061,Usman Raza,1,1,1046.23,790.35,255.88,2022-10-21,2022-10-21,1046.23,0,24.46,1046.23,Medium Value
1468,Danish Shah,1,2,1046.18,927.52,118.66,2023-09-29,2023-09-29,1046.18,0,11.34,1046.18,Medium Value
4572,Ahmed Chaudhry,1,5,1043.9,777.85,266.05,2026-03-03,2026-03-03,1043.9,0,25.49,1043.9,Medium Value
1782,Ayesha Buriro,1,4,1043.48,986.52,56.96,2023-11-20,2023-11-20,1043.48,0,5.46,1043.48,Medium Value
252,Saad Chaudhry,1,6,1040.52,934.86,105.66,2022-03-07,2022-03-07,1040.52,0,10.15,1040.52,Medium Value
8075,Maham Iqbal,1,3,1039.59,966.24,73.35,2024-12-30,2024-12-30,1039.59,0,7.06,1039.59,Medium Value
7604,Ayesha Raza,1,5,1039.45,754.85,284.6,2022-11-02,2022-11-02,1039.45,0,27.38,1039.45,Medium Value
1901,Imran Raza,1,5,1037.45,1006.55,30.9,2025-03-22,2025-03-22,1037.45,0,2.98,1037.45,Medium Value
5930,Usman Khan,2,2,1035.63,921.15,114.48,2025-12-28,2026-01-28,517.82,31,11.05,1035.63,Medium Value
9367,Omar Memon,1,1,1033.97,711.77,322.2,2025-10-10,2025-10-10,1033.97,0,31.16,1033.97,Medium Value
595,Sana Khan,1,1,1033.59,764.64,268.95,2022-05-30,2022-05-30,1033.59,0,26.02,1033.59,Medium Value
660,Ayesha Qureshi,1,1,1030.74,713.2,317.54,2026-05-29,2026-05-29,1030.74,0,30.81,1030.74,Medium Value
2505,Sara Malik,1,7,1030.61,827.12,203.49,2022-11-15,2022-11-15,1030.61,0,19.74,1030.61,Medium Value
3841,Omar Memon,1,1,1030.38,743.92,286.46,2022-11-20,2022-11-20,1030.38,0,27.8,1030.38,Medium Value
9742,Fatima Qureshi,1,1,1027.53,769.26,258.27,2024-09-11,2024-09-11,1027.53,0,25.14,1027.53,Medium Value
5695,Hussain Buriro,1,1,1025.91,865.64,160.27,2025-03-09,2025-03-09,1025.91,0,15.62,1025.91,Medium Value
6821,Omar Hussain,1,5,1021.3,902.1,119.2,2023-08-03,2023-08-03,1021.3,0,11.67,1021.3,Medium Value
7716,Maham Khan,1,1,1021.25,741.36,279.89,2025-03-14,2025-03-14,1021.25,0,27.41,1021.25,Medium Value
5567,Maryam Hussain,1,2,1020.62,672.82,347.8,2025-07-07,2025-07-07,1020.62,0,34.08,1020.62,Medium Value
1567,Maham Ali,1,2,1020.06,792.44,227.62,2025-07-23,2025-07-23,1020.06,0,22.31,1020.06,Medium Value
9528,Ali Ali,2,10,1019.12,770.3,248.82,2023-08-26,2023-09-10,509.56,15,24.42,1019.12,Medium Value
6469,Maryam Iqbal,1,1,1017.27,878.31,138.96,2025-05-06,2025-05-06,1017.27,0,13.66,1017.27,Medium Value
3498,Sara Buriro,3,13,1015.44,923.41,92.03,2022-10-27,2025-02-11,338.48,838,9.06,1015.44,Medium Value
4787,Hussain Malik,1,4,1011.48,927.32,84.16,2022-11-08,2022-11-08,1011.48,0,8.32,1011.48,Medium Value
6939,Maryam Ali,1,4,1009.28,1058.28,-49.0,2024-06-17,2024-06-17,1009.28,0,-4.85,1009.28,Medium Value
1772,Ahmed Buriro,1,5,1008.8,917.05,91.75,2023-05-01,2023-05-01,1008.8,0,9.09,1008.8,Medium Value
7927,Bilal Ahmed,1,2,1008.64,868.06,140.58,2023-07-31,2023-07-31,1008.64,0,13.94,1008.64,Medium Value
5743,Fahad Buriro,1,1,1008.59,719.26,289.33,2024-12-01,2024-12-01,1008.59,0,28.69,1008.59,Medium Value
7236,Sana Buriro,1,7,1008.35,856.59,151.76,2022-01-03,2022-01-03,1008.35,0,15.05,1008.35,Medium Value
3076,Ali Chaudhry,1,2,1007.74,775.96,231.78,2022-08-28,2022-08-28,1007.74,0,23.0,1007.74,Medium Value
3723,Hira Mirza,1,1,1002.98,753.97,249.01,2026-06-09,2026-06-09,1002.98,0,24.83,1002.98,Medium Value
7966,Hassan Mirza,2,5,1000.6,843.41,157.19,2023-03-07,2025-05-27,500.3,812,15.71,1000.6,Medium Value
5356,Bilal Chaudhry,1,1,998.2,949.61,48.59,2024-11-03,2024-11-03,998.2,0,4.87,998.2,Low Value
7971,Omar Hussain,1,1,996.6,890.55,106.05,2025-07-11,2025-07-11,996.6,0,10.64,996.6,Low Value
1994,Hamza Ali,1,7,995.68,939.12,56.56,2022-07-04,2022-07-04,995.68,0,5.68,995.68,Low Value
9144,Ahmed Memon,1,3,993.12,861.93,131.19,2023-08-03,2023-08-03,993.12,0,13.21,993.12,Low Value
8714,Ahmed Memon,1,7,992.46,795.27,197.19,2023-05-26,2023-05-26,992.46,0,19.87,992.46,Low Value
4564,Fahad Mirza,1,1,991.26,979.69,11.57,2025-05-04,2025-05-04,991.26,0,1.17,991.26,Low Value
7664,Hira Iqbal,1,2,990.36,987.94,2.42,2023-03-17,2023-03-17,990.36,0,0.24,990.36,Low Value
7271,Bilal Mirza,1,1,989.5,825.9,163.6,2025-11-09,2025-11-09,989.5,0,16.53,989.5,Low Value
9879,Zainab Ahmed,1,1,985.88,854.77,131.11,2024-06-10,2024-06-10,985.88,0,13.3,985.88,Low Value
6442,Hira Chaudhry,1,3,985.35,871.74,113.61,2023-08-12,2023-08-12,985.35,0,11.53,985.35,Low Value
235,Hussain Chaudhry,1,3,981.84,670.2,311.64,2024-03-24,2024-03-24,981.84,0,31.74,981.84,Low Value
8090,Usman Ali,1,1,981.76,767.53,214.23,2025-01-27,2025-01-27,981.76,0,21.82,981.76,Low Value
8580,Ali Ahmed,1,2,978.92,814.0,164.92,2025-12-08,2025-12-08,978.92,0,16.85,978.92,Low Value
5362,Ali Ali,1,3,978.63,772.44,206.19,2024-02-19,2024-02-19,978.63,0,21.07,978.63,Low Value
165,Hassan Raza,1,1,975.53,739.66,235.87,2023-06-02,2023-06-02,975.53,0,24.18,975.53,Low Value
5191,Sara Hussain,1,7,975.24,810.11,165.13,2024-10-03,2024-10-03,975.24,0,16.93,975.24,Low Value
1157,Zainab Khan,1,1,974.38,925.78,48.6,2025-10-02,2025-10-02,974.38,0,4.99,974.38,Low Value
2335,Sara Siddiqui,1,3,973.26,906.48,66.78,2024-02-28,2024-02-28,973.26,0,6.86,973.26,Low Value
9819,Sana Qureshi,1,1,972.9,937.91,34.99,2026-01-14,2026-01-14,972.9,0,3.6,972.9,Low Value
7298,Ali Ali,1,1,972.5,685.26,287.24,2022-08-11,2022-08-11,972.5,0,29.54,972.5,Low Value
9955,Hamza Memon,1,3,969.36,932.28,37.08,2025-03-10,2025-03-10,969.36,0,3.83,969.36,Low Value
6495,Hamza Mirza,1,1,968.25,916.32,51.93,2024-03-14,2024-03-14,968.25,0,5.36,968.25,Low Value
8196,Hassan Sheikh,1,7,966.56,725.48,241.08,2024-06-02,2024-06-02,966.56,0,24.94,966.56,Low Value
506,Bilal Buriro,1,1,966.21,919.21,47.0,2023-01-05,2023-01-05,966.21,0,4.86,966.21,Low Value
5081,Danish Ahmed,2,2,963.31,830.46,132.85,2024-09-07,2024-09-21,481.66,14,13.79,963.31,Low Value
5153,Saad Sheikh,1,2,963.04,715.9,247.14,2022-03-09,2022-03-09,963.04,0,25.66,963.04,Low Value
3833,Maham Siddiqui,1,1,962.97,789.83,173.14,2026-01-15,2026-01-15,962.97,0,17.98,962.97,Low Value
175,Hussain Ahmed,1,7,962.78,801.43,161.35,2024-12-05,2024-12-05,962.78,0,16.76,962.78,Low Value
8702,Usman Raza,1,2,962.58,906.3,56.28,2022-01-08,2022-01-08,962.58,0,5.85,962.58,Low Value
9357,Maham Iqbal,1,3,961.08,856.53,104.55,2026-02-13,2026-02-13,961.08,0,10.88,961.08,Low Value
1813,Danish Buriro,2,2,960.58,713.64,246.94,2022-02-21,2026-01-31,480.29,1440,25.71,960.58,Low Value
7645,Sara Memon,1,6,960.3,725.94,234.36,2026-03-01,2026-03-01,960.3,0,24.4,960.3,Low Value
1137,Bilal Siddiqui,1,4,956.68,645.28,311.4,2025-08-02,2025-08-02,956.68,0,32.55,956.68,Low Value
24,Ayesha Chaudhry,1,3,956.37,643.08,313.29,2025-06-20,2025-06-20,956.37,0,32.76,956.37,Low Value
9094,Saad Shah,1,1,954.85,743.76,211.09,2026-03-14,2026-03-14,954.85,0,22.11,954.85,Low Value
9483,Imran Iqbal,1,1,954.37,784.61,169.76,2024-10-18,2024-10-18,954.37,0,17.79,954.37,Low Value
7865,Ahmed Buriro,1,6,953.46,673.98,279.48,2024-02-21,2024-02-21,953.46,0,29.31,953.46,Low Value
2013,Fatima Ahmed,1,3,952.92,767.13,185.79,2023-03-17,2023-03-17,952.92,0,19.5,952.92,Low Value
4119,Saad Malik,1,1,952.17,826.04,126.13,2024-06-23,2024-06-23,952.17,0,13.25,952.17,Low Value
6244,Hussain Buriro,1,2,951.14,821.0,130.14,2026-01-03,2026-01-03,951.14,0,13.68,951.14,Low Value
3135,Bilal Memon,1,7,949.83,860.65,89.18,2024-04-06,2024-04-06,949.83,0,9.39,949.83,Low Value
4509,Omar Buriro,1,5,947.65,672.45,275.2,2022-03-02,2022-03-02,947.65,0,29.04,947.65,Low Value
8348,Sara Ahmed,2,4,947.44,728.91,218.53,2024-06-09,2025-05-04,473.72,329,23.07,947.44,Low Value
7739,Bilal Ali,1,1,946.01,819.03,126.98,2024-03-27,2024-03-27,946.01,0,13.42,946.01,Low Value
1181,Maryam Buriro,1,1,945.94,618.39,327.55,2025-06-27,2025-06-27,945.94,0,34.63,945.94,Low Value
9354,Hira Memon,1,2,945.28,756.08,189.2,2024-04-10,2024-04-10,945.28,0,20.02,945.28,Low Value
2985,Hussain Khan,1,4,942.84,703.64,239.2,2025-08-28,2025-08-28,942.84,0,25.37,942.84,Low Value
3687,Sana Qureshi,1,5,942.75,792.95,149.8,2025-04-01,2025-04-01,942.75,0,15.89,942.75,Low Value
2714,Danish Ahmed,1,4,941.96,961.32,-19.36,2022-03-16,2022-03-16,941.96,0,-2.06,941.96,Low Value
125,Maham Khan,1,4,940.2,854.52,85.68,2025-04-07,2025-04-07,940.2,0,9.11,940.2,Low Value
274,Ayesha Raza,1,7,938.63,835.17,103.46,2024-08-29,2024-08-29,938.63,0,11.02,938.63,Low Value
8995,Ali Siddiqui,1,4,937.6,844.92,92.68,2023-01-10,2023-01-10,937.6,0,9.88,937.6,Low Value
4068,Sara Memon,1,1,935.94,779.5,156.44,2024-11-01,2024-11-01,935.94,0,16.71,935.94,Low Value
8486,Hira Mirza,1,2,935.5,781.12,154.38,2024-05-11,2024-05-11,935.5,0,16.5,935.5,Low Value
4284,Maham Ali,1,1,935.32,819.8,115.52,2025-02-14,2025-02-14,935.32,0,12.35,935.32,Low Value
7689,Hira Qureshi,1,5,933.2,915.3,17.9,2022-02-25,2022-02-25,933.2,0,1.92,933.2,Low Value
3458,Hussain Chaudhry,1,1,929.78,913.42,16.36,2023-03-01,2023-03-01,929.78,0,1.76,929.78,Low Value
278,Saad Sheikh,1,1,929.11,662.98,266.13,2024-08-10,2024-08-10,929.11,0,28.64,929.11,Low Value
858,Maryam Chaudhry,1,4,926.24,801.96,124.28,2022-09-14,2022-09-14,926.24,0,13.42,926.24,Low Value
5043,Hussain Malik,1,7,925.47,910.77,14.7,2025-12-13,2025-12-13,925.47,0,1.59,925.47,Low Value
8884,Hassan Khan,1,1,923.3,873.99,49.31,2025-05-23,2025-05-23,923.3,0,5.34,923.3,Low Value
4658,Hassan Ali,1,1,922.06,807.75,114.31,2022-05-02,2022-05-02,922.06,0,12.4,922.06,Low Value
6165,Bilal Chaudhry,1,2,921.98,712.74,209.24,2022-11-22,2022-11-22,921.98,0,22.69,921.98,Low Value
2859,Hussain Buriro,1,3,921.72,747.3,174.42,2023-08-22,2023-08-22,921.72,0,18.92,921.72,Low Value
9762,Fatima Khan,1,7,920.08,624.82,295.26,2022-09-29,2022-09-29,920.08,0,32.09,920.08,Low Value
3883,Fatima Memon,1,5,918.85,561.65,357.2,2022-10-17,2022-10-17,918.85,0,38.87,918.85,Low Value
6918,Ali Hussain,1,7,918.19,811.72,106.47,2024-05-04,2024-05-04,918.19,0,11.6,918.19,Low Value
6358,Ayesha Iqbal,1,2,916.12,679.44,236.68,2023-08-22,2023-08-22,916.12,0,25.84,916.12,Low Value
6878,Fahad Malik,1,4,915.6,776.0,139.6,2026-08-19,2026-08-19,915.6,0,15.25,915.6,Low Value
4286,Imran Ahmed,1,6,915.48,701.4,214.08,2022-04-25,2022-04-25,915.48,0,23.38,915.48,Low Value
7992,Danish Iqbal,1,3,914.4,624.03,290.37,2025-03-22,2025-03-22,914.4,0,31.76,914.4,Low Value
9170,Sara Malik,1,3,910.56,789.12,121.44,2024-08-28,2024-08-28,910.56,0,13.34,910.56,Low Value
8598,Danish Hussain,1,3,907.92,771.42,136.5,2024-05-27,2024-05-27,907.92,0,15.03,907.92,Low Value
7187,Saad Shah,1,7,902.79,698.39,204.4,2022-06-21,2022-06-21,902.79,0,22.64,902.79,Low Value
214,Fahad Mirza,1,3,902.7,837.9,64.8,2024-05-25,2024-05-25,902.7,0,7.18,902.7,Low Value
6138,Hira Ahmed,1,2,897.42,599.66,297.76,2026-07-26,2026-07-26,897.42,0,33.18,897.42,Low Value
6410,Hassan Shah,1,2,897.02,846.92,50.1,2026-02-17,2026-02-17,897.02,0,5.59,897.02,Low Value
6255,Bilal Chaudhry,1,2,896.52,555.92,340.6,2025-05-01,2025-05-01,896.52,0,37.99,896.52,Low Value
6355,Maham Malik,1,1,895.12,683.07,212.05,2022-12-16,2022-12-16,895.12,0,23.69,895.12,Low Value
8980,Bilal Hussain,1,2,894.58,822.54,72.04,2022-07-27,2022-07-27,894.58,0,8.05,894.58,Low Value
1795,Hira Chaudhry,1,1,893.38,678.29,215.09,2025-09-20,2025-09-20,893.38,0,24.08,893.38,Low Value
7022,Zainab Iqbal,1,3,892.2,767.13,125.07,2024-03-03,2024-03-03,892.2,0,14.02,892.2,Low Value
82,Ayesha Siddiqui,1,3,889.95,792.63,97.32,2023-08-12,2023-08-12,889.95,0,10.94,889.95,Low Value
2131,Usman Shah,1,1,889.47,674.13,215.34,2023-04-03,2023-04-03,889.47,0,24.21,889.47,Low Value
3753,Maham Siddiqui,1,1,888.58,739.31,149.27,2024-04-25,2024-04-25,888.58,0,16.8,888.58,Low Value
6717,Maryam Buriro,1,1,888.23,708.83,179.4,2025-01-07,2025-01-07,888.23,0,20.2,888.23,Low Value
9543,Bilal Siddiqui,1,1,884.9,650.47,234.43,2022-11-17,2022-11-17,884.9,0,26.49,884.9,Low Value
4840,Danish Ahmed,1,7,884.03,608.16,275.87,2024-08-24,2024-08-24,884.03,0,31.21,884.03,Low Value
4832,Ahmed Malik,1,7,883.05,827.4,55.65,2026-03-12,2026-03-12,883.05,0,6.3,883.05,Low Value
974,Hussain Chaudhry,1,7,880.18,653.45,226.73,2022-11-21,2022-11-21,880.18,0,25.76,880.18,Low Value
3330,Sana Shah,1,7,879.41,802.97,76.44,2025-10-26,2025-10-26,879.41,0,8.69,879.41,Low Value
817,Ahmed Chaudhry,2,5,878.4,653.71,224.69,2024-03-04,2024-05-27,439.2,84,25.58,878.4,Low Value
3463,Hamza Khan,1,4,878.12,625.64,252.48,2024-10-23,2024-10-23,878.12,0,28.75,878.12,Low Value
6791,Hamza Qureshi,1,5,877.65,744.5,133.15,2025-02-03,2025-02-03,877.65,0,15.17,877.65,Low Value
568,Maryam Khan,1,2,877.0,724.42,152.58,2025-02-25,2025-02-25,877.0,0,17.4,877.0,Low Value
336,Saad Hussain,1,3,876.93,566.64,310.29,2022-01-04,2022-01-04,876.93,0,35.38,876.93,Low Value
5742,Ali Hussain,1,1,875.66,624.33,251.33,2022-04-01,2022-04-01,875.66,0,28.7,875.66,Low Value
5337,Hamza Memon,1,2,871.74,853.66,18.08,2025-09-17,2025-09-17,871.74,0,2.07,871.74,Low Value
7138,Fatima Shah,1,1,870.63,712.88,157.75,2022-08-23,2022-08-23,870.63,0,18.12,870.63,Low Value
7107,Saad Hussain,1,1,869.74,676.24,193.5,2024-07-16,2024-07-16,869.74,0,22.25,869.74,Low Value
8795,Sana Raza,1,3,869.1,559.56,309.54,2025-10-11,2025-10-11,869.1,0,35.62,869.1,Low Value
5101,Usman Raza,1,3,861.15,770.49,90.66,2024-08-10,2024-08-10,861.15,0,10.53,861.15,Low Value
641,Sara Buriro,1,1,859.56,668.74,190.82,2023-07-30,2023-07-30,859.56,0,22.2,859.56,Low Value
6710,Ayesha Ahmed,1,6,854.46,663.6,190.86,2025-08-12,2025-08-12,854.46,0,22.34,854.46,Low Value
2017,Bilal Malik,1,2,852.92,731.3,121.62,2026-04-03,2026-04-03,852.92,0,14.26,852.92,Low Value
4155,Sara Raza,1,5,852.65,632.85,219.8,2025-06-25,2025-06-25,852.65,0,25.78,852.65,Low Value
1448,Bilal Raza,1,4,852.44,691.44,161.0,2024-09-02,2024-09-02,852.44,0,18.89,852.44,Low Value
2347,Saad Mirza,1,2,851.78,607.12,244.66,2024-05-17,2024-05-17,851.78,0,28.72,851.78,Low Value
7327,Hussain Iqbal,1,3,851.61,777.99,73.62,2026-02-28,2026-02-28,851.61,0,8.64,851.61,Low Value
7810,Saad Khan,1,1,848.12,530.3,317.82,2025-02-06,2025-02-06,848.12,0,37.47,848.12,Low Value
670,Maham Siddiqui,1,5,845.15,696.4,148.75,2024-02-07,2024-02-07,845.15,0,17.6,845.15,Low Value
6686,Hamza Qureshi,1,4,844.12,768.4,75.72,2024-09-29,2024-09-29,844.12,0,8.97,844.12,Low Value
8658,Hira Sheikh,1,2,843.3,671.3,172.0,2022-10-31,2022-10-31,843.3,0,20.4,843.3,Low Value
928,Hassan Mirza,1,7,843.29,572.18,271.11,2025-01-19,2025-01-19,843.29,0,32.15,843.29,Low Value
2174,Ali Ahmed,1,5,842.65,696.0,146.65,2025-10-28,2025-10-28,842.65,0,17.4,842.65,Low Value
6501,Hira Chaudhry,1,3,840.51,694.35,146.16,2023-01-24,2023-01-24,840.51,0,17.39,840.51,Low Value
6595,Saad Iqbal,1,4,840.44,774.52,65.92,2026-08-01,2026-08-01,840.44,0,7.84,840.44,Low Value
2127,Saad Qureshi,1,1,839.16,781.93,57.23,2023-03-12,2023-03-12,839.16,0,6.82,839.16,Low Value
3636,Hamza Khan,1,1,836.5,600.98,235.52,2026-05-19,2026-05-19,836.5,0,28.16,836.5,Low Value
5458,Ali Hussain,1,3,836.25,596.55,239.7,2025-01-24,2025-01-24,836.25,0,28.66,836.25,Low Value
5176,Fahad Khan,1,5,834.65,634.65,200.0,2023-01-26,2023-01-26,834.65,0,23.96,834.65,Low Value
5585,Sara Memon,1,7,833.7,843.57,-9.87,2025-10-14,2025-10-14,833.7,0,-1.18,833.7,Low Value
275,Zainab Memon,1,2,833.3,585.9,247.4,2026-04-02,2026-04-02,833.3,0,29.69,833.3,Low Value
1225,Maham Ahmed,1,1,831.79,572.66,259.13,2023-10-04,2023-10-04,831.79,0,31.15,831.79,Low Value
5499,Usman Khan,1,2,831.12,614.26,216.86,2022-10-15,2022-10-15,831.12,0,26.09,831.12,Low Value
2071,Sara Mirza,2,7,830.73,694.34,136.39,2022-07-18,2023-08-23,415.36,401,16.42,830.73,Low Value
2056,Ali Sheikh,1,2,827.46,710.34,117.12,2025-10-08,2025-10-08,827.46,0,14.15,827.46,Low Value
9013,Ahmed Chaudhry,1,2,825.82,729.26,96.56,2025-08-18,2025-08-18,825.82,0,11.69,825.82,Low Value
6437,Hassan Sheikh,1,4,824.4,626.96,197.44,2022-07-16,2022-07-16,824.4,0,23.95,824.4,Low Value
1963,Maryam Raza,1,3,824.04,559.56,264.48,2023-05-11,2023-05-11,824.04,0,32.1,824.04,Low Value
706,Ahmed Raza,1,1,823.87,611.98,211.89,2025-05-26,2025-05-26,823.87,0,25.72,823.87,Low Value
7529,Sara Qureshi,1,4,823.28,609.96,213.32,2025-06-25,2025-06-25,823.28,0,25.91,823.28,Low Value
3444,Fahad Qureshi,1,4,822.8,541.76,281.04,2023-05-15,2023-05-15,822.8,0,34.16,822.8,Low Value
3316,Fatima Khan,1,2,822.8,667.46,155.34,2024-03-02,2024-03-02,822.8,0,18.88,822.8,Low Value
9906,Ali Memon,1,1,822.39,576.01,246.38,2024-08-31,2024-08-31,822.39,0,29.96,822.39,Low Value
1916,Fahad Shah,1,5,821.0,630.95,190.05,2022-10-30,2022-10-30,821.0,0,23.15,821.0,Low Value
501,Danish Buriro,1,2,818.96,830.16,-11.2,2025-08-21,2025-08-21,818.96,0,-1.37,818.96,Low Value
4243,Hassan Sheikh,1,1,818.88,522.24,296.64,2026-02-02,2026-02-02,818.88,0,36.23,818.88,Low Value
3585,Omar Chaudhry,2,5,818.45,632.55,185.9,2022-12-21,2024-08-13,409.22,601,22.71,818.45,Low Value
7802,Maryam Mirza,1,2,816.58,606.46,210.12,2025-05-24,2025-05-24,816.58,0,25.73,816.58,Low Value
2172,Fatima Shah,1,2,816.28,668.24,148.04,2022-11-04,2022-11-04,816.28,0,18.14,816.28,Low Value
6020,Sara Iqbal,1,5,813.7,600.05,213.65,2022-10-03,2022-10-03,813.7,0,26.26,813.7,Low Value
8534,Saad Chaudhry,1,2,813.06,529.56,283.5,2024-05-19,2024-05-19,813.06,0,34.87,813.06,Low Value
9861,Hassan Ahmed,1,3,813.06,569.31,243.75,2022-10-20,2022-10-20,813.06,0,29.98,813.06,Low Value
2699,Imran Qureshi,1,5,811.25,654.65,156.6,2025-01-29,2025-01-29,811.25,0,19.3,811.25,Low Value
9670,Danish Chaudhry,1,2,811.0,670.04,140.96,2022-11-21,2022-11-21,811.0,0,17.38,811.0,Low Value
5114,Hamza Iqbal,1,1,809.58,687.08,122.5,2024-02-23,2024-02-23,809.58,0,15.13,809.58,Low Value
5406,Omar Memon,1,2,808.28,708.34,99.94,2022-08-14,2022-08-14,808.28,0,12.36,808.28,Low Value
9710,Ayesha Hussain,1,2,808.26,797.12,11.14,2022-11-11,2022-11-11,808.26,0,1.38,808.26,Low Value
4839,Danish Ali,1,4,807.04,609.36,197.68,2022-03-16,2022-03-16,807.04,0,24.49,807.04,Low Value
8642,Zainab Iqbal,1,1,807.0,752.05,54.95,2024-03-12,2024-03-12,807.0,0,6.81,807.0,Low Value
8740,Maham Hussain,1,1,806.88,596.29,210.59,2024-07-21,2024-07-21,806.88,0,26.1,806.88,Low Value
9974,Sana Qureshi,1,1,805.5,736.15,69.35,2024-02-13,2024-02-13,805.5,0,8.61,805.5,Low Value
284,Usman Shah,1,3,805.38,564.24,241.14,2023-10-05,2023-10-05,805.38,0,29.94,805.38,Low Value
7348,Sara Sheikh,1,5,805.2,741.3,63.9,2024-02-18,2024-02-18,805.2,0,7.94,805.2,Low Value
9054,Zainab Buriro,2,7,804.86,540.11,264.75,2022-02-03,2023-08-21,402.43,564,32.89,804.86,Low Value
8601,Fahad Raza,1,7,804.44,749.84,54.6,2022-01-16,2022-01-16,804.44,0,6.79,804.44,Low Value
223,Zainab Hussain,1,1,803.88,646.03,157.85,2024-02-27,2024-02-27,803.88,0,19.64,803.88,Low Value
8295,Fatima Memon,1,1,803.52,624.0,179.52,2024-12-31,2024-12-31,803.52,0,22.34,803.52,Low Value
994,Danish Shah,1,2,801.6,511.24,290.36,2023-11-11,2023-11-11,801.6,0,36.22,801.6,Low Value
1539,Hassan Mirza,1,3,800.97,826.35,-25.38,2023-05-01,2023-05-01,800.97,0,-3.17,800.97,Low Value
1914,Hamza Raza,1,4,800.28,588.36,211.92,2023-10-23,2023-10-23,800.28,0,26.48,800.28,Low Value
5452,Ali Raza,1,7,800.1,611.94,188.16,2026-04-21,2026-04-21,800.1,0,23.52,800.1,Low Value
9070,Hassan Qureshi,2,10,799.83,616.34,183.49,2024-04-06,2024-08-17,399.92,133,22.94,799.83,Low Value
3277,Hussain Sheikh,1,2,799.44,606.56,192.88,2024-06-18,2024-06-18,799.44,0,24.13,799.44,Low Value
3224,Bilal Memon,1,1,798.61,734.1,64.51,2023-10-07,2023-10-07,798.61,0,8.08,798.61,Low Value
7321,Usman Khan,1,3,797.58,793.56,4.02,2024-06-09,2024-06-09,797.58,0,0.5,797.58,Low Value
9665,Zainab Ali,1,1,797.53,742.6,54.93,2023-09-02,2023-09-02,797.53,0,6.89,797.53,Low Value
7933,Maham Ali,2,4,797.39,593.32,204.07,2022-07-26,2026-03-26,398.7,1339,25.59,797.39,Low Value
3145,Bilal Mirza,1,1,797.18,531.32,265.86,2026-03-14,2026-03-14,797.18,0,33.35,797.18,Low Value
4259,Zainab Iqbal,1,6,796.92,499.74,297.18,2025-06-26,2025-06-26,796.92,0,37.29,796.92,Low Value
6367,Maryam Siddiqui,1,1,794.29,725.42,68.87,2024-01-31,2024-01-31,794.29,0,8.67,794.29,Low Value
6813,Ahmed Qureshi,1,1,793.11,561.15,231.96,2023-01-19,2023-01-19,793.11,0,29.25,793.11,Low Value
774,Hira Mirza,1,2,792.32,703.08,89.24,2025-06-20,2025-06-20,792.32,0,11.26,792.32,Low Value
5149,Sana Chaudhry,3,4,792.28,597.53,194.75,2022-03-17,2024-04-25,264.09,770,24.58,792.28,Low Value
4347,Saad Buriro,1,1,791.82,724.75,67.07,2026-04-11,2026-04-11,791.82,0,8.47,791.82,Low Value
7861,Maham Hussain,1,1,791.58,672.05,119.53,2026-04-19,2026-04-19,791.58,0,15.1,791.58,Low Value
3440,Sana Raza,1,3,790.5,770.49,20.01,2024-09-18,2024-09-18,790.5,0,2.53,790.5,Low Value
3453,Maryam Khan,1,1,790.03,698.34,91.69,2024-08-08,2024-08-08,790.03,0,11.61,790.03,Low Value
8426,Hamza Raza,1,7,789.81,663.25,126.56,2024-02-05,2024-02-05,789.81,0,16.02,789.81,Low Value
3938,Bilal Hussain,1,1,789.6,620.51,169.09,2025-07-25,2025-07-25,789.6,0,21.41,789.6,Low Value
2291,Hussain Iqbal,2,3,789.05,729.58,59.47,2022-09-21,2024-11-05,394.52,776,7.54,789.05,Low Value
4543,Ayesha Iqbal,1,1,788.96,652.24,136.72,2023-04-14,2023-04-14,788.96,0,17.33,788.96,Low Value
6414,Fatima Iqbal,1,5,788.75,556.95,231.8,2025-07-28,2025-07-28,788.75,0,29.39,788.75,Low Value
819,Hussain Hussain,1,3,787.02,566.76,220.26,2024-08-16,2024-08-16,787.02,0,27.99,787.02,Low Value
1756,Saad Raza,1,1,785.15,707.13,78.02,2024-06-26,2024-06-26,785.15,0,9.94,785.15,Low Value
2414,Hussain Raza,1,1,784.42,725.27,59.15,2023-12-19,2023-12-19,784.42,0,7.54,784.42,Low Value
194,Ahmed Mirza,1,1,784.36,742.36,42.0,2023-05-28,2023-05-28,784.36,0,5.35,784.36,Low Value
1043,Hassan Hussain,1,2,779.2,701.0,78.2,2024-04-22,2024-04-22,779.2,0,10.04,779.2,Low Value
9629,Bilal Iqbal,1,1,776.7,695.86,80.84,2025-01-29,2025-01-29,776.7,0,10.41,776.7,Low Value
8565,Sana Siddiqui,1,5,775.75,600.95,174.8,2023-07-29,2023-07-29,775.75,0,22.53,775.75,Low Value
5746,Zainab Ali,1,2,775.22,585.9,189.32,2026-08-13,2026-08-13,775.22,0,24.42,775.22,Low Value
7639,Sana Raza,1,6,773.7,696.48,77.22,2025-06-04,2025-06-04,773.7,0,9.98,773.7,Low Value
783,Sana Siddiqui,1,1,773.29,672.12,101.17,2025-11-05,2025-11-05,773.29,0,13.08,773.29,Low Value
7424,Hira Sheikh,1,4,768.84,582.16,186.68,2023-09-05,2023-09-05,768.84,0,24.28,768.84,Low Value
1918,Hassan Memon,1,4,768.36,605.8,162.56,2023-09-08,2023-09-08,768.36,0,21.16,768.36,Low Value
3552,Maryam Raza,1,2,766.82,655.86,110.96,2025-06-25,2025-06-25,766.82,0,14.47,766.82,Low Value
1581,Hassan Chaudhry,1,1,766.44,565.45,200.99,2023-11-23,2023-11-23,766.44,0,26.22,766.44,Low Value
9880,Bilal Qureshi,1,2,763.1,510.9,252.2,2024-05-25,2024-05-25,763.1,0,33.05,763.1,Low Value
5957,Danish Raza,1,4,760.04,698.56,61.48,2023-11-06,2023-11-06,760.04,0,8.09,760.04,Low Value
682,Omar Shah,2,5,759.67,619.89,139.78,2022-08-26,2024-06-24,379.84,668,18.4,759.67,Low Value
4730,Maham Siddiqui,2,5,758.04,608.68,149.36,2022-08-01,2025-09-19,379.02,1145,19.7,758.04,Low Value
1465,Hussain Hussain,1,1,756.94,562.1,194.84,2025-02-14,2025-02-14,756.94,0,25.74,756.94,Low Value
7809,Bilal Iqbal,1,2,751.2,571.68,179.52,2023-06-10,2023-06-10,751.2,0,23.9,751.2,Low Value
2053,Ahmed Siddiqui,1,7,749.42,747.39,2.03,2024-03-16,2024-03-16,749.42,0,0.27,749.42,Low Value
6101,Zainab Raza,1,3,746.46,611.64,134.82,2024-04-24,2024-04-24,746.46,0,18.06,746.46,Low Value
4932,Fahad Hussain,1,3,744.48,514.2,230.28,2026-08-14,2026-08-14,744.48,0,30.93,744.48,Low Value
8738,Maham Qureshi,1,3,740.25,640.2,100.05,2025-08-03,2025-08-03,740.25,0,13.52,740.25,Low Value
4061,Fatima Iqbal,2,2,739.25,621.25,118.0,2023-07-29,2024-02-19,369.62,205,15.96,739.25,Low Value
7634,Maryam Raza,1,1,737.0,669.43,67.57,2026-01-23,2026-01-23,737.0,0,9.17,737.0,Low Value
343,Hussain Mirza,1,1,736.65,765.89,-29.24,2023-08-08,2023-08-08,736.65,0,-3.97,736.65,Low Value
967,Danish Iqbal,1,1,736.55,564.92,171.63,2024-06-05,2024-06-05,736.55,0,23.3,736.55,Low Value
6353,Hassan Buriro,1,3,735.18,667.68,67.5,2025-12-08,2025-12-08,735.18,0,9.18,735.18,Low Value
8723,Danish Memon,1,2,734.64,594.2,140.44,2022-09-17,2022-09-17,734.64,0,19.12,734.64,Low Value
4292,Bilal Khan,1,3,734.1,605.31,128.79,2023-09-30,2023-09-30,734.1,0,17.54,734.1,Low Value
5920,Usman Malik,1,2,733.02,632.74,100.28,2025-06-20,2025-06-20,733.02,0,13.68,733.02,Low Value
3301,Hassan Iqbal,1,2,732.76,521.2,211.56,2025-08-16,2025-08-16,732.76,0,28.87,732.76,Low Value
6692,Maham Khan,1,1,731.1,603.52,127.58,2026-07-24,2026-07-24,731.1,0,17.45,731.1,Low Value
5677,Sana Ahmed,1,2,730.6,566.22,164.38,2025-04-09,2025-04-09,730.6,0,22.5,730.6,Low Value
124,Maham Siddiqui,1,1,729.3,667.36,61.94,2025-04-18,2025-04-18,729.3,0,8.49,729.3,Low Value
4994,Fatima Qureshi,1,1,729.24,547.37,181.87,2022-10-10,2022-10-10,729.24,0,24.94,729.24,Low Value
7076,Omar Siddiqui,1,7,728.56,569.52,159.04,2025-12-30,2025-12-30,728.56,0,21.83,728.56,Low Value
1128,Bilal Memon,1,4,725.56,585.0,140.56,2026-01-01,2026-01-01,725.56,0,19.37,725.56,Low Value
4710,Ahmed Qureshi,1,2,721.04,629.36,91.68,2024-03-09,2024-03-09,721.04,0,12.71,721.04,Low Value
8798,Sana Hussain,1,5,720.6,529.3,191.3,2026-06-11,2026-06-11,720.6,0,26.55,720.6,Low Value
3337,Hamza Sheikh,1,4,718.08,582.16,135.92,2022-08-09,2022-08-09,718.08,0,18.93,718.08,Low Value
333,Sana Memon,1,7,717.43,536.69,180.74,2022-01-08,2022-01-08,717.43,0,25.19,717.43,Low Value
4951,Sana Shah,1,2,715.86,557.88,157.98,2023-05-10,2023-05-10,715.86,0,22.07,715.86,Low Value
7521,Fahad Khan,1,4,715.32,613.56,101.76,2022-11-19,2022-11-19,715.32,0,14.23,715.32,Low Value
6187,Ali Memon,1,2,714.7,510.9,203.8,2023-09-18,2023-09-18,714.7,0,28.52,714.7,Low Value
6725,Hamza Siddiqui,1,4,712.44,643.52,68.92,2025-09-27,2025-09-27,712.44,0,9.67,712.44,Low Value
6879,Sara Memon,1,2,712.24,482.9,229.34,2022-08-13,2022-08-13,712.24,0,32.2,712.24,Low Value
9989,Maryam Qureshi,1,1,710.93,650.43,60.5,2022-06-29,2022-06-29,710.93,0,8.51,710.93,Low Value
3128,Bilal Ali,1,2,709.82,691.88,17.94,2025-07-28,2025-07-28,709.82,0,2.53,709.82,Low Value
1590,Usman Ahmed,1,6,707.88,502.44,205.44,2023-11-10,2023-11-10,707.88,0,29.02,707.88,Low Value
964,Omar Ali,2,8,707.61,620.01,87.6,2023-10-14,2025-05-21,353.8,585,12.38,707.61,Low Value
4592,Fahad Sheikh,1,3,706.77,470.22,236.55,2022-07-21,2022-07-21,706.77,0,33.47,706.77,Low Value
1100,Sana Ahmed,1,1,703.17,682.75,20.42,2023-03-14,2023-03-14,703.17,0,2.9,703.17,Low Value
2353,Sara Shah,1,5,701.3,553.0,148.3,2026-04-28,2026-04-28,701.3,0,21.15,701.3,Low Value
597,Hussain Memon,1,4,699.28,483.96,215.32,2024-05-22,2024-05-22,699.28,0,30.79,699.28,Low Value
7587,Ali Ahmed,1,3,698.82,523.98,174.84,2024-10-06,2024-10-06,698.82,0,25.02,698.82,Low Value
2568,Sara Ali,1,1,697.78,553.78,144.0,2025-05-25,2025-05-25,697.78,0,20.64,697.78,Low Value
8419,Hussain Qureshi,1,4,696.44,551.32,145.12,2024-11-05,2024-11-05,696.44,0,20.84,696.44,Low Value
6944,Bilal Raza,1,2,695.2,566.22,128.98,2026-07-16,2026-07-16,695.2,0,18.55,695.2,Low Value
8963,Bilal Memon,1,1,694.39,593.93,100.46,2026-03-06,2026-03-06,694.39,0,14.47,694.39,Low Value
8540,Hassan Shah,1,6,693.78,703.74,-9.96,2022-01-24,2022-01-24,693.78,0,-1.44,693.78,Low Value
6696,Ali Malik,1,4,692.32,552.56,139.76,2023-05-10,2023-05-10,692.32,0,20.19,692.32,Low Value
6351,Imran Buriro,1,1,690.88,562.54,128.34,2023-01-30,2023-01-30,690.88,0,18.58,690.88,Low Value
7663,Imran Hussain,1,1,688.9,477.49,211.41,2025-06-28,2025-06-28,688.9,0,30.69,688.9,Low Value
375,Hamza Ahmed,1,2,688.26,714.76,-26.5,2025-05-10,2025-05-10,688.26,0,-3.85,688.26,Low Value
4897,Ahmed Shah,1,2,686.44,614.74,71.7,2023-10-19,2023-10-19,686.44,0,10.45,686.44,Low Value
9499,Maham Iqbal,1,1,685.49,486.74,198.75,2025-08-18,2025-08-18,685.49,0,28.99,685.49,Low Value
6279,Hussain Buriro,1,2,685.26,517.36,167.9,2025-09-13,2025-09-13,685.26,0,24.5,685.26,Low Value
9233,Maham Raza,1,2,684.96,450.12,234.84,2022-07-24,2022-07-24,684.96,0,34.29,684.96,Low Value
4769,Sara Shah,1,1,684.25,641.36,42.89,2022-09-09,2022-09-09,684.25,0,6.27,684.25,Low Value
6185,Hira Ahmed,1,5,683.95,645.6,38.35,2023-07-14,2023-07-14,683.95,0,5.61,683.95,Low Value
5936,Usman Raza,1,1,681.69,490.29,191.4,2025-05-27,2025-05-27,681.69,0,28.08,681.69,Low Value
2429,Danish Hussain,1,2,680.28,643.58,36.7,2022-10-12,2022-10-12,680.28,0,5.39,680.28,Low Value
7465,Sana Iqbal,1,4,677.52,471.96,205.56,2025-02-15,2025-02-15,677.52,0,30.34,677.52,Low Value
6401,Fahad Ahmed,1,2,677.16,506.12,171.04,2023-01-03,2023-01-03,677.16,0,25.26,677.16,Low Value
208,Ali Memon,1,4,675.64,557.12,118.52,2026-06-10,2026-06-10,675.64,0,17.54,675.64,Low Value
6103,Zainab Mirza,1,5,675.55,426.8,248.75,2026-03-18,2026-03-18,675.55,0,36.82,675.55,Low Value
4137,Hassan Sheikh,1,2,675.02,592.88,82.14,2025-06-24,2025-06-24,675.02,0,12.17,675.02,Low Value
8984,Imran Mirza,1,1,675.0,509.99,165.01,2025-03-06,2025-03-06,675.0,0,24.45,675.0,Low Value
5802,Maham Hussain,1,5,670.05,488.65,181.4,2022-04-18,2022-04-18,670.05,0,27.07,670.05,Low Value
546,Zainab Siddiqui,1,1,669.77,631.33,38.44,2025-02-08,2025-02-08,669.77,0,5.74,669.77,Low Value
2995,Fahad Raza,1,1,668.77,579.48,89.29,2024-09-02,2024-09-02,668.77,0,13.35,668.77,Low Value
4006,Sana Ahmed,1,7,668.08,492.31,175.77,2022-01-07,2022-01-07,668.08,0,26.31,668.08,Low Value
4754,Hussain Sheikh,1,5,667.4,512.55,154.85,2024-04-07,2024-04-07,667.4,0,23.2,667.4,Low Value
6781,Bilal Qureshi,1,3,667.29,633.69,33.6,2022-02-10,2022-02-10,667.29,0,5.04,667.29,Low Value
1461,Hamza Buriro,1,5,664.3,446.3,218.0,2026-02-18,2026-02-18,664.3,0,32.82,664.3,Low Value
4779,Maham Malik,1,1,663.89,579.0,84.89,2025-06-12,2025-06-12,663.89,0,12.79,663.89,Low Value
5334,Ayesha Ahmed,1,3,663.66,530.19,133.47,2025-02-02,2025-02-02,663.66,0,20.11,663.66,Low Value
3213,Saad Buriro,1,6,663.6,666.96,-3.36,2022-12-16,2022-12-16,663.6,0,-0.51,663.6,Low Value
1270,Zainab Sheikh,1,1,662.87,584.17,78.7,2022-10-08,2022-10-08,662.87,0,11.87,662.87,Low Value
1944,Ahmed Ahmed,1,2,660.16,587.18,72.98,2026-03-19,2026-03-19,660.16,0,11.05,660.16,Low Value
7762,Sara Iqbal,1,5,658.3,514.5,143.8,2022-07-02,2022-07-02,658.3,0,21.84,658.3,Low Value
1322,Usman Siddiqui,1,6,657.0,518.16,138.84,2023-12-18,2023-12-18,657.0,0,21.13,657.0,Low Value
2963,Imran Ali,1,1,655.66,654.79,0.87,2022-01-06,2022-01-06,655.66,0,0.13,655.66,Low Value
3784,Ayesha Shah,1,1,653.76,604.88,48.88,2025-09-15,2025-09-15,653.76,0,7.48,653.76,Low Value
3706,Ahmed Ahmed,1,1,653.04,562.7,90.34,2026-07-10,2026-07-10,653.04,0,13.83,653.04,Low Value
6363,Imran Sheikh,1,2,651.64,433.98,217.66,2024-03-11,2024-03-11,651.64,0,33.4,651.64,Low Value
179,Hussain Chaudhry,1,4,648.08,472.0,176.08,2022-07-23,2022-07-23,648.08,0,27.17,648.08,Low Value
7434,Maryam Ahmed,1,6,647.52,640.62,6.9,2022-06-01,2022-06-01,647.52,0,1.07,647.52,Low Value
5850,Saad Buriro,1,2,647.42,489.76,157.66,2023-03-29,2023-03-29,647.42,0,24.35,647.42,Low Value
1852,Usman Chaudhry,1,6,646.86,499.86,147.0,2025-05-25,2025-05-25,646.86,0,22.73,646.86,Low Value
6329,Bilal Siddiqui,1,1,646.79,504.05,142.74,2023-09-28,2023-09-28,646.79,0,22.07,646.79,Low Value
5777,Hira Memon,1,1,643.4,551.43,91.97,2022-05-04,2022-05-04,643.4,0,14.29,643.4,Low Value
7307,Ali Ali,1,5,641.6,534.35,107.25,2022-06-10,2022-06-10,641.6,0,16.72,641.6,Low Value
781,Bilal Shah,1,2,640.92,478.62,162.3,2024-05-10,2024-05-10,640.92,0,25.32,640.92,Low Value
4676,Hira Ahmed,1,1,638.68,494.46,144.22,2022-01-12,2022-01-12,638.68,0,22.58,638.68,Low Value
7755,Imran Siddiqui,1,2,637.76,521.08,116.68,2024-09-20,2024-09-20,637.76,0,18.3,637.76,Low Value
7811,Maham Ali,1,2,636.84,560.16,76.68,2024-01-30,2024-01-30,636.84,0,12.04,636.84,Low Value
1083,Saad Chaudhry,1,7,635.53,448.28,187.25,2025-04-04,2025-04-04,635.53,0,29.46,635.53,Low Value
8726,Ayesha Chaudhry,1,3,632.25,517.56,114.69,2025-05-13,2025-05-13,632.25,0,18.14,632.25,Low Value
359,Zainab Sheikh,1,5,632.2,387.4,244.8,2026-01-15,2026-01-15,632.2,0,38.72,632.2,Low Value
5194,Hussain Memon,1,2,631.6,407.9,223.7,2022-05-04,2022-05-04,631.6,0,35.42,631.6,Low Value
3017,Maham Iqbal,1,5,631.55,504.8,126.75,2026-05-06,2026-05-06,631.55,0,20.07,631.55,Low Value
5786,Ahmed Buriro,1,2,623.0,480.6,142.4,2022-06-22,2022-06-22,623.0,0,22.86,623.0,Low Value
1793,Maham Shah,1,3,621.51,569.82,51.69,2022-08-07,2022-08-07,621.51,0,8.32,621.51,Low Value
1946,Sana Chaudhry,1,3,621.18,537.87,83.31,2025-09-28,2025-09-28,621.18,0,13.41,621.18,Low Value
7340,Hira Chaudhry,1,1,620.63,530.61,90.02,2024-01-04,2024-01-04,620.63,0,14.5,620.63,Low Value
9839,Ahmed Mirza,1,3,620.58,456.03,164.55,2026-03-04,2026-03-04,620.58,0,26.52,620.58,Low Value
8131,Imran Hussain,1,2,619.44,525.58,93.86,2026-04-29,2026-04-29,619.44,0,15.15,619.44,Low Value
4667,Maryam Mirza,1,6,618.66,436.56,182.1,2022-12-06,2022-12-06,618.66,0,29.43,618.66,Low Value
7063,Ahmed Malik,1,4,616.44,454.44,162.0,2026-05-28,2026-05-28,616.44,0,26.28,616.44,Low Value
1037,Ayesha Qureshi,1,1,615.91,477.18,138.73,2023-10-11,2023-10-11,615.91,0,22.52,615.91,Low Value
4903,Fahad Ahmed,1,1,615.41,603.0,12.41,2023-01-04,2023-01-04,615.41,0,2.02,615.41,Low Value
3294,Zainab Sheikh,1,1,611.69,511.21,100.48,2025-07-20,2025-07-20,611.69,0,16.43,611.69,Low Value
8011,Hamza Iqbal,1,1,611.66,601.95,9.71,2026-05-05,2026-05-05,611.66,0,1.59,611.66,Low Value
5227,Imran Ahmed,1,1,610.02,427.33,182.69,2026-06-17,2026-06-17,610.02,0,29.95,610.02,Low Value
7630,Omar Mirza,1,2,609.5,464.48,145.02,2025-07-30,2025-07-30,609.5,0,23.79,609.5,Low Value
8742,Sara Hussain,1,1,606.45,432.41,174.04,2026-05-23,2026-05-23,606.45,0,28.7,606.45,Low Value
4345,Zainab Memon,1,4,603.76,498.92,104.84,2024-03-27,2024-03-27,603.76,0,17.36,603.76,Low Value
7302,Maham Hussain,1,1,600.98,575.61,25.37,2023-04-30,2023-04-30,600.98,0,4.22,600.98,Low Value
2320,Maryam Chaudhry,1,1,600.72,520.78,79.94,2022-06-03,2022-06-03,600.72,0,13.31,600.72,Low Value
3848,Maryam Memon,2,5,600.2,396.65,203.55,2022-08-17,2024-08-12,300.1,726,33.91,600.2,Low Value
8000,Hira Iqbal,1,4,599.8,462.12,137.68,2023-07-06,2023-07-06,599.8,0,22.95,599.8,Low Value
704,Hamza Chaudhry,1,4,599.36,446.44,152.92,2022-03-15,2022-03-15,599.36,0,25.51,599.36,Low Value
826,Hussain Khan,1,4,599.2,467.24,131.96,2022-09-18,2022-09-18,599.2,0,22.02,599.2,Low Value
8168,Sana Iqbal,1,2,597.52,583.92,13.6,2026-05-10,2026-05-10,597.52,0,2.28,597.52,Low Value
2502,Maryam Memon,2,7,596.47,426.67,169.8,2022-04-11,2024-07-05,298.23,816,28.47,596.47,Low Value
2051,Ahmed Iqbal,1,4,596.44,455.24,141.2,2024-08-24,2024-08-24,596.44,0,23.67,596.44,Low Value
8524,Fatima Siddiqui,1,4,595.64,499.6,96.04,2026-07-25,2026-07-25,595.64,0,16.12,595.64,Low Value
6843,Ahmed Memon,1,1,595.55,605.01,-9.46,2023-03-21,2023-03-21,595.55,0,-1.59,595.55,Low Value
9136,Ayesha Memon,1,4,595.12,537.56,57.56,2024-04-14,2024-04-14,595.12,0,9.67,595.12,Low Value
2443,Ali Shah,1,3,594.87,410.19,184.68,2023-01-28,2023-01-28,594.87,0,31.05,594.87,Low Value
5565,Imran Chaudhry,1,5,594.0,474.85,119.15,2023-11-14,2023-11-14,594.0,0,20.06,594.0,Low Value
1474,Sana Sheikh,1,2,592.8,549.02,43.78,2022-02-20,2022-02-20,592.8,0,7.39,592.8,Low Value
6907,Bilal Buriro,1,5,592.75,543.1,49.65,2022-04-28,2022-04-28,592.75,0,8.38,592.75,Low Value
914,Hassan Iqbal,1,4,590.52,498.8,91.72,2022-05-21,2022-05-21,590.52,0,15.53,590.52,Low Value
9142,Ali Iqbal,1,4,588.36,380.52,207.84,2023-09-28,2023-09-28,588.36,0,35.33,588.36,Low Value
8396,Ali Raza,1,6,588.3,412.68,175.62,2023-08-27,2023-08-27,588.3,0,29.85,588.3,Low Value
4288,Saad Shah,1,1,585.02,481.14,103.88,2022-06-16,2022-06-16,585.02,0,17.76,585.02,Low Value
3399,Ahmed Memon,1,2,584.98,521.56,63.42,2026-02-20,2026-02-20,584.98,0,10.84,584.98,Low Value
6589,Fahad Mirza,1,1,584.43,406.58,177.85,2022-10-31,2022-10-31,584.43,0,30.43,584.43,Low Value
3680,Fahad Khan,1,1,580.95,393.47,187.48,2024-12-22,2024-12-22,580.95,0,32.27,580.95,Low Value
6898,Sana Khan,1,2,579.72,495.82,83.9,2024-05-23,2024-05-23,579.72,0,14.47,579.72,Low Value
4384,Usman Sheikh,1,3,578.88,445.68,133.2,2025-08-28,2025-08-28,578.88,0,23.01,578.88,Low Value
3669,Saad Qureshi,1,6,577.98,414.6,163.38,2026-07-17,2026-07-17,577.98,0,28.27,577.98,Low Value
5434,Hamza Siddiqui,1,2,577.92,476.0,101.92,2025-11-27,2025-11-27,577.92,0,17.64,577.92,Low Value
9536,Danish Qureshi,1,1,576.06,370.3,205.76,2022-03-27,2022-03-27,576.06,0,35.72,576.06,Low Value
8219,Hassan Siddiqui,1,7,575.4,381.85,193.55,2025-03-12,2025-03-12,575.4,0,33.64,575.4,Low Value
3183,Danish Sheikh,2,7,575.28,557.62,17.66,2022-11-17,2023-02-10,287.64,85,3.07,575.28,Low Value
2370,Hamza Sheikh,1,7,573.72,490.42,83.3,2025-01-30,2025-01-30,573.72,0,14.52,573.72,Low Value
79,Hassan Raza,1,2,572.96,407.4,165.56,2022-04-20,2022-04-20,572.96,0,28.9,572.96,Low Value
3300,Hassan Khan,1,5,570.55,498.85,71.7,2026-04-29,2026-04-29,570.55,0,12.57,570.55,Low Value
2385,Hassan Khan,1,1,570.4,490.61,79.79,2025-04-07,2025-04-07,570.4,0,13.99,570.4,Low Value
1999,Ali Mirza,1,5,568.35,489.75,78.6,2023-07-13,2023-07-13,568.35,0,13.83,568.35,Low Value
1103,Fatima Buriro,1,3,567.57,383.79,183.78,2025-08-11,2025-08-11,567.57,0,32.38,567.57,Low Value
1586,Maryam Iqbal,1,5,563.85,399.1,164.75,2024-06-15,2024-06-15,563.85,0,29.22,563.85,Low Value
9477,Sara Raza,1,3,560.88,441.27,119.61,2022-04-06,2022-04-06,560.88,0,21.33,560.88,Low Value
9043,Sara Qureshi,1,4,558.84,494.84,64.0,2025-07-06,2025-07-06,558.84,0,11.45,558.84,Low Value
3947,Hamza Shah,1,3,558.45,487.5,70.95,2022-11-05,2022-11-05,558.45,0,12.7,558.45,Low Value
8594,Omar Siddiqui,1,2,558.42,509.6,48.82,2026-08-13,2026-08-13,558.42,0,8.74,558.42,Low Value
3424,Hassan Siddiqui,1,2,556.54,408.3,148.24,2026-03-28,2026-03-28,556.54,0,26.64,556.54,Low Value
8986,Saad Buriro,1,1,552.78,366.93,185.85,2022-04-25,2022-04-25,552.78,0,33.62,552.78,Low Value
9826,Fatima Khan,1,1,551.09,519.86,31.23,2024-12-31,2024-12-31,551.09,0,5.67,551.09,Low Value
649,Bilal Memon,1,7,550.48,511.7,38.78,2023-12-16,2023-12-16,550.48,0,7.04,550.48,Low Value
2138,Ali Buriro,1,3,549.15,412.47,136.68,2022-12-23,2022-12-23,549.15,0,24.89,549.15,Low Value
2191,Imran Ali,1,2,547.64,353.54,194.1,2022-05-13,2022-05-13,547.64,0,35.44,547.64,Low Value
7308,Danish Buriro,1,3,546.69,449.16,97.53,2023-05-08,2023-05-08,546.69,0,17.84,546.69,Low Value
9112,Ali Qureshi,1,6,546.54,411.12,135.42,2022-01-20,2022-01-20,546.54,0,24.78,546.54,Low Value
500,Saad Sheikh,1,7,546.42,378.56,167.86,2025-07-02,2025-07-02,546.42,0,30.72,546.42,Low Value
3420,Ahmed Mirza,1,7,545.79,528.85,16.94,2025-06-15,2025-06-15,545.79,0,3.1,545.79,Low Value
3508,Ayesha Mirza,1,3,543.06,443.34,99.72,2025-03-23,2025-03-23,543.06,0,18.36,543.06,Low Value
2021,Hamza Hussain,1,4,542.92,520.44,22.48,2024-11-17,2024-11-17,542.92,0,4.14,542.92,Low Value
3208,Usman Khan,1,5,540.45,486.05,54.4,2026-04-26,2026-04-26,540.45,0,10.07,540.45,Low Value
9740,Bilal Hussain,1,7,539.77,506.17,33.6,2022-11-14,2022-11-14,539.77,0,6.22,539.77,Low Value
1698,Hamza Buriro,1,1,539.66,419.79,119.87,2023-05-08,2023-05-08,539.66,0,22.21,539.66,Low Value
5381,Usman Shah,1,1,538.95,441.13,97.82,2022-05-29,2022-05-29,538.95,0,18.15,538.95,Low Value
8766,Sara Siddiqui,1,2,537.86,412.8,125.06,2023-07-07,2023-07-07,537.86,0,23.25,537.86,Low Value
7313,Hassan Siddiqui,2,3,536.17,497.58,38.59,2023-06-05,2025-10-27,268.08,875,7.2,536.17,Low Value
8789,Ayesha Malik,1,2,535.52,434.94,100.58,2025-05-03,2025-05-03,535.52,0,18.78,535.52,Low Value
6077,Sara Hussain,1,1,534.68,409.62,125.06,2024-10-28,2024-10-28,534.68,0,23.39,534.68,Low Value
3041,Fahad Qureshi,1,2,533.94,440.38,93.56,2026-03-23,2026-03-23,533.94,0,17.52,533.94,Low Value
120,Hamza Hussain,1,1,533.92,470.11,63.81,2023-02-13,2023-02-13,533.92,0,11.95,533.92,Low Value
9783,Omar Hussain,1,1,530.73,466.41,64.32,2024-03-07,2024-03-07,530.73,0,12.12,530.73,Low Value
337,Maryam Ali,1,4,529.6,410.04,119.56,2023-07-28,2023-07-28,529.6,0,22.58,529.6,Low Value
9462,Hamza Khan,1,3,529.44,430.11,99.33,2026-07-05,2026-07-05,529.44,0,18.76,529.44,Low Value
2361,Sana Mirza,1,1,528.9,530.57,-1.67,2024-07-12,2024-07-12,528.9,0,-0.32,528.9,Low Value
8536,Maryam Shah,1,2,528.76,463.0,65.76,2022-10-13,2022-10-13,528.76,0,12.44,528.76,Low Value
4443,Hussain Chaudhry,1,1,528.26,460.6,67.66,2026-07-24,2026-07-24,528.26,0,12.81,528.26,Low Value
9313,Hassan Shah,1,4,527.84,411.08,116.76,2024-08-06,2024-08-06,527.84,0,22.12,527.84,Low Value
2090,Fatima Siddiqui,1,3,525.78,387.09,138.69,2025-05-04,2025-05-04,525.78,0,26.38,525.78,Low Value
7459,Fahad Ali,1,1,523.57,376.65,146.92,2022-05-10,2022-05-10,523.57,0,28.06,523.57,Low Value
2854,Ayesha Malik,1,4,519.08,431.16,87.92,2026-07-21,2026-07-21,519.08,0,16.94,519.08,Low Value
2890,Sara Ali,1,1,518.74,376.95,141.79,2026-04-07,2026-04-07,518.74,0,27.33,518.74,Low Value
6885,Sara Iqbal,1,1,518.22,367.94,150.28,2023-06-15,2023-06-15,518.22,0,29.0,518.22,Low Value
8057,Ali Raza,1,6,514.32,537.3,-22.98,2026-04-23,2026-04-23,514.32,0,-4.47,514.32,Low Value
9338,Danish Raza,1,6,512.76,388.14,124.62,2024-02-22,2024-02-22,512.76,0,24.3,512.76,Low Value
3711,Sara Chaudhry,1,4,510.72,402.76,107.96,2023-09-03,2023-09-03,510.72,0,21.14,510.72,Low Value
209,Saad Ali,1,6,509.4,427.32,82.08,2025-09-03,2025-09-03,509.4,0,16.11,509.4,Low Value
9399,Ali Buriro,1,7,509.18,372.4,136.78,2023-05-02,2023-05-02,509.18,0,26.86,509.18,Low Value
2104,Imran Iqbal,1,1,507.39,341.82,165.57,2025-03-24,2025-03-24,507.39,0,32.63,507.39,Low Value
523,Sara Ahmed,1,2,505.82,429.04,76.78,2024-06-24,2024-06-24,505.82,0,15.18,505.82,Low Value
1475,Zainab Sheikh,1,4,504.28,448.96,55.32,2022-03-11,2022-03-11,504.28,0,10.97,504.28,Low Value
85,Hamza Khan,1,3,504.15,396.78,107.37,2022-06-03,2022-06-03,504.15,0,21.3,504.15,Low Value
4889,Danish Qureshi,1,3,503.97,471.78,32.19,2022-05-17,2022-05-17,503.97,0,6.39,503.97,Low Value
4476,Hassan Hussain,1,7,502.6,357.49,145.11,2022-09-03,2022-09-03,502.6,0,28.87,502.6,Low Value
3022,Omar Buriro,1,1,500.58,492.95,7.63,2025-05-18,2025-05-18,500.58,0,1.52,500.58,Low Value
7513,Hamza Khan,1,2,500.5,355.82,144.68,2022-08-01,2022-08-01,500.5,0,28.91,500.5,Low Value
3797,Zainab Hussain,2,6,500.46,394.36,106.1,2023-06-17,2025-01-08,250.23,571,21.2,500.46,Low Value
5275,Ayesha Qureshi,1,1,497.82,448.47,49.35,2026-01-31,2026-01-31,497.82,0,9.91,497.82,Low Value
3780,Hassan Iqbal,1,2,497.7,432.62,65.08,2025-07-27,2025-07-27,497.7,0,13.08,497.7,Low Value
4173,Hamza Iqbal,1,1,496.0,362.78,133.22,2025-08-05,2025-08-05,496.0,0,26.86,496.0,Low Value
7266,Hussain Khan,1,1,495.63,416.94,78.69,2025-12-18,2025-12-18,495.63,0,15.88,495.63,Low Value
1176,Zainab Buriro,1,2,495.06,370.9,124.16,2022-04-03,2022-04-03,495.06,0,25.08,495.06,Low Value
7906,Omar Ahmed,1,2,493.66,373.46,120.2,2024-11-01,2024-11-01,493.66,0,24.35,493.66,Low Value
7428,Zainab Ahmed,1,2,492.52,423.9,68.62,2022-01-05,2022-01-05,492.52,0,13.93,492.52,Low Value
7198,Ayesha Chaudhry,1,6,492.24,389.46,102.78,2025-07-29,2025-07-29,492.24,0,20.88,492.24,Low Value
1670,Fahad Chaudhry,1,3,491.13,442.44,48.69,2022-02-12,2022-02-12,491.13,0,9.91,491.13,Low Value
751,Zainab Shah,1,2,488.44,422.72,65.72,2022-08-16,2022-08-16,488.44,0,13.46,488.44,Low Value
5674,Maryam Raza,1,2,488.3,404.78,83.52,2022-09-07,2022-09-07,488.3,0,17.1,488.3,Low Value
7169,Fatima Raza,1,1,486.77,353.95,132.82,2024-01-02,2024-01-02,486.77,0,27.29,486.77,Low Value
366,Sara Siddiqui,1,1,486.64,353.31,133.33,2026-01-27,2026-01-27,486.64,0,27.4,486.64,Low Value
5917,Maryam Buriro,1,7,484.89,464.94,19.95,2023-07-24,2023-07-24,484.89,0,4.11,484.89,Low Value
1296,Ahmed Qureshi,1,1,483.48,326.04,157.44,2025-03-01,2025-03-01,483.48,0,32.56,483.48,Low Value
2521,Omar Ahmed,1,1,481.81,361.63,120.18,2023-01-01,2023-01-01,481.81,0,24.94,481.81,Low Value
1853,Imran Sheikh,1,2,480.88,335.8,145.08,2022-04-28,2022-04-28,480.88,0,30.17,480.88,Low Value
156,Hira Memon,1,3,480.3,482.85,-2.55,2025-10-25,2025-10-25,480.3,0,-0.53,480.3,Low Value
6012,Saad Memon,1,6,478.68,367.92,110.76,2023-01-27,2023-01-27,478.68,0,23.14,478.68,Low Value
9229,Maham Buriro,1,1,477.94,402.35,75.59,2023-02-05,2023-02-05,477.94,0,15.82,477.94,Low Value
9898,Saad Buriro,1,1,477.87,382.77,95.1,2023-06-13,2023-06-13,477.87,0,19.9,477.87,Low Value
9432,Sara Shah,1,3,476.61,374.7,101.91,2025-04-07,2025-04-07,476.61,0,21.38,476.61,Low Value
6573,Fahad Hussain,1,4,475.0,399.08,75.92,2022-01-03,2022-01-03,475.0,0,15.98,475.0,Low Value
3928,Sara Mirza,1,6,474.3,377.28,97.02,2024-10-20,2024-10-20,474.3,0,20.46,474.3,Low Value
8860,Hamza Shah,1,1,474.04,394.17,79.87,2022-12-19,2022-12-19,474.04,0,16.85,474.04,Low Value
9606,Sana Iqbal,1,3,473.46,446.64,26.82,2025-07-27,2025-07-27,473.46,0,5.66,473.46,Low Value
2369,Ahmed Qureshi,1,2,472.94,346.78,126.16,2023-01-31,2023-01-31,472.94,0,26.68,472.94,Low Value
8935,Maryam Mirza,1,2,471.08,403.54,67.54,2022-07-04,2022-07-04,471.08,0,14.34,471.08,Low Value
9595,Imran Sheikh,1,1,469.08,359.49,109.59,2026-07-27,2026-07-27,469.08,0,23.36,469.08,Low Value
4975,Imran Raza,1,2,468.92,400.98,67.94,2022-05-11,2022-05-11,468.92,0,14.49,468.92,Low Value
3390,Hassan Malik,1,3,468.3,404.25,64.05,2023-08-19,2023-08-19,468.3,0,13.68,468.3,Low Value
251,Hassan Hussain,1,2,467.86,345.52,122.34,2023-04-02,2023-04-02,467.86,0,26.15,467.86,Low Value
2808,Sana Memon,1,4,466.52,429.6,36.92,2024-06-28,2024-06-28,466.52,0,7.91,466.52,Low Value
9139,Maham Malik,1,5,461.8,399.0,62.8,2024-12-13,2024-12-13,461.8,0,13.6,461.8,Low Value
9384,Fatima Chaudhry,1,1,460.63,336.86,123.77,2026-03-07,2026-03-07,460.63,0,26.87,460.63,Low Value
3188,Hassan Mirza,1,1,460.43,336.62,123.81,2025-08-07,2025-08-07,460.43,0,26.89,460.43,Low Value
6114,Usman Iqbal,1,6,459.66,380.34,79.32,2022-02-28,2022-02-28,459.66,0,17.26,459.66,Low Value
4880,Fahad Qureshi,1,3,459.63,360.57,99.06,2023-07-01,2023-07-01,459.63,0,21.55,459.63,Low Value
9921,Fatima Shah,1,1,456.59,417.75,38.84,2023-05-21,2023-05-21,456.59,0,8.51,456.59,Low Value
154,Hamza Raza,1,2,456.52,329.64,126.88,2025-03-30,2025-03-30,456.52,0,27.79,456.52,Low Value
5366,Ayesha Iqbal,1,1,455.55,453.15,2.4,2025-11-30,2025-11-30,455.55,0,0.53,455.55,Low Value
4409,Omar Chaudhry,1,1,454.77,350.1,104.67,2025-10-16,2025-10-16,454.77,0,23.02,454.77,Low Value
1153,Imran Ali,1,2,454.64,346.84,107.8,2023-01-01,2023-01-01,454.64,0,23.71,454.64,Low Value
5601,Saad Sheikh,1,2,452.64,379.5,73.14,2023-09-13,2023-09-13,452.64,0,16.16,452.64,Low Value
3994,Danish Malik,1,2,448.98,318.64,130.34,2023-02-05,2023-02-05,448.98,0,29.03,448.98,Low Value
4931,Zainab Buriro,1,7,448.91,392.49,56.42,2025-05-07,2025-05-07,448.91,0,12.57,448.91,Low Value
7770,Imran Memon,1,1,447.87,355.63,92.24,2025-07-12,2025-07-12,447.87,0,20.6,447.87,Low Value
2315,Maham Qureshi,1,4,447.32,395.28,52.04,2022-03-10,2022-03-10,447.32,0,11.63,447.32,Low Value
2228,Maryam Ali,2,7,446.98,333.12,113.86,2024-01-25,2025-10-29,223.49,643,25.47,446.98,Low Value
4847,Sana Ahmed,1,3,441.33,345.84,95.49,2022-10-10,2022-10-10,441.33,0,21.64,441.33,Low Value
1979,Zainab Buriro,2,6,439.42,338.95,100.47,2022-12-26,2024-02-01,219.71,402,22.86,439.42,Low Value
8084,Maryam Raza,1,1,436.41,357.08,79.33,2023-02-02,2023-02-02,436.41,0,18.18,436.41,Low Value
2853,Hamza Mirza,1,2,435.88,333.98,101.9,2026-08-18,2026-08-18,435.88,0,23.38,435.88,Low Value
6382,Hassan Chaudhry,1,2,435.46,421.36,14.1,2022-11-08,2022-11-08,435.46,0,3.24,435.46,Low Value
164,Usman Khan,1,2,432.12,428.18,3.94,2023-01-14,2023-01-14,432.12,0,0.91,432.12,Low Value
6362,Hassan Hussain,1,1,431.5,295.4,136.1,2024-10-01,2024-10-01,431.5,0,31.54,431.5,Low Value
5112,Ayesha Hussain,1,2,430.26,316.84,113.42,2025-07-02,2025-07-02,430.26,0,26.36,430.26,Low Value
3279,Hassan Malik,1,4,430.04,404.8,25.24,2025-10-26,2025-10-26,430.04,0,5.87,430.04,Low Value
9418,Ayesha Buriro,1,3,429.0,385.32,43.68,2024-08-10,2024-08-10,429.0,0,10.18,429.0,Low Value
4757,Fatima Siddiqui,1,4,428.4,347.16,81.24,2026-04-26,2026-04-26,428.4,0,18.96,428.4,Low Value
836,Maham Raza,1,3,426.63,390.18,36.45,2024-04-19,2024-04-19,426.63,0,8.54,426.63,Low Value
9941,Maryam Chaudhry,1,2,426.52,374.12,52.4,2026-06-17,2026-06-17,426.52,0,12.29,426.52,Low Value
4985,Usman Malik,1,1,422.5,388.53,33.97,2025-03-28,2025-03-28,422.5,0,8.04,422.5,Low Value
6301,Danish Shah,1,2,421.68,338.62,83.06,2023-08-01,2023-08-01,421.68,0,19.7,421.68,Low Value
2498,Maryam Shah,1,2,420.24,283.98,136.26,2026-04-18,2026-04-18,420.24,0,32.42,420.24,Low Value
3081,Usman Shah,1,2,420.14,422.54,-2.4,2022-03-31,2022-03-31,420.14,0,-0.57,420.14,Low Value
1446,Hassan Raza,1,1,420.07,291.54,128.53,2022-07-25,2022-07-25,420.07,0,30.6,420.07,Low Value
6110,Imran Hussain,1,1,416.93,337.58,79.35,2022-02-09,2022-02-09,416.93,0,19.03,416.93,Low Value
6303,Danish Sheikh,1,2,416.6,383.8,32.8,2024-08-20,2024-08-20,416.6,0,7.87,416.6,Low Value
6010,Ahmed Mirza,1,2,415.16,379.26,35.9,2024-11-17,2024-11-17,415.16,0,8.65,415.16,Low Value
247,Maham Hussain,1,1,413.68,377.8,35.88,2026-05-20,2026-05-20,413.68,0,8.67,413.68,Low Value
4398,Ayesha Buriro,1,2,411.04,347.96,63.08,2024-04-20,2024-04-20,411.04,0,15.35,411.04,Low Value
1279,Maham Mirza,1,1,409.21,267.53,141.68,2024-01-23,2024-01-23,409.21,0,34.62,409.21,Low Value
9933,Ayesha Sheikh,1,3,409.02,347.52,61.5,2025-04-17,2025-04-17,409.02,0,15.04,409.02,Low Value
145,Zainab Sheikh,1,1,407.44,415.08,-7.64,2026-07-23,2026-07-23,407.44,0,-1.88,407.44,Low Value
8912,Bilal Sheikh,1,3,407.04,298.86,108.18,2023-08-18,2023-08-18,407.04,0,26.58,407.04,Low Value
2646,Danish Chaudhry,1,2,405.2,326.5,78.7,2024-06-11,2024-06-11,405.2,0,19.42,405.2,Low Value
9775,Fatima Buriro,1,4,404.52,292.72,111.8,2024-11-12,2024-11-12,404.52,0,27.64,404.52,Low Value
1765,Hussain Ali,1,3,402.21,317.58,84.63,2025-04-23,2025-04-23,402.21,0,21.04,402.21,Low Value
6848,Ahmed Siddiqui,1,6,401.46,278.52,122.94,2023-08-08,2023-08-08,401.46,0,30.62,401.46,Low Value
4081,Hussain Qureshi,1,2,399.58,374.08,25.5,2025-01-28,2025-01-28,399.58,0,6.38,399.58,Low Value
986,Danish Chaudhry,1,5,398.8,290.55,108.25,2022-06-04,2022-06-04,398.8,0,27.14,398.8,Low Value
4539,Sara Ahmed,1,5,398.65,390.65,8.0,2022-08-18,2022-08-18,398.65,0,2.01,398.65,Low Value
5702,Ali Ali,1,3,398.07,341.22,56.85,2023-11-30,2023-11-30,398.07,0,14.28,398.07,Low Value
5571,Ahmed Ahmed,1,2,394.68,300.22,94.46,2022-12-20,2022-12-20,394.68,0,23.93,394.68,Low Value
5264,Fahad Chaudhry,1,1,394.45,354.98,39.47,2023-12-19,2023-12-19,394.45,0,10.01,394.45,Low Value
465,Ayesha Raza,1,4,393.36,325.24,68.12,2022-12-10,2022-12-10,393.36,0,17.32,393.36,Low Value
3373,Fahad Mirza,1,1,389.64,369.76,19.88,2023-05-14,2023-05-14,389.64,0,5.1,389.64,Low Value
6257,Saad Hussain,1,4,388.72,351.32,37.4,2022-09-03,2022-09-03,388.72,0,9.62,388.72,Low Value
6211,Zainab Khan,1,7,388.71,294.0,94.71,2023-11-23,2023-11-23,388.71,0,24.37,388.71,Low Value
2766,Sana Iqbal,1,1,388.44,291.33,97.11,2024-09-22,2024-09-22,388.44,0,25.0,388.44,Low Value
8513,Maham Sheikh,1,5,383.8,327.45,56.35,2022-12-13,2022-12-13,383.8,0,14.68,383.8,Low Value
798,Sara Ahmed,1,6,382.26,367.8,14.46,2024-07-15,2024-07-15,382.26,0,3.78,382.26,Low Value
2957,Hira Ahmed,1,2,382.02,274.98,107.04,2025-10-29,2025-10-29,382.02,0,28.02,382.02,Low Value
4090,Hira Ahmed,1,2,381.54,316.1,65.44,2024-02-25,2024-02-25,381.54,0,17.15,381.54,Low Value
6586,Sara Shah,1,1,380.12,260.6,119.52,2025-05-16,2025-05-16,380.12,0,31.44,380.12,Low Value
7709,Sana Qureshi,1,1,377.3,288.1,89.2,2022-02-27,2022-02-27,377.3,0,23.64,377.3,Low Value
5428,Bilal Mirza,1,2,376.82,279.2,97.62,2022-06-14,2022-06-14,376.82,0,25.91,376.82,Low Value
5928,Sara Mirza,1,5,376.75,325.3,51.45,2023-07-10,2023-07-10,376.75,0,13.66,376.75,Low Value
9993,Maryam Qureshi,1,1,375.73,275.74,99.99,2024-12-07,2024-12-07,375.73,0,26.61,375.73,Low Value
6383,Omar Hussain,1,2,375.2,296.7,78.5,2023-09-14,2023-09-14,375.2,0,20.92,375.2,Low Value
6756,Danish Ali,1,2,373.08,368.24,4.84,2025-07-28,2025-07-28,373.08,0,1.3,373.08,Low Value
8921,Fatima Siddiqui,1,4,372.44,342.12,30.32,2022-04-22,2022-04-22,372.44,0,8.14,372.44,Low Value
4616,Sana Malik,1,2,366.94,271.86,95.08,2024-09-12,2024-09-12,366.94,0,25.91,366.94,Low Value
5256,Sana Chaudhry,1,1,357.49,277.87,79.62,2022-02-10,2022-02-10,357.49,0,22.27,357.49,Low Value
6457,Sara Sheikh,1,5,356.0,274.6,81.4,2024-10-24,2024-10-24,356.0,0,22.87,356.0,Low Value
172,Maryam Sheikh,1,2,355.74,252.38,103.36,2025-07-07,2025-07-07,355.74,0,29.05,355.74,Low Value
2805,Maryam Ali,1,7,354.76,286.37,68.39,2026-05-09,2026-05-09,354.76,0,19.28,354.76,Low Value
9117,Hassan Ahmed,1,3,353.34,250.95,102.39,2026-08-01,2026-08-01,353.34,0,28.98,353.34,Low Value
583,Zainab Ali,1,3,352.74,294.06,58.68,2022-08-31,2022-08-31,352.74,0,16.64,352.74,Low Value
3270,Hamza Ahmed,1,3,351.24,307.92,43.32,2024-05-07,2024-05-07,351.24,0,12.33,351.24,Low Value
9179,Sana Buriro,1,1,345.94,228.65,117.29,2023-12-04,2023-12-04,345.94,0,33.9,345.94,Low Value
8675,Omar Ali,1,3,340.95,320.82,20.13,2023-04-08,2023-04-08,340.95,0,5.9,340.95,Low Value
7445,Sara Khan,1,2,336.76,235.98,100.78,2025-03-23,2025-03-23,336.76,0,29.93,336.76,Low Value
3105,Bilal Hussain,1,6,335.82,253.14,82.68,2022-05-11,2022-05-11,335.82,0,24.62,335.82,Low Value
3009,Hamza Ali,1,2,334.4,266.82,67.58,2023-10-29,2023-10-29,334.4,0,20.21,334.4,Low Value
9248,Imran Qureshi,1,4,333.44,226.8,106.64,2026-05-06,2026-05-06,333.44,0,31.98,333.44,Low Value
3239,Usman Qureshi,1,1,332.5,321.88,10.62,2026-08-07,2026-08-07,332.5,0,3.19,332.5,Low Value
8467,Ali Qureshi,1,4,331.32,264.12,67.2,2024-08-07,2024-08-07,331.32,0,20.28,331.32,Low Value
7915,Imran Chaudhry,1,2,327.52,319.56,7.96,2024-03-16,2024-03-16,327.52,0,2.43,327.52,Low Value
9482,Zainab Qureshi,1,2,326.9,283.62,43.28,2023-12-28,2023-12-28,326.9,0,13.24,326.9,Low Value
5096,Ali Raza,1,2,324.26,280.24,44.02,2024-11-26,2024-11-26,324.26,0,13.58,324.26,Low Value
6228,Hussain Malik,1,1,322.94,239.31,83.63,2025-12-09,2025-12-09,322.94,0,25.9,322.94,Low Value
2348,Sara Mirza,1,1,320.82,287.51,33.31,2022-07-20,2022-07-20,320.82,0,10.38,320.82,Low Value
2603,Zainab Siddiqui,1,4,318.56,232.44,86.12,2023-09-06,2023-09-06,318.56,0,27.03,318.56,Low Value
8765,Danish Qureshi,1,1,316.85,310.76,6.09,2025-05-05,2025-05-05,316.85,0,1.92,316.85,Low Value
6796,Hussain Raza,1,3,316.74,263.97,52.77,2025-11-05,2025-11-05,316.74,0,16.66,316.74,Low Value
3798,Fatima Buriro,1,6,310.2,304.56,5.64,2025-07-11,2025-07-11,310.2,0,1.82,310.2,Low Value
5690,Hassan Chaudhry,1,4,309.64,222.52,87.12,2022-02-20,2022-02-20,309.64,0,28.14,309.64,Low Value
9658,Fatima Khan,1,6,309.06,306.72,2.34,2025-08-17,2025-08-17,309.06,0,0.76,309.06,Low Value
7930,Usman Memon,1,2,307.08,229.74,77.34,2022-05-18,2022-05-18,307.08,0,25.19,307.08,Low Value
117,Ali Buriro,1,7,305.55,297.22,8.33,2026-03-26,2026-03-26,305.55,0,2.73,305.55,Low Value
2634,Zainab Hussain,1,2,305.28,259.32,45.96,2023-09-23,2023-09-23,305.28,0,15.06,305.28,Low Value
5871,Maryam Hussain,1,1,304.81,292.64,12.17,2022-11-22,2022-11-22,304.81,0,3.99,304.81,Low Value
2688,Sara Memon,1,3,303.63,229.53,74.1,2022-01-07,2022-01-07,303.63,0,24.4,303.63,Low Value
8306,Danish Ali,1,5,303.1,200.1,103.0,2024-11-21,2024-11-21,303.1,0,33.98,303.1,Low Value
9990,Sana Qureshi,1,4,302.8,241.84,60.96,2025-03-26,2025-03-26,302.8,0,20.13,302.8,Low Value
1087,Saad Buriro,1,2,302.7,259.78,42.92,2022-08-11,2022-08-11,302.7,0,14.18,302.7,Low Value
3972,Sana Ahmed,1,4,300.44,253.56,46.88,2026-08-09,2026-08-09,300.44,0,15.6,300.44,Low Value
2741,Saad Ali,1,1,298.27,254.8,43.47,2024-11-11,2024-11-11,298.27,0,14.57,298.27,Low Value
6853,Sana Memon,1,7,297.78,228.62,69.16,2026-02-07,2026-02-07,297.78,0,23.23,297.78,Low Value
7976,Hira Chaudhry,1,2,296.76,224.32,72.44,2025-10-23,2025-10-23,296.76,0,24.41,296.76,Low Value
773,Usman Raza,1,2,296.2,268.32,27.88,2022-06-16,2022-06-16,296.2,0,9.41,296.2,Low Value
5993,Hira Iqbal,1,4,293.8,232.68,61.12,2024-02-17,2024-02-17,293.8,0,20.8,293.8,Low Value
6823,Hamza Sheikh,1,1,293.21,302.3,-9.09,2025-09-08,2025-09-08,293.21,0,-3.1,293.21,Low Value
8048,Usman Iqbal,1,1,292.2,192.03,100.17,2023-09-19,2023-09-19,292.2,0,34.28,292.2,Low Value
6069,Ali Malik,1,4,291.6,261.96,29.64,2024-02-20,2024-02-20,291.6,0,10.16,291.6,Low Value
5553,Hamza Qureshi,1,5,290.5,281.3,9.2,2023-08-17,2023-08-17,290.5,0,3.17,290.5,Low Value
8195,Danish Chaudhry,1,1,286.75,270.65,16.1,2025-08-30,2025-08-30,286.75,0,5.61,286.75,Low Value
9111,Hira Iqbal,1,1,286.68,217.47,69.21,2025-05-02,2025-05-02,286.68,0,24.14,286.68,Low Value
319,Usman Malik,1,1,286.36,279.17,7.19,2023-10-20,2023-10-20,286.36,0,2.51,286.36,Low Value
314,Hamza Qureshi,1,2,285.98,264.36,21.62,2025-12-28,2025-12-28,285.98,0,7.56,285.98,Low Value
1864,Hassan Sheikh,1,5,285.0,202.25,82.75,2025-04-01,2025-04-01,285.0,0,29.04,285.0,Low Value
518,Ahmed Buriro,1,1,283.66,227.49,56.17,2024-05-09,2024-05-09,283.66,0,19.8,283.66,Low Value
7461,Zainab Sheikh,1,1,283.25,196.31,86.94,2022-07-13,2022-07-13,283.25,0,30.69,283.25,Low Value
7067,Fahad Memon,1,1,282.1,202.48,79.62,2022-02-07,2022-02-07,282.1,0,28.22,282.1,Low Value
6229,Usman Siddiqui,1,2,278.04,230.56,47.48,2026-06-23,2026-06-23,278.04,0,17.08,278.04,Low Value
7988,Hira Iqbal,1,5,276.4,210.0,66.4,2023-01-12,2023-01-12,276.4,0,24.02,276.4,Low Value
3417,Ayesha Hussain,1,2,276.14,257.92,18.22,2022-12-07,2022-12-07,276.14,0,6.6,276.14,Low Value
8001,Saad Raza,1,1,273.63,217.01,56.62,2024-02-09,2024-02-09,273.63,0,20.69,273.63,Low Value
4807,Ahmed Siddiqui,1,1,273.21,236.32,36.89,2022-03-19,2022-03-19,273.21,0,13.5,273.21,Low Value
6614,Hussain Ali,1,2,272.36,219.74,52.62,2025-04-04,2025-04-04,272.36,0,19.32,272.36,Low Value
6168,Sara Siddiqui,1,1,271.97,247.57,24.4,2022-05-04,2022-05-04,271.97,0,8.97,271.97,Low Value
8794,Sana Buriro,1,6,270.72,200.22,70.5,2022-08-23,2022-08-23,270.72,0,26.04,270.72,Low Value
845,Imran Ali,1,1,270.39,187.08,83.31,2022-03-10,2022-03-10,270.39,0,30.81,270.39,Low Value
9003,Ali Sheikh,1,5,270.2,253.8,16.4,2025-03-04,2025-03-04,270.2,0,6.07,270.2,Low Value
4129,Sana Buriro,1,1,265.02,210.27,54.75,2024-11-24,2024-11-24,265.02,0,20.66,265.02,Low Value
3109,Ayesha Ahmed,1,1,264.72,273.93,-9.21,2022-04-21,2022-04-21,264.72,0,-3.48,264.72,Low Value
2740,Ahmed Raza,1,2,263.84,175.14,88.7,2025-05-08,2025-05-08,263.84,0,33.62,263.84,Low Value
3904,Usman Sheikh,1,1,263.57,251.09,12.48,2022-03-01,2022-03-01,263.57,0,4.73,263.57,Low Value
662,Zainab Chaudhry,1,1,263.02,237.91,25.11,2022-11-18,2022-11-18,263.02,0,9.55,263.02,Low Value
5740,Hussain Qureshi,1,1,260.33,183.22,77.11,2026-01-28,2026-01-28,260.33,0,29.62,260.33,Low Value
5198,Bilal Qureshi,1,3,257.82,251.97,5.85,2022-02-08,2022-02-08,257.82,0,2.27,257.82,Low Value
2684,Ahmed Raza,1,7,256.97,192.22,64.75,2023-11-09,2023-11-09,256.97,0,25.2,256.97,Low Value
4493,Usman Iqbal,1,4,254.56,245.48,9.08,2025-08-21,2025-08-21,254.56,0,3.57,254.56,Low Value
6671,Ali Qureshi,1,5,254.45,235.7,18.75,2022-07-28,2022-07-28,254.45,0,7.37,254.45,Low Value
1750,Hassan Siddiqui,1,3,253.32,220.98,32.34,2025-11-16,2025-11-16,253.32,0,12.77,253.32,Low Value
5943,Maham Ahmed,1,3,252.03,162.24,89.79,2024-03-26,2024-03-26,252.03,0,35.63,252.03,Low Value
1685,Ayesha Ali,1,4,248.88,208.76,40.12,2024-04-05,2024-04-05,248.88,0,16.12,248.88,Low Value
9847,Saad Mirza,1,7,247.45,206.99,40.46,2022-04-23,2022-04-23,247.45,0,16.35,247.45,Low Value
4254,Fatima Sheikh,1,5,247.4,239.05,8.35,2025-12-12,2025-12-12,247.4,0,3.38,247.4,Low Value
795,Fahad Khan,1,1,242.74,202.66,40.08,2022-07-14,2022-07-14,242.74,0,16.51,242.74,Low Value
6665,Imran Shah,1,6,240.9,169.26,71.64,2024-11-13,2024-11-13,240.9,0,29.74,240.9,Low Value
1155,Hamza Raza,1,1,240.44,213.63,26.81,2023-06-01,2023-06-01,240.44,0,11.15,240.44,Low Value
6607,Maryam Mirza,1,4,240.28,200.88,39.4,2025-07-25,2025-07-25,240.28,0,16.4,240.28,Low Value
9110,Imran Qureshi,1,4,239.6,199.36,40.24,2024-10-06,2024-10-06,239.6,0,16.79,239.6,Low Value
8609,Hira Shah,1,1,238.98,198.74,40.24,2023-02-04,2023-02-04,238.98,0,16.84,238.98,Low Value
1819,Zainab Sheikh,1,2,238.7,202.4,36.3,2025-06-28,2025-06-28,238.7,0,15.21,238.7,Low Value
3095,Hassan Siddiqui,1,2,238.3,191.8,46.5,2025-07-25,2025-07-25,238.3,0,19.51,238.3,Low Value
6017,Saad Ahmed,1,2,237.88,216.28,21.6,2023-05-23,2023-05-23,237.88,0,9.08,237.88,Low Value
3374,Ali Ahmed,1,3,235.62,206.43,29.19,2022-09-09,2022-09-09,235.62,0,12.39,235.62,Low Value
8143,Hamza Malik,1,5,235.55,177.95,57.6,2023-10-20,2023-10-20,235.55,0,24.45,235.55,Low Value
3724,Hassan Siddiqui,1,1,233.57,182.55,51.02,2025-02-17,2025-02-17,233.57,0,21.84,233.57,Low Value
2288,Sara Buriro,1,7,232.82,173.74,59.08,2024-04-17,2024-04-17,232.82,0,25.38,232.82,Low Value
1015,Zainab Qureshi,1,1,229.63,157.6,72.03,2026-04-04,2026-04-04,229.63,0,31.37,229.63,Low Value
491,Sana Memon,1,1,225.7,164.37,61.33,2026-08-19,2026-08-19,225.7,0,27.17,225.7,Low Value
2664,Sana Shah,1,1,221.75,216.52,5.23,2026-04-05,2026-04-05,221.75,0,2.36,221.75,Low Value
5404,Sara Ahmed,1,1,220.06,141.99,78.07,2025-06-09,2025-06-09,220.06,0,35.48,220.06,Low Value
4104,Fatima Malik,1,4,220.04,203.04,17.0,2026-01-22,2026-01-22,220.04,0,7.73,220.04,Low Value
9073,Hira Hussain,1,2,219.78,159.64,60.14,2026-04-09,2026-04-09,219.78,0,27.36,219.78,Low Value
2144,Sara Mirza,1,4,218.8,185.32,33.48,2023-12-22,2023-12-22,218.8,0,15.3,218.8,Low Value
5627,Hamza Buriro,1,4,218.32,188.76,29.56,2022-09-28,2022-09-28,218.32,0,13.54,218.32,Low Value
9611,Maryam Iqbal,1,1,218.11,146.79,71.32,2024-07-12,2024-07-12,218.11,0,32.7,218.11,Low Value
9576,Ahmed Raza,1,7,216.93,146.23,70.7,2025-06-21,2025-06-21,216.93,0,32.59,216.93,Low Value
1179,Ayesha Shah,1,1,215.69,192.22,23.47,2025-12-16,2025-12-16,215.69,0,10.88,215.69,Low Value
421,Bilal Hussain,1,1,215.03,170.61,44.42,2022-12-01,2022-12-01,215.03,0,20.66,215.03,Low Value
8587,Fatima Ahmed,1,3,210.39,166.05,44.34,2023-03-03,2023-03-03,210.39,0,21.08,210.39,Low Value
9703,Usman Iqbal,1,7,210.28,166.67,43.61,2025-05-28,2025-05-28,210.28,0,20.74,210.28,Low Value
9198,Bilal Shah,1,1,208.85,164.49,44.36,2022-08-31,2022-08-31,208.85,0,21.24,208.85,Low Value
3269,Hamza Iqbal,1,4,208.6,146.68,61.92,2024-10-21,2024-10-21,208.6,0,29.68,208.6,Low Value
4276,Fahad Khan,1,1,206.78,197.54,9.24,2022-01-01,2022-01-01,206.78,0,4.47,206.78,Low Value
1067,Zainab Qureshi,1,6,205.56,135.9,69.66,2025-09-16,2025-09-16,205.56,0,33.89,205.56,Low Value
3514,Usman Iqbal,1,1,204.1,128.65,75.45,2023-08-27,2023-08-27,204.1,0,36.97,204.1,Low Value
514,Ahmed Malik,1,3,203.46,149.52,53.94,2022-02-18,2022-02-18,203.46,0,26.51,203.46,Low Value
7188,Maryam Malik,1,3,202.02,159.0,43.02,2025-01-27,2025-01-27,202.02,0,21.29,202.02,Low Value
742,Bilal Ali,1,1,201.38,155.57,45.81,2023-12-25,2023-12-25,201.38,0,22.75,201.38,Low Value
3406,Danish Mirza,1,5,201.2,185.55,15.65,2023-06-30,2023-06-30,201.2,0,7.78,201.2,Low Value
6666,Sara Memon,1,1,201.19,164.49,36.7,2022-12-30,2022-12-30,201.19,0,18.24,201.19,Low Value
9621,Ali Ahmed,1,1,200.74,151.59,49.15,2023-12-24,2023-12-24,200.74,0,24.48,200.74,Low Value
2612,Imran Mirza,1,3,200.61,163.41,37.2,2025-10-24,2025-10-24,200.61,0,18.54,200.61,Low Value
4074,Saad Ahmed,1,2,200.26,128.04,72.22,2024-10-09,2024-10-09,200.26,0,36.06,200.26,Low Value
1218,Fatima Raza,1,2,199.58,155.48,44.1,2022-02-18,2022-02-18,199.58,0,22.1,199.58,Low Value
3099,Maryam Shah,1,3,199.32,134.19,65.13,2026-05-09,2026-05-09,199.32,0,32.68,199.32,Low Value
9038,Hamza Raza,1,2,195.68,162.32,33.36,2022-04-27,2022-04-27,195.68,0,17.05,195.68,Low Value
1313,Imran Raza,1,1,195.59,135.23,60.36,2025-11-18,2025-11-18,195.59,0,30.86,195.59,Low Value
5488,Danish Ahmed,1,2,194.14,163.26,30.88,2022-02-20,2022-02-20,194.14,0,15.91,194.14,Low Value
5793,Hamza Ali,1,1,193.89,179.7,14.19,2026-02-05,2026-02-05,193.89,0,7.32,193.89,Low Value
3106,Ahmed Memon,1,3,193.41,138.15,55.26,2023-09-08,2023-09-08,193.41,0,28.57,193.41,Low Value
3672,Danish Hussain,1,6,192.6,125.34,67.26,2026-07-15,2026-07-15,192.6,0,34.92,192.6,Low Value
7586,Saad Qureshi,1,4,191.48,171.28,20.2,2023-07-26,2023-07-26,191.48,0,10.55,191.48,Low Value
4343,Hira Raza,1,1,191.22,173.78,17.44,2023-05-29,2023-05-29,191.22,0,9.12,191.22,Low Value
7763,Sara Shah,1,1,190.87,168.82,22.05,2023-08-28,2023-08-28,190.87,0,11.55,190.87,Low Value
5812,Maham Ali,1,1,190.61,130.48,60.13,2024-03-10,2024-03-10,190.61,0,31.55,190.61,Low Value
2426,Imran Memon,1,1,189.12,171.92,17.2,2024-03-28,2024-03-28,189.12,0,9.09,189.12,Low Value
3053,Danish Hussain,1,3,188.64,156.57,32.07,2025-12-24,2025-12-24,188.64,0,17.0,188.64,Low Value
2140,Sara Mirza,1,1,186.03,121.83,64.2,2025-08-30,2025-08-30,186.03,0,34.51,186.03,Low Value
2029,Danish Sheikh,1,4,184.52,193.64,-9.12,2024-06-26,2024-06-26,184.52,0,-4.94,184.52,Low Value
335,Imran Ali,1,2,181.78,117.06,64.72,2025-07-18,2025-07-18,181.78,0,35.6,181.78,Low Value
7775,Hamza Memon,1,6,176.82,152.1,24.72,2026-05-31,2026-05-31,176.82,0,13.98,176.82,Low Value
5933,Fahad Malik,1,1,176.78,131.66,45.12,2023-10-01,2023-10-01,176.78,0,25.52,176.78,Low Value
9590,Saad Ahmed,1,3,176.16,126.6,49.56,2023-06-23,2023-06-23,176.16,0,28.13,176.16,Low Value
6179,Saad Qureshi,1,3,175.47,156.36,19.11,2022-08-07,2022-08-07,175.47,0,10.89,175.47,Low Value
7937,Hassan Shah,1,6,174.66,124.2,50.46,2025-12-29,2025-12-29,174.66,0,28.89,174.66,Low Value
358,Imran Buriro,1,4,173.48,141.72,31.76,2023-12-26,2023-12-26,173.48,0,18.31,173.48,Low Value
2178,Fatima Mirza,1,2,173.36,137.04,36.32,2022-10-03,2022-10-03,173.36,0,20.95,173.36,Low Value
7855,Ali Shah,1,2,172.58,128.08,44.5,2022-12-01,2022-12-01,172.58,0,25.79,172.58,Low Value
6769,Fatima Mirza,1,5,170.85,130.95,39.9,2024-09-27,2024-09-27,170.85,0,23.35,170.85,Low Value
7074,Omar Sheikh,1,1,169.23,145.05,24.18,2022-12-23,2022-12-23,169.23,0,14.29,169.23,Low Value
6526,Hassan Iqbal,1,2,167.78,124.8,42.98,2026-05-13,2026-05-13,167.78,0,25.62,167.78,Low Value
9862,Sana Sheikh,1,1,166.22,156.61,9.61,2024-02-24,2024-02-24,166.22,0,5.78,166.22,Low Value
494,Maryam Malik,1,1,165.05,108.38,56.67,2026-04-10,2026-04-10,165.05,0,34.34,165.05,Low Value
5156,Omar Khan,1,7,163.8,123.27,40.53,2024-08-21,2024-08-21,163.8,0,24.74,163.8,Low Value
1801,Ayesha Hussain,1,1,163.67,105.82,57.85,2022-06-21,2022-06-21,163.67,0,35.35,163.67,Low Value
6462,Hussain Buriro,1,4,162.68,130.56,32.12,2024-07-13,2024-07-13,162.68,0,19.74,162.68,Low Value
5374,Sana Raza,1,1,162.65,134.75,27.9,2024-03-09,2024-03-09,162.65,0,17.15,162.65,Low Value
7152,Ahmed Buriro,1,1,161.11,125.41,35.7,2025-11-18,2025-11-18,161.11,0,22.16,161.11,Low Value
4942,Omar Khan,1,1,160.71,105.82,54.89,2022-07-28,2022-07-28,160.71,0,34.15,160.71,Low Value
942,Hussain Mirza,1,7,159.81,133.56,26.25,2025-03-26,2025-03-26,159.81,0,16.43,159.81,Low Value
935,Ali Buriro,1,1,158.66,130.1,28.56,2024-07-01,2024-07-01,158.66,0,18.0,158.66,Low Value
1623,Sara Mirza,1,3,158.58,120.63,37.95,2023-05-28,2023-05-28,158.58,0,23.93,158.58,Low Value
5013,Ahmed Shah,1,3,157.65,117.93,39.72,2022-05-03,2022-05-03,157.65,0,25.2,157.65,Low Value
1538,Sana Buriro,1,3,157.38,126.6,30.78,2024-09-28,2024-09-28,157.38,0,19.56,157.38,Low Value
7392,Usman Khan,1,1,157.21,111.61,45.6,2023-05-19,2023-05-19,157.21,0,29.01,157.21,Low Value
981,Danish Iqbal,1,2,152.4,138.22,14.18,2022-01-29,2022-01-29,152.4,0,9.3,152.4,Low Value
8136,Ahmed Siddiqui,1,3,151.98,108.93,43.05,2022-05-15,2022-05-15,151.98,0,28.33,151.98,Low Value
1136,Hamza Malik,1,4,146.52,130.56,15.96,2022-06-14,2022-06-14,146.52,0,10.89,146.52,Low Value
708,Sana Buriro,1,1,146.34,130.06,16.28,2025-12-12,2025-12-12,146.34,0,11.12,146.34,Low Value
7956,Danish Memon,1,3,145.26,126.63,18.63,2023-04-03,2023-04-03,145.26,0,12.83,145.26,Low Value
4235,Sara Ali,1,7,144.41,124.11,20.3,2024-11-18,2024-11-18,144.41,0,14.06,144.41,Low Value
1905,Zainab Hussain,1,1,144.35,122.11,22.24,2024-10-03,2024-10-03,144.35,0,15.41,144.35,Low Value
6158,Zainab Khan,1,1,142.93,115.73,27.2,2023-01-29,2023-01-29,142.93,0,19.03,142.93,Low Value
5322,Maham Hussain,1,2,142.48,96.96,45.52,2022-08-15,2022-08-15,142.48,0,31.95,142.48,Low Value
162,Maryam Chaudhry,1,3,142.29,136.62,5.67,2022-10-03,2022-10-03,142.29,0,3.98,142.29,Low Value
2832,Fahad Siddiqui,1,3,141.93,94.11,47.82,2023-05-14,2023-05-14,141.93,0,33.69,141.93,Low Value
9269,Fatima Chaudhry,1,1,141.83,124.73,17.1,2026-07-02,2026-07-02,141.83,0,12.06,141.83,Low Value
9196,Usman Ahmed,1,1,141.71,116.34,25.37,2023-10-11,2023-10-11,141.71,0,17.9,141.71,Low Value
1718,Usman Hussain,1,3,141.03,122.73,18.3,2022-06-21,2022-06-21,141.03,0,12.98,141.03,Low Value
3980,Saad Hussain,1,3,140.58,127.38,13.2,2025-10-10,2025-10-10,140.58,0,9.39,140.58,Low Value
6135,Bilal Malik,1,1,140.33,111.39,28.94,2026-01-15,2026-01-15,140.33,0,20.62,140.33,Low Value
936,Ali Shah,1,2,139.92,111.78,28.14,2023-01-06,2023-01-06,139.92,0,20.11,139.92,Low Value
2237,Fatima Ahmed,1,2,139.72,112.14,27.58,2025-09-08,2025-09-08,139.72,0,19.74,139.72,Low Value
4789,Omar Ahmed,1,1,136.82,121.11,15.71,2024-01-26,2024-01-26,136.82,0,11.48,136.82,Low Value
4874,Usman Raza,1,3,135.33,99.84,35.49,2023-12-18,2023-12-18,135.33,0,26.22,135.33,Low Value
3906,Zainab Memon,1,2,134.42,94.62,39.8,2026-01-09,2026-01-09,134.42,0,29.61,134.42,Low Value
4576,Danish Ahmed,1,3,134.4,85.53,48.87,2023-03-07,2023-03-07,134.4,0,36.36,134.4,Low Value
9149,Ahmed Qureshi,1,1,134.2,85.36,48.84,2023-12-08,2023-12-08,134.2,0,36.39,134.2,Low Value
7958,Ayesha Shah,1,1,133.6,113.76,19.84,2024-10-15,2024-10-15,133.6,0,14.85,133.6,Low Value
8793,Hussain Malik,1,3,133.5,117.96,15.54,2024-02-18,2024-02-18,133.5,0,11.64,133.5,Low Value
9808,Usman Khan,1,6,131.04,87.54,43.5,2022-03-19,2022-03-19,131.04,0,33.2,131.04,Low Value
6818,Sana Ahmed,1,1,129.28,79.59,49.69,2022-10-01,2022-10-01,129.28,0,38.44,129.28,Low Value
7968,Sana Mirza,1,2,127.04,104.38,22.66,2024-11-19,2024-11-19,127.04,0,17.84,127.04,Low Value
4580,Sana Ali,1,1,126.45,121.18,5.27,2025-02-06,2025-02-06,126.45,0,4.17,126.45,Low Value
1987,Hassan Shah,1,1,125.27,77.48,47.79,2025-12-19,2025-12-19,125.27,0,38.15,125.27,Low Value
8506,Hamza Malik,1,1,123.33,94.95,28.38,2025-11-13,2025-11-13,123.33,0,23.01,123.33,Low Value
3937,Ayesha Qureshi,1,7,122.99,81.9,41.09,2022-10-24,2022-10-24,122.99,0,33.41,122.99,Low Value
9245,Saad Qureshi,1,1,119.61,106.94,12.67,2022-09-07,2022-09-07,119.61,0,10.59,119.61,Low Value
5932,Maryam Shah,1,7,119.49,80.36,39.13,2026-08-11,2026-08-11,119.49,0,32.75,119.49,Low Value
2125,Imran Qureshi,1,2,118.48,95.62,22.86,2024-09-04,2024-09-04,118.48,0,19.29,118.48,Low Value
3531,Fatima Khan,1,6,115.26,84.3,30.96,2023-03-04,2023-03-04,115.26,0,26.86,115.26,Low Value
9814,Hira Khan,1,3,115.14,84.63,30.51,2023-10-23,2023-10-23,115.14,0,26.5,115.14,Low Value
5007,Hira Buriro,1,4,112.92,91.32,21.6,2026-05-13,2026-05-13,112.92,0,19.13,112.92,Low Value
9284,Ahmed Ahmed,1,1,111.57,90.18,21.39,2024-03-27,2024-03-27,111.57,0,19.17,111.57,Low Value
4546,Zainab Malik,1,1,111.4,99.71,11.69,2024-11-21,2024-11-21,111.4,0,10.49,111.4,Low Value
7020,Ali Raza,1,1,110.86,97.95,12.91,2025-09-05,2025-09-05,110.86,0,11.65,110.86,Low Value
7173,Hussain Buriro,1,1,110.25,101.04,9.21,2024-11-06,2024-11-06,110.25,0,8.35,110.25,Low Value
835,Zainab Memon,1,2,109.5,105.0,4.5,2024-11-20,2024-11-20,109.5,0,4.11,109.5,Low Value
6777,Danish Qureshi,1,1,109.41,107.4,2.01,2025-05-18,2025-05-18,109.41,0,1.84,109.41,Low Value
9334,Ali Hussain,1,5,107.85,95.4,12.45,2022-05-25,2022-05-25,107.85,0,11.54,107.85,Low Value
8206,Saad Qureshi,1,2,106.1,80.42,25.68,2023-12-04,2023-12-04,106.1,0,24.2,106.1,Low Value
4323,Ali Hussain,1,1,104.74,100.12,4.62,2023-09-04,2023-09-04,104.74,0,4.41,104.74,Low Value
1926,Sara Khan,1,1,103.48,88.79,14.69,2026-04-25,2026-04-25,103.48,0,14.2,103.48,Low Value
2010,Hussain Memon,1,6,102.24,68.88,33.36,2024-03-12,2024-03-12,102.24,0,32.63,102.24,Low Value
7887,Maham Malik,1,6,101.94,69.42,32.52,2024-10-29,2024-10-29,101.94,0,31.9,101.94,Low Value
534,Imran Hussain,1,1,101.23,69.1,32.13,2024-05-16,2024-05-16,101.23,0,31.74,101.23,Low Value
1767,Ahmed Iqbal,1,2,101.02,95.62,5.4,2026-07-02,2026-07-02,101.02,0,5.35,101.02,Low Value
8750,Maham Raza,1,2,99.22,74.56,24.66,2023-09-13,2023-09-13,99.22,0,24.85,99.22,Low Value
3787,Hussain Iqbal,1,1,98.8,81.76,17.04,2022-06-05,2022-06-05,98.8,0,17.25,98.8,Low Value
1954,Sara Iqbal,1,3,97.53,78.27,19.26,2025-04-06,2025-04-06,97.53,0,19.75,97.53,Low Value
4274,Sara Mirza,1,2,93.38,71.18,22.2,2024-04-09,2024-04-09,93.38,0,23.77,93.38,Low Value
1168,Sana Raza,1,1,93.13,72.76,20.37,2024-10-18,2024-10-18,93.13,0,21.87,93.13,Low Value
547,Danish Qureshi,1,1,92.0,86.12,5.88,2022-02-10,2022-02-10,92.0,0,6.39,92.0,Low Value
3030,Maryam Qureshi,1,2,88.64,85.64,3.0,2025-01-02,2025-01-02,88.64,0,3.38,88.64,Low Value
9234,Maham Chaudhry,1,1,88.54,57.0,31.54,2022-11-09,2022-11-09,88.54,0,35.62,88.54,Low Value
5823,Fatima Memon,1,2,87.46,67.12,20.34,2022-08-07,2022-08-07,87.46,0,23.26,87.46,Low Value
9222,Fahad Malik,1,3,84.9,74.01,10.89,2025-01-04,2025-01-04,84.9,0,12.83,84.9,Low Value
1066,Sara Iqbal,2,2,83.01,70.46,12.55,2024-09-25,2026-02-06,41.5,499,15.12,83.01,Low Value
4620,Maryam Sheikh,1,1,77.31,68.52,8.79,2025-02-15,2025-02-15,77.31,0,11.37,77.31,Low Value
3518,Danish Ahmed,1,1,77.28,54.47,22.81,2025-04-19,2025-04-19,77.28,0,29.52,77.28,Low Value
5535,Ayesha Mirza,1,1,76.96,69.79,7.17,2025-10-13,2025-10-13,76.96,0,9.32,76.96,Low Value
4650,Danish Siddiqui,1,2,76.1,56.02,20.08,2024-05-01,2024-05-01,76.1,0,26.39,76.1,Low Value
9278,Hussain Khan,1,1,74.82,61.71,13.11,2024-01-26,2024-01-26,74.82,0,17.52,74.82,Low Value
4334,Fahad Sheikh,1,1,74.79,54.63,20.16,2022-08-26,2022-08-26,74.79,0,26.96,74.79,Low Value
8816,Omar Malik,1,3,71.91,69.21,2.7,2026-02-20,2026-02-20,71.91,0,3.75,71.91,Low Value
574,Zainab Buriro,1,2,71.36,47.24,24.12,2023-10-07,2023-10-07,71.36,0,33.8,71.36,Low Value
5608,Fatima Raza,1,1,69.35,65.1,4.25,2024-05-06,2024-05-06,69.35,0,6.13,69.35,Low Value
9023,Maryam Chaudhry,1,1,69.1,62.38,6.72,2022-10-21,2022-10-21,69.1,0,9.73,69.1,Low Value
3042,Usman Chaudhry,1,1,68.94,44.73,24.21,2025-09-21,2025-09-21,68.94,0,35.12,68.94,Low Value
9890,Ali Chaudhry,1,2,68.1,49.64,18.46,2022-10-08,2022-10-08,68.1,0,27.11,68.1,Low Value
4661,Bilal Memon,1,1,62.88,62.96,-0.08,2022-06-27,2022-06-27,62.88,0,-0.13,62.88,Low Value
1044,Sara Hussain,1,2,61.54,50.74,10.8,2022-06-26,2022-06-26,61.54,0,17.55,61.54,Low Value
4080,Imran Siddiqui,1,1,60.42,43.19,17.23,2025-02-24,2025-02-24,60.42,0,28.52,60.42,Low Value
9047,Fatima Shah,1,6,57.42,51.3,6.12,2025-09-20,2025-09-20,57.42,0,10.66,57.42,Low Value
8655,Usman Qureshi,1,1,51.78,50.52,1.26,2022-09-25,2022-09-25,51.78,0,2.43,51.78,Low Value
1325,Imran Malik,1,4,50.32,38.0,12.32,2024-03-15,2024-03-15,50.32,0,24.48,50.32,Low Value
6674,Fatima Siddiqui,1,1,48.48,31.37,17.11,2023-03-20,2023-03-20,48.48,0,35.29,48.48,Low Value
4290,Imran Hussain,1,1,47.09,33.71,13.38,2025-10-30,2025-10-30,47.09,0,28.41,47.09,Low Value
7700,Usman Raza,1,1,46.48,44.74,1.74,2026-06-05,2026-06-05,46.48,0,3.74,46.48,Low Value
7860,Ali Buriro,1,1,43.69,43.16,0.53,2025-01-03,2025-01-03,43.69,0,1.21,43.69,Low Value
8265,Imran Hussain,1,5,42.1,35.8,6.3,2025-08-27,2025-08-27,42.1,0,14.96,42.1,Low Value
7034,Fatima Ali,1,1,39.96,33.56,6.4,2022-03-29,2022-03-29,39.96,0,16.02,39.96,Low Value
365,Fatima Hussain,1,4,39.92,34.56,5.36,2025-07-29,2025-07-29,39.92,0,13.43,39.92,Low Value
9689,Fatima Ali,1,1,38.6,28.21,10.39,2024-01-04,2024-01-04,38.6,0,26.92,38.6,Low Value
2975,Imran Sheikh,1,3,35.76,30.51,5.25,2023-07-07,2023-07-07,35.76,0,14.68,35.76,Low Value
498,Zainab Hussain,1,1,32.89,27.46,5.43,2022-12-09,2022-12-09,32.89,0,16.51,32.89,Low Value
7680,Zainab Iqbal,1,2,31.06,22.52,8.54,2025-03-21,2025-03-21,31.06,0,27.5,31.06,Low Value
9531,Omar Raza,1,2,29.98,22.72,7.26,2022-07-08,2022-07-08,29.98,0,24.22,29.98,Low Value
1415,Maryam Ali,1,1,29.6,18.19,11.41,2023-03-15,2023-03-15,29.6,0,38.55,29.6,Low Value
748,Ayesha Siddiqui,1,2,23.6,18.8,4.8,2023-06-05,2023-06-05,23.6,0,20.34,23.6,Low Value
9824,Hira Siddiqui,1,1,18.26,13.97,4.29,2023-02-14,2023-02-14,18.26,0,23.49,18.26,Low Value
6896,Hassan Ali,1,2,18.08,15.86,2.22,2023-08-09,2023-08-09,18.08,0,12.28,18.08,Low Value
6300,Ayesha Iqbal,1,2,15.14,12.04,3.1,2023-04-28,2023-04-28,15.14,0,20.48,15.14,Low Value
4965,Usman Shah,1,2,14.98,10.08,4.9,2023-06-28,2023-06-28,14.98,0,32.71,14.98,Low Value
846,Maham Chaudhry,1,2,14.62,11.74,2.88,2022-10-03,2022-10-03,14.62,0,19.7,14.62,Low Value
