customer_id,customer_name,city,country,signup_date
1,Ahmed Buriro,Karachi,Pakistan,2022-04-18
2,Hira Siddiqui,Dubai,UAE,2022-12-10
3,Ayesha Mirza,Rawalpindi,Pakistan,2025-10-21
4,Ahmed Memon,Dubai,UAE,2021-07-29
5,Usman Ali,Quetta,Pakistan,2021-08-10
6,Zainab Iqbal,Rawalpindi,Pakistan,2022-09-08
7,Sara Buriro,Peshawar,Pakistan,2024-05-14
8,Sara Buriro,Karachi,Pakistan,2025-07-03
9,Zainab Ali,Dubai,UAE,2024-02-21
10,Danish Siddiqui,Hyderabad,Pakistan,2023-10-03
11,Zainab Qureshi,Multan,Pakistan,2025-11-10
12,Hussain Chaudhry,Islamabad,Pakistan,2021-12-16
13,Maham Hussain,Multan,Pakistan,2026-01-12
14,Ayesha Mirza,Multan,Pakistan,2022-09-30
15,Zainab Siddiqui,Rawalpindi,Pakistan,2022-07-17
16,Fatima Shah,Doha,Qatar,2026-04-28
17,Ahmed Raza,Hyderabad,Pakistan,2024-08-09
18,Fahad Khan,Islamabad,Pakistan,2023-05-31
19,Fahad Mirza,Quetta,Pakistan,2022-11-04
20,Bilal Hussain,Hyderabad,Pakistan,2023-06-19
21,Hussain Buriro,Faisalabad,Pakistan,2025-06-02
22,Sara Qureshi,Dubai,UAE,2021-11-08
23,Ahmed Iqbal,Lahore,Pakistan,2021-12-22
24,Ayesha Chaudhry,Peshawar,Pakistan,2022-09-13
25,Hira Buriro,Karachi,Pakistan,2023-09-10
26,Maham Ahmed,Karachi,Pakistan,2025-07-19
27,Omar Sheikh,Lahore,Pakistan,2022-03-06
28,Fatima Khan,Islamabad,Pakistan,2025-05-22
29,Zainab Ahmed,Multan,Pakistan,2026-01-24
30,Sara Memon,Doha,Qatar,2023-06-07
31,Imran Buriro,Toronto,Canada,2026-05-14
32,Omar Iqbal,Lahore,Pakistan,2025-12-27
33,Ayesha Malik,Doha,Qatar,2025-06-13
34,Imran Qureshi,Sukkur,Pakistan,2023-02-14
35,Ahmed Sheikh,Quetta,Pakistan,2022-09-05
36,Maham Ahmed,London,UK,2025-10-28
37,Fatima Ali,Peshawar,Pakistan,2023-06-19
38,Hira Sheikh,Rawalpindi,Pakistan,2021-03-06
39,Hamza Shah,Peshawar,Pakistan,2025-01-01
40,Sana Memon,Dubai,UAE,2022-12-09
41,Imran Siddiqui,Dubai,UAE,2026-03-22
42,Hussain Mirza,Islamabad,Pakistan,2025-10-09
43,Maryam Memon,Doha,Qatar,2021-08-01
44,Ahmed Malik,Hyderabad,Pakistan,2026-01-11
45,Maham Mirza,New York,USA,2026-04-20
46,Ayesha Mirza,Hyderabad,Pakistan,2025-03-22
47,Danish Qureshi,Karachi,Pakistan,2022-07-16
48,Fahad Malik,Doha,Qatar,2024-09-27
49,Usman Memon,Quetta,Pakistan,2025-11-05
50,Maryam Ahmed,Rawalpindi,Pakistan,2025-07-20
51,Danish Ahmed,Karachi,Pakistan,2023-05-29
52,Danish Khan,Lahore,Pakistan,2024-12-13
53,Maham Buriro,Islamabad,Pakistan,2023-02-26
54,Maham Hussain,Toronto,Canada,2022-06-03
55,Fatima Memon,Islamabad,Pakistan,2024-10-03
56,Bilal Buriro,Islamabad,Pakistan,2023-08-09
57,Sana Siddiqui,New York,USA,2022-04-04
58,Zainab Raza,Toronto,Canada,2024-09-08
59,Ali Ahmed,Rawalpindi,Pakistan,2022-10-18
60,Usman Ali,Sukkur,Pakistan,2024-04-12
61,Ayesha Memon,Quetta,Pakistan,2023-01-07
62,Hira Sheikh,Quetta,Pakistan,2025-12-09
63,Fahad Raza,Hyderabad,Pakistan,2025-09-30
64,Ahmed Buriro,London,UK,2023-08-24
65,Sana Hussain,Toronto,Canada,2024-12-18
66,Sana Raza,Dubai,UAE,2021-12-29
67,Ahmed Raza,Toronto,Canada,2026-07-26
68,Maham Malik,Lahore,Pakistan,2022-03-14
69,Maryam Khan,Sukkur,Pakistan,2025-11-02
70,Hamza Siddiqui,Doha,Qatar,2025-09-21
71,Saad Shah,Quetta,Pakistan,2021-12-30
72,Bilal Siddiqui,Doha,Qatar,2021-01-18
73,Saad Mirza,Multan,Pakistan,2025-02-11
74,Ali Shah,Toronto,Canada,2025-11-07
75,Danish Khan,Doha,Qatar,2024-12-30
76,Fahad Malik,Sukkur,Pakistan,2021-04-24
77,Imran Malik,Dubai,UAE,2024-08-08
78,Ayesha Hussain,Peshawar,Pakistan,2023-03-10
79,Hassan Raza,Hyderabad,Pakistan,2026-02-10
80,Zainab Buriro,Quetta,Pakistan,2025-06-19
81,Saad Hussain,Doha,Qatar,2025-06-17
82,Ayesha Siddiqui,Karachi,Pakistan,2023-04-11
83,Ayesha Mirza,Rawalpindi,Pakistan,2022-10-19
84,Hamza Ahmed,Peshawar,Pakistan,2025-08-03
85,Hamza Khan,Multan,Pakistan,2021-08-23
86,Hassan Ali,Sukkur,Pakistan,2021-07-24
87,Maham Memon,Multan,Pakistan,2021-05-07
88,Hira Siddiqui,Sukkur,Pakistan,2023-11-09
89,Sara Ahmed,Lahore,Pakistan,2021-06-03
90,Imran Sheikh,Hyderabad,Pakistan,2021-12-08
91,Imran Ahmed,Dubai,UAE,2025-12-21
92,Fatima Memon,Peshawar,Pakistan,2023-06-01
93,Fatima Siddiqui,Dubai,UAE,2021-07-10
94,Hussain Qureshi,Sukkur,Pakistan,2024-11-14
95,Usman Malik,Hyderabad,Pakistan,2022-11-22
96,Hira Hussain,Faisalabad,Pakistan,2022-06-18
97,Maryam Qureshi,Doha,Qatar,2024-09-05
98,Saad Ali,Doha,Qatar,2026-05-02
99,Hamza Ali,Karachi,Pakistan,2026-06-21
100,Hamza Iqbal,Dubai,UAE,2023-06-07
101,Omar Chaudhry,Peshawar,Pakistan,2025-09-25
102,Fatima Memon,Karachi,Pakistan,2022-03-03
103,Fatima Shah,Sukkur,Pakistan,2025-09-22
104,Maham Iqbal,Karachi,Pakistan,2026-04-04
105,Bilal Buriro,Hyderabad,Pakistan,2023-11-21
106,Bilal Memon,Dubai,UAE,2023-12-02
107,Maham Siddiqui,New York,USA,2024-02-25
108,Sara Malik,Faisalabad,Pakistan,2021-05-29
109,Ahmed Ali,New York,USA,2025-10-16
110,Ayesha Chaudhry,New York,USA,2025-02-12
111,Hassan Siddiqui,Faisalabad,Pakistan,2025-11-08
112,Sara Shah,Islamabad,Pakistan,2021-08-24
113,Sara Malik,Sukkur,Pakistan,2025-06-24
114,Danish Raza,Karachi,Pakistan,2023-01-10
115,Zainab Ahmed,Toronto,Canada,2025-07-27
116,Fatima Mirza,Multan,Pakistan,2026-07-19
117,Ali Buriro,London,UK,2025-11-28
118,Fatima Memon,London,UK,2026-02-09
119,Hira Siddiqui,Peshawar,Pakistan,2021-08-20
120,Hamza Hussain,Doha,Qatar,2022-11-01
121,Hassan Raza,London,UK,2022-08-20
122,Ahmed Hussain,Toronto,Canada,2023-11-13
123,Maryam Ali,Lahore,Pakistan,2026-06-13
124,Maham Siddiqui,Peshawar,Pakistan,2024-10-29
125,Maham Khan,Doha,Qatar,2024-01-16
126,Hussain Sheikh,New York,USA,2025-06-29
127,Hussain Malik,Faisalabad,Pakistan,2021-12-26
128,Hira Ahmed,Lahore,Pakistan,2024-09-08
129,Hira Ali,Hyderabad,Pakistan,2023-10-23
130,Hussain Raza,Quetta,Pakistan,2022-02-19
131,Maham Ahmed,Sukkur,Pakistan,2024-08-09
132,Bilal Chaudhry,Toronto,Canada,2025-09-09
133,Saad Raza,Lahore,Pakistan,2025-08-15
134,Ayesha Qureshi,Multan,Pakistan,2025-09-15
135,Maryam Raza,Hyderabad,Pakistan,2025-07-14
136,Bilal Khan,Doha,Qatar,2023-08-14
137,Hussain Iqbal,Islamabad,Pakistan,2021-04-11
138,Ayesha Sheikh,Rawalpindi,Pakistan,2026-05-22
139,Fatima Buriro,Hyderabad,Pakistan,2023-07-14
140,Ahmed Ali,Lahore,Pakistan,2024-07-13
141,Bilal Sheikh,Sukkur,Pakistan,2021-02-11
142,Hira Sheikh,Peshawar,Pakistan,2025-12-17
143,Ayesha Iqbal,Quetta,Pakistan,2025-12-16
144,Hussain Raza,Toronto,Canada,2026-03-07
145,Zainab Sheikh,Faisalabad,Pakistan,2021-12-21
146,Danish Malik,Hyderabad,Pakistan,2025-09-14
147,Saad Malik,Multan,Pakistan,2024-06-27
148,Zainab Sheikh,New York,USA,2021-10-25
149,Danish Siddiqui,Peshawar,Pakistan,2024-03-08
150,Bilal Khan,Islamabad,Pakistan,2023-08-30
151,Omar Mirza,Dubai,UAE,2024-06-28
152,Ali Chaudhry,London,UK,2021-06-20
153,Zainab Ahmed,Rawalpindi,Pakistan,2024-02-23
154,Hamza Raza,Quetta,Pakistan,2024-10-12
155,Hamza Ali,Quetta,Pakistan,2024-12-29
156,Hira Memon,Islamabad,Pakistan,2025-04-17
157,Hassan Malik,Karachi,Pakistan,2024-06-30
158,Usman Hussain,Dubai,UAE,2024-11-30
159,Sara Memon,Sukkur,Pakistan,2021-07-04
160,Imran Buriro,Dubai,UAE,2025-06-15
161,Hamza Ali,Multan,Pakistan,2023-01-18
162,Maryam Chaudhry,Peshawar,Pakistan,2024-01-22
163,Saad Shah,Doha,Qatar,2024-01-19
164,Usman Khan,Rawalpindi,Pakistan,2026-06-13
165,Hassan Raza,Sukkur,Pakistan,2022-10-25
166,Zainab Qureshi,Lahore,Pakistan,2023-02-23
167,Hamza Mirza,Karachi,Pakistan,2025-03-30
168,Fatima Mirza,Doha,Qatar,2024-07-16
169,Saad Malik,Lahore,Pakistan,2022-10-10
170,Usman Iqbal,Sukkur,Pakistan,2022-12-03
171,Maryam Malik,Peshawar,Pakistan,2025-08-16
172,Maryam Sheikh,New York,USA,2025-08-31
173,Imran Shah,Quetta,Pakistan,2021-10-27
174,Saad Iqbal,Dubai,UAE,2023-03-26
175,Hussain Ahmed,Toronto,Canada,2025-04-18
176,Zainab Khan,New York,USA,2021-08-30
177,Bilal Siddiqui,Dubai,UAE,2022-01-09
178,Saad Iqbal,Islamabad,Pakistan,2021-11-20
179,Hussain Chaudhry,Islamabad,Pakistan,2023-12-13
180,Ahmed Buriro,Peshawar,Pakistan,2023-07-09
181,Danish Chaudhry,Sukkur,Pakistan,2022-10-16
182,Usman Chaudhry,Dubai,UAE,2021-10-05
183,Hassan Sheikh,London,UK,2024-07-22
184,Fatima Malik,Lahore,Pakistan,2025-07-04
185,Ali Buriro,Islamabad,Pakistan,2022-03-10
186,Hamza Hussain,Islamabad,Pakistan,2024-09-20
187,Ayesha Qureshi,Quetta,Pakistan,2025-06-10
188,Fahad Ali,Sukkur,Pakistan,2024-02-10
189,Sara Buriro,Lahore,Pakistan,2024-03-14
190,Omar Shah,Toronto,Canada,2021-12-06
191,Ali Iqbal,Hyderabad,Pakistan,2026-05-05
192,Imran Shah,Sukkur,Pakistan,2026-05-04
193,Ali Ali,London,UK,2024-12-21
194,Ahmed Mirza,Karachi,Pakistan,2026-01-14
195,Fahad Ahmed,New York,USA,2024-05-22
196,Sara Ahmed,Doha,Qatar,2024-09-09
197,Omar Raza,Doha,Qatar,2025-08-17
198,Sara Chaudhry,Islamabad,Pakistan,2021-03-19
199,Ali Ahmed,Multan,Pakistan,2022-03-24
200,Bilal Malik,Rawalpindi,Pakistan,2022-02-19
201,Saad Buriro,Faisalabad,Pakistan,2024-07-13
202,Hamza Iqbal,Doha,Qatar,2022-05-09
203,Fatima Sheikh,London,UK,2023-03-07
204,Ayesha Ahmed,London,UK,2023-10-04
205,Imran Khan,Faisalabad,Pakistan,2025-02-24
206,Hussain Shah,Doha,Qatar,2023-11-21
207,Bilal Ali,Toronto,Canada,2021-02-19
208,Ali Memon,New York,USA,2024-10-31
209,Saad Ali,New York,USA,2023-05-22
210,Bilal Sheikh,Sukkur,Pakistan,2021-08-20
211,Imran Memon,Lahore,Pakistan,2024-08-21
212,Maham Raza,Hyderabad,Pakistan,2022-07-05
213,Ayesha Ahmed,London,UK,2023-07-28
214,Fahad Mirza,Hyderabad,Pakistan,2026-05-26
215,Ali Memon,Islamabad,Pakistan,2022-04-30
216,Ahmed Buriro,Doha,Qatar,2023-08-05
217,Danish Ali,Peshawar,Pakistan,2026-03-16
218,Ayesha Ali,New York,USA,2025-09-28
219,Sana Chaudhry,Hyderabad,Pakistan,2025-08-24
220,Ahmed Qureshi,Multan,Pakistan,2022-02-26
221,Saad Malik,Multan,Pakistan,2025-05-31
222,Hassan Sheikh,Multan,Pakistan,2023-01-19
223,Zainab Hussain,Faisalabad,Pakistan,2026-01-29
224,Hamza Iqbal,Hyderabad,Pakistan,2026-07-12
225,Zainab Malik,New York,USA,2024-05-31
226,Saad Chaudhry,Hyderabad,Pakistan,2026-02-04
227,Fatima Khan,Faisalabad,Pakistan,2023-12-23
228,Sana Raza,New York,USA,2021-03-11
229,Hassan Hussain,Faisalabad,Pakistan,2025-11-17
230,Danish Ali,Karachi,Pakistan,2023-12-17
231,Sara Ahmed,Karachi,Pakistan,2021-03-31
232,Sara Siddiqui,Faisalabad,Pakistan,2021-05-14
233,Ali Iqbal,Sukkur,Pakistan,2025-01-13
234,Hussain Raza,Doha,Qatar,2026-02-26
235,Hussain Chaudhry,Lahore,Pakistan,2024-11-22
236,Sara Mirza,Quetta,Pakistan,2023-06-19
237,Ayesha Sheikh,Hyderabad,Pakistan,2022-09-18
238,Maryam Buriro,Faisalabad,Pakistan,2023-05-03
239,Danish Khan,Faisalabad,Pakistan,2022-10-20
240,Hira Ali,Hyderabad,Pakistan,2022-07-11
241,Bilal Mirza,Karachi,Pakistan,2021-09-19
242,Bilal Buriro,Lahore,Pakistan,2024-03-05
243,Fatima Shah,Peshawar,Pakistan,2022-03-22
244,Hamza Sheikh,Rawalpindi,Pakistan,2021-10-23
245,Maham Hussain,Hyderabad,Pakistan,2022-07-17
246,Imran Chaudhry,Lahore,Pakistan,2025-06-17
247,Maham Hussain,Karachi,Pakistan,2024-03-13
248,Bilal Siddiqui,Lahore,Pakistan,2023-09-29
249,Hassan Qureshi,Multan,Pakistan,2024-04-21
250,Imran Siddiqui,Islamabad,Pakistan,2024-02-29
251,Hassan Hussain,Rawalpindi,Pakistan,2023-10-12
252,Saad Chaudhry,Hyderabad,Pakistan,2025-09-10
253,Bilal Siddiqui,Hyderabad,Pakistan,2025-01-28
254,Zainab Shah,Karachi,Pakistan,2022-01-13
255,Bilal Shah,Lahore,Pakistan,2025-07-24
256,Saad Buriro,Doha,Qatar,2021-12-24
257,Danish Mirza,Dubai,UAE,2021-06-09
258,Saad Ali,Lahore,Pakistan,2023-05-08
259,Fahad Khan,Hyderabad,Pakistan,2023-03-12
260,Fatima Raza,Multan,Pakistan,2025-05-22
261,Omar Ahmed,Toronto,Canada,2024-11-17
262,Hussain Mirza,Toronto,Canada,2021-04-30
263,Hamza Malik,London,UK,2023-10-14
264,Imran Ahmed,Lahore,Pakistan,2025-06-09
265,Imran Chaudhry,Peshawar,Pakistan,2025-02-03
266,Sana Ahmed,Peshawar,Pakistan,2023-10-18
267,Hussain Malik,Sukkur,Pakistan,2024-06-08
268,Sana Ahmed,New York,USA,2024-02-19
269,Fatima Ali,Hyderabad,Pakistan,2022-04-17
270,Zainab Khan,Quetta,Pakistan,2024-02-25
271,Sara Khan,Rawalpindi,Pakistan,2024-10-07
272,Hussain Ahmed,Rawalpindi,Pakistan,2021-04-25
273,Danish Khan,Hyderabad,Pakistan,2024-11-17
274,Ayesha Raza,London,UK,2022-05-25
275,Zainab Memon,Faisalabad,Pakistan,2021-01-16
276,Danish Qureshi,Dubai,UAE,2025-03-20
277,Danish Malik,Dubai,UAE,2023-03-06
278,Saad Sheikh,Multan,Pakistan,2023-04-21
279,Sara Chaudhry,Doha,Qatar,2024-06-26
280,Maham Mirza,Karachi,Pakistan,2024-02-17
281,Zainab Khan,Toronto,Canada,2024-06-18
282,Fatima Ahmed,Karachi,Pakistan,2026-04-10
283,Fahad Shah,Multan,Pakistan,2024-08-20
284,Usman Shah,New York,USA,2022-03-30
285,Maryam Raza,Dubai,UAE,2023-07-06
286,Imran Siddiqui,Hyderabad,Pakistan,2023-08-21
287,Bilal Khan,Toronto,Canada,2023-01-07
288,Ali Qureshi,Islamabad,Pakistan,2022-01-11
289,Imran Sheikh,Dubai,UAE,2021-08-05
290,Fahad Ali,Peshawar,Pakistan,2021-10-23
291,Ahmed Mirza,Rawalpindi,Pakistan,2026-04-22
292,Hassan Khan,Toronto,Canada,2023-03-18
293,Ayesha Chaudhry,London,UK,2026-05-14
294,Hira Ali,Karachi,Pakistan,2022-11-14
295,Danish Mirza,Lahore,Pakistan,2022-09-27
296,Danish Chaudhry,Karachi,Pakistan,2023-09-25
297,Usman Iqbal,Faisalabad,Pakistan,2026-04-14
298,Hamza Mirza,Faisalabad,Pakistan,2024-02-22
299,Sana Buriro,Dubai,UAE,2021-03-13
300,Maryam Hussain,Dubai,UAE,2022-07-08
301,Maryam Buriro,Karachi,Pakistan,2026-06-23
302,Sara Ahmed,Peshawar,Pakistan,2021-11-11
303,Danish Raza,London,UK,2025-08-31
304,Hamza Sheikh,Toronto,Canada,2026-03-08
305,Saad Mirza,Hyderabad,Pakistan,2022-03-13
306,Danish Siddiqui,Karachi,Pakistan,2024-02-14
307,Maham Qureshi,Islamabad,Pakistan,2024-05-06
308,Hira Hussain,Multan,Pakistan,2025-06-06
309,Usman Shah,Faisalabad,Pakistan,2025-06-15
310,Ahmed Ahmed,Multan,Pakistan,2021-05-03
311,Ayesha Sheikh,Lahore,Pakistan,2022-10-13
312,Hussain Siddiqui,Multan,Pakistan,2026-03-31
313,Maryam Shah,Hyderabad,Pakistan,2022-12-22
314,Hamza Qureshi,Peshawar,Pakistan,2022-05-17
315,Zainab Qureshi,Lahore,Pakistan,2024-07-05
316,Sara Malik,London,UK,2022-02-02
317,Ayesha Qureshi,Faisalabad,Pakistan,2021-10-27
318,Hussain Memon,Hyderabad,Pakistan,2025-06-15
319,Usman Malik,Toronto,Canada,2021-08-29
320,Maham Iqbal,London,UK,2025-12-22
321,Hira Chaudhry,Islamabad,Pakistan,2022-05-25
322,Fahad Sheikh,Islamabad,Pakistan,2021-08-06
323,Maham Malik,Karachi,Pakistan,2025-02-19
324,Fatima Raza,Quetta,Pakistan,2021-12-26
325,Saad Mirza,Multan,Pakistan,2023-01-18
326,Fatima Hussain,Multan,Pakistan,2022-12-17
327,Usman Mirza,Peshawar,Pakistan,2023-10-31
328,Sana Sheikh,Quetta,Pakistan,2023-08-23
329,Maham Hussain,Karachi,Pakistan,2022-02-03
330,Ahmed Malik,Lahore,Pakistan,2022-04-24
331,Hussain Buriro,London,UK,2022-01-31
332,Ali Shah,Doha,Qatar,2021-04-24
333,Sana Memon,New York,USA,2024-08-18
334,Zainab Mirza,Toronto,Canada,2023-08-18
335,Imran Ali,Faisalabad,Pakistan,2021-08-09
336,Saad Hussain,New York,USA,2022-11-07
337,Maryam Ali,Toronto,Canada,2024-09-23
338,Maryam Memon,Toronto,Canada,2022-08-05
339,Sana Ali,Islamabad,Pakistan,2023-03-28
340,Zainab Iqbal,Islamabad,Pakistan,2025-02-24
341,Sara Ahmed,Faisalabad,Pakistan,2024-09-30
342,Saad Iqbal,Peshawar,Pakistan,2024-11-29
343,Hussain Mirza,Doha,Qatar,2023-02-17
344,Ayesha Raza,Hyderabad,Pakistan,2023-09-14
345,Ayesha Buriro,New York,USA,2025-09-21
346,Saad Buriro,Toronto,Canada,2025-11-13
347,Imran Iqbal,Doha,Qatar,2021-04-24
348,Ahmed Shah,Islamabad,Pakistan,2025-09-04
349,Sara Raza,Rawalpindi,Pakistan,2025-12-26
350,Ahmed Ali,Rawalpindi,Pakistan,2026-04-05
351,Zainab Hussain,London,UK,2022-07-02
352,Hussain Ahmed,Dubai,UAE,2023-10-19
353,Hassan Raza,Faisalabad,Pakistan,2021-03-28
354,Ali Raza,Lahore,Pakistan,2021-08-12
355,Fatima Siddiqui,Peshawar,Pakistan,2024-02-21
356,Hira Sheikh,Dubai,UAE,2022-02-24
357,Sara Buriro,Peshawar,Pakistan,2022-04-03
358,Imran Buriro,Hyderabad,Pakistan,2022-08-28
359,Zainab Sheikh,Quetta,Pakistan,2023-07-25
360,Usman Raza,Sukkur,Pakistan,2021-11-08
361,Hassan Chaudhry,Quetta,Pakistan,2025-06-24
362,Danish Ali,Toronto,Canada,2024-09-23
363,Maham Ali,Hyderabad,Pakistan,2025-06-02
364,Sara Ali,Sukkur,Pakistan,2026-03-03
365,Fatima Hussain,New York,USA,2024-05-08
366,Sara Siddiqui,Rawalpindi,Pakistan,2023-01-08
367,Imran Buriro,Hyderabad,Pakistan,2026-06-16
368,Usman Memon,Karachi,Pakistan,2024-02-27
369,Sara Qureshi,Multan,Pakistan,2023-08-04
370,Sara Chaudhry,Karachi,Pakistan,2023-04-28
371,Danish Buriro,London,UK,2021-03-22
372,Maryam Malik,Lahore,Pakistan,2026-05-03
373,Maham Qureshi,Dubai,UAE,2025-07-28
374,Zainab Malik,Quetta,Pakistan,2024-11-26
375,Hamza Ahmed,Doha,Qatar,2022-03-27
376,Saad Ahmed,Multan,Pakistan,2026-03-07
377,Ahmed Iqbal,Multan,Pakistan,2021-12-26
378,Sana Siddiqui,Rawalpindi,Pakistan,2022-05-08
379,Sara Qureshi,Quetta,Pakistan,2021-05-23
380,Hassan Memon,Rawalpindi,Pakistan,2022-08-11
381,Hussain Raza,Lahore,Pakistan,2022-10-31
382,Imran Iqbal,Doha,Qatar,2025-06-08
383,Omar Buriro,Dubai,UAE,2022-10-27
384,Maryam Sheikh,Lahore,Pakistan,2026-05-02
385,Hassan Qureshi,Sukkur,Pakistan,2022-09-10
386,Hira Iqbal,Hyderabad,Pakistan,2023-12-06
387,Ali Memon,Islamabad,Pakistan,2024-04-23
388,Danish Iqbal,Peshawar,Pakistan,2025-08-17
389,Ayesha Ali,London,UK,2025-03-12
390,Bilal Mirza,Karachi,Pakistan,2025-11-04
391,Fahad Hussain,Multan,Pakistan,2026-03-27
392,Hassan Ali,Toronto,Canada,2021-08-28
393,Fatima Raza,Multan,Pakistan,2021-07-11
394,Ali Memon,Lahore,Pakistan,2023-07-05
395,Zainab Khan,Faisalabad,Pakistan,2021-11-03
396,Ahmed Siddiqui,Dubai,UAE,2023-10-03
397,Sara Mirza,Doha,Qatar,2024-04-17
398,Ayesha Malik,Sukkur,Pakistan,2022-07-18
399,Saad Siddiqui,Karachi,Pakistan,2021-07-20
400,Hamza Siddiqui,New York,USA,2026-05-20
401,Ali Malik,London,UK,2023-01-26
402,Zainab Chaudhry,Sukkur,Pakistan,2025-09-07
403,Sara Buriro,Toronto,Canada,2024-06-26
404,Zainab Ali,London,UK,2024-09-11
405,Omar Iqbal,Rawalpindi,Pakistan,2025-05-10
406,Ali Chaudhry,Faisalabad,Pakistan,2022-06-25
407,Hira Malik,Peshawar,Pakistan,2022-03-20
408,Maham Mirza,Peshawar,Pakistan,2026-07-25
409,Ali Ali,Sukkur,Pakistan,2024-09-23
410,Hira Iqbal,Dubai,UAE,2022-08-19
411,Ali Hussain,Lahore,Pakistan,2024-08-09
412,Hassan Hussain,Quetta,Pakistan,2023-03-14
413,Maryam Ali,Karachi,Pakistan,2025-10-18
414,Hira Chaudhry,Peshawar,Pakistan,2023-11-02
415,Fahad Khan,Faisalabad,Pakistan,2022-10-02
416,Usman Shah,Rawalpindi,Pakistan,2024-11-07
417,Fatima Ahmed,Doha,Qatar,2025-03-09
418,Fahad Buriro,Rawalpindi,Pakistan,2023-01-30
419,Danish Ahmed,Karachi,Pakistan,2025-03-13
420,Ali Chaudhry,Multan,Pakistan,2022-04-23
421,Bilal Hussain,London,UK,2022-05-03
422,Imran Khan,Karachi,Pakistan,2025-08-12
423,Ali Khan,Peshawar,Pakistan,2024-06-19
424,Hussain Khan,Faisalabad,Pakistan,2021-03-13
425,Danish Hussain,New York,USA,2024-10-07
426,Saad Mirza,Karachi,Pakistan,2022-09-16
427,Saad Shah,Karachi,Pakistan,2022-07-14
428,Bilal Mirza,Quetta,Pakistan,2023-05-15
429,Usman Khan,Islamabad,Pakistan,2023-07-10
430,Hira Mirza,Dubai,UAE,2025-12-23
431,Saad Chaudhry,Hyderabad,Pakistan,2023-06-08
432,Hassan Buriro,Quetta,Pakistan,2022-08-28
433,Danish Memon,Karachi,Pakistan,2025-04-26
434,Danish Mirza,Dubai,UAE,2024-01-12
435,Ayesha Khan,Peshawar,Pakistan,2021-01-02
436,Fatima Shah,Karachi,Pakistan,2024-07-12
437,Hassan Ali,Rawalpindi,Pakistan,2024-03-17
438,Hira Sheikh,Karachi,Pakistan,2022-01-11
439,Zainab Buriro,Karachi,Pakistan,2023-09-02
440,Zainab Hussain,Dubai,UAE,2024-08-11
441,Ahmed Mirza,Faisalabad,Pakistan,2024-10-11
442,Ayesha Ahmed,New York,USA,2024-10-18
443,Danish Buriro,Rawalpindi,Pakistan,2026-07-27
444,Ahmed Ahmed,Dubai,UAE,2023-10-19
445,Ali Malik,Sukkur,Pakistan,2023-05-27
446,Ahmed Memon,Sukkur,Pakistan,2024-01-10
447,Zainab Iqbal,New York,USA,2022-11-02
448,Sara Hussain,Dubai,UAE,2022-10-05
449,Zainab Khan,London,UK,2024-11-07
450,Ahmed Hussain,London,UK,2022-10-01
451,Ali Khan,Faisalabad,Pakistan,2025-03-07
452,Usman Chaudhry,Dubai,UAE,2025-02-27
453,Fatima Memon,New York,USA,2026-04-28
454,Ayesha Ahmed,London,UK,2021-09-26
455,Omar Ali,Sukkur,Pakistan,2023-01-11
456,Maham Ahmed,Lahore,Pakistan,2025-04-22
457,Omar Iqbal,Faisalabad,Pakistan,2023-05-25
458,Sana Siddiqui,Karachi,Pakistan,2024-08-27
459,Zainab Buriro,Lahore,Pakistan,2025-02-07
460,Bilal Hussain,Multan,Pakistan,2025-12-08
461,Fahad Raza,Faisalabad,Pakistan,2022-04-06
462,Ayesha Ahmed,Peshawar,Pakistan,2022-06-15
463,Usman Iqbal,Toronto,Canada,2023-08-18
464,Zainab Malik,London,UK,2023-10-29
465,Ayesha Raza,Faisalabad,Pakistan,2026-01-19
466,Zainab Memon,Multan,Pakistan,2021-03-21
467,Bilal Hussain,Dubai,UAE,2022-05-15
468,Ayesha Iqbal,Hyderabad,Pakistan,2026-02-03
469,Hussain Ahmed,Toronto,Canada,2024-06-06
470,Fatima Sheikh,London,UK,2024-10-08
471,Hira Siddiqui,Dubai,UAE,2022-05-24
472,Imran Sheikh,Rawalpindi,Pakistan,2024-06-23
473,Hassan Ali,Sukkur,Pakistan,2023-01-24
474,Saad Ahmed,New York,USA,2025-02-02
475,Imran Malik,Lahore,Pakistan,2021-07-04
476,Ahmed Malik,Islamabad,Pakistan,2022-08-03
477,Maryam Siddiqui,Peshawar,Pakistan,2024-08-06
478,Maham Hussain,Multan,Pakistan,2024-05-15
479,Ayesha Hussain,Dubai,UAE,2025-09-09
480,Saad Siddiqui,Faisalabad,Pakistan,2025-06-21
481,Hussain Siddiqui,Doha,Qatar,2021-01-30
482,Danish Shah,Hyderabad,Pakistan,2021-07-04
483,Imran Raza,Multan,Pakistan,2022-12-24
484,Maryam Malik,Karachi,Pakistan,2026-05-09
485,Imran Khan,Rawalpindi,Pakistan,2023-08-31
486,Bilal Siddiqui,Rawalpindi,Pakistan,2025-12-23
487,Fatima Sheikh,London,UK,2021-05-01
488,Hassan Shah,Multan,Pakistan,2026-05-17
489,Ahmed Raza,Rawalpindi,Pakistan,2021-05-05
490,Omar Raza,Hyderabad,Pakistan,2025-07-06
491,Sana Memon,Quetta,Pakistan,2025-11-23
492,Zainab Hussain,London,UK,2022-08-23
493,Sana Hussain,Doha,Qatar,2022-09-06
494,Maryam Malik,Karachi,Pakistan,2024-03-31
495,Usman Buriro,New York,USA,2025-01-11
496,Hamza Raza,Multan,Pakistan,2021-09-02
497,Hussain Siddiqui,New York,USA,2022-04-28
498,Zainab Hussain,Karachi,Pakistan,2025-03-17
499,Zainab Qureshi,Sukkur,Pakistan,2025-07-04
500,Saad Sheikh,Toronto,Canada,2025-12-19
501,Danish Buriro,Karachi,Pakistan,2025-11-02
502,Sana Chaudhry,London,UK,2025-11-04
503,Hassan Chaudhry,Lahore,Pakistan,2022-05-06
504,Fahad Sheikh,Doha,Qatar,2024-09-25
505,Sara Sheikh,London,UK,2021-11-23
506,Bilal Buriro,Toronto,Canada,2022-02-05
507,Usman Malik,Toronto,Canada,2021-05-25
508,Zainab Mirza,Hyderabad,Pakistan,2023-10-02
509,Omar Sheikh,Faisalabad,Pakistan,2024-12-20
510,Ali Ali,Dubai,UAE,2022-02-10
511,Ahmed Ali,Islamabad,Pakistan,2022-01-15
512,Fahad Mirza,Hyderabad,Pakistan,2022-07-19
513,Danish Khan,Lahore,Pakistan,2022-02-07
514,Ahmed Malik,Toronto,Canada,2025-08-25
515,Sana Qureshi,Rawalpindi,Pakistan,2022-07-22
516,Fatima Ahmed,Faisalabad,Pakistan,2022-09-16
517,Sara Malik,Faisalabad,Pakistan,2022-02-18
518,Ahmed Buriro,Multan,Pakistan,2026-04-03
519,Imran Khan,London,UK,2022-03-04
520,Ayesha Mirza,Toronto,Canada,2023-09-19
521,Sara Mirza,Quetta,Pakistan,2024-02-28
522,Ayesha Qureshi,New York,USA,2022-06-16
523,Sara Ahmed,Lahore,Pakistan,2023-08-19
524,Usman Hussain,Doha,Qatar,2021-12-14
525,Hira Ali,Lahore,Pakistan,2023-09-12
526,Zainab Qureshi,Karachi,Pakistan,2021-02-08
527,Zainab Iqbal,Karachi,Pakistan,2023-01-14
528,Ahmed Iqbal,Rawalpindi,Pakistan,2022-12-16
529,Ayesha Buriro,New York,USA,2021-08-13
530,Ayesha Malik,Hyderabad,Pakistan,2026-07-29
531,Maham Memon,London,UK,2021-02-25
532,Hassan Memon,Faisalabad,Pakistan,2021-10-25
533,Maham Qureshi,Lahore,Pakistan,2021-07-29
534,Imran Hussain,Peshawar,Pakistan,2026-06-16
535,Hamza Khan,Rawalpindi,Pakistan,2022-10-12
536,Hira Shah,Hyderabad,Pakistan,2023-05-29
537,Maham Sheikh,Peshawar,Pakistan,2025-03-11
538,Fatima Ahmed,London,UK,2021-04-13
539,Sara Ahmed,Quetta,Pakistan,2021-05-17
540,Ayesha Mirza,Rawalpindi,Pakistan,2022-01-07
541,Imran Iqbal,Dubai,UAE,2024-10-15
542,Saad Raza,Dubai,UAE,2026-06-18
543,Usman Mirza,Rawalpindi,Pakistan,2024-06-18
544,Danish Iqbal,New York,USA,2025-11-13
545,Hira Ahmed,New York,USA,2025-12-03
546,Zainab Siddiqui,Sukkur,Pakistan,2022-07-18
547,Danish Qureshi,Hyderabad,Pakistan,2022-01-10
548,Hamza Ali,Multan,Pakistan,2021-11-23
549,Danish Buriro,Faisalabad,Pakistan,2025-06-07
550,Ali Siddiqui,Islamabad,Pakistan,2024-09-26
551,Fatima Sheikh,Hyderabad,Pakistan,2025-10-29
552,Imran Ahmed,Islamabad,Pakistan,2023-10-31
553,Hamza Ahmed,Islamabad,Pakistan,2026-06-14
554,Usman Chaudhry,London,UK,2025-12-28
555,Imran Khan,Lahore,Pakistan,2025-07-06
556,Maryam Shah,Peshawar,Pakistan,2025-06-25
557,Hussain Malik,Faisalabad,Pakistan,2021-09-10
558,Hussain Sheikh,Karachi,Pakistan,2025-02-26
559,Saad Raza,New York,USA,2026-04-15
560,Sara Sheikh,Doha,Qatar,2022-08-19
561,Ali Ali,Sukkur,Pakistan,2025-07-19
562,Bilal Shah,Dubai,UAE,2022-12-15
563,Danish Mirza,Rawalpindi,Pakistan,2022-03-09
564,Fahad Hussain,New York,USA,2025-01-28
565,Sana Hussain,London,UK,2021-12-03
566,Ayesha Memon,Faisalabad,Pakistan,2023-09-08
567,Maham Buriro,Dubai,UAE,2026-03-24
568,Maryam Khan,Doha,Qatar,2021-11-16
569,Sara Qureshi,Sukkur,Pakistan,2021-11-14
570,Sara Raza,Islamabad,Pakistan,2025-05-03
571,Fahad Qureshi,Hyderabad,Pakistan,2023-07-30
572,Imran Mirza,Islamabad,Pakistan,2023-04-06
573,Hamza Sheikh,Hyderabad,Pakistan,2026-05-19
574,Zainab Buriro,Toronto,Canada,2025-01-15
575,Hira Mirza,Islamabad,Pakistan,2026-01-25
576,Omar Sheikh,Toronto,Canada,2021-07-07
577,Ayesha Chaudhry,Hyderabad,Pakistan,2023-12-18
578,Hamza Raza,Peshawar,Pakistan,2025-01-17
579,Hassan Mirza,Peshawar,Pakistan,2021-03-14
580,Omar Qureshi,Lahore,Pakistan,2023-11-10
581,Sana Sheikh,Islamabad,Pakistan,2021-04-24
582,Danish Sheikh,Hyderabad,Pakistan,2026-01-09
583,Zainab Ali,Karachi,Pakistan,2024-10-19
584,Ali Qureshi,London,UK,2022-01-19
585,Saad Chaudhry,Quetta,Pakistan,2023-11-29
586,Maryam Hussain,New York,USA,2021-08-11
587,Omar Ahmed,New York,USA,2025-06-27
588,Ali Qureshi,Multan,Pakistan,2022-02-04
589,Hamza Ahmed,New York,USA,2024-05-22
590,Bilal Khan,Karachi,Pakistan,2021-06-10
591,Maryam Chaudhry,Faisalabad,Pakistan,2021-11-18
592,Hira Siddiqui,Sukkur,Pakistan,2026-06-21
593,Ayesha Malik,Faisalabad,Pakistan,2023-02-26
594,Hassan Raza,London,UK,2021-09-08
595,Sana Khan,New York,USA,2024-11-27
596,Ayesha Malik,Faisalabad,Pakistan,2022-02-14
597,Hussain Memon,Hyderabad,Pakistan,2024-04-16
598,Zainab Hussain,Quetta,Pakistan,2025-07-09
599,Sara Iqbal,Toronto,Canada,2024-10-24
600,Danish Hussain,Doha,Qatar,2022-05-18
601,Fahad Sheikh,New York,USA,2022-04-28
602,Saad Buriro,Rawalpindi,Pakistan,2022-03-30
603,Hira Chaudhry,Rawalpindi,Pakistan,2024-07-11
604,Zainab Memon,Quetta,Pakistan,2024-10-02
605,Bilal Iqbal,Faisalabad,Pakistan,2023-11-28
606,Maryam Buriro,Sukkur,Pakistan,2023-03-24
607,Fatima Chaudhry,Toronto,Canada,2021-05-07
608,Ahmed Ali,Quetta,Pakistan,2025-08-30
609,Zainab Memon,Multan,Pakistan,2024-09-07
610,Danish Siddiqui,Toronto,Canada,2024-07-24
611,Maryam Raza,Faisalabad,Pakistan,2021-07-31
612,Saad Hussain,Sukkur,Pakistan,2022-08-11
613,Ayesha Iqbal,Islamabad,Pakistan,2022-09-12
614,Hassan Iqbal,Peshawar,Pakistan,2024-05-03
615,Hussain Malik,Faisalabad,Pakistan,2025-05-24
616,Danish Buriro,Lahore,Pakistan,2025-11-01
617,Saad Buriro,Rawalpindi,Pakistan,2023-12-01
618,Maryam Qureshi,Dubai,UAE,2023-01-13
619,Ali Ali,Islamabad,Pakistan,2023-04-12
620,Bilal Khan,Lahore,Pakistan,2025-02-09
621,Zainab Buriro,Karachi,Pakistan,2022-10-11
622,Saad Sheikh,Karachi,Pakistan,2023-04-28
623,Fahad Iqbal,Faisalabad,Pakistan,2025-05-22
624,Fahad Siddiqui,Peshawar,Pakistan,2024-01-12
625,Hamza Iqbal,Sukkur,Pakistan,2023-08-12
626,Usman Siddiqui,Quetta,Pakistan,2025-02-04
627,Ahmed Buriro,Quetta,Pakistan,2022-08-12
628,Maryam Ali,Doha,Qatar,2021-05-04
629,Usman Raza,Rawalpindi,Pakistan,2025-05-26
630,Zainab Mirza,Dubai,UAE,2023-07-17
631,Bilal Chaudhry,Lahore,Pakistan,2022-10-26
632,Ayesha Mirza,New York,USA,2021-07-14
633,Usman Khan,Multan,Pakistan,2026-03-03
634,Ahmed Qureshi,Multan,Pakistan,2025-01-17
635,Saad Khan,Islamabad,Pakistan,2022-07-13
636,Omar Ali,Peshawar,Pakistan,2024-05-23
637,Imran Memon,Multan,Pakistan,2023-08-05
638,Maham Memon,Doha,Qatar,2022-10-29
639,Hira Buriro,Islamabad,Pakistan,2022-09-28
640,Ali Mirza,Faisalabad,Pakistan,2021-06-05
641,Sara Buriro,Toronto,Canada,2026-06-10
642,Omar Mirza,New York,USA,2026-03-02
643,Omar Khan,London,UK,2025-11-10
644,Imran Shah,Peshawar,Pakistan,2022-10-04
645,Hassan Hussain,Toronto,Canada,2026-07-25
646,Usman Mirza,Rawalpindi,Pakistan,2022-07-16
647,Ayesha Khan,New York,USA,2025-08-08
648,Saad Sheikh,Quetta,Pakistan,2021-07-25
649,Bilal Memon,Multan,Pakistan,2022-09-25
650,Zainab Khan,Rawalpindi,Pakistan,2024-03-22
651,Maham Siddiqui,Peshawar,Pakistan,2026-05-27
652,Hira Chaudhry,Karachi,Pakistan,2022-06-26
653,Maryam Memon,Dubai,UAE,2023-06-01
654,Bilal Shah,Rawalpindi,Pakistan,2025-09-14
655,Ayesha Mirza,Multan,Pakistan,2023-08-21
656,Zainab Qureshi,Islamabad,Pakistan,2024-10-23
657,Maham Mirza,Faisalabad,Pakistan,2023-05-03
658,Imran Malik,Multan,Pakistan,2021-01-08
659,Sara Raza,Islamabad,Pakistan,2022-07-31
660,Ayesha Qureshi,Toronto,Canada,2024-02-27
661,Hassan Malik,London,UK,2021-02-09
662,Zainab Chaudhry,Multan,Pakistan,2022-04-18
663,Fahad Ahmed,Karachi,Pakistan,2026-04-27
664,Hira Ali,New York,USA,2021-02-01
665,Hira Qureshi,Dubai,UAE,2022-05-20
666,Ayesha Memon,Quetta,Pakistan,2024-06-16
667,Ayesha Mirza,Sukkur,Pakistan,2024-02-22
668,Zainab Iqbal,Karachi,Pakistan,2022-02-22
669,Maryam Malik,Peshawar,Pakistan,2021-05-02
670,Maham Siddiqui,Islamabad,Pakistan,2026-01-08
671,Zainab Ahmed,Sukkur,Pakistan,2024-01-28
672,Hassan Raza,Toronto,Canada,2024-03-14
673,Hussain Iqbal,Peshawar,Pakistan,2021-04-28
674,Fahad Memon,Sukkur,Pakistan,2022-03-03
675,Sara Raza,Dubai,UAE,2021-05-29
676,Ahmed Qureshi,Toronto,Canada,2026-06-19
677,Fatima Chaudhry,Karachi,Pakistan,2025-04-18
678,Usman Sheikh,Hyderabad,Pakistan,2024-01-19
679,Hamza Ahmed,Hyderabad,Pakistan,2024-10-19
680,Hassan Qureshi,Dubai,UAE,2021-12-04
681,Ahmed Ali,Faisalabad,Pakistan,2026-07-08
682,Omar Shah,London,UK,2023-11-21
683,Sana Khan,Peshawar,Pakistan,2023-11-19
684,Hamza Siddiqui,Doha,Qatar,2026-05-10
685,Saad Hussain,London,UK,2021-07-15
686,Fahad Qureshi,Karachi,Pakistan,2023-05-15
687,Ayesha Siddiqui,Doha,Qatar,2021-06-29
688,Fahad Iqbal,Doha,Qatar,2023-05-17
689,Saad Buriro,Karachi,Pakistan,2023-07-29
690,Zainab Raza,Multan,Pakistan,2024-12-01
691,Saad Malik,Doha,Qatar,2022-07-25
692,Hamza Chaudhry,New York,USA,2021-04-15
693,Omar Shah,Peshawar,Pakistan,2021-11-26
694,Sana Malik,Quetta,Pakistan,2024-12-29
695,Fahad Chaudhry,Karachi,Pakistan,2024-03-25
696,Hamza Sheikh,Quetta,Pakistan,2026-06-18
697,Saad Buriro,Sukkur,Pakistan,2025-12-28
698,Usman Raza,Multan,Pakistan,2021-11-25
699,Maryam Hussain,Hyderabad,Pakistan,2025-02-08
700,Ali Malik,New York,USA,2021-07-04
701,Fahad Shah,Faisalabad,Pakistan,2021-07-16
702,Bilal Malik,Rawalpindi,Pakistan,2025-06-05
703,Hussain Ahmed,Multan,Pakistan,2023-03-28
704,Hamza Chaudhry,Peshawar,Pakistan,2026-07-27
705,Ali Malik,Rawalpindi,Pakistan,2021-01-11
706,Ahmed Raza,Quetta,Pakistan,2023-10-22
707,Bilal Buriro,New York,USA,2022-09-20
708,Sana Buriro,London,UK,2026-07-02
709,Maryam Siddiqui,Rawalpindi,Pakistan,2024-09-26
710,Fahad Sheikh,Peshawar,Pakistan,2025-04-23
711,Imran Iqbal,Quetta,Pakistan,2022-08-15
712,Sana Memon,Dubai,UAE,2025-12-28
713,Bilal Mirza,London,UK,2025-09-10
714,Hira Chaudhry,Peshawar,Pakistan,2025-05-17
715,Bilal Buriro,Hyderabad,Pakistan,2023-08-31
716,Fatima Ahmed,Sukkur,Pakistan,2026-02-22
717,Hussain Raza,Lahore,Pakistan,2024-09-25
718,Hamza Ali,Dubai,UAE,2021-05-14
719,Ayesha Hussain,Toronto,Canada,2025-12-07
720,Hamza Iqbal,Dubai,UAE,2021-02-12
721,Maham Sheikh,Faisalabad,Pakistan,2024-10-23
722,Imran Siddiqui,New York,USA,2022-05-25
723,Hassan Khan,Peshawar,Pakistan,2026-01-03
724,Imran Iqbal,Quetta,Pakistan,2025-01-27
725,Sara Ali,New York,USA,2025-07-05
726,Bilal Khan,Islamabad,Pakistan,2024-11-27
727,Ahmed Shah,London,UK,2024-03-01
728,Sana Khan,Dubai,UAE,2025-10-27
729,Saad Siddiqui,Peshawar,Pakistan,2022-08-29
730,Bilal Sheikh,Lahore,Pakistan,2023-12-13
731,Maham Malik,London,UK,2022-08-31
732,Ali Khan,Rawalpindi,Pakistan,2021-08-20
733,Fahad Ali,Toronto,Canada,2025-11-19
734,Maryam Qureshi,London,UK,2023-10-10
735,Maham Khan,Multan,Pakistan,2021-04-20
736,Fahad Memon,Faisalabad,Pakistan,2025-08-09
737,Ayesha Shah,Karachi,Pakistan,2026-04-03
738,Saad Malik,Peshawar,Pakistan,2024-09-10
739,Fatima Qureshi,Karachi,Pakistan,2022-10-29
740,Usman Siddiqui,Doha,Qatar,2025-10-18
741,Hussain Khan,Sukkur,Pakistan,2025-02-14
742,Bilal Ali,Rawalpindi,Pakistan,2022-08-04
743,Ayesha Mirza,New York,USA,2022-11-04
744,Hussain Khan,Karachi,Pakistan,2026-07-07
745,Hassan Sheikh,Quetta,Pakistan,2026-04-27
746,Bilal Sheikh,Lahore,Pakistan,2024-10-10
747,Ali Malik,Karachi,Pakistan,2021-03-16
748,Ayesha Siddiqui,Rawalpindi,Pakistan,2022-04-13
749,Sana Buriro,Hyderabad,Pakistan,2022-12-22
750,Fatima Mirza,Dubai,UAE,2023-12-29
751,Zainab Shah,Toronto,Canada,2025-09-25
752,Usman Malik,London,UK,2022-07-13
753,Sana Shah,London,UK,2021-08-10
754,Imran Sheikh,Quetta,Pakistan,2022-07-16
755,Fahad Memon,Multan,Pakistan,2022-04-25
756,Hamza Shah,Rawalpindi,Pakistan,2026-01-06
757,Sara Malik,Doha,Qatar,2021-01-30
758,Usman Chaudhry,Peshawar,Pakistan,2024-08-31
759,Fatima Khan,Quetta,Pakistan,2021-08-04
760,Fatima Siddiqui,Karachi,Pakistan,2024-10-28
761,Fahad Memon,Faisalabad,Pakistan,2024-03-28
762,Hussain Ahmed,Dubai,UAE,2021-01-08
763,Maryam Khan,Peshawar,Pakistan,2022-04-01
764,Hamza Ahmed,Sukkur,Pakistan,2022-12-11
765,Ali Chaudhry,New York,USA,2022-03-15
766,Ahmed Khan,Karachi,Pakistan,2024-03-25
767,Imran Ahmed,Toronto,Canada,2024-06-08
768,Danish Khan,New York,USA,2021-12-12
769,Hussain Ali,Faisalabad,Pakistan,2021-09-10
770,Sara Hussain,London,UK,2024-08-28
771,Fatima Shah,Karachi,Pakistan,2023-08-16
772,Ahmed Raza,Hyderabad,Pakistan,2022-06-25
773,Usman Raza,Lahore,Pakistan,2022-06-06
774,Hira Mirza,Sukkur,Pakistan,2021-03-21
775,Fatima Khan,New York,USA,2025-10-07
776,Bilal Mirza,Sukkur,Pakistan,2025-09-12
777,Zainab Hussain,Dubai,UAE,2024-02-05
778,Fatima Ahmed,Islamabad,Pakistan,2022-12-14
779,Fahad Buriro,Doha,Qatar,2022-03-15
780,Saad Mirza,Islamabad,Pakistan,2022-09-19
781,Bilal Shah,Peshawar,Pakistan,2026-03-04
782,Usman Chaudhry,Dubai,UAE,2021-07-01
783,Sana Siddiqui,New York,USA,2025-08-05
784,Saad Hussain,Doha,Qatar,2022-09-13
785,Imran Iqbal,Quetta,Pakistan,2022-06-25
786,Ahmed Qureshi,Quetta,Pakistan,2025-07-09
787,Sara Mirza,Faisalabad,Pakistan,2026-05-13
788,Hassan Malik,Quetta,Pakistan,2026-07-14
789,Zainab Buriro,Dubai,UAE,2022-06-30
790,Hassan Hussain,Sukkur,Pakistan,2024-04-19
791,Bilal Shah,Quetta,Pakistan,2022-08-20
792,Zainab Siddiqui,Faisalabad,Pakistan,2022-01-30
793,Maryam Malik,Islamabad,Pakistan,2023-02-26
794,Danish Ali,Karachi,Pakistan,2021-05-08
795,Fahad Khan,Faisalabad,Pakistan,2021-12-02
796,Sara Qureshi,Multan,Pakistan,2024-04-28
797,Omar Khan,Sukkur,Pakistan,2024-11-01
798,Sara Ahmed,Toronto,Canada,2022-07-06
799,Hira Memon,Dubai,UAE,2024-02-10
800,Danish Memon,New York,USA,2025-04-08
801,Hamza Buriro,Quetta,Pakistan,2024-03-04
802,Danish Malik,Toronto,Canada,2022-05-06
803,Hassan Chaudhry,Doha,Qatar,2024-12-23
804,Hassan Raza,Islamabad,Pakistan,2021-12-13
805,Usman Ali,Sukkur,Pakistan,2021-10-11
806,Maham Ahmed,Peshawar,Pakistan,2023-01-01
807,Hira Memon,Doha,Qatar,2022-11-02
808,Ahmed Ahmed,Quetta,Pakistan,2021-10-25
809,Maham Sheikh,Karachi,Pakistan,2021-04-17
810,Hassan Iqbal,Rawalpindi,Pakistan,2026-04-13
811,Bilal Khan,Lahore,Pakistan,2024-10-12
812,Imran Khan,Rawalpindi,Pakistan,2025-01-02
813,Sana Iqbal,Lahore,Pakistan,2021-05-16
814,Sana Raza,London,UK,2025-06-11
815,Omar Ali,Peshawar,Pakistan,2023-01-13
816,Sana Chaudhry,Dubai,UAE,2025-03-05
817,Ahmed Chaudhry,Doha,Qatar,2023-09-27
818,Ayesha Raza,Sukkur,Pakistan,2022-05-10
819,Hussain Hussain,Peshawar,Pakistan,2022-06-19
820,Hussain Malik,Hyderabad,Pakistan,2021-10-14
821,Sara Khan,London,UK,2025-08-18
822,Ayesha Raza,Peshawar,Pakistan,2023-05-26
823,Hassan Malik,London,UK,2025-05-09
824,Hamza Hussain,Karachi,Pakistan,2025-08-17
825,Saad Mirza,Islamabad,Pakistan,2021-12-07
826,Hussain Khan,Lahore,Pakistan,2022-11-05
827,Ahmed Raza,Dubai,UAE,2021-09-11
828,Hussain Shah,Peshawar,Pakistan,2021-01-20
829,Danish Chaudhry,Hyderabad,Pakistan,2026-07-04
830,Danish Shah,Hyderabad,Pakistan,2024-09-07
831,Maryam Hussain,Sukkur,Pakistan,2023-07-10
832,Hussain Raza,Doha,Qatar,2022-02-12
833,Zainab Qureshi,Doha,Qatar,2024-04-19
834,Maham Memon,Peshawar,Pakistan,2024-01-12
835,Zainab Memon,Dubai,UAE,2022-03-31
836,Maham Raza,Lahore,Pakistan,2021-01-31
837,Bilal Buriro,Doha,Qatar,2023-08-14
838,Sara Iqbal,Karachi,Pakistan,2023-11-04
839,Hassan Siddiqui,Multan,Pakistan,2025-06-15
840,Imran Sheikh,Dubai,UAE,2023-03-14
841,Imran Khan,Doha,Qatar,2021-07-17
842,Ali Buriro,Islamabad,Pakistan,2025-11-30
843,Omar Sheikh,Sukkur,Pakistan,2023-04-23
844,Ayesha Siddiqui,Islamabad,Pakistan,2025-01-11
845,Imran Ali,Karachi,Pakistan,2021-03-29
846,Maham Chaudhry,Faisalabad,Pakistan,2021-03-15
847,Hira Qureshi,Quetta,Pakistan,2021-02-17
848,Hussain Memon,Rawalpindi,Pakistan,2025-05-29
849,Fatima Ahmed,Doha,Qatar,2022-05-06
850,Omar Iqbal,Sukkur,Pakistan,2025-06-01
851,Bilal Ahmed,Faisalabad,Pakistan,2026-04-10
852,Hira Ahmed,Peshawar,Pakistan,2024-09-14
853,Imran Mirza,Faisalabad,Pakistan,2026-07-03
854,Saad Chaudhry,Lahore,Pakistan,2026-03-09
855,Usman Shah,Sukkur,Pakistan,2025-01-12
856,Hamza Sheikh,London,UK,2025-06-26
857,Fahad Buriro,Faisalabad,Pakistan,2024-05-14
858,Maryam Chaudhry,Faisalabad,Pakistan,2022-03-23
859,Maryam Qureshi,Toronto,Canada,2021-07-29
860,Ayesha Sheikh,Sukkur,Pakistan,2023-02-17
861,Ahmed Buriro,Hyderabad,Pakistan,2023-08-27
862,Hira Memon,Karachi,Pakistan,2022-12-15
863,Zainab Buriro,New York,USA,2021-07-27
864,Imran Raza,Sukkur,Pakistan,2023-10-27
865,Ayesha Ali,Sukkur,Pakistan,2023-10-14
866,Maham Chaudhry,Hyderabad,Pakistan,2026-04-28
867,Hira Mirza,Islamabad,Pakistan,2026-04-29
868,Fahad Buriro,Peshawar,Pakistan,2024-06-08
869,Zainab Ali,London,UK,2025-09-30
870,Ali Shah,Hyderabad,Pakistan,2022-09-30
871,Ayesha Buriro,Peshawar,Pakistan,2026-05-30
872,Fatima Khan,Doha,Qatar,2026-04-03
873,Usman Iqbal,Rawalpindi,Pakistan,2021-09-13
874,Saad Qureshi,Rawalpindi,Pakistan,2024-11-28
875,Danish Memon,Rawalpindi,Pakistan,2023-07-22
876,Imran Chaudhry,Toronto,Canada,2023-04-20
877,Maryam Qureshi,Peshawar,Pakistan,2026-01-22
878,Maryam Malik,Toronto,Canada,2026-02-27
879,Hamza Hussain,Doha,Qatar,2022-12-03
880,Sana Raza,Faisalabad,Pakistan,2023-11-19
881,Omar Siddiqui,Karachi,Pakistan,2025-02-03
882,Ali Hussain,Hyderabad,Pakistan,2023-09-04
883,Sana Iqbal,Quetta,Pakistan,2023-03-18
884,Zainab Sheikh,Multan,Pakistan,2026-02-26
885,Ahmed Ahmed,Karachi,Pakistan,2023-01-30
886,Hamza Qureshi,Doha,Qatar,2022-06-26
887,Omar Qureshi,Hyderabad,Pakistan,2022-10-29
888,Maham Ali,Sukkur,Pakistan,2022-11-11
889,Hamza Ahmed,Doha,Qatar,2024-02-06
890,Hamza Memon,Quetta,Pakistan,2024-09-07
891,Ali Qureshi,Dubai,UAE,2021-10-01
892,Ali Iqbal,Karachi,Pakistan,2025-12-12
893,Sara Shah,Dubai,UAE,2022-06-01
894,Hussain Ali,New York,USA,2021-08-23
895,Fatima Buriro,Toronto,Canada,2024-09-24
896,Sana Chaudhry,Lahore,Pakistan,2022-03-04
897,Hamza Malik,Rawalpindi,Pakistan,2025-03-09
898,Fatima Shah,Karachi,Pakistan,2026-04-17
899,Saad Ahmed,Toronto,Canada,2024-11-12
900,Fatima Sheikh,Hyderabad,Pakistan,2025-05-04
901,Ahmed Sheikh,Peshawar,Pakistan,2023-10-06
902,Fatima Shah,Peshawar,Pakistan,2022-12-07
903,Hassan Khan,Dubai,UAE,2024-06-03
904,Ali Sheikh,Toronto,Canada,2022-12-30
905,Ahmed Iqbal,Hyderabad,Pakistan,2025-11-21
906,Usman Hussain,London,UK,2023-08-15
907,Hira Sheikh,Hyderabad,Pakistan,2023-10-14
908,Fahad Ali,Islamabad,Pakistan,2024-10-05
909,Usman Shah,Lahore,Pakistan,2022-01-21
910,Hassan Malik,Multan,Pakistan,2024-02-18
911,Hamza Buriro,Quetta,Pakistan,2025-03-17
912,Hamza Chaudhry,London,UK,2025-05-01
913,Maham Chaudhry,New York,USA,2022-04-04
914,Hassan Iqbal,Peshawar,Pakistan,2021-04-21
915,Maryam Iqbal,Faisalabad,Pakistan,2022-01-31
916,Omar Iqbal,Islamabad,Pakistan,2025-07-28
917,Sana Ali,Toronto,Canada,2022-06-25
918,Ayesha Ahmed,Multan,Pakistan,2021-04-29
919,Imran Malik,London,UK,2024-05-02
920,Usman Raza,Sukkur,Pakistan,2025-12-01
921,Ayesha Ali,Toronto,Canada,2022-04-03
922,Danish Mirza,Doha,Qatar,2021-03-30
923,Sara Hussain,Dubai,UAE,2021-10-13
924,Ayesha Raza,Sukkur,Pakistan,2021-09-18
925,Zainab Ahmed,Islamabad,Pakistan,2022-02-21
926,Ahmed Shah,Karachi,Pakistan,2022-01-03
927,Fatima Ahmed,Quetta,Pakistan,2024-07-22
928,Hassan Mirza,Dubai,UAE,2022-03-31
929,Omar Raza,London,UK,2024-01-23
930,Zainab Buriro,Rawalpindi,Pakistan,2023-03-30
931,Sara Malik,Peshawar,Pakistan,2024-08-26
932,Danish Qureshi,New York,USA,2024-08-28
933,Danish Siddiqui,Lahore,Pakistan,2024-04-23
934,Hassan Buriro,Multan,Pakistan,2025-12-25
935,Ali Buriro,Doha,Qatar,2022-02-04
936,Ali Shah,Islamabad,Pakistan,2023-12-05
937,Maryam Iqbal,Hyderabad,Pakistan,2023-03-15
938,Ayesha Ali,Peshawar,Pakistan,2023-12-22
939,Usman Chaudhry,Dubai,UAE,2021-10-13
940,Sara Ali,Rawalpindi,Pakistan,2022-10-13
941,Omar Shah,London,UK,2026-04-02
942,Hussain Mirza,Rawalpindi,Pakistan,2025-06-20
943,Maryam Ahmed,Multan,Pakistan,2023-05-19
944,Hira Siddiqui,Quetta,Pakistan,2021-08-14
945,Ahmed Siddiqui,Karachi,Pakistan,2024-08-14
946,Hussain Shah,London,UK,2022-09-06
947,Fahad Memon,Dubai,UAE,2022-11-03
948,Hassan Mirza,New York,USA,2021-07-17
949,Sana Chaudhry,Hyderabad,Pakistan,2022-08-13
950,Sara Qureshi,Multan,Pakistan,2022-03-13
951,Zainab Sheikh,Toronto,Canada,2021-03-11
952,Sara Shah,Lahore,Pakistan,2024-04-10
953,Hamza Shah,Peshawar,Pakistan,2026-05-30
954,Bilal Ahmed,Peshawar,Pakistan,2021-09-14
955,Ali Iqbal,Faisalabad,Pakistan,2021-04-17
956,Ahmed Chaudhry,Faisalabad,Pakistan,2021-07-25
957,Ali Buriro,London,UK,2024-01-18
958,Hamza Sheikh,Islamabad,Pakistan,2025-08-11
959,Bilal Sheikh,Toronto,Canada,2022-09-24
960,Fatima Sheikh,Toronto,Canada,2021-08-30
961,Omar Raza,Islamabad,Pakistan,2021-07-15
962,Danish Siddiqui,Doha,Qatar,2024-05-24
963,Omar Ali,Rawalpindi,Pakistan,2022-12-29
964,Omar Ali,Karachi,Pakistan,2022-12-19
965,Hussain Iqbal,Multan,Pakistan,2022-05-02
966,Ahmed Sheikh,London,UK,2026-01-01
967,Danish Iqbal,New York,USA,2023-02-04
968,Hassan Ahmed,Sukkur,Pakistan,2024-12-12
969,Omar Raza,New York,USA,2025-02-21
970,Saad Shah,Rawalpindi,Pakistan,2021-05-02
971,Hussain Shah,Toronto,Canada,2022-05-22
972,Fahad Khan,Sukkur,Pakistan,2025-12-30
973,Omar Ali,Islamabad,Pakistan,2025-12-05
974,Hussain Chaudhry,Lahore,Pakistan,2023-04-24
975,Ali Malik,Hyderabad,Pakistan,2021-11-15
976,Imran Hussain,Lahore,Pakistan,2022-08-31
977,Ahmed Siddiqui,Hyderabad,Pakistan,2026-04-19
978,Saad Siddiqui,Doha,Qatar,2024-10-03
979,Zainab Sheikh,Rawalpindi,Pakistan,2021-06-03
980,Hira Ahmed,Sukkur,Pakistan,2025-01-03
981,Danish Iqbal,Doha,Qatar,2021-10-27
982,Hassan Mirza,Rawalpindi,Pakistan,2022-09-11
983,Danish Buriro,Dubai,UAE,2023-09-09
984,Omar Sheikh,Faisalabad,Pakistan,2022-12-18
985,Danish Ahmed,Hyderabad,Pakistan,2024-11-24
986,Danish Chaudhry,Doha,Qatar,2021-11-15
987,Hira Qureshi,Sukkur,Pakistan,2025-11-23
988,Sana Khan,Faisalabad,Pakistan,2024-04-24
989,Imran Qureshi,New York,USA,2022-09-15
990,Ahmed Buriro,Toronto,Canada,2026-05-05
991,Hira Hussain,London,UK,2023-09-03
992,Ahmed Buriro,Toronto,Canada,2023-04-30
993,Maryam Buriro,Hyderabad,Pakistan,2021-02-13
994,Danish Shah,Multan,Pakistan,2026-07-24
995,Usman Chaudhry,Rawalpindi,Pakistan,2025-09-21
996,Zainab Siddiqui,Dubai,UAE,2021-12-26
997,Bilal Hussain,New York,USA,2026-04-16
998,Maham Khan,Sukkur,Pakistan,2025-06-11
999,Sana Iqbal,Quetta,Pakistan,2023-05-08
1000,Bilal Malik,London,UK,2026-03-07
1001,Fahad Khan,Islamabad,Pakistan,2024-02-14
1002,Omar Siddiqui,Multan,Pakistan,2024-11-03
1003,Maham Ali,Dubai,UAE,2022-01-09
1004,Ayesha Ahmed,Karachi,Pakistan,2021-08-11
1005,Maham Hussain,Toronto,Canada,2023-12-12
1006,Fatima Qureshi,Islamabad,Pakistan,2022-10-28
1007,Hussain Chaudhry,London,UK,2026-06-24
1008,Maryam Malik,Sukkur,Pakistan,2021-06-24
1009,Ayesha Memon,New York,USA,2025-04-04
1010,Sara Siddiqui,London,UK,2024-05-11
1011,Hamza Hussain,Peshawar,Pakistan,2025-11-27
1012,Hira Raza,London,UK,2026-07-28
1013,Ahmed Sheikh,Multan,Pakistan,2025-11-10
1014,Maryam Iqbal,Quetta,Pakistan,2023-02-03
1015,Zainab Qureshi,Toronto,Canada,2024-11-18
1016,Sana Ahmed,Lahore,Pakistan,2021-11-29
1017,Ahmed Memon,Multan,Pakistan,2023-09-18
1018,Saad Mirza,Karachi,Pakistan,2022-07-02
1019,Sana Khan,Quetta,Pakistan,2022-05-25
1020,Saad Siddiqui,London,UK,2024-03-09
1021,Bilal Chaudhry,Karachi,Pakistan,2021-09-16
1022,Sara Buriro,Quetta,Pakistan,2024-03-05
1023,Bilal Iqbal,Faisalabad,Pakistan,2023-03-29
1024,Fatima Sheikh,London,UK,2022-04-14
1025,Maham Hussain,Rawalpindi,Pakistan,2024-02-20
1026,Hussain Malik,Islamabad,Pakistan,2025-03-10
1027,Omar Iqbal,Lahore,Pakistan,2024-05-28
1028,Sara Qureshi,Faisalabad,Pakistan,2021-06-29
1029,Sara Buriro,Peshawar,Pakistan,2024-02-20
1030,Omar Siddiqui,Toronto,Canada,2024-06-23
1031,Fahad Raza,Faisalabad,Pakistan,2024-10-24
1032,Hassan Memon,Islamabad,Pakistan,2023-05-18
1033,Sana Sheikh,Dubai,UAE,2021-07-13
1034,Sara Chaudhry,Karachi,Pakistan,2021-09-17
1035,Hamza Siddiqui,Multan,Pakistan,2022-11-08
1036,Hussain Hussain,Sukkur,Pakistan,2024-07-16
1037,Ayesha Qureshi,Rawalpindi,Pakistan,2025-02-15
1038,Hira Siddiqui,Quetta,Pakistan,2024-10-03
1039,Fatima Siddiqui,Faisalabad,Pakistan,2022-09-29
1040,Bilal Ali,Doha,Qatar,2023-06-16
1041,Danish Ali,Hyderabad,Pakistan,2021-04-06
1042,Hamza Memon,Toronto,Canada,2025-06-15
1043,Hassan Hussain,Sukkur,Pakistan,2022-12-22
1044,Sara Hussain,London,UK,2023-11-04
1045,Hamza Khan,Islamabad,Pakistan,2023-07-06
1046,Fahad Malik,Karachi,Pakistan,2022-08-06
1047,Danish Ahmed,Dubai,UAE,2021-12-09
1048,Hussain Buriro,Peshawar,Pakistan,2026-04-28
1049,Imran Mirza,Hyderabad,Pakistan,2021-09-01
1050,Maham Shah,Toronto,Canada,2026-04-08
1051,Imran Memon,Hyderabad,Pakistan,2021-08-19
1052,Hussain Ali,Faisalabad,Pakistan,2021-07-14
1053,Fahad Malik,Dubai,UAE,2026-01-15
1054,Maham Ahmed,Doha,Qatar,2026-04-13
1055,Bilal Malik,Toronto,Canada,2025-12-30
1056,Bilal Memon,Sukkur,Pakistan,2025-04-30
1057,Imran Chaudhry,Lahore,Pakistan,2023-10-01
1058,Sara Shah,Lahore,Pakistan,2021-08-06
1059,Saad Raza,Dubai,UAE,2024-04-20
1060,Zainab Memon,Peshawar,Pakistan,2023-11-25
1061,Maham Iqbal,Lahore,Pakistan,2025-02-08
1062,Sana Hussain,Dubai,UAE,2021-03-13
1063,Sara Shah,Doha,Qatar,2021-06-07
1064,Hamza Hussain,Karachi,Pakistan,2024-04-15
1065,Ahmed Malik,New York,USA,2025-10-09
1066,Sara Iqbal,Multan,Pakistan,2026-03-17
1067,Zainab Qureshi,Multan,Pakistan,2024-03-05
1068,Ayesha Memon,Dubai,UAE,2023-01-21
1069,Zainab Khan,Rawalpindi,Pakistan,2023-08-21
1070,Zainab Siddiqui,Islamabad,Pakistan,2023-11-03
1071,Sara Chaudhry,Doha,Qatar,2024-06-15
1072,Saad Hussain,Multan,Pakistan,2022-04-09
1073,Omar Siddiqui,Islamabad,Pakistan,2023-03-04
1074,Hussain Iqbal,Dubai,UAE,2024-01-08
1075,Danish Mirza,Rawalpindi,Pakistan,2025-09-30
1076,Hamza Malik,London,UK,2025-06-24
1077,Fahad Raza,Lahore,Pakistan,2025-03-17
1078,Sara Sheikh,Peshawar,Pakistan,2022-03-15
1079,Ayesha Hussain,Faisalabad,Pakistan,2023-04-09
1080,Danish Qureshi,Doha,Qatar,2024-02-03
1081,Danish Shah,Peshawar,Pakistan,2026-05-27
1082,Ayesha Chaudhry,Toronto,Canada,2022-12-24
1083,Saad Chaudhry,Rawalpindi,Pakistan,2026-02-15
1084,Hamza Mirza,Peshawar,Pakistan,2025-03-05
1085,Imran Iqbal,New York,USA,2024-07-15
1086,Ali Buriro,Islamabad,Pakistan,2024-12-01
1087,Saad Buriro,Toronto,Canada,2025-06-05
1088,Usman Buriro,London,UK,2024-11-25
1089,Hassan Sheikh,Dubai,UAE,2024-10-02
1090,Maryam Siddiqui,Rawalpindi,Pakistan,2023-02-09
1091,Hira Shah,New York,USA,2023-05-23
1092,Maryam Hussain,New York,USA,2024-05-06
1093,Maryam Malik,Hyderabad,Pakistan,2025-09-16
1094,Hamza Shah,Quetta,Pakistan,2024-08-19
1095,Fatima Raza,Karachi,Pakistan,2026-07-07
1096,Omar Siddiqui,Multan,Pakistan,2024-10-19
1097,Bilal Shah,Islamabad,Pakistan,2023-04-11
1098,Hira Mirza,Quetta,Pakistan,2024-03-18
1099,Bilal Mirza,Quetta,Pakistan,2024-06-24
1100,Sana Ahmed,Peshawar,Pakistan,2025-11-02
1101,Omar Khan,Dubai,UAE,2022-06-06
1102,Ali Qureshi,Toronto,Canada,2022-05-23
1103,Fatima Buriro,Islamabad,Pakistan,2022-02-16
1104,Hassan Mirza,Rawalpindi,Pakistan,2021-04-24
1105,Usman Ahmed,Rawalpindi,Pakistan,2024-10-07
1106,Hira Buriro,Toronto,Canada,2026-05-16
1107,Maryam Ali,Lahore,Pakistan,2024-06-04
1108,Hassan Qureshi,Karachi,Pakistan,2021-05-04
1109,Fatima Iqbal,Islamabad,Pakistan,2023-01-14
1110,Bilal Ahmed,London,UK,2026-01-15
1111,Imran Ahmed,Quetta,Pakistan,2021-04-16
1112,Ali Siddiqui,Toronto,Canada,2023-06-18
1113,Ayesha Hussain,Rawalpindi,Pakistan,2026-02-16
1114,Fahad Chaudhry,Multan,Pakistan,2023-11-12
1115,Bilal Iqbal,Quetta,Pakistan,2024-02-26
1116,Maryam Ali,Lahore,Pakistan,2025-01-11
1117,Imran Ahmed,Toronto,Canada,2025-08-01
1118,Sana Buriro,New York,USA,2023-11-17
1119,Usman Malik,Islamabad,Pakistan,2025-01-09
1120,Fatima Chaudhry,New York,USA,2025-06-30
1121,Usman Hussain,Faisalabad,Pakistan,2023-12-07
1122,Fatima Ali,Multan,Pakistan,2024-12-30
1123,Sara Mirza,Doha,Qatar,2023-01-11
1124,Sana Ahmed,Peshawar,Pakistan,2022-12-25
1125,Hussain Siddiqui,Rawalpindi,Pakistan,2021-01-06
1126,Zainab Raza,New York,USA,2024-09-26
1127,Usman Sheikh,Dubai,UAE,2022-05-27
1128,Bilal Memon,Islamabad,Pakistan,2025-07-17
1129,Maham Hussain,Dubai,UAE,2026-04-24
1130,Ali Iqbal,Sukkur,Pakistan,2025-11-21
1131,Ali Iqbal,Hyderabad,Pakistan,2022-07-16
1132,Ali Sheikh,Faisalabad,Pakistan,2024-08-21
1133,Hassan Ali,New York,USA,2023-10-29
1134,Hira Memon,Islamabad,Pakistan,2023-11-03
1135,Hassan Iqbal,Dubai,UAE,2023-06-12
1136,Hamza Malik,New York,USA,2022-09-21
1137,Bilal Siddiqui,Doha,Qatar,2024-03-14
1138,Hussain Siddiqui,Hyderabad,Pakistan,2026-07-13
1139,Usman Khan,Rawalpindi,Pakistan,2022-03-23
1140,Omar Memon,Doha,Qatar,2021-04-06
1141,Maham Qureshi,Faisalabad,Pakistan,2021-04-25
1142,Hamza Buriro,Quetta,Pakistan,2024-04-01
1143,Hira Mirza,Peshawar,Pakistan,2022-07-05
1144,Imran Mirza,Peshawar,Pakistan,2023-07-30
1145,Imran Siddiqui,Sukkur,Pakistan,2026-04-22
1146,Omar Malik,Faisalabad,Pakistan,2021-06-05
1147,Usman Buriro,Multan,Pakistan,2021-12-22
1148,Sara Mirza,Faisalabad,Pakistan,2022-03-13
1149,Hussain Sheikh,Sukkur,Pakistan,2023-07-21
1150,Usman Chaudhry,New York,USA,2024-11-15
1151,Bilal Ahmed,Quetta,Pakistan,2022-01-09
1152,Sana Chaudhry,Dubai,UAE,2021-08-09
1153,Imran Ali,Faisalabad,Pakistan,2021-06-24
1154,Hamza Ahmed,London,UK,2025-06-21
1155,Hamza Raza,Multan,Pakistan,2021-03-02
1156,Bilal Ali,Faisalabad,Pakistan,2024-03-24
1157,Zainab Khan,Karachi,Pakistan,2021-07-25
1158,Usman Khan,Rawalpindi,Pakistan,2024-02-01
1159,Ahmed Siddiqui,London,UK,2022-08-08
1160,Fahad Buriro,Lahore,Pakistan,2023-11-16
1161,Ahmed Khan,Rawalpindi,Pakistan,2021-10-07
1162,Hamza Hussain,London,UK,2025-06-14
1163,Sara Mirza,Toronto,Canada,2021-01-07
1164,Hamza Ahmed,Faisalabad,Pakistan,2023-12-23
1165,Ali Ahmed,Faisalabad,Pakistan,2024-08-12
1166,Ahmed Mirza,Peshawar,Pakistan,2021-01-06
1167,Bilal Mirza,London,UK,2025-01-15
1168,Sana Raza,Peshawar,Pakistan,2024-01-12
1169,Fatima Mirza,Islamabad,Pakistan,2022-09-17
1170,Ali Ali,Faisalabad,Pakistan,2023-09-11
1171,Ayesha Qureshi,Rawalpindi,Pakistan,2024-10-22
1172,Zainab Buriro,Dubai,UAE,2024-08-03
1173,Sana Shah,Islamabad,Pakistan,2025-05-02
1174,Hamza Buriro,Sukkur,Pakistan,2021-03-13
1175,Usman Sheikh,Lahore,Pakistan,2025-05-24
1176,Zainab Buriro,Doha,Qatar,2021-03-14
1177,Sara Siddiqui,Sukkur,Pakistan,2024-08-17
1178,Hamza Qureshi,Islamabad,Pakistan,2022-12-14
1179,Ayesha Shah,Doha,Qatar,2021-05-10
1180,Maryam Shah,Quetta,Pakistan,2024-11-04
1181,Maryam Buriro,Sukkur,Pakistan,2024-02-01
1182,Saad Ali,Karachi,Pakistan,2024-09-20
1183,Maham Ali,Islamabad,Pakistan,2023-02-06
1184,Hamza Ahmed,New York,USA,2022-07-22
1185,Hussain Ahmed,Peshawar,Pakistan,2024-06-27
1186,Ali Mirza,Sukkur,Pakistan,2022-03-17
1187,Ahmed Qureshi,Doha,Qatar,2025-07-14
1188,Hira Iqbal,Faisalabad,Pakistan,2024-10-24
1189,Fahad Ahmed,Multan,Pakistan,2026-07-31
1190,Saad Hussain,New York,USA,2021-02-25
1191,Hussain Siddiqui,Karachi,Pakistan,2024-04-08
1192,Imran Qureshi,Faisalabad,Pakistan,2024-02-09
1193,Hussain Chaudhry,New York,USA,2025-10-14
1194,Saad Iqbal,Rawalpindi,Pakistan,2023-05-15
1195,Saad Chaudhry,Hyderabad,Pakistan,2026-03-24
1196,Fatima Ahmed,Peshawar,Pakistan,2022-05-03
1197,Maryam Shah,Lahore,Pakistan,2025-10-07
1198,Fatima Hussain,Lahore,Pakistan,2023-11-27
1199,Imran Malik,Rawalpindi,Pakistan,2026-04-08
1200,Bilal Buriro,Toronto,Canada,2022-03-19
1201,Ali Raza,Rawalpindi,Pakistan,2022-06-15
1202,Sara Raza,Dubai,UAE,2024-02-25
1203,Omar Mirza,Faisalabad,Pakistan,2024-01-30
1204,Omar Memon,London,UK,2021-10-31
1205,Fatima Khan,Hyderabad,Pakistan,2024-08-20
1206,Zainab Khan,Toronto,Canada,2023-04-07
1207,Imran Hussain,Multan,Pakistan,2021-11-05
1208,Omar Sheikh,London,UK,2023-11-07
1209,Maryam Shah,New York,USA,2024-11-23
1210,Bilal Siddiqui,Faisalabad,Pakistan,2021-03-06
1211,Bilal Buriro,Dubai,UAE,2026-02-19
1212,Hassan Mirza,Lahore,Pakistan,2024-05-29
1213,Hamza Raza,Peshawar,Pakistan,2022-06-15
1214,Hussain Qureshi,Multan,Pakistan,2025-03-10
1215,Maham Malik,Doha,Qatar,2025-09-16
1216,Hassan Sheikh,Doha,Qatar,2026-05-03
1217,Hussain Malik,London,UK,2025-05-30
1218,Fatima Raza,Doha,Qatar,2022-02-18
1219,Maryam Memon,Doha,Qatar,2021-11-30
1220,Danish Khan,London,UK,2022-03-02
1221,Omar Khan,Quetta,Pakistan,2025-11-20
1222,Ali Shah,Rawalpindi,Pakistan,2022-09-14
1223,Sana Chaudhry,New York,USA,2022-11-05
1224,Maham Hussain,Islamabad,Pakistan,2025-12-21
1225,Maham Ahmed,Islamabad,Pakistan,2022-02-21
1226,Danish Chaudhry,Toronto,Canada,2023-04-10
1227,Ahmed Sheikh,Lahore,Pakistan,2022-08-27
1228,Danish Sheikh,Islamabad,Pakistan,2022-09-08
1229,Danish Iqbal,Peshawar,Pakistan,2024-04-28
1230,Fatima Khan,Quetta,Pakistan,2025-02-19
1231,Hamza Shah,Karachi,Pakistan,2022-06-25
1232,Fatima Raza,Multan,Pakistan,2021-03-19
1233,Fatima Ahmed,Rawalpindi,Pakistan,2024-07-27
1234,Hamza Memon,Hyderabad,Pakistan,2024-01-24
1235,Ali Shah,Islamabad,Pakistan,2024-09-05
1236,Fahad Ali,Dubai,UAE,2023-07-07
1237,Ayesha Shah,Peshawar,Pakistan,2025-05-03
1238,Hassan Siddiqui,Doha,Qatar,2024-06-27
1239,Zainab Ahmed,Karachi,Pakistan,2025-03-24
1240,Ahmed Ahmed,London,UK,2025-01-29
1241,Hira Mirza,Toronto,Canada,2023-10-10
1242,Hussain Malik,Peshawar,Pakistan,2022-10-25
1243,Hamza Qureshi,Dubai,UAE,2024-04-01
1244,Usman Khan,Faisalabad,Pakistan,2024-07-21
1245,Zainab Qureshi,Quetta,Pakistan,2024-03-10
1246,Hamza Shah,Toronto,Canada,2023-12-05
1247,Imran Hussain,Peshawar,Pakistan,2022-11-30
1248,Ayesha Shah,Quetta,Pakistan,2021-10-01
1249,Danish Chaudhry,Doha,Qatar,2023-05-22
1250,Ali Chaudhry,Peshawar,Pakistan,2025-12-02
1251,Hira Ali,Islamabad,Pakistan,2024-12-31
1252,Maham Ali,Dubai,UAE,2025-03-18
1253,Ahmed Ali,Dubai,UAE,2025-02-10
1254,Fatima Hussain,Rawalpindi,Pakistan,2026-02-22
1255,Ayesha Ali,Dubai,UAE,2022-04-06
1256,Hussain Mirza,Karachi,Pakistan,2025-01-08
1257,Saad Buriro,Hyderabad,Pakistan,2021-05-22
1258,Hassan Mirza,New York,USA,2022-05-14
1259,Hira Sheikh,Sukkur,Pakistan,2021-03-01
1260,Hassan Iqbal,Sukkur,Pakistan,2023-05-28
1261,Ayesha Khan,Sukkur,Pakistan,2021-10-14
1262,Usman Siddiqui,Islamabad,Pakistan,2023-02-28
1263,Ahmed Malik,Doha,Qatar,2021-10-02
1264,Fatima Iqbal,Hyderabad,Pakistan,2021-03-15
1265,Ahmed Raza,London,UK,2023-09-01
1266,Imran Mirza,Doha,Qatar,2023-04-17
1267,Imran Ahmed,Rawalpindi,Pakistan,2023-04-30
1268,Danish Iqbal,Sukkur,Pakistan,2022-12-06
1269,Hamza Sheikh,Karachi,Pakistan,2023-04-15
1270,Zainab Sheikh,Sukkur,Pakistan,2021-01-08
1271,Bilal Iqbal,Faisalabad,Pakistan,2023-09-02
1272,Saad Qureshi,Lahore,Pakistan,2025-09-23
1273,Danish Qureshi,Dubai,UAE,2021-10-12
1274,Maham Raza,Doha,Qatar,2021-10-21
1275,Fatima Ali,Lahore,Pakistan,2025-05-09
1276,Hira Malik,Toronto,Canada,2023-10-18
1277,Usman Ahmed,New York,USA,2022-06-09
1278,Saad Ali,Quetta,Pakistan,2025-05-19
1279,Maham Mirza,Toronto,Canada,2022-10-25
1280,Ali Raza,Hyderabad,Pakistan,2024-05-16
1281,Sana Qureshi,Dubai,UAE,2024-02-08
1282,Hira Siddiqui,Dubai,UAE,2021-12-12
1283,Ayesha Siddiqui,Quetta,Pakistan,2025-03-19
1284,Danish Hussain,New York,USA,2024-06-13
1285,Omar Chaudhry,Toronto,Canada,2022-03-01
1286,Danish Chaudhry,London,UK,2025-03-24
1287,Sara Qureshi,Quetta,Pakistan,2024-06-18
1288,Maham Malik,Doha,Qatar,2025-10-09
1289,Bilal Siddiqui,Quetta,Pakistan,2025-07-30
1290,Saad Raza,Sukkur,Pakistan,2022-10-12
1291,Omar Siddiqui,Islamabad,Pakistan,2026-03-25
1292,Bilal Hussain,Hyderabad,Pakistan,2021-03-11
1293,Omar Raza,Toronto,Canada,2022-11-12
1294,Omar Malik,Peshawar,Pakistan,2024-05-23
1295,Saad Qureshi,Peshawar,Pakistan,2023-12-26
1296,Ahmed Qureshi,New York,USA,2022-04-06
1297,Zainab Ali,Hyderabad,Pakistan,2022-02-11
1298,Hamza Ahmed,Rawalpindi,Pakistan,2025-05-11
1299,Zainab Memon,Karachi,Pakistan,2025-11-21
1300,Saad Qureshi,Rawalpindi,Pakistan,2024-10-17
1301,Fahad Shah,Peshawar,Pakistan,2023-12-17
1302,Maham Raza,Dubai,UAE,2025-04-25
1303,Maham Buriro,Hyderabad,Pakistan,2022-05-05
1304,Zainab Shah,Faisalabad,Pakistan,2026-05-26
1305,Zainab Mirza,Rawalpindi,Pakistan,2021-09-12
1306,Saad Chaudhry,New York,USA,2024-04-06
1307,Hussain Raza,Peshawar,Pakistan,2022-11-27
1308,Hassan Memon,Islamabad,Pakistan,2026-01-17
1309,Saad Khan,Sukkur,Pakistan,2022-05-14
1310,Hira Iqbal,Multan,Pakistan,2024-08-01
1311,Danish Qureshi,New York,USA,2021-11-15
1312,Hassan Chaudhry,Hyderabad,Pakistan,2022-01-06
1313,Imran Raza,New York,USA,2023-04-29
1314,Saad Khan,Dubai,UAE,2025-06-17
1315,Maryam Khan,Islamabad,Pakistan,2022-07-21
1316,Imran Memon,London,UK,2024-11-14
1317,Imran Raza,Dubai,UAE,2024-03-10
1318,Ahmed Khan,Faisalabad,Pakistan,2026-06-17
1319,Hamza Buriro,Islamabad,Pakistan,2022-09-05
1320,Hussain Mirza,Peshawar,Pakistan,2022-05-12
1321,Usman Sheikh,Sukkur,Pakistan,2026-01-14
1322,Usman Siddiqui,Lahore,Pakistan,2022-11-10
1323,Fatima Khan,Multan,Pakistan,2022-03-14
1324,Sana Buriro,Dubai,UAE,2025-08-02
1325,Imran Malik,Quetta,Pakistan,2025-07-15
1326,Fahad Chaudhry,Doha,Qatar,2021-05-09
1327,Saad Qureshi,Rawalpindi,Pakistan,2025-10-11
1328,Fahad Raza,London,UK,2024-07-14
1329,Ahmed Malik,Faisalabad,Pakistan,2022-07-23
1330,Hira Ahmed,Rawalpindi,Pakistan,2023-12-28
1331,Ayesha Buriro,Doha,Qatar,2022-05-02
1332,Hassan Sheikh,Sukkur,Pakistan,2021-12-11
1333,Usman Raza,Quetta,Pakistan,2021-09-27
1334,Usman Iqbal,Hyderabad,Pakistan,2021-12-03
1335,Ahmed Iqbal,Toronto,Canada,2024-04-02
1336,Maham Mirza,Karachi,Pakistan,2025-07-10
1337,Fahad Ahmed,Lahore,Pakistan,2023-09-19
1338,Imran Raza,Islamabad,Pakistan,2021-02-01
1339,Saad Chaudhry,Sukkur,Pakistan,2023-05-24
1340,Sana Qureshi,Lahore,Pakistan,2025-03-03
1341,Hassan Ali,London,UK,2025-08-30
1342,Omar Mirza,Islamabad,Pakistan,2025-02-02
1343,Zainab Sheikh,Dubai,UAE,2023-01-23
1344,Usman Raza,London,UK,2024-08-17
1345,Maryam Iqbal,Toronto,Canada,2021-05-20
1346,Sara Hussain,Hyderabad,Pakistan,2023-04-15
1347,Imran Siddiqui,Lahore,Pakistan,2023-12-31
1348,Imran Qureshi,London,UK,2021-02-27
1349,Hassan Siddiqui,Faisalabad,Pakistan,2021-01-30
1350,Hassan Ali,Doha,Qatar,2025-06-23
1351,Fahad Buriro,Islamabad,Pakistan,2022-03-25
1352,Usman Mirza,Quetta,Pakistan,2021-09-14
1353,Ahmed Malik,Lahore,Pakistan,2024-04-21
1354,Sara Malik,Peshawar,Pakistan,2022-07-27
1355,Sara Chaudhry,Karachi,Pakistan,2026-06-19
1356,Ahmed Khan,London,UK,2026-04-14
1357,Imran Sheikh,Sukkur,Pakistan,2025-08-07
1358,Zainab Siddiqui,Lahore,Pakistan,2022-09-08
1359,Ayesha Memon,Peshawar,Pakistan,2025-11-20
1360,Sana Ahmed,Faisalabad,Pakistan,2022-05-04
1361,Maryam Memon,Dubai,UAE,2026-06-07
1362,Hassan Qureshi,Peshawar,Pakistan,2024-10-05
1363,Maham Hussain,Faisalabad,Pakistan,2021-06-25
1364,Hassan Khan,New York,USA,2025-12-12
1365,Sana Siddiqui,Peshawar,Pakistan,2021-11-24
1366,Saad Sheikh,New York,USA,2024-10-20
1367,Imran Shah,Toronto,Canada,2023-06-13
1368,Ayesha Ahmed,New York,USA,2021-02-05
1369,Sana Ahmed,Doha,Qatar,2025-05-25
1370,Fatima Qureshi,Dubai,UAE,2024-10-31
1371,Hussain Ali,Quetta,Pakistan,2025-12-08
1372,Zainab Iqbal,Peshawar,Pakistan,2024-05-31
1373,Hussain Siddiqui,Rawalpindi,Pakistan,2025-03-20
1374,Usman Mirza,New York,USA,2026-01-21
1375,Ayesha Iqbal,Dubai,UAE,2026-06-13
1376,Usman Ali,Toronto,Canada,2024-02-17
1377,Sana Hussain,Dubai,UAE,2021-02-04
1378,Saad Chaudhry,Peshawar,Pakistan,2022-12-06
1379,Fahad Hussain,Hyderabad,Pakistan,2024-06-16
1380,Omar Siddiqui,Doha,Qatar,2021-08-12
1381,Hassan Siddiqui,London,UK,2021-08-26
1382,Omar Khan,Toronto,Canada,2023-03-16
1383,Usman Raza,Quetta,Pakistan,2026-01-30
1384,Omar Iqbal,Peshawar,Pakistan,2022-10-18
1385,Fatima Iqbal,Karachi,Pakistan,2026-03-22
1386,Hira Khan,Lahore,Pakistan,2025-06-25
1387,Usman Memon,Dubai,UAE,2022-09-10
1388,Zainab Malik,Rawalpindi,Pakistan,2022-04-16
1389,Zainab Chaudhry,Lahore,Pakistan,2025-08-14
1390,Omar Khan,London,UK,2025-03-21
1391,Hamza Iqbal,Sukkur,Pakistan,2024-07-08
1392,Maham Mirza,Lahore,Pakistan,2026-06-17
1393,Imran Ali,Peshawar,Pakistan,2021-07-24
1394,Bilal Khan,Peshawar,Pakistan,2023-02-26
1395,Ali Mirza,Karachi,Pakistan,2024-05-13
1396,Imran Ahmed,Sukkur,Pakistan,2021-05-27
1397,Sara Raza,Multan,Pakistan,2026-06-13
1398,Ahmed Chaudhry,Toronto,Canada,2024-03-11
1399,Fahad Raza,Lahore,Pakistan,2022-09-20
1400,Sara Qureshi,New York,USA,2022-05-03
1401,Maham Siddiqui,Karachi,Pakistan,2021-01-03
1402,Saad Khan,London,UK,2024-04-22
1403,Hussain Iqbal,London,UK,2026-06-14
1404,Bilal Malik,Faisalabad,Pakistan,2021-03-15
1405,Maham Ahmed,Hyderabad,Pakistan,2023-04-24
1406,Zainab Malik,Islamabad,Pakistan,2024-09-11
1407,Hussain Iqbal,Multan,Pakistan,2023-05-29
1408,Hussain Ali,Dubai,UAE,2024-08-19
1409,Hira Chaudhry,Dubai,UAE,2024-12-23
1410,Hassan Memon,Islamabad,Pakistan,2026-05-22
1411,Zainab Mirza,Karachi,Pakistan,2024-05-16
1412,Hassan Iqbal,Quetta,Pakistan,2024-12-17
1413,Maryam Mirza,Quetta,Pakistan,2022-09-08
1414,Omar Iqbal,Doha,Qatar,2021-11-04
1415,Maryam Ali,London,UK,2021-07-23
1416,Imran Buriro,Quetta,Pakistan,2021-08-11
1417,Hamza Raza,Quetta,Pakistan,2025-08-14
1418,Omar Raza,Sukkur,Pakistan,2021-03-24
1419,Saad Chaudhry,Faisalabad,Pakistan,2023-09-13
1420,Usman Iqbal,Dubai,UAE,2024-06-04
1421,Ayesha Memon,Islamabad,Pakistan,2024-10-02
1422,Maham Sheikh,New York,USA,2021-05-15
1423,Fatima Siddiqui,New York,USA,2025-10-20
1424,Fahad Qureshi,Faisalabad,Pakistan,2023-06-11
1425,Bilal Qureshi,Faisalabad,Pakistan,2021-02-06
1426,Hussain Qureshi,Peshawar,Pakistan,2021-09-28
1427,Hassan Ali,New York,USA,2025-10-18
1428,Sara Ali,Islamabad,Pakistan,2026-04-07
1429,Sana Buriro,Multan,Pakistan,2025-03-13
1430,Sara Siddiqui,Sukkur,Pakistan,2022-11-11
1431,Hussain Chaudhry,Dubai,UAE,2026-04-14
1432,Danish Hussain,Hyderabad,Pakistan,2022-07-16
1433,Ahmed Khan,Lahore,Pakistan,2022-04-22
1434,Hamza Ahmed,Peshawar,Pakistan,2025-04-08
1435,Fahad Shah,Sukkur,Pakistan,2022-10-20
1436,Bilal Iqbal,London,UK,2023-11-26
1437,Danish Shah,Karachi,Pakistan,2024-09-10
1438,Omar Sheikh,Karachi,Pakistan,2021-12-05
1439,Hira Iqbal,Multan,Pakistan,2026-03-02
1440,Fahad Iqbal,Quetta,Pakistan,2021-12-05
1441,Ali Shah,Karachi,Pakistan,2026-07-17
1442,Sana Khan,Islamabad,Pakistan,2022-07-20
1443,Omar Ahmed,Faisalabad,Pakistan,2023-04-30
1444,Imran Khan,Hyderabad,Pakistan,2022-06-01
1445,Hassan Ahmed,Dubai,UAE,2024-01-04
1446,Hassan Raza,Karachi,Pakistan,2021-01-02
1447,Omar Chaudhry,Toronto,Canada,2021-12-14
1448,Bilal Raza,Islamabad,Pakistan,2023-11-25
1449,Hira Hussain,Faisalabad,Pakistan,2024-11-15
1450,Maham Shah,Doha,Qatar,2026-05-17
1451,Zainab Mirza,Sukkur,Pakistan,2025-09-03
1452,Fahad Hussain,Doha,Qatar,2026-02-22
1453,Hira Mirza,Karachi,Pakistan,2025-06-16
1454,Maryam Iqbal,Dubai,UAE,2025-05-02
1455,Hassan Qureshi,Lahore,Pakistan,2022-12-06
1456,Hassan Ali,Sukkur,Pakistan,2026-01-19
1457,Fatima Shah,Hyderabad,Pakistan,2026-05-18
1458,Ayesha Siddiqui,London,UK,2023-11-13
1459,Maryam Iqbal,Lahore,Pakistan,2021-09-03
1460,Danish Qureshi,Toronto,Canada,2021-03-28
1461,Hamza Buriro,Peshawar,Pakistan,2023-10-04
1462,Hassan Raza,Peshawar,Pakistan,2024-07-17
1463,Ayesha Ahmed,Quetta,Pakistan,2024-02-05
1464,Maryam Malik,Karachi,Pakistan,2026-01-01
1465,Hussain Hussain,Hyderabad,Pakistan,2023-12-30
1466,Hussain Memon,Dubai,UAE,2024-09-09
1467,Hussain Siddiqui,Doha,Qatar,2025-03-25
1468,Danish Shah,Doha,Qatar,2025-12-29
1469,Maham Memon,Quetta,Pakistan,2024-05-27
1470,Imran Ahmed,Rawalpindi,Pakistan,2024-02-11
1471,Sara Iqbal,Peshawar,Pakistan,2021-06-07
1472,Maham Ahmed,Faisalabad,Pakistan,2024-08-02
1473,Danish Ali,Multan,Pakistan,2022-01-02
1474,Sana Sheikh,Multan,Pakistan,2023-01-22
1475,Zainab Sheikh,Toronto,Canada,2023-12-21
1476,Ali Sheikh,Multan,Pakistan,2021-06-18
1477,Imran Siddiqui,Karachi,Pakistan,2024-11-16
1478,Bilal Iqbal,Dubai,UAE,2022-07-26
1479,Ahmed Sheikh,Sukkur,Pakistan,2023-11-14
1480,Zainab Sheikh,Multan,Pakistan,2022-12-15
1481,Imran Siddiqui,Sukkur,Pakistan,2022-12-26
1482,Saad Ali,Doha,Qatar,2023-03-14
1483,Sara Raza,Toronto,Canada,2021-04-15
1484,Usman Shah,London,UK,2022-02-03
1485,Sara Hussain,Quetta,Pakistan,2025-05-21
1486,Maryam Khan,Karachi,Pakistan,2021-09-06
1487,Sana Iqbal,Peshawar,Pakistan,2023-10-11
1488,Ali Sheikh,New York,USA,2021-10-13
1489,Fatima Chaudhry,New York,USA,2024-01-04
1490,Bilal Sheikh,London,UK,2024-08-04
1491,Sara Khan,Doha,Qatar,2023-08-14
1492,Danish Mirza,Peshawar,Pakistan,2025-04-22
1493,Sara Hussain,Lahore,Pakistan,2022-06-25
1494,Sara Buriro,Peshawar,Pakistan,2024-02-11
1495,Imran Siddiqui,Hyderabad,Pakistan,2022-07-18
1496,Fatima Hussain,New York,USA,2021-05-10
1497,Hussain Mirza,London,UK,2022-07-03
1498,Maham Hussain,Faisalabad,Pakistan,2024-12-13
1499,Hamza Qureshi,Multan,Pakistan,2025-05-05
1500,Ayesha Hussain,Islamabad,Pakistan,2022-07-09
1501,Maham Memon,Karachi,Pakistan,2022-06-11
1502,Imran Iqbal,Hyderabad,Pakistan,2022-09-01
1503,Sara Qureshi,Rawalpindi,Pakistan,2022-07-24
1504,Sana Siddiqui,Rawalpindi,Pakistan,2026-07-18
1505,Maryam Mirza,Doha,Qatar,2024-08-19
1506,Omar Sheikh,Dubai,UAE,2023-02-26
1507,Ali Buriro,Quetta,Pakistan,2023-07-31
1508,Fatima Siddiqui,Islamabad,Pakistan,2023-11-07
1509,Zainab Shah,New York,USA,2024-02-01
1510,Sana Buriro,Sukkur,Pakistan,2023-02-27
1511,Hamza Ali,Peshawar,Pakistan,2026-06-09
1512,Omar Ahmed,Faisalabad,Pakistan,2022-08-15
1513,Omar Hussain,Quetta,Pakistan,2023-05-21
1514,Hassan Buriro,New York,USA,2021-01-12
1515,Usman Chaudhry,Dubai,UAE,2023-09-29
1516,Sara Malik,Peshawar,Pakistan,2025-10-09
1517,Sana Ali,Dubai,UAE,2026-07-26
1518,Ahmed Iqbal,Toronto,Canada,2023-08-23
1519,Danish Ahmed,Hyderabad,Pakistan,2021-10-12
1520,Bilal Ahmed,Toronto,Canada,2025-01-07
1521,Omar Malik,Sukkur,Pakistan,2024-07-29
1522,Hamza Sheikh,Islamabad,Pakistan,2026-05-08
1523,Hussain Chaudhry,Doha,Qatar,2023-10-27
1524,Sara Buriro,Dubai,UAE,2021-01-06
1525,Hussain Memon,Multan,Pakistan,2026-01-10
1526,Danish Ahmed,Rawalpindi,Pakistan,2024-10-07
1527,Maham Qureshi,Toronto,Canada,2025-06-19
1528,Maham Sheikh,New York,USA,2021-08-30
1529,Danish Ahmed,Karachi,Pakistan,2023-07-21
1530,Omar Malik,Sukkur,Pakistan,2023-07-23
1531,Usman Malik,Lahore,Pakistan,2022-06-30
1532,Omar Ali,Hyderabad,Pakistan,2025-09-22
1533,Sara Raza,Quetta,Pakistan,2022-01-19
1534,Danish Memon,Rawalpindi,Pakistan,2021-05-26
1535,Hassan Ali,Peshawar,Pakistan,2022-04-23
1536,Ayesha Sheikh,Faisalabad,Pakistan,2026-07-10
1537,Usman Buriro,Quetta,Pakistan,2024-03-29
1538,Sana Buriro,New York,USA,2022-01-09
1539,Hassan Mirza,Islamabad,Pakistan,2023-03-16
1540,Usman Siddiqui,London,UK,2024-01-30
1541,Ayesha Mirza,Rawalpindi,Pakistan,2021-02-09
1542,Bilal Shah,Karachi,Pakistan,2022-05-07
1543,Hamza Qureshi,Faisalabad,Pakistan,2024-04-10
1544,Hussain Ahmed,Hyderabad,Pakistan,2021-01-30
1545,Usman Sheikh,Islamabad,Pakistan,2023-10-06
1546,Hamza Qureshi,Faisalabad,Pakistan,2024-05-15
1547,Sara Shah,Toronto,Canada,2022-03-15
1548,Imran Buriro,Quetta,Pakistan,2021-11-27
1549,Hussain Malik,Dubai,UAE,2023-09-27
1550,Hussain Malik,Islamabad,Pakistan,2025-01-04
1551,Omar Ali,Lahore,Pakistan,2021-01-27
1552,Ali Siddiqui,Multan,Pakistan,2022-11-20
1553,Sara Malik,London,UK,2026-07-30
1554,Fahad Qureshi,Toronto,Canada,2022-11-16
1555,Imran Shah,Lahore,Pakistan,2022-11-08
1556,Zainab Buriro,Peshawar,Pakistan,2025-02-12
1557,Ahmed Chaudhry,Multan,Pakistan,2023-09-06
1558,Omar Sheikh,London,UK,2023-03-09
1559,Maryam Hussain,Rawalpindi,Pakistan,2025-05-19
1560,Ali Chaudhry,Peshawar,Pakistan,2021-03-04
1561,Maryam Iqbal,New York,USA,2024-12-23
1562,Fatima Hussain,Faisalabad,Pakistan,2023-02-15
1563,Ayesha Chaudhry,London,UK,2025-12-16
1564,Danish Chaudhry,Sukkur,Pakistan,2025-01-17
1565,Zainab Buriro,Quetta,Pakistan,2026-04-03
1566,Omar Siddiqui,Rawalpindi,Pakistan,2021-09-20
1567,Maham Ali,Doha,Qatar,2022-01-21
1568,Sara Khan,Rawalpindi,Pakistan,2026-01-15
1569,Sana Sheikh,Toronto,Canada,2023-03-07
1570,Fatima Sheikh,Doha,Qatar,2025-07-21
1571,Fatima Siddiqui,Peshawar,Pakistan,2024-10-31
1572,Fatima Raza,Toronto,Canada,2023-10-16
1573,Maham Raza,Dubai,UAE,2021-04-02
1574,Maryam Mirza,London,UK,2021-05-31
1575,Saad Ali,Lahore,Pakistan,2025-01-01
1576,Sara Shah,Islamabad,Pakistan,2021-07-18
1577,Hussain Buriro,Lahore,Pakistan,2021-01-10
1578,Ahmed Mirza,Karachi,Pakistan,2022-03-24
1579,Maham Iqbal,New York,USA,2026-02-06
1580,Hira Chaudhry,Islamabad,Pakistan,2024-06-30
1581,Hassan Chaudhry,Karachi,Pakistan,2025-01-03
1582,Hussain Malik,Doha,Qatar,2024-08-22
1583,Hassan Siddiqui,Hyderabad,Pakistan,2024-02-27
1584,Sara Malik,New York,USA,2022-06-07
1585,Danish Hussain,Doha,Qatar,2023-05-25
1586,Maryam Iqbal,Peshawar,Pakistan,2024-01-16
1587,Ayesha Qureshi,Toronto,Canada,2026-07-07
1588,Saad Raza,Doha,Qatar,2026-01-07
1589,Maryam Malik,Islamabad,Pakistan,2025-02-10
1590,Usman Ahmed,Islamabad,Pakistan,2025-07-16
1591,Usman Ahmed,Multan,Pakistan,2025-07-04
1592,Sara Khan,Quetta,Pakistan,2025-08-10
1593,Maryam Iqbal,London,UK,2021-05-30
1594,Maham Siddiqui,Islamabad,Pakistan,2021-02-14
1595,Ahmed Mirza,Islamabad,Pakistan,2023-06-25
1596,Ali Memon,Hyderabad,Pakistan,2021-04-22
1597,Hira Ahmed,Hyderabad,Pakistan,2022-11-23
1598,Sara Ahmed,Doha,Qatar,2022-02-09
1599,Usman Mirza,Multan,Pakistan,2026-05-06
1600,Saad Shah,Toronto,Canada,2024-08-28
1601,Imran Chaudhry,Karachi,Pakistan,2021-03-27
1602,Maham Ahmed,Lahore,Pakistan,2024-06-25
1603,Bilal Memon,New York,USA,2025-02-01
1604,Saad Mirza,Rawalpindi,Pakistan,2022-10-25
1605,Ayesha Shah,Lahore,Pakistan,2025-12-05
1606,Saad Malik,Quetta,Pakistan,2026-06-06
1607,Hamza Iqbal,Islamabad,Pakistan,2026-06-22
1608,Sana Shah,Karachi,Pakistan,2021-07-09
1609,Ali Siddiqui,Faisalabad,Pakistan,2023-07-05
1610,Saad Siddiqui,Quetta,Pakistan,2025-05-02
1611,Hira Shah,Peshawar,Pakistan,2023-06-22
1612,Maham Buriro,Quetta,Pakistan,2023-09-08
1613,Maryam Buriro,Karachi,Pakistan,2022-11-01
1614,Sana Qureshi,Hyderabad,Pakistan,2023-05-04
1615,Sara Mirza,Multan,Pakistan,2024-11-16
1616,Danish Shah,Hyderabad,Pakistan,2021-02-22
1617,Hira Khan,Quetta,Pakistan,2025-06-18
1618,Sana Raza,Rawalpindi,Pakistan,2025-01-23
1619,Omar Iqbal,Sukkur,Pakistan,2021-10-10
1620,Fahad Khan,Doha,Qatar,2025-04-22
1621,Usman Shah,Sukkur,Pakistan,2023-11-29
1622,Fahad Sheikh,Multan,Pakistan,2022-10-13
1623,Sara Mirza,Faisalabad,Pakistan,2023-07-18
1624,Maham Ali,Quetta,Pakistan,2023-11-20
1625,Hassan Qureshi,Dubai,UAE,2022-03-06
1626,Hamza Buriro,Hyderabad,Pakistan,2024-05-20
1627,Hussain Qureshi,Karachi,Pakistan,2024-07-06
1628,Usman Ahmed,Dubai,UAE,2023-01-20
1629,Hussain Ahmed,Sukkur,Pakistan,2023-07-28
1630,Sana Siddiqui,Lahore,Pakistan,2024-06-08
1631,Ayesha Sheikh,Sukkur,Pakistan,2023-10-24
1632,Sara Mirza,Lahore,Pakistan,2023-06-04
1633,Zainab Hussain,Sukkur,Pakistan,2026-05-03
1634,Sara Memon,London,UK,2025-11-25
1635,Hassan Iqbal,Karachi,Pakistan,2023-02-13
1636,Hussain Siddiqui,Dubai,UAE,2025-01-04
1637,Hira Siddiqui,Lahore,Pakistan,2025-07-10
1638,Usman Chaudhry,Rawalpindi,Pakistan,2021-08-14
1639,Ahmed Shah,Dubai,UAE,2025-06-18
1640,Saad Memon,Multan,Pakistan,2021-04-27
1641,Ahmed Buriro,Doha,Qatar,2022-11-19
1642,Saad Ali,Doha,Qatar,2025-06-14
1643,Ayesha Sheikh,Doha,Qatar,2026-03-22
1644,Hassan Shah,Lahore,Pakistan,2026-07-16
1645,Hussain Ahmed,Islamabad,Pakistan,2024-05-14
1646,Ayesha Siddiqui,Islamabad,Pakistan,2021-03-28
1647,Usman Malik,Quetta,Pakistan,2021-02-26
1648,Hussain Buriro,Faisalabad,Pakistan,2025-07-12
1649,Usman Chaudhry,London,UK,2025-02-05
1650,Zainab Mirza,Hyderabad,Pakistan,2022-01-31
1651,Maryam Shah,Islamabad,Pakistan,2021-09-24
1652,Maryam Malik,Sukkur,Pakistan,2021-10-25
1653,Hassan Shah,Sukkur,Pakistan,2025-11-23
1654,Bilal Ahmed,Dubai,UAE,2025-04-08
1655,Ali Iqbal,Hyderabad,Pakistan,2026-04-17
1656,Zainab Siddiqui,Peshawar,Pakistan,2021-08-20
1657,Imran Shah,Toronto,Canada,2024-11-17
1658,Ayesha Mirza,Sukkur,Pakistan,2026-02-26
1659,Maryam Qureshi,Toronto,Canada,2023-12-22
1660,Bilal Khan,Faisalabad,Pakistan,2025-04-27
1661,Ahmed Ahmed,Karachi,Pakistan,2024-05-12
1662,Maham Hussain,London,UK,2021-01-15
1663,Ayesha Buriro,Faisalabad,Pakistan,2023-05-25
1664,Hussain Shah,Karachi,Pakistan,2022-06-17
1665,Omar Chaudhry,Islamabad,Pakistan,2021-06-20
1666,Maryam Mirza,Hyderabad,Pakistan,2024-04-28
1667,Usman Mirza,Islamabad,Pakistan,2026-03-08
1668,Ahmed Shah,Dubai,UAE,2021-04-20
1669,Zainab Khan,Sukkur,Pakistan,2022-11-02
1670,Fahad Chaudhry,Hyderabad,Pakistan,2022-09-30
1671,Zainab Malik,Lahore,Pakistan,2021-08-26
1672,Ahmed Hussain,Lahore,Pakistan,2022-01-25
1673,Zainab Buriro,Doha,Qatar,2021-02-20
1674,Maryam Ali,Multan,Pakistan,2026-07-16
1675,Hassan Buriro,Lahore,Pakistan,2023-09-29
1676,Hussain Iqbal,Dubai,UAE,2026-04-05
1677,Hassan Memon,Toronto,Canada,2024-10-29
1678,Saad Siddiqui,Lahore,Pakistan,2022-12-14
1679,Ahmed Chaudhry,Doha,Qatar,2026-04-05
1680,Hussain Sheikh,Dubai,UAE,2022-06-14
1681,Saad Buriro,Rawalpindi,Pakistan,2022-01-04
1682,Ali Mirza,London,UK,2025-06-30
1683,Hussain Buriro,Faisalabad,Pakistan,2024-02-02
1684,Maryam Malik,Sukkur,Pakistan,2023-05-12
1685,Ayesha Ali,Lahore,Pakistan,2024-04-13
1686,Saad Shah,Rawalpindi,Pakistan,2026-05-27
1687,Hamza Sheikh,London,UK,2022-07-25
1688,Hira Sheikh,New York,USA,2026-01-11
1689,Zainab Raza,Karachi,Pakistan,2026-01-31
1690,Fahad Qureshi,Rawalpindi,Pakistan,2025-03-28
1691,Danish Buriro,Sukkur,Pakistan,2021-11-17
1692,Saad Chaudhry,Toronto,Canada,2021-07-03
1693,Maham Shah,Dubai,UAE,2021-09-03
1694,Maham Buriro,Dubai,UAE,2024-12-01
1695,Bilal Memon,Multan,Pakistan,2023-03-27
1696,Bilal Sheikh,Karachi,Pakistan,2026-07-06
1697,Maham Ahmed,London,UK,2021-01-13
1698,Hamza Buriro,London,UK,2023-01-31
1699,Fatima Iqbal,Faisalabad,Pakistan,2022-06-23
1700,Ali Memon,Peshawar,Pakistan,2025-12-02
1701,Danish Chaudhry,Rawalpindi,Pakistan,2021-09-04
1702,Hussain Iqbal,Faisalabad,Pakistan,2023-04-12
1703,Omar Qureshi,Rawalpindi,Pakistan,2025-11-02
1704,Omar Hussain,Faisalabad,Pakistan,2026-06-03
1705,Hira Sheikh,Islamabad,Pakistan,2026-02-11
1706,Ahmed Iqbal,Sukkur,Pakistan,2024-08-25
1707,Usman Ali,Rawalpindi,Pakistan,2021-11-29
1708,Sana Siddiqui,Dubai,UAE,2021-07-16
1709,Maryam Chaudhry,Peshawar,Pakistan,2023-04-18
1710,Ahmed Malik,Toronto,Canada,2023-09-04
1711,Zainab Buriro,Rawalpindi,Pakistan,2023-11-14
1712,Maryam Qureshi,Hyderabad,Pakistan,2024-10-08
1713,Maryam Iqbal,Rawalpindi,Pakistan,2023-03-17
1714,Fatima Chaudhry,Sukkur,Pakistan,2021-08-10
1715,Maham Malik,Lahore,Pakistan,2026-02-09
1716,Usman Buriro,Dubai,UAE,2022-12-29
1717,Usman Qureshi,New York,USA,2022-04-19
1718,Usman Hussain,Dubai,UAE,2023-10-01
1719,Bilal Hussain,Islamabad,Pakistan,2026-04-22
1720,Imran Mirza,Peshawar,Pakistan,2025-08-08
1721,Imran Khan,Quetta,Pakistan,2021-07-23
1722,Fatima Shah,Multan,Pakistan,2024-10-31
1723,Imran Memon,Faisalabad,Pakistan,2024-09-16
1724,Hamza Raza,London,UK,2025-12-11
1725,Maryam Sheikh,New York,USA,2026-05-23
1726,Fatima Khan,Hyderabad,Pakistan,2025-03-01
1727,Fatima Qureshi,Hyderabad,Pakistan,2024-08-26
1728,Danish Mirza,Rawalpindi,Pakistan,2022-12-22
1729,Maham Khan,Faisalabad,Pakistan,2026-01-07
1730,Danish Qureshi,Quetta,Pakistan,2026-04-06
1731,Ayesha Iqbal,Dubai,UAE,2026-07-13
1732,Fahad Khan,Hyderabad,Pakistan,2026-04-30
1733,Omar Buriro,Rawalpindi,Pakistan,2024-08-01
1734,Zainab Shah,Karachi,Pakistan,2026-05-03
1735,Zainab Mirza,Lahore,Pakistan,2025-05-14
1736,Usman Buriro,Karachi,Pakistan,2022-05-05
1737,Sara Chaudhry,Rawalpindi,Pakistan,2021-03-07
1738,Bilal Shah,Dubai,UAE,2026-06-22
1739,Zainab Sheikh,London,UK,2023-05-21
1740,Ayesha Buriro,Doha,Qatar,2025-11-16
1741,Maham Shah,Quetta,Pakistan,2022-08-11
1742,Maham Shah,Faisalabad,Pakistan,2023-01-05
1743,Ayesha Khan,Toronto,Canada,2025-08-07
1744,Hamza Iqbal,Islamabad,Pakistan,2023-12-07
1745,Ayesha Memon,Sukkur,Pakistan,2024-10-12
1746,Hassan Hussain,New York,USA,2022-10-15
1747,Omar Buriro,Peshawar,Pakistan,2024-06-06
1748,Imran Sheikh,Rawalpindi,Pakistan,2023-09-20
1749,Hassan Sheikh,Sukkur,Pakistan,2026-03-14
1750,Hassan Siddiqui,Doha,Qatar,2023-09-30
1751,Ahmed Hussain,Rawalpindi,Pakistan,2021-07-01
1752,Hamza Shah,Quetta,Pakistan,2025-02-10
1753,Ali Chaudhry,Karachi,Pakistan,2026-04-28
1754,Danish Mirza,Rawalpindi,Pakistan,2025-12-05
1755,Ahmed Qureshi,London,UK,2021-07-25
1756,Saad Raza,Peshawar,Pakistan,2026-07-29
1757,Hassan Ahmed,Islamabad,Pakistan,2022-12-09
1758,Bilal Iqbal,Multan,Pakistan,2025-08-27
1759,Hussain Chaudhry,Lahore,Pakistan,2024-07-08
1760,Hira Chaudhry,London,UK,2026-06-07
1761,Danish Malik,Doha,Qatar,2022-11-27
1762,Danish Ahmed,Lahore,Pakistan,2024-05-23
1763,Bilal Shah,Rawalpindi,Pakistan,2024-10-23
1764,Hassan Ali,New York,USA,2021-11-11
1765,Hussain Ali,Toronto,Canada,2025-04-30
1766,Omar Ali,London,UK,2021-10-20
1767,Ahmed Iqbal,Dubai,UAE,2025-08-16
1768,Ahmed Ali,New York,USA,2021-09-15
1769,Ali Ali,Multan,Pakistan,2022-01-01
1770,Zainab Mirza,Toronto,Canada,2023-10-06
1771,Sara Raza,Toronto,Canada,2022-01-07
1772,Ahmed Buriro,Rawalpindi,Pakistan,2021-06-06
1773,Ali Hussain,Lahore,Pakistan,2021-04-17
1774,Ayesha Chaudhry,Peshawar,Pakistan,2022-08-07
1775,Hamza Hussain,London,UK,2023-09-28
1776,Ayesha Sheikh,New York,USA,2021-03-31
1777,Imran Memon,Islamabad,Pakistan,2021-10-08
1778,Ayesha Siddiqui,Multan,Pakistan,2024-05-31
1779,Sara Qureshi,London,UK,2022-10-12
1780,Hussain Sheikh,Karachi,Pakistan,2025-03-25
1781,Ahmed Ahmed,Dubai,UAE,2025-09-09
1782,Ayesha Buriro,Hyderabad,Pakistan,2021-03-03
1783,Maham Shah,Karachi,Pakistan,2026-04-18
1784,Ayesha Ahmed,Rawalpindi,Pakistan,2024-10-25
1785,Maham Shah,London,UK,2025-08-03
1786,Maham Mirza,Toronto,Canada,2023-09-02
1787,Hira Malik,Lahore,Pakistan,2021-01-02
1788,Saad Memon,Faisalabad,Pakistan,2025-12-10
1789,Maryam Mirza,Rawalpindi,Pakistan,2024-03-03
1790,Fahad Ali,Dubai,UAE,2021-03-17
1791,Fahad Buriro,London,UK,2021-12-06
1792,Usman Malik,Doha,Qatar,2022-02-24
1793,Maham Shah,Multan,Pakistan,2023-02-05
1794,Fatima Memon,Hyderabad,Pakistan,2023-06-21
1795,Hira Chaudhry,Hyderabad,Pakistan,2025-11-05
1796,Hassan Malik,London,UK,2024-10-15
1797,Saad Raza,Faisalabad,Pakistan,2024-07-15
1798,Usman Malik,Karachi,Pakistan,2025-10-27
1799,Hamza Raza,Doha,Qatar,2024-02-12
1800,Bilal Hussain,Lahore,Pakistan,2024-08-03
1801,Ayesha Hussain,Toronto,Canada,2022-08-05
1802,Hussain Hussain,Islamabad,Pakistan,2026-04-24
1803,Imran Ahmed,Quetta,Pakistan,2022-04-25
1804,Hamza Memon,Hyderabad,Pakistan,2021-05-01
1805,Maryam Memon,Dubai,UAE,2022-10-22
1806,Sana Memon,Faisalabad,Pakistan,2025-07-21
1807,Maryam Ali,Multan,Pakistan,2023-02-03
1808,Maham Siddiqui,Peshawar,Pakistan,2022-03-19
1809,Ahmed Siddiqui,Doha,Qatar,2025-11-13
1810,Ayesha Ali,Rawalpindi,Pakistan,2021-11-09
1811,Saad Shah,Rawalpindi,Pakistan,2021-11-20
1812,Hamza Siddiqui,Karachi,Pakistan,2026-01-06
1813,Danish Buriro,London,UK,2022-10-17
1814,Maham Shah,Dubai,UAE,2021-01-04
1815,Danish Mirza,Sukkur,Pakistan,2023-06-03
1816,Fatima Raza,Karachi,Pakistan,2025-02-19
1817,Ali Buriro,London,UK,2025-03-23
1818,Saad Sheikh,New York,USA,2021-06-27
1819,Zainab Sheikh,Doha,Qatar,2022-07-28
1820,Ahmed Hussain,Toronto,Canada,2024-06-13
1821,Sara Chaudhry,Rawalpindi,Pakistan,2024-09-07
1822,Imran Sheikh,Dubai,UAE,2024-06-19
1823,Saad Sheikh,Faisalabad,Pakistan,2022-11-20
1824,Maryam Hussain,Quetta,Pakistan,2025-10-25
1825,Saad Buriro,Hyderabad,Pakistan,2021-06-09
1826,Hassan Ali,Sukkur,Pakistan,2025-08-04
1827,Ayesha Sheikh,Doha,Qatar,2026-03-31
1828,Hira Sheikh,Sukkur,Pakistan,2024-10-28
1829,Zainab Chaudhry,Toronto,Canada,2023-05-26
1830,Hamza Sheikh,Toronto,Canada,2023-02-15
1831,Sana Sheikh,Lahore,Pakistan,2023-06-08
1832,Saad Iqbal,Doha,Qatar,2021-12-06
1833,Zainab Siddiqui,New York,USA,2022-03-29
1834,Sana Ahmed,Faisalabad,Pakistan,2024-07-19
1835,Ayesha Shah,Sukkur,Pakistan,2024-01-27
1836,Hassan Ali,Sukkur,Pakistan,2023-10-10
1837,Sana Khan,London,UK,2023-08-26
1838,Maryam Siddiqui,New York,USA,2021-06-08
1839,Omar Buriro,Lahore,Pakistan,2025-11-04
1840,Zainab Buriro,Karachi,Pakistan,2026-05-02
1841,Sara Khan,Rawalpindi,Pakistan,2022-05-15
1842,Usman Raza,Peshawar,Pakistan,2022-10-03
1843,Saad Ahmed,New York,USA,2024-07-08
1844,Hassan Iqbal,Sukkur,Pakistan,2021-01-05
1845,Saad Ahmed,Islamabad,Pakistan,2021-07-28
1846,Ayesha Hussain,Dubai,UAE,2026-01-12
1847,Hussain Malik,Peshawar,Pakistan,2021-12-18
1848,Omar Hussain,Multan,Pakistan,2024-03-22
1849,Hamza Siddiqui,London,UK,2025-12-04
1850,Bilal Buriro,Hyderabad,Pakistan,2025-02-02
1851,Hussain Shah,Sukkur,Pakistan,2022-07-09
1852,Usman Chaudhry,Islamabad,Pakistan,2021-11-08
1853,Imran Sheikh,Multan,Pakistan,2025-01-03
1854,Hussain Buriro,Quetta,Pakistan,2023-04-05
1855,Fatima Mirza,Sukkur,Pakistan,2026-05-26
1856,Omar Iqbal,Toronto,Canada,2024-08-07
1857,Danish Shah,Hyderabad,Pakistan,2021-01-23
1858,Sara Malik,Toronto,Canada,2022-05-27
1859,Hamza Shah,New York,USA,2025-02-26
1860,Hira Shah,Multan,Pakistan,2024-11-30
1861,Maryam Raza,Islamabad,Pakistan,2025-02-20
1862,Maham Iqbal,Rawalpindi,Pakistan,2022-04-22
1863,Ali Iqbal,Sukkur,Pakistan,2022-05-24
1864,Hassan Sheikh,London,UK,2024-11-19
1865,Hamza Hussain,Sukkur,Pakistan,2021-01-24
1866,Sara Mirza,Dubai,UAE,2025-07-18
1867,Ayesha Chaudhry,Lahore,Pakistan,2022-07-29
1868,Hamza Shah,Peshawar,Pakistan,2023-09-22
1869,Omar Sheikh,Toronto,Canada,2022-05-18
1870,Hira Mirza,Multan,Pakistan,2023-05-17
1871,Usman Malik,Toronto,Canada,2025-04-07
1872,Imran Siddiqui,Lahore,Pakistan,2022-02-09
1873,Usman Iqbal,Doha,Qatar,2024-03-07
1874,Ayesha Iqbal,London,UK,2021-04-27
1875,Imran Chaudhry,Sukkur,Pakistan,2021-12-29
1876,Sana Buriro,Sukkur,Pakistan,2024-10-26
1877,Saad Malik,Doha,Qatar,2024-03-03
1878,Ali Malik,Multan,Pakistan,2024-05-31
1879,Maryam Raza,Islamabad,Pakistan,2022-04-05
1880,Ahmed Raza,Toronto,Canada,2022-02-25
1881,Hussain Sheikh,Lahore,Pakistan,2023-05-18
1882,Sana Hussain,Sukkur,Pakistan,2021-09-20
1883,Ayesha Siddiqui,Rawalpindi,Pakistan,2025-12-16
1884,Hira Buriro,Toronto,Canada,2022-07-01
1885,Danish Qureshi,Doha,Qatar,2025-01-05
1886,Ayesha Malik,Peshawar,Pakistan,2021-11-16
1887,Zainab Ali,Peshawar,Pakistan,2024-08-19
1888,Ayesha Ahmed,Faisalabad,Pakistan,2022-02-20
1889,Zainab Mirza,Faisalabad,Pakistan,2022-07-28
1890,Saad Siddiqui,Doha,Qatar,2023-04-20
1891,Ahmed Shah,Hyderabad,Pakistan,2021-09-11
1892,Hassan Buriro,Doha,Qatar,2021-09-12
1893,Saad Raza,Sukkur,Pakistan,2025-03-15
1894,Hussain Khan,Doha,Qatar,2022-12-06
1895,Saad Malik,Sukkur,Pakistan,2024-03-03
1896,Hassan Ahmed,New York,USA,2024-08-10
1897,Bilal Hussain,Peshawar,Pakistan,2024-06-23
1898,Fahad Malik,Faisalabad,Pakistan,2024-07-02
1899,Hira Khan,Rawalpindi,Pakistan,2026-06-11
1900,Ali Khan,Rawalpindi,Pakistan,2024-07-09
1901,Imran Raza,Karachi,Pakistan,2022-12-11
1902,Danish Khan,Multan,Pakistan,2022-08-04
1903,Ali Mirza,Doha,Qatar,2025-06-20
1904,Hassan Ahmed,Doha,Qatar,2023-05-10
1905,Zainab Hussain,Dubai,UAE,2024-02-14
1906,Usman Siddiqui,Multan,Pakistan,2025-07-19
1907,Hira Siddiqui,Peshawar,Pakistan,2022-04-25
1908,Omar Ali,London,UK,2022-03-30
1909,Fatima Mirza,Karachi,Pakistan,2021-04-18
1910,Maryam Chaudhry,Toronto,Canada,2021-05-28
1911,Hassan Khan,Toronto,Canada,2024-06-09
1912,Zainab Ahmed,Doha,Qatar,2023-10-24
1913,Sana Chaudhry,Lahore,Pakistan,2022-08-30
1914,Hamza Raza,Doha,Qatar,2022-03-08
1915,Hira Ahmed,Sukkur,Pakistan,2024-11-18
1916,Fahad Shah,Quetta,Pakistan,2021-06-23
1917,Danish Hussain,Islamabad,Pakistan,2024-11-29
1918,Hassan Memon,Peshawar,Pakistan,2026-01-19
1919,Hussain Raza,Multan,Pakistan,2023-07-18
1920,Saad Iqbal,Doha,Qatar,2023-10-06
1921,Fahad Sheikh,Multan,Pakistan,2023-12-30
1922,Sana Malik,Rawalpindi,Pakistan,2021-07-14
1923,Imran Sheikh,Doha,Qatar,2024-06-30
1924,Maham Qureshi,Islamabad,Pakistan,2023-01-15
1925,Sara Shah,Toronto,Canada,2023-08-14
1926,Sara Khan,Doha,Qatar,2021-02-16
1927,Hassan Qureshi,Hyderabad,Pakistan,2025-11-24
1928,Fatima Memon,Dubai,UAE,2022-11-11
1929,Omar Khan,London,UK,2021-06-04
1930,Hamza Siddiqui,Quetta,Pakistan,2025-05-13
1931,Zainab Hussain,Dubai,UAE,2026-06-20
1932,Usman Hussain,Lahore,Pakistan,2023-11-26
1933,Maryam Buriro,Peshawar,Pakistan,2021-03-10
1934,Zainab Mirza,Peshawar,Pakistan,2026-07-15
1935,Usman Memon,Quetta,Pakistan,2022-03-01
1936,Ali Ali,Doha,Qatar,2022-05-05
1937,Fahad Sheikh,New York,USA,2024-12-14
1938,Maryam Hussain,Sukkur,Pakistan,2022-11-08
1939,Hira Shah,Faisalabad,Pakistan,2021-06-23
1940,Hussain Khan,Faisalabad,Pakistan,2024-10-23
1941,Fahad Shah,Karachi,Pakistan,2022-06-19
1942,Sana Siddiqui,Quetta,Pakistan,2025-10-22
1943,Hussain Siddiqui,Rawalpindi,Pakistan,2021-11-10
1944,Ahmed Ahmed,Toronto,Canada,2026-01-21
1945,Hassan Mirza,London,UK,2025-01-14
1946,Sana Chaudhry,Toronto,Canada,2022-05-03
1947,Ayesha Shah,Doha,Qatar,2024-03-25
1948,Maryam Chaudhry,Faisalabad,Pakistan,2026-03-28
1949,Zainab Khan,Faisalabad,Pakistan,2021-05-12
1950,Hamza Chaudhry,Sukkur,Pakistan,2025-07-29
1951,Zainab Iqbal,Faisalabad,Pakistan,2023-07-27
1952,Zainab Khan,Hyderabad,Pakistan,2026-04-19
1953,Fahad Buriro,Dubai,UAE,2022-03-01
1954,Sara Iqbal,Faisalabad,Pakistan,2025-01-06
1955,Hussain Chaudhry,Doha,Qatar,2026-05-27
1956,Usman Iqbal,Rawalpindi,Pakistan,2022-12-02
1957,Hussain Raza,Faisalabad,Pakistan,2021-08-08
1958,Maham Ali,Peshawar,Pakistan,2023-03-11
1959,Ahmed Mirza,Toronto,Canada,2024-05-03
1960,Ahmed Hussain,Quetta,Pakistan,2024-07-08
1961,Imran Hussain,Lahore,Pakistan,2023-09-10
1962,Fatima Siddiqui,Multan,Pakistan,2026-03-16
1963,Maryam Raza,Toronto,Canada,2024-03-24
1964,Zainab Ahmed,Hyderabad,Pakistan,2024-07-29
1965,Hira Buriro,Multan,Pakistan,2026-05-04
1966,Sara Ali,Islamabad,Pakistan,2026-03-30
1967,Sara Memon,Dubai,UAE,2022-11-27
1968,Hussain Mirza,Islamabad,Pakistan,2022-08-07
1969,Zainab Sheikh,Multan,Pakistan,2025-03-06
1970,Sara Sheikh,Dubai,UAE,2023-12-07
1971,Zainab Malik,Toronto,Canada,2023-07-01
1972,Imran Iqbal,Rawalpindi,Pakistan,2024-11-24
1973,Hassan Memon,Hyderabad,Pakistan,2024-09-08
1974,Ali Qureshi,Lahore,Pakistan,2026-02-06
1975,Saad Ahmed,Faisalabad,Pakistan,2023-01-16
1976,Omar Shah,Doha,Qatar,2025-03-17
1977,Sara Siddiqui,Hyderabad,Pakistan,2022-04-08
1978,Sana Iqbal,Rawalpindi,Pakistan,2026-03-25
1979,Zainab Buriro,Multan,Pakistan,2021-06-20
1980,Ahmed Shah,Toronto,Canada,2025-03-10
1981,Imran Mirza,Quetta,Pakistan,2021-07-27
1982,Hira Qureshi,Sukkur,Pakistan,2025-11-29
1983,Hussain Mirza,London,UK,2026-05-10
1984,Maham Shah,Dubai,UAE,2025-07-25
1985,Sana Hussain,Quetta,Pakistan,2025-05-26
1986,Fatima Chaudhry,Quetta,Pakistan,2023-09-02
1987,Hassan Shah,Peshawar,Pakistan,2022-05-15
1988,Ahmed Memon,Islamabad,Pakistan,2026-07-02
1989,Maryam Iqbal,Faisalabad,Pakistan,2023-12-15
1990,Zainab Ahmed,New York,USA,2025-07-23
1991,Fatima Ali,Karachi,Pakistan,2024-12-26
1992,Hira Memon,New York,USA,2024-11-29
1993,Fahad Qureshi,Quetta,Pakistan,2022-12-20
1994,Hamza Ali,Multan,Pakistan,2023-05-20
1995,Ayesha Sheikh,Lahore,Pakistan,2023-06-16
1996,Maham Buriro,London,UK,2024-05-12
1997,Hassan Malik,Karachi,Pakistan,2025-01-04
1998,Zainab Qureshi,Quetta,Pakistan,2022-02-10
1999,Ali Mirza,Islamabad,Pakistan,2022-04-09
2000,Sara Sheikh,Toronto,Canada,2021-04-09
2001,Hamza Mirza,Islamabad,Pakistan,2023-12-09
2002,Ali Siddiqui,New York,USA,2024-09-25
2003,Danish Iqbal,Quetta,Pakistan,2022-03-05
2004,Bilal Hussain,Karachi,Pakistan,2024-12-21
2005,Hussain Ali,Dubai,UAE,2021-01-07
2006,Omar Chaudhry,Toronto,Canada,2025-11-01
2007,Hira Sheikh,Rawalpindi,Pakistan,2024-11-07
2008,Bilal Ahmed,Doha,Qatar,2024-10-24
2009,Bilal Ahmed,London,UK,2024-12-12
2010,Hussain Memon,London,UK,2023-01-01
2011,Hassan Khan,Multan,Pakistan,2026-07-23
2012,Zainab Malik,Lahore,Pakistan,2025-03-02
2013,Fatima Ahmed,Faisalabad,Pakistan,2022-01-04
2014,Usman Siddiqui,New York,USA,2026-02-23
2015,Hira Siddiqui,Quetta,Pakistan,2025-02-16
2016,Zainab Sheikh,Sukkur,Pakistan,2022-09-26
2017,Bilal Malik,London,UK,2026-04-16
2018,Ayesha Khan,Multan,Pakistan,2022-05-22
2019,Hira Hussain,Karachi,Pakistan,2024-08-06
2020,Hamza Qureshi,Toronto,Canada,2024-09-27
2021,Hamza Hussain,Sukkur,Pakistan,2026-05-17
2022,Maham Ali,Quetta,Pakistan,2024-03-07
2023,Ayesha Khan,Quetta,Pakistan,2026-07-20
2024,Fatima Shah,New York,USA,2022-08-03
2025,Hamza Siddiqui,London,UK,2025-06-22
2026,Hamza Qureshi,Dubai,UAE,2022-05-16
2027,Maham Mirza,London,UK,2026-07-30
2028,Ali Qureshi,Hyderabad,Pakistan,2025-04-06
2029,Danish Sheikh,Dubai,UAE,2024-06-29
2030,Usman Raza,Doha,Qatar,2021-05-16
2031,Hassan Khan,Rawalpindi,Pakistan,2023-10-10
2032,Maryam Sheikh,Quetta,Pakistan,2021-10-21
2033,Maham Qureshi,Dubai,UAE,2026-02-14
2034,Fahad Siddiqui,Peshawar,Pakistan,2023-02-12
2035,Sara Ali,Doha,Qatar,2025-08-21
2036,Ahmed Buriro,Faisalabad,Pakistan,2026-01-21
2037,Danish Iqbal,Rawalpindi,Pakistan,2021-08-13
2038,Hamza Khan,Islamabad,Pakistan,2025-03-28
2039,Saad Hussain,New York,USA,2022-09-09
2040,Usman Buriro,Dubai,UAE,2021-08-10
2041,Imran Malik,Quetta,Pakistan,2022-06-16
2042,Maham Buriro,Faisalabad,Pakistan,2024-01-26
2043,Zainab Hussain,Faisalabad,Pakistan,2025-10-10
2044,Bilal Chaudhry,Doha,Qatar,2024-11-10
2045,Saad Iqbal,Dubai,UAE,2022-04-21
2046,Sara Khan,Doha,Qatar,2022-08-27
2047,Omar Siddiqui,New York,USA,2022-09-12
2048,Saad Raza,London,UK,2025-02-09
2049,Zainab Ahmed,Quetta,Pakistan,2023-11-24
2050,Maham Qureshi,Rawalpindi,Pakistan,2021-02-18
2051,Ahmed Iqbal,Sukkur,Pakistan,2021-06-05
2052,Hussain Khan,Dubai,UAE,2021-06-04
2053,Ahmed Siddiqui,Peshawar,Pakistan,2026-05-13
2054,Hassan Mirza,Karachi,Pakistan,2023-09-28
2055,Zainab Malik,Doha,Qatar,2025-04-01
2056,Ali Sheikh,New York,USA,2022-01-24
2057,Hussain Iqbal,Multan,Pakistan,2021-03-06
2058,Bilal Sheikh,Peshawar,Pakistan,2022-07-06
2059,Ali Ali,Lahore,Pakistan,2022-03-01
2060,Usman Khan,Doha,Qatar,2025-06-15
2061,Sara Iqbal,Rawalpindi,Pakistan,2025-07-26
2062,Saad Shah,Multan,Pakistan,2024-07-16
2063,Maham Sheikh,Faisalabad,Pakistan,2026-01-29
2064,Ali Ali,Rawalpindi,Pakistan,2023-08-05
2065,Zainab Siddiqui,Sukkur,Pakistan,2022-05-05
2066,Ali Chaudhry,Doha,Qatar,2022-11-07
2067,Sara Sheikh,New York,USA,2021-10-16
2068,Saad Iqbal,Peshawar,Pakistan,2026-01-10
2069,Saad Shah,Lahore,Pakistan,2024-05-16
2070,Fahad Sheikh,New York,USA,2025-04-24
2071,Sara Mirza,Rawalpindi,Pakistan,2022-07-28
2072,Hussain Siddiqui,Toronto,Canada,2025-01-03
2073,Hassan Malik,Multan,Pakistan,2022-11-05
2074,Ayesha Mirza,Peshawar,Pakistan,2023-06-28
2075,Fahad Qureshi,Faisalabad,Pakistan,2024-08-21
2076,Hamza Sheikh,Faisalabad,Pakistan,2026-06-23
2077,Imran Iqbal,Islamabad,Pakistan,2024-02-12
2078,Usman Ahmed,Quetta,Pakistan,2024-12-18
2079,Sara Malik,Faisalabad,Pakistan,2024-04-26
2080,Hussain Khan,New York,USA,2023-05-14
2081,Ayesha Qureshi,Peshawar,Pakistan,2026-03-16
2082,Sana Shah,Doha,Qatar,2026-05-12
2083,Sara Memon,Hyderabad,Pakistan,2022-09-25
2084,Fatima Ahmed,Hyderabad,Pakistan,2025-12-31
2085,Zainab Memon,Karachi,Pakistan,2023-07-09
2086,Omar Shah,London,UK,2025-02-17
2087,Zainab Qureshi,Lahore,Pakistan,2023-11-20
2088,Ayesha Qureshi,Hyderabad,Pakistan,2025-04-13
2089,Hamza Memon,Toronto,Canada,2025-11-12
2090,Fatima Siddiqui,Sukkur,Pakistan,2023-05-14
2091,Hira Qureshi,Quetta,Pakistan,2024-11-29
2092,Hassan Mirza,New York,USA,2023-10-31
2093,Ahmed Raza,London,UK,2025-06-17
2094,Bilal Shah,Toronto,Canada,2022-01-26
2095,Ali Chaudhry,Sukkur,Pakistan,2025-01-25
2096,Ayesha Qureshi,Faisalabad,Pakistan,2024-04-28
2097,Sara Khan,Lahore,Pakistan,2023-07-09
2098,Sana Sheikh,Multan,Pakistan,2023-01-24
2099,Sana Ali,Dubai,UAE,2024-11-30
2100,Saad Shah,Rawalpindi,Pakistan,2022-12-10
2101,Hira Buriro,Dubai,UAE,2021-03-09
2102,Hamza Ali,Islamabad,Pakistan,2026-04-17
2103,Bilal Mirza,Karachi,Pakistan,2023-07-02
2104,Imran Iqbal,Multan,Pakistan,2021-12-02
2105,Usman Hussain,Rawalpindi,Pakistan,2022-04-05
2106,Hussain Memon,Toronto,Canada,2025-08-19
2107,Ayesha Memon,Multan,Pakistan,2022-11-07
2108,Hira Iqbal,Faisalabad,Pakistan,2022-07-28
2109,Fatima Qureshi,Faisalabad,Pakistan,2023-09-21
2110,Zainab Ahmed,Hyderabad,Pakistan,2021-02-28
2111,Hassan Sheikh,Toronto,Canada,2024-02-16
2112,Danish Sheikh,London,UK,2021-03-24
2113,Maham Ahmed,Islamabad,Pakistan,2025-08-30
2114,Ayesha Hussain,Rawalpindi,Pakistan,2023-05-25
2115,Hamza Khan,Lahore,Pakistan,2022-03-21
2116,Ahmed Chaudhry,Rawalpindi,Pakistan,2023-07-16
2117,Maryam Shah,Sukkur,Pakistan,2021-12-24
2118,Bilal Khan,Doha,Qatar,2022-10-15
2119,Imran Ali,Peshawar,Pakistan,2021-09-24
2120,Maham Shah,Lahore,Pakistan,2024-09-24
2121,Hamza Malik,Karachi,Pakistan,2026-06-13
2122,Danish Khan,Faisalabad,Pakistan,2023-09-17
2123,Omar Malik,Rawalpindi,Pakistan,2021-07-20
2124,Bilal Ahmed,Quetta,Pakistan,2021-06-01
2125,Imran Qureshi,Lahore,Pakistan,2025-08-23
2126,Ayesha Qureshi,Rawalpindi,Pakistan,2022-12-11
2127,Saad Qureshi,Quetta,Pakistan,2022-08-27
2128,Hamza Malik,Hyderabad,Pakistan,2021-07-27
2129,Hamza Ali,Multan,Pakistan,2024-09-14
2130,Maryam Khan,Rawalpindi,Pakistan,2021-05-09
2131,Usman Shah,Karachi,Pakistan,2026-01-17
2132,Bilal Buriro,Multan,Pakistan,2022-03-01
2133,Sana Iqbal,Hyderabad,Pakistan,2021-05-21
2134,Omar Chaudhry,Toronto,Canada,2024-11-28
2135,Ali Sheikh,Toronto,Canada,2022-12-23
2136,Maham Sheikh,Faisalabad,Pakistan,2024-11-19
2137,Imran Malik,Hyderabad,Pakistan,2021-03-23
2138,Ali Buriro,Faisalabad,Pakistan,2025-10-22
2139,Ahmed Buriro,Sukkur,Pakistan,2022-09-24
2140,Sara Mirza,Multan,Pakistan,2025-03-22
2141,Fatima Chaudhry,London,UK,2026-03-22
2142,Hussain Siddiqui,Doha,Qatar,2023-12-28
2143,Hassan Buriro,Faisalabad,Pakistan,2022-11-12
2144,Sara Mirza,Lahore,Pakistan,2022-09-30
2145,Maham Malik,Lahore,Pakistan,2024-10-30
2146,Ahmed Chaudhry,Toronto,Canada,2021-01-12
2147,Fatima Ali,Faisalabad,Pakistan,2021-10-27
2148,Imran Iqbal,Hyderabad,Pakistan,2024-08-11
2149,Ayesha Buriro,Sukkur,Pakistan,2021-02-22
2150,Ali Ali,Doha,Qatar,2022-08-14
2151,Bilal Hussain,Faisalabad,Pakistan,2024-08-12
2152,Hassan Khan,Hyderabad,Pakistan,2022-05-25
2153,Hira Buriro,New York,USA,2026-03-12
2154,Sara Buriro,Lahore,Pakistan,2026-06-10
2155,Danish Hussain,New York,USA,2021-03-10
2156,Zainab Mirza,Peshawar,Pakistan,2021-12-22
2157,Hamza Ali,Karachi,Pakistan,2026-01-24
2158,Maham Malik,Rawalpindi,Pakistan,2021-03-08
2159,Saad Siddiqui,Dubai,UAE,2023-09-19
2160,Fahad Khan,London,UK,2026-04-19
2161,Hira Siddiqui,Islamabad,Pakistan,2024-04-14
2162,Fatima Shah,Sukkur,Pakistan,2022-09-16
2163,Saad Qureshi,Doha,Qatar,2021-01-13
2164,Fahad Siddiqui,Dubai,UAE,2023-03-13
2165,Ali Chaudhry,Dubai,UAE,2024-01-10
2166,Hussain Malik,Islamabad,Pakistan,2021-06-14
2167,Fahad Chaudhry,Sukkur,Pakistan,2023-12-13
2168,Imran Siddiqui,Dubai,UAE,2023-04-04
2169,Maham Malik,Lahore,Pakistan,2022-10-27
2170,Sara Sheikh,Hyderabad,Pakistan,2026-06-05
2171,Ahmed Siddiqui,Toronto,Canada,2025-12-27
2172,Fatima Shah,Doha,Qatar,2024-11-15
2173,Omar Sheikh,Islamabad,Pakistan,2024-04-19
2174,Ali Ahmed,Dubai,UAE,2023-08-24
2175,Maham Qureshi,Peshawar,Pakistan,2021-05-24
2176,Maryam Raza,Quetta,Pakistan,2022-09-19
2177,Sana Siddiqui,Peshawar,Pakistan,2021-01-22
2178,Fatima Mirza,Toronto,Canada,2023-01-16
2179,Saad Shah,Faisalabad,Pakistan,2023-08-24
2180,Hira Iqbal,Quetta,Pakistan,2024-05-30
2181,Ali Buriro,Dubai,UAE,2022-12-25
2182,Fatima Iqbal,Quetta,Pakistan,2022-06-03
2183,Sana Mirza,Toronto,Canada,2024-12-18
2184,Hussain Ahmed,Rawalpindi,Pakistan,2021-11-06
2185,Imran Sheikh,Doha,Qatar,2021-09-13
2186,Sana Ahmed,Dubai,UAE,2024-11-19
2187,Usman Mirza,Doha,Qatar,2024-04-08
2188,Hamza Raza,Multan,Pakistan,2025-11-07
2189,Hamza Shah,Peshawar,Pakistan,2025-02-14
2190,Hussain Chaudhry,Karachi,Pakistan,2026-01-12
2191,Imran Ali,Toronto,Canada,2024-09-16
2192,Omar Raza,New York,USA,2025-09-11
2193,Omar Memon,Hyderabad,Pakistan,2021-12-11
2194,Bilal Khan,Karachi,Pakistan,2023-12-18
2195,Hamza Raza,Dubai,UAE,2026-04-09
2196,Hussain Mirza,Dubai,UAE,2025-05-27
2197,Ali Ali,Peshawar,Pakistan,2023-04-02
2198,Zainab Sheikh,Islamabad,Pakistan,2026-03-03
2199,Bilal Shah,Toronto,Canada,2022-09-29
2200,Ahmed Hussain,Faisalabad,Pakistan,2021-02-17
2201,Omar Ali,Dubai,UAE,2025-06-12
2202,Omar Iqbal,New York,USA,2023-04-20
2203,Bilal Chaudhry,Quetta,Pakistan,2021-03-11
2204,Bilal Ahmed,Lahore,Pakistan,2022-02-21
2205,Bilal Malik,Toronto,Canada,2021-05-27
2206,Hassan Raza,Dubai,UAE,2026-07-25
2207,Hamza Memon,Toronto,Canada,2025-09-24
2208,Fatima Siddiqui,Sukkur,Pakistan,2026-03-10
2209,Fatima Ahmed,Toronto,Canada,2022-01-06
2210,Sara Ali,Toronto,Canada,2025-06-23
2211,Sara Iqbal,Rawalpindi,Pakistan,2024-02-23
2212,Maham Siddiqui,Islamabad,Pakistan,2022-08-27
2213,Hamza Chaudhry,Islamabad,Pakistan,2024-09-25
2214,Bilal Sheikh,London,UK,2026-04-25
2215,Maham Chaudhry,Rawalpindi,Pakistan,2023-07-28
2216,Imran Ali,Faisalabad,Pakistan,2021-03-01
2217,Fahad Ali,London,UK,2025-09-13
2218,Sana Chaudhry,Faisalabad,Pakistan,2022-01-19
2219,Hira Iqbal,Karachi,Pakistan,2022-01-08
2220,Hamza Malik,Multan,Pakistan,2024-06-11
2221,Hamza Qureshi,Lahore,Pakistan,2025-06-17
2222,Hira Siddiqui,Multan,Pakistan,2025-06-05
2223,Sara Siddiqui,London,UK,2025-11-04
2224,Hamza Ahmed,Peshawar,Pakistan,2025-12-06
2225,Sana Chaudhry,Dubai,UAE,2021-09-19
2226,Fahad Shah,Lahore,Pakistan,2022-09-05
2227,Fatima Memon,London,UK,2025-01-07
2228,Maryam Ali,Faisalabad,Pakistan,2023-03-08
2229,Sana Khan,Hyderabad,Pakistan,2024-12-30
2230,Hassan Hussain,Sukkur,Pakistan,2023-07-16
2231,Hassan Qureshi,Islamabad,Pakistan,2023-07-09
2232,Sana Hussain,Peshawar,Pakistan,2021-02-24
2233,Ayesha Ali,Faisalabad,Pakistan,2024-05-24
2234,Maham Iqbal,Islamabad,Pakistan,2025-10-27
2235,Fahad Buriro,Doha,Qatar,2025-07-27
2236,Ayesha Chaudhry,Multan,Pakistan,2022-11-20
2237,Fatima Ahmed,Karachi,Pakistan,2024-10-11
2238,Fahad Malik,Faisalabad,Pakistan,2022-02-11
2239,Imran Qureshi,Doha,Qatar,2023-04-14
2240,Fahad Raza,Dubai,UAE,2026-03-04
2241,Fatima Malik,Sukkur,Pakistan,2024-12-19
2242,Danish Khan,Toronto,Canada,2021-05-30
2243,Fatima Qureshi,Lahore,Pakistan,2025-11-10
2244,Zainab Shah,Quetta,Pakistan,2025-01-15
2245,Hira Qureshi,Hyderabad,Pakistan,2022-03-15
2246,Hussain Ahmed,Dubai,UAE,2022-07-30
2247,Hira Shah,New York,USA,2021-12-18
2248,Hamza Hussain,Lahore,Pakistan,2022-09-25
2249,Hamza Qureshi,Islamabad,Pakistan,2026-04-08
2250,Usman Qureshi,Doha,Qatar,2026-01-13
2251,Hira Raza,Peshawar,Pakistan,2024-01-28
2252,Saad Buriro,Hyderabad,Pakistan,2023-01-09
2253,Ali Qureshi,Islamabad,Pakistan,2023-01-16
2254,Bilal Raza,Multan,Pakistan,2026-05-05
2255,Bilal Iqbal,Karachi,Pakistan,2022-02-11
2256,Bilal Sheikh,Rawalpindi,Pakistan,2025-03-24
2257,Hassan Chaudhry,Islamabad,Pakistan,2026-07-22
2258,Imran Buriro,Lahore,Pakistan,2025-10-10
2259,Omar Khan,Doha,Qatar,2025-01-05
2260,Sara Siddiqui,London,UK,2026-01-08
2261,Saad Memon,Doha,Qatar,2022-03-21
2262,Zainab Iqbal,Rawalpindi,Pakistan,2026-06-28
2263,Danish Siddiqui,Hyderabad,Pakistan,2021-07-05
2264,Ali Ali,Hyderabad,Pakistan,2021-01-29
2265,Ayesha Raza,Quetta,Pakistan,2022-02-11
2266,Ali Ali,Islamabad,Pakistan,2024-05-25
2267,Sara Buriro,Rawalpindi,Pakistan,2022-05-20
2268,Ali Sheikh,Doha,Qatar,2024-07-15
2269,Ahmed Memon,Multan,Pakistan,2021-08-15
2270,Danish Chaudhry,London,UK,2024-11-21
2271,Sana Hussain,Rawalpindi,Pakistan,2022-04-14
2272,Imran Hussain,Toronto,Canada,2023-12-03
2273,Ayesha Buriro,Dubai,UAE,2021-08-26
2274,Sana Mirza,New York,USA,2026-06-01
2275,Zainab Chaudhry,Peshawar,Pakistan,2023-02-09
2276,Ali Khan,Toronto,Canada,2024-05-17
2277,Ahmed Raza,Multan,Pakistan,2023-09-18
2278,Sara Shah,Peshawar,Pakistan,2024-04-28
2279,Hussain Mirza,Karachi,Pakistan,2023-07-17
2280,Maham Hussain,Islamabad,Pakistan,2021-05-30
2281,Fatima Siddiqui,London,UK,2025-08-17
2282,Ali Ahmed,Hyderabad,Pakistan,2024-08-02
2283,Fahad Qureshi,Lahore,Pakistan,2022-06-02
2284,Sara Memon,Hyderabad,Pakistan,2021-06-21
2285,Hamza Shah,Multan,Pakistan,2025-12-13
2286,Hira Ali,Dubai,UAE,2022-11-09
2287,Fatima Chaudhry,Lahore,Pakistan,2026-01-25
2288,Sara Buriro,Karachi,Pakistan,2025-04-10
2289,Ahmed Ahmed,Dubai,UAE,2026-05-11
2290,Bilal Malik,Islamabad,Pakistan,2024-09-06
2291,Hussain Iqbal,Faisalabad,Pakistan,2022-01-04
2292,Hussain Memon,Dubai,UAE,2021-03-14
2293,Sana Hussain,Peshawar,Pakistan,2022-05-16
2294,Usman Malik,Lahore,Pakistan,2023-06-15
2295,Maryam Malik,Dubai,UAE,2024-06-25
2296,Hira Khan,Karachi,Pakistan,2025-12-31
2297,Ahmed Memon,Rawalpindi,Pakistan,2021-10-15
2298,Maryam Khan,Lahore,Pakistan,2024-07-18
2299,Fahad Khan,Peshawar,Pakistan,2021-06-24
2300,Saad Memon,Dubai,UAE,2023-09-09
2301,Saad Iqbal,Sukkur,Pakistan,2021-05-31
2302,Hamza Buriro,Islamabad,Pakistan,2023-02-01
2303,Usman Sheikh,Multan,Pakistan,2024-05-20
2304,Usman Sheikh,Islamabad,Pakistan,2025-02-14
2305,Fahad Siddiqui,Multan,Pakistan,2025-06-28
2306,Ahmed Malik,Rawalpindi,Pakistan,2023-12-05
2307,Maham Sheikh,London,UK,2022-06-12
2308,Sana Siddiqui,London,UK,2026-02-04
2309,Bilal Raza,New York,USA,2026-03-18
2310,Maryam Chaudhry,Rawalpindi,Pakistan,2026-05-26
2311,Maryam Iqbal,Karachi,Pakistan,2025-06-02
2312,Danish Ali,Karachi,Pakistan,2025-05-05
2313,Omar Qureshi,New York,USA,2021-06-07
2314,Ali Ahmed,Toronto,Canada,2024-03-12
2315,Maham Qureshi,Rawalpindi,Pakistan,2023-04-11
2316,Hassan Malik,Toronto,Canada,2022-06-12
2317,Bilal Ahmed,Peshawar,Pakistan,2021-05-19
2318,Hassan Buriro,Islamabad,Pakistan,2022-03-11
2319,Danish Sheikh,Hyderabad,Pakistan,2026-02-09
2320,Maryam Chaudhry,Rawalpindi,Pakistan,2026-01-26
2321,Danish Khan,London,UK,2025-02-22
2322,Saad Ali,Islamabad,Pakistan,2021-07-26
2323,Ali Siddiqui,Islamabad,Pakistan,2024-10-31
2324,Sara Ali,Dubai,UAE,2021-09-16
2325,Bilal Shah,Hyderabad,Pakistan,2024-10-23
2326,Omar Iqbal,Rawalpindi,Pakistan,2021-03-10
2327,Hamza Shah,New York,USA,2022-08-05
2328,Hassan Ahmed,Toronto,Canada,2021-09-07
2329,Hassan Raza,Quetta,Pakistan,2026-03-18
2330,Ayesha Sheikh,New York,USA,2024-03-05
2331,Danish Raza,New York,USA,2026-02-24
2332,Hussain Qureshi,Quetta,Pakistan,2021-02-11
2333,Hamza Mirza,New York,USA,2025-02-16
2334,Hamza Ahmed,Karachi,Pakistan,2023-09-05
2335,Sara Siddiqui,Karachi,Pakistan,2023-08-14
2336,Ahmed Memon,Toronto,Canada,2025-11-15
2337,Usman Chaudhry,Islamabad,Pakistan,2021-04-07
2338,Danish Qureshi,Dubai,UAE,2026-04-09
2339,Sana Raza,Faisalabad,Pakistan,2021-02-27
2340,Hira Ali,London,UK,2023-01-10
2341,Hamza Ahmed,Sukkur,Pakistan,2021-10-09
2342,Hira Ali,Lahore,Pakistan,2023-12-03
2343,Zainab Memon,Multan,Pakistan,2024-04-29
2344,Imran Malik,Dubai,UAE,2024-08-01
2345,Ali Memon,Toronto,Canada,2025-06-15
2346,Ali Khan,New York,USA,2025-03-11
2347,Saad Mirza,Toronto,Canada,2026-04-17
2348,Sara Mirza,Doha,Qatar,2023-07-06
2349,Ahmed Ali,Toronto,Canada,2021-12-24
2350,Hamza Khan,Quetta,Pakistan,2021-11-14
2351,Fahad Khan,Multan,Pakistan,2022-07-16
2352,Zainab Mirza,Peshawar,Pakistan,2024-05-13
2353,Sara Shah,London,UK,2021-04-21
2354,Fatima Raza,Faisalabad,Pakistan,2026-04-30
2355,Maham Siddiqui,New York,USA,2026-07-09
2356,Bilal Buriro,Dubai,UAE,2021-12-02
2357,Fahad Sheikh,Rawalpindi,Pakistan,2025-05-11
2358,Ali Sheikh,Toronto,Canada,2024-04-30
2359,Fahad Iqbal,New York,USA,2023-09-07
2360,Ayesha Ahmed,Quetta,Pakistan,2025-02-06
2361,Sana Mirza,Islamabad,Pakistan,2024-03-19
2362,Imran Khan,Rawalpindi,Pakistan,2022-10-22
2363,Bilal Sheikh,New York,USA,2024-02-20
2364,Ahmed Chaudhry,Karachi,Pakistan,2021-10-04
2365,Hassan Hussain,Peshawar,Pakistan,2022-06-03
2366,Imran Memon,Sukkur,Pakistan,2026-06-06
2367,Maham Shah,Rawalpindi,Pakistan,2022-01-13
2368,Danish Siddiqui,New York,USA,2024-05-04
2369,Ahmed Qureshi,Peshawar,Pakistan,2022-08-29
2370,Hamza Sheikh,Karachi,Pakistan,2023-08-06
2371,Bilal Siddiqui,Hyderabad,Pakistan,2022-05-19
2372,Ayesha Malik,Multan,Pakistan,2024-03-05
2373,Hira Malik,Rawalpindi,Pakistan,2024-02-11
2374,Maham Shah,Doha,Qatar,2024-06-12
2375,Fahad Qureshi,Multan,Pakistan,2022-09-21
2376,Ali Ahmed,Peshawar,Pakistan,2024-03-25
2377,Danish Chaudhry,Quetta,Pakistan,2025-01-25
2378,Usman Hussain,Rawalpindi,Pakistan,2025-01-07
2379,Sana Ahmed,Quetta,Pakistan,2024-03-03
2380,Fatima Memon,Multan,Pakistan,2022-09-02
2381,Saad Mirza,Karachi,Pakistan,2023-12-21
2382,Ahmed Shah,Faisalabad,Pakistan,2023-12-31
2383,Ayesha Ahmed,Quetta,Pakistan,2026-04-23
2384,Sana Khan,Lahore,Pakistan,2023-02-08
2385,Hassan Khan,London,UK,2022-10-20
2386,Bilal Buriro,Sukkur,Pakistan,2025-03-09
2387,Hussain Iqbal,Hyderabad,Pakistan,2024-07-18
2388,Bilal Khan,Quetta,Pakistan,2023-05-21
2389,Hamza Buriro,Hyderabad,Pakistan,2021-01-01
2390,Hassan Ali,Sukkur,Pakistan,2024-12-07
2391,Danish Raza,Islamabad,Pakistan,2025-02-10
2392,Hamza Buriro,Sukkur,Pakistan,2026-03-12
2393,Danish Qureshi,Karachi,Pakistan,2023-10-22
2394,Sana Khan,Karachi,Pakistan,2023-11-16
2395,Hamza Raza,Rawalpindi,Pakistan,2022-03-01
2396,Hussain Iqbal,Islamabad,Pakistan,2023-07-26
2397,Saad Shah,Peshawar,Pakistan,2021-01-04
2398,Omar Ahmed,Islamabad,Pakistan,2023-10-18
2399,Zainab Ali,Rawalpindi,Pakistan,2024-12-11
2400,Omar Raza,Lahore,Pakistan,2025-05-21
2401,Maryam Raza,Toronto,Canada,2024-09-12
2402,Usman Buriro,London,UK,2025-06-30
2403,Hira Buriro,Rawalpindi,Pakistan,2024-09-18
2404,Fatima Chaudhry,Lahore,Pakistan,2025-05-09
2405,Omar Mirza,New York,USA,2023-06-11
2406,Usman Shah,Dubai,UAE,2024-05-12
2407,Zainab Raza,Toronto,Canada,2024-07-26
2408,Sara Malik,Islamabad,Pakistan,2024-03-12
2409,Fahad Malik,Multan,Pakistan,2024-03-10
2410,Zainab Chaudhry,Lahore,Pakistan,2025-05-13
2411,Zainab Memon,Faisalabad,Pakistan,2022-05-02
2412,Imran Iqbal,Islamabad,Pakistan,2022-10-08
2413,Fatima Siddiqui,Karachi,Pakistan,2023-11-24
2414,Hussain Raza,Peshawar,Pakistan,2024-08-08
2415,Imran Sheikh,Doha,Qatar,2023-11-15
2416,Hamza Ali,Sukkur,Pakistan,2022-02-11
2417,Omar Shah,London,UK,2025-08-06
2418,Saad Sheikh,New York,USA,2024-01-18
2419,Hassan Ali,Doha,Qatar,2023-06-03
2420,Fahad Chaudhry,Lahore,Pakistan,2025-11-25
2421,Maham Ali,Rawalpindi,Pakistan,2023-06-08
2422,Ahmed Ahmed,Sukkur,Pakistan,2021-11-26
2423,Maham Buriro,New York,USA,2026-06-30
2424,Danish Ali,London,UK,2023-02-19
2425,Hussain Chaudhry,Dubai,UAE,2023-11-20
2426,Imran Memon,Hyderabad,Pakistan,2022-05-09
2427,Hassan Ali,Multan,Pakistan,2023-02-07
2428,Ahmed Memon,Lahore,Pakistan,2026-01-30
2429,Danish Hussain,Hyderabad,Pakistan,2026-04-10
2430,Bilal Buriro,Islamabad,Pakistan,2021-10-09
2431,Ahmed Mirza,Doha,Qatar,2026-07-05
2432,Fahad Memon,Lahore,Pakistan,2025-10-06
2433,Fahad Raza,Multan,Pakistan,2024-08-13
2434,Fatima Malik,Toronto,Canada,2022-01-09
2435,Imran Memon,Doha,Qatar,2024-04-10
2436,Hussain Iqbal,Multan,Pakistan,2023-05-18
2437,Ahmed Raza,Faisalabad,Pakistan,2021-09-11
2438,Hussain Hussain,Peshawar,Pakistan,2026-06-29
2439,Ayesha Siddiqui,New York,USA,2024-05-14
2440,Hira Buriro,London,UK,2021-07-17
2441,Omar Iqbal,Peshawar,Pakistan,2022-11-28
2442,Fatima Ahmed,Multan,Pakistan,2025-09-08
2443,Ali Shah,Multan,Pakistan,2023-06-21
2444,Hira Raza,Sukkur,Pakistan,2023-10-06
2445,Hamza Sheikh,New York,USA,2021-10-18
2446,Danish Raza,Lahore,Pakistan,2021-08-15
2447,Ahmed Khan,London,UK,2026-06-17
2448,Fatima Siddiqui,Peshawar,Pakistan,2026-04-26
2449,Fahad Raza,Islamabad,Pakistan,2021-07-14
2450,Maham Raza,Lahore,Pakistan,2024-01-25
2451,Hamza Hussain,Multan,Pakistan,2024-10-19
2452,Maryam Memon,Rawalpindi,Pakistan,2025-11-30
2453,Hussain Hussain,Lahore,Pakistan,2024-02-15
2454,Bilal Buriro,Hyderabad,Pakistan,2025-11-07
2455,Maham Hussain,New York,USA,2021-09-04
2456,Imran Raza,Dubai,UAE,2021-01-30
2457,Ali Hussain,Rawalpindi,Pakistan,2023-08-06
2458,Maham Ali,Dubai,UAE,2022-06-24
2459,Hassan Malik,Faisalabad,Pakistan,2025-03-19
2460,Danish Sheikh,London,UK,2022-11-18
2461,Saad Chaudhry,Rawalpindi,Pakistan,2023-04-10
2462,Sana Memon,Karachi,Pakistan,2023-12-27
2463,Hamza Ali,Hyderabad,Pakistan,2026-05-14
2464,Omar Raza,Doha,Qatar,2021-05-27
2465,Hussain Shah,Quetta,Pakistan,2024-02-01
2466,Ali Buriro,Karachi,Pakistan,2023-03-04
2467,Fahad Mirza,Doha,Qatar,2021-03-15
2468,Omar Raza,New York,USA,2025-07-19
2469,Saad Raza,Quetta,Pakistan,2026-02-06
2470,Bilal Qureshi,London,UK,2021-12-19
2471,Sara Siddiqui,Islamabad,Pakistan,2025-03-29
2472,Danish Mirza,Quetta,Pakistan,2024-11-30
2473,Ali Memon,Toronto,Canada,2024-12-08
2474,Omar Sheikh,Faisalabad,Pakistan,2023-07-28
2475,Bilal Qureshi,Karachi,Pakistan,2022-10-15
2476,Hamza Khan,London,UK,2021-05-25
2477,Maham Ahmed,Dubai,UAE,2021-03-13
2478,Omar Ahmed,London,UK,2021-12-28
2479,Hussain Qureshi,Sukkur,Pakistan,2023-12-12
2480,Imran Iqbal,Islamabad,Pakistan,2021-10-15
2481,Omar Sheikh,Lahore,Pakistan,2024-10-31
2482,Saad Shah,London,UK,2024-06-16
2483,Imran Ali,New York,USA,2022-12-04
2484,Usman Qureshi,Lahore,Pakistan,2021-06-27
2485,Ali Mirza,Quetta,Pakistan,2023-11-21
2486,Fahad Qureshi,Peshawar,Pakistan,2025-08-05
2487,Danish Buriro,Multan,Pakistan,2023-03-14
2488,Danish Mirza,Sukkur,Pakistan,2025-07-02
2489,Sana Ali,Toronto,Canada,2022-08-07
2490,Imran Hussain,New York,USA,2021-06-13
2491,Imran Iqbal,Islamabad,Pakistan,2024-08-17
2492,Hussain Siddiqui,Faisalabad,Pakistan,2025-12-16
2493,Hussain Khan,Doha,Qatar,2025-12-06
2494,Saad Chaudhry,Rawalpindi,Pakistan,2026-05-09
2495,Imran Chaudhry,New York,USA,2021-08-08
2496,Maryam Sheikh,Peshawar,Pakistan,2021-03-30
2497,Saad Raza,Peshawar,Pakistan,2024-03-06
2498,Maryam Shah,Rawalpindi,Pakistan,2026-04-21
2499,Sara Mirza,Toronto,Canada,2026-07-27
2500,Hira Sheikh,Peshawar,Pakistan,2022-07-24
2501,Hussain Khan,Quetta,Pakistan,2023-02-04
2502,Maryam Memon,Faisalabad,Pakistan,2024-09-16
2503,Maham Iqbal,Lahore,Pakistan,2026-02-05
2504,Fatima Mirza,London,UK,2021-12-23
2505,Sara Malik,Hyderabad,Pakistan,2026-06-12
2506,Danish Khan,Rawalpindi,Pakistan,2025-07-24
2507,Sana Iqbal,London,UK,2021-05-19
2508,Hira Iqbal,Islamabad,Pakistan,2025-09-12
2509,Ahmed Sheikh,Dubai,UAE,2024-07-31
2510,Maham Hussain,Peshawar,Pakistan,2026-06-17
2511,Fahad Siddiqui,London,UK,2026-07-16
2512,Hira Siddiqui,Karachi,Pakistan,2021-04-07
2513,Fahad Ali,London,UK,2021-06-04
2514,Bilal Ali,Rawalpindi,Pakistan,2023-07-02
2515,Sara Shah,Toronto,Canada,2024-09-02
2516,Hamza Mirza,Multan,Pakistan,2021-12-07
2517,Omar Ahmed,Karachi,Pakistan,2022-07-11
2518,Ali Shah,Peshawar,Pakistan,2023-03-06
2519,Imran Raza,Karachi,Pakistan,2021-09-13
2520,Saad Shah,Hyderabad,Pakistan,2021-12-25
2521,Omar Ahmed,Dubai,UAE,2021-10-31
2522,Omar Raza,Quetta,Pakistan,2026-04-29
2523,Danish Qureshi,Dubai,UAE,2026-03-24
2524,Maham Hussain,Toronto,Canada,2024-07-05
2525,Bilal Chaudhry,Peshawar,Pakistan,2024-10-25
2526,Ayesha Ahmed,Quetta,Pakistan,2021-10-07
2527,Saad Chaudhry,Karachi,Pakistan,2021-04-13
2528,Ali Chaudhry,Hyderabad,Pakistan,2023-02-08
2529,Imran Mirza,Dubai,UAE,2026-06-29
2530,Bilal Hussain,Karachi,Pakistan,2023-09-01
2531,Zainab Hussain,Multan,Pakistan,2025-07-05
2532,Maryam Hussain,Islamabad,Pakistan,2023-01-24
2533,Zainab Memon,New York,USA,2022-09-23
2534,Zainab Khan,Quetta,Pakistan,2025-07-14
2535,Ali Iqbal,Sukkur,Pakistan,2023-08-18
2536,Imran Raza,Dubai,UAE,2025-01-31
2537,Hussain Buriro,Rawalpindi,Pakistan,2025-01-20
2538,Hassan Qureshi,Karachi,Pakistan,2025-01-21
2539,Hamza Khan,Multan,Pakistan,2024-10-09
2540,Danish Sheikh,Islamabad,Pakistan,2025-07-08
2541,Hamza Sheikh,Hyderabad,Pakistan,2023-08-02
2542,Ali Siddiqui,Hyderabad,Pakistan,2022-09-10
2543,Zainab Qureshi,London,UK,2023-11-11
2544,Danish Shah,Hyderabad,Pakistan,2022-10-24
2545,Hassan Sheikh,Islamabad,Pakistan,2021-03-30
2546,Fahad Qureshi,Doha,Qatar,2023-01-08
2547,Ali Iqbal,Karachi,Pakistan,2023-10-18
2548,Ayesha Ahmed,Rawalpindi,Pakistan,2023-11-27
2549,Maryam Malik,Multan,Pakistan,2022-11-25
2550,Imran Malik,Karachi,Pakistan,2025-01-18
2551,Sana Raza,Toronto,Canada,2022-08-04
2552,Usman Sheikh,Multan,Pakistan,2024-08-12
2553,Hassan Hussain,London,UK,2022-07-04
2554,Maham Iqbal,Islamabad,Pakistan,2026-07-04
2555,Hamza Malik,Peshawar,Pakistan,2024-08-15
2556,Zainab Memon,Lahore,Pakistan,2024-02-09
2557,Saad Khan,Rawalpindi,Pakistan,2023-05-25
2558,Usman Shah,Faisalabad,Pakistan,2025-03-21
2559,Bilal Siddiqui,New York,USA,2023-05-18
2560,Fahad Khan,Hyderabad,Pakistan,2025-06-25
2561,Danish Hussain,London,UK,2021-11-21
2562,Maryam Memon,Lahore,Pakistan,2025-07-30
2563,Hassan Buriro,Rawalpindi,Pakistan,2026-05-15
2564,Usman Sheikh,Sukkur,Pakistan,2022-05-10
2565,Hira Hussain,Peshawar,Pakistan,2022-04-02
2566,Hamza Qureshi,Peshawar,Pakistan,2026-05-01
2567,Fatima Khan,Dubai,UAE,2023-04-08
2568,Sara Ali,Lahore,Pakistan,2024-11-18
2569,Fatima Hussain,Dubai,UAE,2022-01-23
2570,Ahmed Iqbal,New York,USA,2023-05-22
2571,Omar Khan,London,UK,2024-12-04
2572,Hira Raza,Hyderabad,Pakistan,2025-12-29
2573,Maryam Buriro,Multan,Pakistan,2023-06-08
2574,Fatima Mirza,Doha,Qatar,2021-06-03
2575,Omar Raza,London,UK,2023-04-24
2576,Hussain Hussain,Toronto,Canada,2024-08-03
2577,Bilal Memon,Toronto,Canada,2025-11-19
2578,Danish Mirza,Faisalabad,Pakistan,2025-08-27
2579,Imran Ali,Lahore,Pakistan,2025-03-28
2580,Hassan Chaudhry,Rawalpindi,Pakistan,2021-12-03
2581,Omar Khan,Hyderabad,Pakistan,2023-11-26
2582,Bilal Mirza,New York,USA,2024-03-20
2583,Omar Ali,Hyderabad,Pakistan,2023-08-13
2584,Sara Ahmed,Multan,Pakistan,2026-02-25
2585,Omar Khan,New York,USA,2026-05-11
2586,Maryam Siddiqui,Islamabad,Pakistan,2022-03-05
2587,Fahad Qureshi,Sukkur,Pakistan,2026-05-04
2588,Usman Ahmed,Quetta,Pakistan,2025-09-22
2589,Usman Siddiqui,Doha,Qatar,2024-12-07
2590,Ahmed Siddiqui,Peshawar,Pakistan,2023-02-17
2591,Fahad Buriro,Peshawar,Pakistan,2025-03-30
2592,Maryam Chaudhry,New York,USA,2024-04-09
2593,Maham Hussain,Doha,Qatar,2026-01-07
2594,Fahad Ali,Dubai,UAE,2024-12-20
2595,Danish Malik,Dubai,UAE,2026-05-20
2596,Sara Chaudhry,Toronto,Canada,2023-05-05
2597,Fatima Ali,Doha,Qatar,2021-06-17
2598,Omar Siddiqui,London,UK,2023-09-30
2599,Imran Iqbal,Hyderabad,Pakistan,2026-07-26
2600,Sana Iqbal,Sukkur,Pakistan,2024-08-27
2601,Ayesha Siddiqui,Rawalpindi,Pakistan,2024-12-03
2602,Danish Memon,Peshawar,Pakistan,2024-06-28
2603,Zainab Siddiqui,Faisalabad,Pakistan,2024-04-23
2604,Sara Buriro,Doha,Qatar,2021-05-06
2605,Fatima Khan,Quetta,Pakistan,2023-04-23
2606,Hassan Ahmed,Doha,Qatar,2021-06-26
2607,Fatima Hussain,New York,USA,2022-11-17
2608,Danish Shah,New York,USA,2025-01-06
2609,Maham Hussain,Islamabad,Pakistan,2025-06-27
2610,Ahmed Qureshi,London,UK,2022-04-01
2611,Hamza Chaudhry,Rawalpindi,Pakistan,2024-08-26
2612,Imran Mirza,Quetta,Pakistan,2022-04-07
2613,Zainab Sheikh,Peshawar,Pakistan,2022-02-14
2614,Hamza Buriro,Rawalpindi,Pakistan,2026-05-11
2615,Ahmed Malik,Doha,Qatar,2024-05-27
2616,Hassan Sheikh,Toronto,Canada,2022-02-07
2617,Bilal Ahmed,Quetta,Pakistan,2021-10-15
2618,Omar Mirza,Karachi,Pakistan,2021-04-11
2619,Sana Mirza,Islamabad,Pakistan,2023-10-10
2620,Imran Chaudhry,Rawalpindi,Pakistan,2021-07-26
2621,Omar Chaudhry,Doha,Qatar,2024-04-04
2622,Imran Iqbal,Faisalabad,Pakistan,2023-06-04
2623,Omar Shah,Karachi,Pakistan,2024-07-19
2624,Sana Chaudhry,Quetta,Pakistan,2022-02-27
2625,Imran Raza,Doha,Qatar,2021-10-24
2626,Hassan Siddiqui,Quetta,Pakistan,2021-07-25
2627,Sara Raza,Faisalabad,Pakistan,2021-07-14
2628,Hamza Qureshi,Islamabad,Pakistan,2021-05-28
2629,Ahmed Malik,Toronto,Canada,2022-06-12
2630,Hira Shah,Lahore,Pakistan,2025-06-20
2631,Saad Ali,Doha,Qatar,2024-05-22
2632,Sana Sheikh,Rawalpindi,Pakistan,2022-05-26
2633,Danish Chaudhry,Islamabad,Pakistan,2026-03-14
2634,Zainab Hussain,Multan,Pakistan,2025-04-01
2635,Hira Sheikh,Karachi,Pakistan,2025-05-07
2636,Hussain Siddiqui,Karachi,Pakistan,2026-01-06
2637,Usman Siddiqui,Islamabad,Pakistan,2025-02-28
2638,Maryam Shah,Dubai,UAE,2026-05-04
2639,Usman Mirza,New York,USA,2022-11-05
2640,Omar Ahmed,Rawalpindi,Pakistan,2025-10-11
2641,Sara Memon,Sukkur,Pakistan,2021-08-16
2642,Danish Buriro,Multan,Pakistan,2022-09-04
2643,Saad Raza,Faisalabad,Pakistan,2025-12-23
2644,Bilal Mirza,Multan,Pakistan,2021-09-29
2645,Bilal Malik,Toronto,Canada,2023-10-18
2646,Danish Chaudhry,Peshawar,Pakistan,2022-11-26
2647,Hamza Memon,Peshawar,Pakistan,2021-07-24
2648,Imran Buriro,New York,USA,2022-04-26
2649,Ali Hussain,Sukkur,Pakistan,2023-12-27
2650,Hussain Mirza,Islamabad,Pakistan,2024-07-09
2651,Ahmed Iqbal,Islamabad,Pakistan,2024-10-08
2652,Hussain Siddiqui,Multan,Pakistan,2021-09-25
2653,Usman Mirza,Lahore,Pakistan,2022-10-14
2654,Omar Buriro,Dubai,UAE,2021-08-01
2655,Ahmed Siddiqui,Peshawar,Pakistan,2021-01-19
2656,Imran Chaudhry,Karachi,Pakistan,2023-03-07
2657,Usman Qureshi,Faisalabad,Pakistan,2024-06-20
2658,Ayesha Raza,New York,USA,2023-01-26
2659,Zainab Ali,Toronto,Canada,2021-03-23
2660,Maham Shah,Doha,Qatar,2022-03-25
2661,Hamza Mirza,Toronto,Canada,2023-06-02
2662,Hira Qureshi,Sukkur,Pakistan,2022-12-27
2663,Imran Qureshi,Toronto,Canada,2025-08-08
2664,Sana Shah,Doha,Qatar,2024-05-03
2665,Hussain Sheikh,Sukkur,Pakistan,2026-07-29
2666,Sana Mirza,Faisalabad,Pakistan,2021-12-24
2667,Omar Chaudhry,Doha,Qatar,2023-01-25
2668,Maryam Ali,Faisalabad,Pakistan,2021-06-28
2669,Sara Raza,Islamabad,Pakistan,2021-02-11
2670,Omar Sheikh,Lahore,Pakistan,2026-02-27
2671,Hamza Hussain,Quetta,Pakistan,2023-10-02
2672,Sana Siddiqui,Karachi,Pakistan,2024-09-06
2673,Bilal Qureshi,Lahore,Pakistan,2022-07-18
2674,Fatima Sheikh,Rawalpindi,Pakistan,2021-04-16
2675,Hamza Raza,Peshawar,Pakistan,2025-12-25
2676,Usman Sheikh,Peshawar,Pakistan,2024-09-03
2677,Hassan Sheikh,Peshawar,Pakistan,2024-12-21
2678,Maham Mirza,Peshawar,Pakistan,2023-12-24
2679,Hira Buriro,Doha,Qatar,2023-04-05
2680,Ahmed Qureshi,Rawalpindi,Pakistan,2023-05-11
2681,Hira Mirza,Peshawar,Pakistan,2025-04-03
2682,Sana Mirza,Sukkur,Pakistan,2022-04-09
2683,Bilal Ahmed,Hyderabad,Pakistan,2022-11-27
2684,Ahmed Raza,Islamabad,Pakistan,2022-09-19
2685,Hira Malik,Karachi,Pakistan,2023-11-30
2686,Maham Buriro,Hyderabad,Pakistan,2026-05-27
2687,Omar Shah,Rawalpindi,Pakistan,2026-02-24
2688,Sara Memon,Islamabad,Pakistan,2024-01-16
2689,Hussain Shah,Hyderabad,Pakistan,2022-02-12
2690,Fatima Sheikh,Dubai,UAE,2026-04-01
2691,Hussain Iqbal,New York,USA,2022-10-01
2692,Omar Qureshi,Peshawar,Pakistan,2022-12-28
2693,Ahmed Chaudhry,Karachi,Pakistan,2025-12-10
2694,Usman Iqbal,London,UK,2022-06-21
2695,Fatima Chaudhry,Islamabad,Pakistan,2023-07-31
2696,Hussain Ahmed,Karachi,Pakistan,2026-02-12
2697,Danish Mirza,Quetta,Pakistan,2022-10-10
2698,Zainab Khan,Faisalabad,Pakistan,2024-06-26
2699,Imran Qureshi,Hyderabad,Pakistan,2021-03-18
2700,Imran Chaudhry,Doha,Qatar,2026-07-23
2701,Fahad Memon,Lahore,Pakistan,2023-05-04
2702,Hira Sheikh,Karachi,Pakistan,2024-09-28
2703,Ali Qureshi,Quetta,Pakistan,2023-10-18
2704,Sara Mirza,Faisalabad,Pakistan,2023-06-04
2705,Sana Memon,New York,USA,2023-04-09
2706,Ali Sheikh,Karachi,Pakistan,2021-02-06
2707,Zainab Chaudhry,Faisalabad,Pakistan,2022-07-20
2708,Hamza Shah,Islamabad,Pakistan,2023-02-15
2709,Omar Ahmed,Karachi,Pakistan,2023-01-23
2710,Sana Hussain,Faisalabad,Pakistan,2022-07-12
2711,Danish Iqbal,London,UK,2024-08-02
2712,Ahmed Shah,Islamabad,Pakistan,2025-08-17
2713,Hamza Shah,New York,USA,2025-12-22
2714,Danish Ahmed,Peshawar,Pakistan,2026-06-05
2715,Ali Mirza,Peshawar,Pakistan,2024-08-17
2716,Saad Shah,Toronto,Canada,2023-04-18
2717,Hamza Sheikh,Hyderabad,Pakistan,2024-08-09
2718,Zainab Iqbal,Rawalpindi,Pakistan,2021-09-27
2719,Ayesha Khan,London,UK,2025-07-23
2720,Ayesha Raza,Lahore,Pakistan,2023-12-27
2721,Zainab Sheikh,Toronto,Canada,2021-12-03
2722,Imran Mirza,New York,USA,2023-05-18
2723,Bilal Qureshi,Doha,Qatar,2022-09-06
2724,Hira Siddiqui,Faisalabad,Pakistan,2022-12-14
2725,Ayesha Ahmed,Sukkur,Pakistan,2021-04-14
2726,Bilal Buriro,Toronto,Canada,2021-02-02
2727,Danish Buriro,Lahore,Pakistan,2022-12-14
2728,Hamza Ahmed,Hyderabad,Pakistan,2022-09-07
2729,Hussain Qureshi,Peshawar,Pakistan,2026-07-29
2730,Zainab Chaudhry,Sukkur,Pakistan,2022-06-20
2731,Fahad Khan,Dubai,UAE,2022-11-03
2732,Sara Malik,Toronto,Canada,2026-02-09
2733,Hussain Raza,Peshawar,Pakistan,2025-10-19
2734,Ali Qureshi,Islamabad,Pakistan,2021-06-24
2735,Sana Malik,Islamabad,Pakistan,2021-07-13
2736,Sana Siddiqui,New York,USA,2024-03-12
2737,Maham Ahmed,Faisalabad,Pakistan,2022-12-18
2738,Ahmed Sheikh,Sukkur,Pakistan,2021-01-27
2739,Bilal Memon,Quetta,Pakistan,2022-02-15
2740,Ahmed Raza,New York,USA,2024-06-06
2741,Saad Ali,Rawalpindi,Pakistan,2023-01-30
2742,Hamza Mirza,Islamabad,Pakistan,2021-09-09
2743,Zainab Ahmed,London,UK,2024-08-20
2744,Usman Buriro,Faisalabad,Pakistan,2024-06-04
2745,Fahad Qureshi,New York,USA,2023-09-27
2746,Fatima Buriro,Lahore,Pakistan,2026-04-01
2747,Hussain Shah,Hyderabad,Pakistan,2025-09-17
2748,Maham Ahmed,Doha,Qatar,2021-03-23
2749,Maham Sheikh,New York,USA,2026-01-19
2750,Saad Khan,Karachi,Pakistan,2021-04-12
2751,Imran Shah,New York,USA,2023-09-10
2752,Ali Memon,Karachi,Pakistan,2026-01-12
2753,Zainab Mirza,Lahore,Pakistan,2026-06-24
2754,Hassan Ali,Toronto,Canada,2021-02-16
2755,Sana Chaudhry,Lahore,Pakistan,2021-05-27
2756,Ayesha Buriro,Hyderabad,Pakistan,2022-05-07
2757,Imran Chaudhry,Islamabad,Pakistan,2022-07-18
2758,Zainab Memon,Quetta,Pakistan,2022-07-24
2759,Zainab Memon,Karachi,Pakistan,2023-04-30
2760,Sana Sheikh,Hyderabad,Pakistan,2022-10-12
2761,Ayesha Hussain,Hyderabad,Pakistan,2024-04-02
2762,Maham Chaudhry,Sukkur,Pakistan,2025-10-07
2763,Maryam Ali,Peshawar,Pakistan,2024-01-18
2764,Sana Malik,Islamabad,Pakistan,2022-11-08
2765,Ali Ali,Faisalabad,Pakistan,2024-03-03
2766,Sana Iqbal,Faisalabad,Pakistan,2024-06-18
2767,Zainab Siddiqui,Multan,Pakistan,2026-01-01
2768,Ahmed Memon,Quetta,Pakistan,2026-04-15
2769,Ahmed Mirza,Hyderabad,Pakistan,2022-07-20
2770,Danish Iqbal,Multan,Pakistan,2026-02-15
2771,Bilal Ahmed,London,UK,2025-07-23
2772,Bilal Buriro,Rawalpindi,Pakistan,2021-09-19
2773,Usman Chaudhry,Hyderabad,Pakistan,2024-02-12
2774,Hussain Khan,Islamabad,Pakistan,2021-11-07
2775,Usman Buriro,Dubai,UAE,2023-09-27
2776,Maryam Qureshi,Dubai,UAE,2021-04-02
2777,Hira Hussain,Dubai,UAE,2022-09-03
2778,Sana Sheikh,Islamabad,Pakistan,2024-04-13
2779,Hassan Shah,Faisalabad,Pakistan,2022-09-12
2780,Zainab Ahmed,Hyderabad,Pakistan,2021-01-21
2781,Fatima Ali,London,UK,2023-03-03
2782,Maham Ali,Multan,Pakistan,2024-01-08
2783,Ahmed Hussain,Faisalabad,Pakistan,2025-04-06
2784,Usman Qureshi,Faisalabad,Pakistan,2021-10-06
2785,Hamza Shah,London,UK,2023-08-30
2786,Maham Memon,Dubai,UAE,2022-02-10
2787,Usman Memon,New York,USA,2021-11-10
2788,Sara Raza,Faisalabad,Pakistan,2021-09-06
2789,Sana Iqbal,New York,USA,2025-03-29
2790,Fatima Qureshi,Toronto,Canada,2026-02-18
2791,Zainab Mirza,Peshawar,Pakistan,2024-09-13
2792,Sara Ali,Dubai,UAE,2023-02-11
2793,Fatima Buriro,Toronto,Canada,2026-04-19
2794,Usman Iqbal,New York,USA,2023-10-11
2795,Danish Mirza,Hyderabad,Pakistan,2023-12-15
2796,Ahmed Raza,Dubai,UAE,2024-07-17
2797,Zainab Hussain,Faisalabad,Pakistan,2024-08-26
2798,Fahad Qureshi,Islamabad,Pakistan,2023-10-01
2799,Zainab Memon,Multan,Pakistan,2023-09-04
2800,Maham Buriro,Doha,Qatar,2022-10-10
2801,Hamza Iqbal,Doha,Qatar,2024-10-19
2802,Ali Sheikh,London,UK,2024-10-02
2803,Maryam Khan,Doha,Qatar,2023-06-08
2804,Fatima Raza,Quetta,Pakistan,2024-12-22
2805,Maryam Ali,London,UK,2021-10-08
2806,Bilal Shah,Islamabad,Pakistan,2023-04-29
2807,Maryam Malik,Hyderabad,Pakistan,2026-07-04
2808,Sana Memon,Islamabad,Pakistan,2025-02-04
2809,Maham Ahmed,Doha,Qatar,2025-01-08
2810,Imran Ahmed,Sukkur,Pakistan,2025-10-26
2811,Ali Khan,Toronto,Canada,2024-05-25
2812,Usman Chaudhry,Faisalabad,Pakistan,2024-09-12
2813,Usman Memon,Faisalabad,Pakistan,2023-09-09
2814,Ayesha Khan,Dubai,UAE,2025-08-11
2815,Ayesha Khan,Quetta,Pakistan,2024-12-20
2816,Fatima Raza,Multan,Pakistan,2023-12-03
2817,Zainab Malik,Hyderabad,Pakistan,2021-09-16
2818,Maham Raza,Peshawar,Pakistan,2025-07-01
2819,Bilal Siddiqui,Lahore,Pakistan,2022-10-27
2820,Hassan Chaudhry,Islamabad,Pakistan,2023-01-02
2821,Maham Malik,Karachi,Pakistan,2021-09-12
2822,Hira Memon,Islamabad,Pakistan,2022-03-19
2823,Maryam Khan,Islamabad,Pakistan,2021-09-14
2824,Fahad Iqbal,Lahore,Pakistan,2021-07-18
2825,Saad Iqbal,Karachi,Pakistan,2022-08-24
2826,Imran Buriro,New York,USA,2025-03-21
2827,Ahmed Siddiqui,Islamabad,Pakistan,2025-10-27
2828,Usman Shah,Quetta,Pakistan,2022-04-09
2829,Danish Mirza,Lahore,Pakistan,2023-05-14
2830,Zainab Buriro,Doha,Qatar,2025-08-23
2831,Hassan Shah,Rawalpindi,Pakistan,2024-12-11
2832,Fahad Siddiqui,London,UK,2026-01-18
2833,Zainab Siddiqui,Sukkur,Pakistan,2023-05-07
2834,Usman Mirza,London,UK,2021-12-10
2835,Maham Memon,Sukkur,Pakistan,2021-10-19
2836,Omar Hussain,Peshawar,Pakistan,2024-12-15
2837,Saad Hussain,London,UK,2021-02-23
2838,Fatima Malik,New York,USA,2023-07-28
2839,Zainab Qureshi,Multan,Pakistan,2022-12-22
2840,Maryam Khan,Doha,Qatar,2026-02-16
2841,Hussain Buriro,Doha,Qatar,2026-07-28
2842,Omar Siddiqui,Dubai,UAE,2023-09-15
2843,Zainab Siddiqui,Toronto,Canada,2024-03-28
2844,Maham Shah,Lahore,Pakistan,2023-02-12
2845,Maham Shah,Quetta,Pakistan,2025-05-03
2846,Omar Raza,Sukkur,Pakistan,2022-08-24
2847,Fahad Shah,Toronto,Canada,2025-02-25
2848,Sana Khan,Lahore,Pakistan,2026-01-16
2849,Ahmed Buriro,New York,USA,2021-12-16
2850,Sara Qureshi,Lahore,Pakistan,2022-04-06
2851,Maryam Qureshi,Multan,Pakistan,2023-02-10
2852,Bilal Siddiqui,Dubai,UAE,2025-08-14
2853,Hamza Mirza,Hyderabad,Pakistan,2024-07-30
2854,Ayesha Malik,New York,USA,2022-01-31
2855,Zainab Buriro,Toronto,Canada,2023-01-21
2856,Bilal Iqbal,Islamabad,Pakistan,2024-08-04
2857,Fatima Hussain,Rawalpindi,Pakistan,2026-05-21
2858,Saad Siddiqui,Lahore,Pakistan,2023-07-09
2859,Hussain Buriro,Dubai,UAE,2021-06-01
2860,Ali Siddiqui,Toronto,Canada,2021-08-02
2861,Saad Siddiqui,Sukkur,Pakistan,2021-02-28
2862,Hira Sheikh,Lahore,Pakistan,2021-09-14
2863,Usman Malik,Islamabad,Pakistan,2023-04-21
2864,Zainab Ali,Karachi,Pakistan,2022-07-28
2865,Ayesha Siddiqui,Peshawar,Pakistan,2022-09-06
2866,Danish Ali,Dubai,UAE,2025-04-12
2867,Danish Siddiqui,Islamabad,Pakistan,2023-08-31
2868,Hira Raza,New York,USA,2025-01-25
2869,Bilal Chaudhry,Rawalpindi,Pakistan,2024-01-10
2870,Usman Khan,Peshawar,Pakistan,2022-02-23
2871,Maham Hussain,Dubai,UAE,2026-04-17
2872,Fahad Siddiqui,Quetta,Pakistan,2023-08-29
2873,Ali Khan,Peshawar,Pakistan,2025-08-31
2874,Ayesha Shah,Multan,Pakistan,2021-07-17
2875,Imran Ali,Faisalabad,Pakistan,2025-09-28
2876,Fahad Shah,Rawalpindi,Pakistan,2024-12-30
2877,Hassan Malik,Hyderabad,Pakistan,2022-05-25
2878,Hassan Siddiqui,London,UK,2025-06-05
2879,Hamza Sheikh,Toronto,Canada,2025-02-22
2880,Zainab Khan,New York,USA,2025-12-26
2881,Hassan Ahmed,Hyderabad,Pakistan,2022-03-04
2882,Hussain Ali,Hyderabad,Pakistan,2025-12-11
2883,Hamza Raza,Karachi,Pakistan,2025-04-03
2884,Hamza Malik,Hyderabad,Pakistan,2022-11-20
2885,Fatima Raza,Quetta,Pakistan,2022-12-16
2886,Hamza Shah,Hyderabad,Pakistan,2022-06-03
2887,Ayesha Khan,London,UK,2023-08-30
2888,Fatima Iqbal,Karachi,Pakistan,2026-01-02
2889,Omar Ali,Faisalabad,Pakistan,2021-10-25
2890,Sara Ali,Hyderabad,Pakistan,2021-09-25
2891,Hussain Ahmed,Peshawar,Pakistan,2021-05-01
2892,Fahad Iqbal,Karachi,Pakistan,2024-06-05
2893,Sana Hussain,Faisalabad,Pakistan,2022-10-03
2894,Maryam Hussain,London,UK,2025-03-31
2895,Zainab Iqbal,New York,USA,2025-03-30
2896,Sara Ali,Rawalpindi,Pakistan,2022-02-07
2897,Omar Iqbal,Faisalabad,Pakistan,2024-11-15
2898,Ayesha Shah,Dubai,UAE,2025-04-08
2899,Fahad Hussain,Faisalabad,Pakistan,2026-07-05
2900,Sana Siddiqui,Quetta,Pakistan,2025-01-12
2901,Hassan Qureshi,Multan,Pakistan,2023-01-03
2902,Ayesha Chaudhry,New York,USA,2026-07-31
2903,Hamza Ahmed,Sukkur,Pakistan,2022-07-17
2904,Ayesha Iqbal,Doha,Qatar,2025-06-30
2905,Fatima Qureshi,London,UK,2023-02-10
2906,Hira Hussain,Multan,Pakistan,2026-03-21
2907,Bilal Iqbal,Hyderabad,Pakistan,2025-05-14
2908,Sana Khan,Lahore,Pakistan,2024-05-07
2909,Ayesha Chaudhry,Sukkur,Pakistan,2022-03-13
2910,Omar Raza,London,UK,2022-01-20
2911,Maryam Memon,Multan,Pakistan,2026-04-16
2912,Fahad Ahmed,Karachi,Pakistan,2025-06-22
2913,Zainab Raza,New York,USA,2023-11-11
2914,Hussain Memon,Rawalpindi,Pakistan,2025-11-24
2915,Hassan Siddiqui,Quetta,Pakistan,2025-05-16
2916,Hamza Ahmed,Karachi,Pakistan,2023-03-02
2917,Danish Shah,Karachi,Pakistan,2025-08-13
2918,Bilal Mirza,Toronto,Canada,2025-06-11
2919,Fahad Khan,Dubai,UAE,2023-09-03
2920,Bilal Memon,Karachi,Pakistan,2021-02-09
2921,Maham Iqbal,Lahore,Pakistan,2025-02-19
2922,Sana Khan,Peshawar,Pakistan,2022-11-24
2923,Fahad Ahmed,Dubai,UAE,2023-01-14
2924,Hassan Memon,Faisalabad,Pakistan,2024-12-25
2925,Maryam Khan,Toronto,Canada,2025-07-11
2926,Hussain Raza,Sukkur,Pakistan,2021-06-29
2927,Bilal Memon,Sukkur,Pakistan,2025-08-07
2928,Ayesha Raza,Hyderabad,Pakistan,2022-08-20
2929,Fatima Qureshi,Dubai,UAE,2024-02-28
2930,Hamza Memon,Toronto,Canada,2025-11-06
2931,Zainab Raza,Karachi,Pakistan,2022-03-21
2932,Sana Shah,London,UK,2022-03-27
2933,Imran Raza,Toronto,Canada,2026-06-01
2934,Sara Chaudhry,Faisalabad,Pakistan,2023-01-31
2935,Imran Memon,London,UK,2026-04-14
2936,Maham Sheikh,Multan,Pakistan,2022-12-29
2937,Sara Malik,Islamabad,Pakistan,2024-06-17
2938,Sara Ali,New York,USA,2023-11-06
2939,Imran Shah,Hyderabad,Pakistan,2024-01-27
2940,Hira Khan,London,UK,2023-10-22
2941,Hussain Iqbal,Hyderabad,Pakistan,2023-08-09
2942,Danish Shah,Multan,Pakistan,2023-02-05
2943,Hassan Mirza,Dubai,UAE,2023-07-28
2944,Saad Ahmed,Multan,Pakistan,2025-04-06
2945,Hira Malik,New York,USA,2021-04-04
2946,Sara Siddiqui,Karachi,Pakistan,2023-10-18
2947,Hassan Malik,Karachi,Pakistan,2024-01-25
2948,Zainab Buriro,Lahore,Pakistan,2025-03-16
2949,Ali Iqbal,Rawalpindi,Pakistan,2024-09-19
2950,Maryam Chaudhry,Karachi,Pakistan,2023-05-31
2951,Imran Ahmed,Multan,Pakistan,2021-08-12
2952,Ahmed Buriro,Karachi,Pakistan,2023-01-29
2953,Hussain Ahmed,London,UK,2022-06-05
2954,Fatima Chaudhry,Islamabad,Pakistan,2022-02-20
2955,Maham Sheikh,Doha,Qatar,2025-01-09
2956,Hussain Qureshi,New York,USA,2023-09-02
2957,Hira Ahmed,Dubai,UAE,2025-06-06
2958,Zainab Khan,London,UK,2021-10-10
2959,Hamza Shah,London,UK,2026-07-03
2960,Hira Chaudhry,New York,USA,2023-08-23
2961,Hassan Buriro,Quetta,Pakistan,2022-06-01
2962,Hira Iqbal,Sukkur,Pakistan,2023-01-10
2963,Imran Ali,Peshawar,Pakistan,2025-09-11
2964,Sara Raza,Sukkur,Pakistan,2024-12-17
2965,Hassan Shah,Multan,Pakistan,2021-12-17
2966,Imran Raza,Lahore,Pakistan,2026-07-11
2967,Hamza Malik,Toronto,Canada,2021-09-24
2968,Danish Malik,Dubai,UAE,2022-07-16
2969,Hussain Raza,Dubai,UAE,2023-12-16
2970,Saad Ahmed,Hyderabad,Pakistan,2023-06-28
2971,Bilal Sheikh,London,UK,2026-03-03
2972,Hussain Hussain,Peshawar,Pakistan,2025-06-07
2973,Bilal Ali,Lahore,Pakistan,2026-05-15
2974,Bilal Chaudhry,Doha,Qatar,2022-07-30
2975,Imran Sheikh,Doha,Qatar,2025-09-30
2976,Ayesha Mirza,Toronto,Canada,2022-03-11
2977,Hussain Hussain,Peshawar,Pakistan,2025-07-01
2978,Hira Memon,Rawalpindi,Pakistan,2024-01-24
2979,Usman Memon,Karachi,Pakistan,2024-05-03
2980,Maryam Chaudhry,London,UK,2021-08-24
2981,Hussain Hussain,Toronto,Canada,2025-11-27
2982,Danish Malik,Lahore,Pakistan,2022-07-23
2983,Sara Ali,Dubai,UAE,2024-05-03
2984,Sara Hussain,Karachi,Pakistan,2021-12-05
2985,Hussain Khan,London,UK,2026-03-03
2986,Sara Shah,Karachi,Pakistan,2022-10-15
2987,Fatima Khan,Doha,Qatar,2025-04-04
2988,Saad Raza,Islamabad,Pakistan,2025-04-10
2989,Imran Ahmed,Faisalabad,Pakistan,2024-01-27
2990,Usman Hussain,Dubai,UAE,2021-09-04
2991,Maryam Buriro,New York,USA,2022-07-25
2992,Imran Mirza,Multan,Pakistan,2024-05-31
2993,Hassan Malik,Doha,Qatar,2023-12-29
2994,Imran Raza,Karachi,Pakistan,2024-04-06
2995,Fahad Raza,Peshawar,Pakistan,2022-05-24
2996,Ali Sheikh,Doha,Qatar,2024-01-02
2997,Danish Hussain,Hyderabad,Pakistan,2021-06-23
2998,Hassan Shah,Quetta,Pakistan,2023-09-14
2999,Fahad Iqbal,Faisalabad,Pakistan,2021-07-06
3000,Maham Ali,Multan,Pakistan,2024-09-14
3001,Maryam Mirza,London,UK,2024-03-01
3002,Maryam Raza,Peshawar,Pakistan,2025-10-02
3003,Fatima Shah,Dubai,UAE,2023-07-31
3004,Bilal Buriro,Peshawar,Pakistan,2021-11-27
3005,Ahmed Ali,Doha,Qatar,2022-04-25
3006,Omar Buriro,Peshawar,Pakistan,2025-07-18
3007,Hira Raza,London,UK,2026-05-07
3008,Zainab Ali,Sukkur,Pakistan,2021-05-06
3009,Hamza Ali,New York,USA,2024-10-10
3010,Maham Buriro,Toronto,Canada,2023-09-10
3011,Bilal Malik,Rawalpindi,Pakistan,2022-06-10
3012,Hamza Chaudhry,Hyderabad,Pakistan,2023-11-09
3013,Fatima Buriro,Hyderabad,Pakistan,2026-03-23
3014,Ayesha Memon,Peshawar,Pakistan,2022-02-07
3015,Zainab Malik,Peshawar,Pakistan,2025-09-02
3016,Fahad Memon,Karachi,Pakistan,2021-07-02
3017,Maham Iqbal,Toronto,Canada,2025-01-08
3018,Usman Ali,New York,USA,2021-06-02
3019,Sana Malik,Sukkur,Pakistan,2021-05-04
3020,Ayesha Shah,Hyderabad,Pakistan,2021-03-17
3021,Omar Qureshi,New York,USA,2025-06-29
3022,Omar Buriro,Hyderabad,Pakistan,2024-03-14
3023,Sana Sheikh,Hyderabad,Pakistan,2024-11-07
3024,Hassan Raza,Doha,Qatar,2021-11-13
3025,Hussain Malik,Toronto,Canada,2026-02-21
3026,Ayesha Ahmed,Quetta,Pakistan,2025-07-07
3027,Omar Malik,Islamabad,Pakistan,2023-09-23
3028,Danish Mirza,Lahore,Pakistan,2026-01-07
3029,Ali Hussain,Doha,Qatar,2021-10-19
3030,Maryam Qureshi,Rawalpindi,Pakistan,2022-08-19
3031,Fatima Buriro,Dubai,UAE,2021-04-09
3032,Omar Khan,Multan,Pakistan,2021-12-02
3033,Omar Shah,Peshawar,Pakistan,2025-09-11
3034,Omar Shah,Doha,Qatar,2023-04-15
3035,Hassan Iqbal,Quetta,Pakistan,2024-08-08
3036,Hassan Memon,Faisalabad,Pakistan,2025-12-02
3037,Sara Hussain,Faisalabad,Pakistan,2025-04-07
3038,Imran Khan,Rawalpindi,Pakistan,2023-03-26
3039,Hamza Ahmed,Quetta,Pakistan,2022-12-11
3040,Sana Hussain,Quetta,Pakistan,2021-08-09
3041,Fahad Qureshi,Lahore,Pakistan,2025-08-18
3042,Usman Chaudhry,Faisalabad,Pakistan,2026-06-30
3043,Hira Buriro,Sukkur,Pakistan,2023-10-17
3044,Ayesha Siddiqui,Karachi,Pakistan,2023-10-16
3045,Omar Buriro,Doha,Qatar,2025-09-25
3046,Usman Iqbal,New York,USA,2022-11-29
3047,Hussain Siddiqui,Sukkur,Pakistan,2023-04-09
3048,Hamza Hussain,Karachi,Pakistan,2025-12-27
3049,Hira Chaudhry,Peshawar,Pakistan,2023-02-13
3050,Maham Shah,Toronto,Canada,2026-03-06
3051,Usman Chaudhry,Karachi,Pakistan,2021-11-25
3052,Fatima Ali,London,UK,2023-10-10
3053,Danish Hussain,New York,USA,2023-09-26
3054,Ali Buriro,Lahore,Pakistan,2022-09-18
3055,Maryam Hussain,Rawalpindi,Pakistan,2026-05-17
3056,Fahad Sheikh,Dubai,UAE,2023-09-11
3057,Fatima Hussain,Toronto,Canada,2025-11-27
3058,Hussain Ahmed,London,UK,2022-03-23
3059,Danish Shah,Peshawar,Pakistan,2022-12-13
3060,Zainab Malik,Sukkur,Pakistan,2023-09-02
3061,Usman Raza,Peshawar,Pakistan,2024-02-24
3062,Danish Siddiqui,Quetta,Pakistan,2022-04-13
3063,Hassan Shah,London,UK,2022-10-01
3064,Hussain Chaudhry,Karachi,Pakistan,2024-06-22
3065,Hamza Qureshi,Rawalpindi,Pakistan,2022-07-22
3066,Ahmed Siddiqui,Karachi,Pakistan,2025-03-29
3067,Imran Siddiqui,London,UK,2023-08-31
3068,Hira Ahmed,Dubai,UAE,2026-05-30
3069,Hassan Memon,Karachi,Pakistan,2022-04-30
3070,Ahmed Siddiqui,Lahore,Pakistan,2025-09-14
3071,Hamza Khan,Rawalpindi,Pakistan,2023-09-26
3072,Zainab Iqbal,Rawalpindi,Pakistan,2021-06-25
3073,Ahmed Mirza,Peshawar,Pakistan,2024-12-08
3074,Zainab Memon,Peshawar,Pakistan,2022-03-08
3075,Ahmed Chaudhry,Multan,Pakistan,2021-10-10
3076,Ali Chaudhry,Islamabad,Pakistan,2023-12-20
3077,Hira Qureshi,Sukkur,Pakistan,2025-05-21
3078,Ali Hussain,London,UK,2022-06-09
3079,Ahmed Hussain,Sukkur,Pakistan,2024-06-23
3080,Maham Malik,New York,USA,2021-01-30
3081,Usman Shah,Toronto,Canada,2022-01-12
3082,Usman Ali,New York,USA,2025-03-19
3083,Usman Hussain,Sukkur,Pakistan,2021-01-27
3084,Hamza Buriro,Karachi,Pakistan,2022-12-31
3085,Danish Buriro,Multan,Pakistan,2023-11-01
3086,Zainab Malik,Faisalabad,Pakistan,2021-05-15
3087,Imran Shah,Dubai,UAE,2026-06-18
3088,Fatima Siddiqui,New York,USA,2023-11-04
3089,Sara Raza,Sukkur,Pakistan,2022-11-22
3090,Maham Chaudhry,Multan,Pakistan,2026-06-15
3091,Omar Chaudhry,London,UK,2024-02-13
3092,Hussain Chaudhry,Dubai,UAE,2024-10-14
3093,Hussain Mirza,London,UK,2021-07-04
3094,Omar Iqbal,Quetta,Pakistan,2021-11-20
3095,Hassan Siddiqui,Sukkur,Pakistan,2021-04-03
3096,Imran Khan,Multan,Pakistan,2023-11-15
3097,Bilal Ali,Multan,Pakistan,2025-09-01
3098,Hamza Qureshi,Hyderabad,Pakistan,2026-01-12
3099,Maryam Shah,Rawalpindi,Pakistan,2024-03-16
3100,Hussain Ahmed,Sukkur,Pakistan,2021-04-21
3101,Imran Iqbal,Multan,Pakistan,2024-06-30
3102,Usman Ahmed,Islamabad,Pakistan,2024-07-24
3103,Ahmed Iqbal,Karachi,Pakistan,2024-05-01
3104,Sara Buriro,New York,USA,2025-01-09
3105,Bilal Hussain,Faisalabad,Pakistan,2024-02-10
3106,Ahmed Memon,Quetta,Pakistan,2024-12-05
3107,Sana Malik,Toronto,Canada,2023-09-19
3108,Sara Hussain,Lahore,Pakistan,2021-11-03
3109,Ayesha Ahmed,Doha,Qatar,2021-06-12
3110,Ali Iqbal,Dubai,UAE,2026-01-24
3111,Bilal Malik,Sukkur,Pakistan,2023-06-18
3112,Hira Shah,Faisalabad,Pakistan,2022-10-19
3113,Omar Memon,Dubai,UAE,2022-08-21
3114,Sana Hussain,Rawalpindi,Pakistan,2021-04-16
3115,Ali Siddiqui,Hyderabad,Pakistan,2026-04-11
3116,Fatima Hussain,Doha,Qatar,2021-06-19
3117,Hussain Ahmed,Hyderabad,Pakistan,2022-03-23
3118,Maham Memon,Dubai,UAE,2023-07-22
3119,Danish Malik,Toronto,Canada,2022-12-31
3120,Saad Malik,Quetta,Pakistan,2021-03-23
3121,Hira Ahmed,Hyderabad,Pakistan,2022-11-02
3122,Imran Malik,New York,USA,2025-05-08
3123,Danish Malik,New York,USA,2022-05-26
3124,Maham Siddiqui,Quetta,Pakistan,2025-10-31
3125,Ahmed Ahmed,Lahore,Pakistan,2023-01-05
3126,Hira Ahmed,Faisalabad,Pakistan,2021-01-28
3127,Bilal Raza,Faisalabad,Pakistan,2021-08-10
3128,Bilal Ali,Islamabad,Pakistan,2025-07-09
3129,Maryam Memon,Faisalabad,Pakistan,2023-04-07
3130,Sara Iqbal,Islamabad,Pakistan,2026-06-23
3131,Hassan Siddiqui,Dubai,UAE,2025-05-27
3132,Usman Chaudhry,Faisalabad,Pakistan,2021-03-03
3133,Zainab Ali,Dubai,UAE,2022-09-29
3134,Hira Khan,Faisalabad,Pakistan,2025-01-17
3135,Bilal Memon,Dubai,UAE,2021-05-09
3136,Zainab Buriro,Dubai,UAE,2026-07-30
3137,Sana Mirza,Islamabad,Pakistan,2021-12-05
3138,Sana Khan,Faisalabad,Pakistan,2025-06-13
3139,Ahmed Buriro,London,UK,2025-09-09
3140,Ali Qureshi,Quetta,Pakistan,2023-10-27
3141,Ali Malik,Rawalpindi,Pakistan,2025-06-26
3142,Sana Ahmed,New York,USA,2025-12-09
3143,Fatima Iqbal,Islamabad,Pakistan,2025-02-05
3144,Ahmed Khan,Doha,Qatar,2024-12-13
3145,Bilal Mirza,Dubai,UAE,2023-03-04
3146,Ayesha Hussain,Hyderabad,Pakistan,2022-08-20
3147,Ali Buriro,Islamabad,Pakistan,2025-11-04
3148,Ahmed Memon,Toronto,Canada,2023-04-25
3149,Hassan Mirza,Peshawar,Pakistan,2023-11-11
3150,Bilal Ahmed,New York,USA,2023-03-08
3151,Hamza Khan,New York,USA,2023-01-31
3152,Hussain Raza,Lahore,Pakistan,2024-05-06
3153,Hamza Qureshi,Dubai,UAE,2022-11-03
3154,Danish Ali,Multan,Pakistan,2026-07-09
3155,Omar Ahmed,Toronto,Canada,2021-12-29
3156,Fatima Malik,Rawalpindi,Pakistan,2023-03-04
3157,Ali Ali,Karachi,Pakistan,2025-09-19
3158,Fahad Khan,Sukkur,Pakistan,2023-08-28
3159,Maham Chaudhry,Quetta,Pakistan,2024-12-07
3160,Fatima Malik,Quetta,Pakistan,2024-08-11
3161,Maham Iqbal,Rawalpindi,Pakistan,2022-11-07
3162,Hassan Iqbal,Peshawar,Pakistan,2022-04-30
3163,Imran Ahmed,Doha,Qatar,2025-03-09
3164,Ahmed Memon,London,UK,2021-09-19
3165,Ahmed Hussain,Doha,Qatar,2024-11-15
3166,Ahmed Memon,Hyderabad,Pakistan,2021-08-18
3167,Usman Ali,Toronto,Canada,2025-11-06
3168,Ahmed Ahmed,Multan,Pakistan,2024-06-28
3169,Zainab Ali,Doha,Qatar,2021-03-24
3170,Danish Hussain,New York,USA,2021-08-10
3171,Bilal Iqbal,Islamabad,Pakistan,2022-01-17
3172,Hira Memon,Doha,Qatar,2026-05-11
3173,Hussain Memon,Sukkur,Pakistan,2024-04-16
3174,Sana Iqbal,London,UK,2022-07-23
3175,Fatima Memon,Quetta,Pakistan,2022-07-19
3176,Hamza Khan,Rawalpindi,Pakistan,2021-02-22
3177,Hassan Chaudhry,Doha,Qatar,2022-02-19
3178,Sara Qureshi,Lahore,Pakistan,2025-10-10
3179,Hira Khan,New York,USA,2024-05-05
3180,Ali Sheikh,Rawalpindi,Pakistan,2023-01-20
3181,Maryam Iqbal,London,UK,2021-02-13
3182,Maham Shah,Faisalabad,Pakistan,2022-11-30
3183,Danish Sheikh,Rawalpindi,Pakistan,2023-02-20
3184,Danish Ahmed,Rawalpindi,Pakistan,2021-08-30
3185,Ali Khan,Hyderabad,Pakistan,2024-05-22
3186,Saad Ali,Toronto,Canada,2024-09-07
3187,Imran Memon,London,UK,2026-07-28
3188,Hassan Mirza,Dubai,UAE,2023-01-02
3189,Hassan Ahmed,Sukkur,Pakistan,2022-07-17
3190,Sana Malik,Faisalabad,Pakistan,2025-08-05
3191,Bilal Ahmed,Toronto,Canada,2022-12-16
3192,Maryam Khan,Hyderabad,Pakistan,2024-07-09
3193,Usman Raza,Doha,Qatar,2025-02-12
3194,Fatima Memon,Multan,Pakistan,2025-11-29
3195,Usman Hussain,Multan,Pakistan,2022-10-12
3196,Maham Qureshi,Peshawar,Pakistan,2024-06-22
3197,Bilal Raza,London,UK,2021-09-25
3198,Sana Ali,Dubai,UAE,2025-05-08
3199,Sana Ahmed,London,UK,2021-04-02
3200,Sana Chaudhry,Lahore,Pakistan,2024-11-20
3201,Zainab Buriro,Islamabad,Pakistan,2022-03-02
3202,Hamza Chaudhry,New York,USA,2023-08-01
3203,Danish Chaudhry,Doha,Qatar,2021-06-05
3204,Sara Hussain,Lahore,Pakistan,2024-11-04
3205,Zainab Chaudhry,Toronto,Canada,2023-09-10
3206,Danish Siddiqui,Rawalpindi,Pakistan,2022-12-10
3207,Ahmed Khan,Doha,Qatar,2021-01-14
3208,Usman Khan,Doha,Qatar,2024-03-30
3209,Usman Ali,Sukkur,Pakistan,2024-11-24
3210,Saad Ali,Islamabad,Pakistan,2024-09-16
3211,Maryam Qureshi,London,UK,2022-06-19
3212,Hussain Memon,Lahore,Pakistan,2024-12-31
3213,Saad Buriro,Multan,Pakistan,2024-01-10
3214,Saad Raza,Sukkur,Pakistan,2022-03-05
3215,Hira Ahmed,Lahore,Pakistan,2021-08-15
3216,Fahad Buriro,Multan,Pakistan,2022-10-25
3217,Bilal Qureshi,London,UK,2021-02-16
3218,Maryam Khan,Lahore,Pakistan,2024-12-30
3219,Danish Malik,Multan,Pakistan,2021-01-31
3220,Ahmed Malik,Karachi,Pakistan,2021-04-09
3221,Danish Malik,Sukkur,Pakistan,2021-11-19
3222,Zainab Mirza,Lahore,Pakistan,2022-10-27
3223,Ali Buriro,Hyderabad,Pakistan,2021-02-10
3224,Bilal Memon,Peshawar,Pakistan,2024-07-07
3225,Hussain Ahmed,Rawalpindi,Pakistan,2021-09-27
3226,Maham Mirza,Rawalpindi,Pakistan,2025-06-25
3227,Saad Memon,New York,USA,2024-02-14
3228,Fatima Ahmed,London,UK,2021-06-19
3229,Bilal Hussain,Lahore,Pakistan,2023-03-27
3230,Hamza Sheikh,New York,USA,2021-10-13
3231,Hussain Siddiqui,Peshawar,Pakistan,2026-06-22
3232,Usman Ali,Islamabad,Pakistan,2024-04-22
3233,Hassan Sheikh,Toronto,Canada,2025-07-07
3234,Omar Ali,Multan,Pakistan,2023-02-03
3235,Zainab Ahmed,Hyderabad,Pakistan,2021-10-27
3236,Ali Ali,Islamabad,Pakistan,2022-04-24
3237,Ayesha Iqbal,Toronto,Canada,2023-04-30
3238,Usman Malik,Hyderabad,Pakistan,2025-04-20
3239,Usman Qureshi,Quetta,Pakistan,2023-05-29
3240,Sara Malik,Rawalpindi,Pakistan,2026-03-08
3241,Hira Chaudhry,Toronto,Canada,2023-01-08
3242,Imran Raza,London,UK,2022-04-21
3243,Sara Chaudhry,Peshawar,Pakistan,2023-10-08
3244,Maham Malik,Multan,Pakistan,2021-08-15
3245,Hassan Ali,Sukkur,Pakistan,2024-09-27
3246,Fahad Raza,Peshawar,Pakistan,2021-07-25
3247,Bilal Qureshi,Doha,Qatar,2024-07-30
3248,Bilal Mirza,Dubai,UAE,2023-02-19
3249,Maryam Chaudhry,Karachi,Pakistan,2022-12-29
3250,Hamza Sheikh,New York,USA,2024-05-29
3251,Hassan Iqbal,Islamabad,Pakistan,2024-12-07
3252,Zainab Raza,Hyderabad,Pakistan,2026-03-09
3253,Ayesha Malik,Faisalabad,Pakistan,2022-08-13
3254,Imran Sheikh,Rawalpindi,Pakistan,2025-07-13
3255,Hira Khan,Doha,Qatar,2025-08-30
3256,Bilal Mirza,Doha,Qatar,2026-07-23
3257,Ahmed Ali,Islamabad,Pakistan,2026-05-20
3258,Danish Malik,Hyderabad,Pakistan,2025-05-30
3259,Bilal Raza,Multan,Pakistan,2022-08-24
3260,Hussain Khan,Dubai,UAE,2024-11-16
3261,Ali Ali,Quetta,Pakistan,2025-05-19
3262,Hussain Memon,Dubai,UAE,2022-08-17
3263,Bilal Ali,Karachi,Pakistan,2025-07-16
3264,Ali Sheikh,Peshawar,Pakistan,2024-12-01
3265,Danish Qureshi,Rawalpindi,Pakistan,2023-09-28
3266,Ahmed Shah,Rawalpindi,Pakistan,2025-10-23
3267,Fatima Ahmed,London,UK,2021-06-28
3268,Saad Buriro,Islamabad,Pakistan,2024-10-25
3269,Hamza Iqbal,Karachi,Pakistan,2025-05-22
3270,Hamza Ahmed,Peshawar,Pakistan,2021-03-24
3271,Imran Iqbal,London,UK,2023-04-11
3272,Hamza Raza,Peshawar,Pakistan,2023-11-20
3273,Hussain Hussain,Islamabad,Pakistan,2022-03-01
3274,Hira Memon,London,UK,2025-11-28
3275,Sana Memon,Multan,Pakistan,2024-07-01
3276,Sana Mirza,Dubai,UAE,2022-07-15
3277,Hussain Sheikh,Rawalpindi,Pakistan,2023-06-10
3278,Ayesha Raza,Toronto,Canada,2021-08-17
3279,Hassan Malik,Hyderabad,Pakistan,2021-06-28
3280,Saad Ali,Doha,Qatar,2025-03-02
3281,Maryam Hussain,Multan,Pakistan,2026-06-28
3282,Fatima Khan,Dubai,UAE,2022-07-19
3283,Ali Malik,Peshawar,Pakistan,2022-05-14
3284,Hassan Ali,Lahore,Pakistan,2024-10-25
3285,Hussain Ahmed,Lahore,Pakistan,2023-11-08
3286,Danish Hussain,Faisalabad,Pakistan,2021-10-12
3287,Ali Hussain,Islamabad,Pakistan,2024-09-21
3288,Hassan Siddiqui,Sukkur,Pakistan,2022-03-04
3289,Ali Ali,Islamabad,Pakistan,2021-08-23
3290,Hassan Siddiqui,Quetta,Pakistan,2023-08-05
3291,Fatima Qureshi,Rawalpindi,Pakistan,2025-02-15
3292,Maryam Memon,Islamabad,Pakistan,2023-11-29
3293,Sara Raza,Multan,Pakistan,2024-08-14
3294,Zainab Sheikh,Quetta,Pakistan,2022-04-30
3295,Usman Sheikh,Multan,Pakistan,2023-10-04
3296,Ali Iqbal,Multan,Pakistan,2024-12-23
3297,Omar Buriro,Multan,Pakistan,2023-12-13
3298,Saad Sheikh,Multan,Pakistan,2022-05-04
3299,Fahad Sheikh,Faisalabad,Pakistan,2026-04-30
3300,Hassan Khan,New York,USA,2021-05-18
3301,Hassan Iqbal,Quetta,Pakistan,2026-01-31
3302,Fatima Malik,Faisalabad,Pakistan,2025-01-16
3303,Ayesha Shah,London,UK,2021-08-17
3304,Fahad Iqbal,Peshawar,Pakistan,2022-06-05
3305,Ahmed Memon,Doha,Qatar,2023-01-22
3306,Hamza Khan,Quetta,Pakistan,2026-05-06
3307,Imran Khan,Rawalpindi,Pakistan,2023-11-20
3308,Usman Khan,Quetta,Pakistan,2022-06-10
3309,Fatima Raza,London,UK,2026-02-18
3310,Hamza Ali,Rawalpindi,Pakistan,2021-08-29
3311,Hassan Iqbal,Rawalpindi,Pakistan,2025-07-23
3312,Danish Iqbal,Quetta,Pakistan,2025-08-20
3313,Zainab Raza,Toronto,Canada,2023-02-27
3314,Maham Hussain,Multan,Pakistan,2021-03-29
3315,Ayesha Malik,Peshawar,Pakistan,2025-12-12
3316,Fatima Khan,Sukkur,Pakistan,2026-05-26
3317,Hussain Buriro,Sukkur,Pakistan,2023-02-10
3318,Fahad Ali,Islamabad,Pakistan,2022-01-14
3319,Ahmed Ali,Multan,Pakistan,2022-07-07
3320,Maham Malik,Doha,Qatar,2021-10-06
3321,Hamza Khan,Toronto,Canada,2024-05-27
3322,Saad Siddiqui,London,UK,2023-11-23
3323,Maham Memon,Karachi,Pakistan,2022-12-27
3324,Hassan Mirza,Faisalabad,Pakistan,2024-08-19
3325,Sana Hussain,Karachi,Pakistan,2024-06-22
3326,Usman Mirza,Hyderabad,Pakistan,2021-01-23
3327,Imran Siddiqui,New York,USA,2023-04-15
3328,Ahmed Mirza,Multan,Pakistan,2025-10-26
3329,Fahad Sheikh,Islamabad,Pakistan,2025-06-10
3330,Sana Shah,Dubai,UAE,2025-10-09
3331,Ahmed Iqbal,London,UK,2026-04-29
3332,Fatima Malik,Sukkur,Pakistan,2021-05-06
3333,Hira Khan,New York,USA,2022-07-05
3334,Ahmed Shah,Dubai,UAE,2023-07-26
3335,Fatima Qureshi,Sukkur,Pakistan,2023-11-06
3336,Hussain Qureshi,Toronto,Canada,2025-05-22
3337,Hamza Sheikh,Hyderabad,Pakistan,2025-01-16
3338,Sana Chaudhry,Faisalabad,Pakistan,2024-12-10
3339,Danish Malik,Quetta,Pakistan,2021-11-20
3340,Imran Sheikh,Dubai,UAE,2024-10-13
3341,Hussain Qureshi,Peshawar,Pakistan,2025-06-11
3342,Sara Mirza,Faisalabad,Pakistan,2025-03-13
3343,Omar Ahmed,Islamabad,Pakistan,2024-04-03
3344,Hussain Ali,Sukkur,Pakistan,2021-06-29
3345,Hira Sheikh,Lahore,Pakistan,2021-11-02
3346,Fatima Memon,Peshawar,Pakistan,2025-02-23
3347,Danish Buriro,Faisalabad,Pakistan,2025-11-05
3348,Hassan Raza,London,UK,2025-08-10
3349,Fahad Buriro,Peshawar,Pakistan,2023-05-20
3350,Hamza Qureshi,Karachi,Pakistan,2024-04-11
3351,Fahad Khan,Peshawar,Pakistan,2021-12-26
3352,Zainab Ali,Rawalpindi,Pakistan,2024-04-21
3353,Fahad Khan,Multan,Pakistan,2022-02-03
3354,Ali Malik,Hyderabad,Pakistan,2025-06-09
3355,Usman Sheikh,Islamabad,Pakistan,2025-05-20
3356,Bilal Qureshi,Doha,Qatar,2021-04-15
3357,Sana Raza,Rawalpindi,Pakistan,2026-03-22
3358,Imran Sheikh,Peshawar,Pakistan,2025-06-11
3359,Sana Memon,New York,USA,2023-02-10
3360,Hussain Memon,Multan,Pakistan,2023-07-09
3361,Fahad Malik,Doha,Qatar,2021-06-10
3362,Hussain Qureshi,Faisalabad,Pakistan,2026-03-24
3363,Bilal Raza,Doha,Qatar,2021-07-25
3364,Fahad Raza,Faisalabad,Pakistan,2026-02-23
3365,Hassan Malik,Karachi,Pakistan,2024-08-26
3366,Hira Malik,Toronto,Canada,2026-02-16
3367,Sana Memon,New York,USA,2023-01-26
3368,Hamza Hussain,Doha,Qatar,2025-12-31
3369,Omar Ahmed,Lahore,Pakistan,2023-05-19
3370,Omar Siddiqui,New York,USA,2022-12-15
3371,Ali Chaudhry,Multan,Pakistan,2022-11-18
3372,Zainab Khan,New York,USA,2026-04-25
3373,Fahad Mirza,Doha,Qatar,2023-08-07
3374,Ali Ahmed,Islamabad,Pakistan,2023-09-03
3375,Omar Sheikh,Multan,Pakistan,2024-02-07
3376,Sara Siddiqui,Hyderabad,Pakistan,2024-01-08
3377,Maryam Khan,Hyderabad,Pakistan,2023-02-12
3378,Hira Chaudhry,Quetta,Pakistan,2021-12-01
3379,Zainab Siddiqui,Faisalabad,Pakistan,2026-07-20
3380,Bilal Iqbal,Sukkur,Pakistan,2023-09-29
3381,Ali Malik,Dubai,UAE,2026-06-05
3382,Hassan Mirza,Rawalpindi,Pakistan,2023-07-28
3383,Fatima Chaudhry,Karachi,Pakistan,2024-05-06
3384,Hira Raza,London,UK,2024-01-18
3385,Zainab Shah,Islamabad,Pakistan,2026-05-23
3386,Sana Memon,Islamabad,Pakistan,2021-08-14
3387,Saad Raza,Sukkur,Pakistan,2023-11-21
3388,Imran Iqbal,Rawalpindi,Pakistan,2021-11-09
3389,Zainab Siddiqui,Islamabad,Pakistan,2025-11-05
3390,Hassan Malik,Hyderabad,Pakistan,2023-12-17
3391,Fahad Ahmed,Peshawar,Pakistan,2026-02-25
3392,Omar Memon,New York,USA,2022-07-16
3393,Usman Iqbal,Doha,Qatar,2021-11-28
3394,Maryam Khan,Dubai,UAE,2024-07-05
3395,Usman Buriro,Toronto,Canada,2021-10-25
3396,Fahad Chaudhry,Peshawar,Pakistan,2023-01-30
3397,Fahad Ali,Faisalabad,Pakistan,2022-10-02
3398,Sara Ali,New York,USA,2022-03-26
3399,Ahmed Memon,Hyderabad,Pakistan,2021-09-24
3400,Fatima Hussain,New York,USA,2024-08-30
3401,Fahad Ali,Doha,Qatar,2025-03-26
3402,Zainab Mirza,Multan,Pakistan,2023-03-14
3403,Ayesha Sheikh,Sukkur,Pakistan,2022-07-27
3404,Fatima Chaudhry,London,UK,2021-11-18
3405,Ali Chaudhry,London,UK,2024-10-11
3406,Danish Mirza,Rawalpindi,Pakistan,2025-07-07
3407,Ayesha Sheikh,Doha,Qatar,2024-01-22
3408,Omar Shah,Peshawar,Pakistan,2023-05-30
3409,Fahad Sheikh,Karachi,Pakistan,2024-08-14
3410,Sara Ali,Lahore,Pakistan,2026-02-08
3411,Maham Hussain,Dubai,UAE,2026-07-10
3412,Saad Ahmed,Faisalabad,Pakistan,2022-01-30
3413,Zainab Sheikh,Lahore,Pakistan,2023-08-30
3414,Zainab Khan,Peshawar,Pakistan,2025-11-22
3415,Fatima Malik,Quetta,Pakistan,2024-07-13
3416,Maryam Shah,Lahore,Pakistan,2025-07-21
3417,Ayesha Hussain,Multan,Pakistan,2026-07-23
3418,Ahmed Buriro,Faisalabad,Pakistan,2021-07-31
3419,Sara Khan,London,UK,2024-06-02
3420,Ahmed Mirza,Sukkur,Pakistan,2023-12-20
3421,Bilal Mirza,Lahore,Pakistan,2022-08-04
3422,Fatima Qureshi,Sukkur,Pakistan,2024-08-25
3423,Bilal Hussain,Toronto,Canada,2021-07-31
3424,Hassan Siddiqui,Karachi,Pakistan,2023-10-07
3425,Hamza Ahmed,Doha,Qatar,2023-04-26
3426,Omar Sheikh,Lahore,Pakistan,2023-03-07
3427,Hira Ali,Sukkur,Pakistan,2024-06-05
3428,Fahad Chaudhry,Multan,Pakistan,2026-04-08
3429,Hira Chaudhry,Dubai,UAE,2026-04-15
3430,Ayesha Mirza,New York,USA,2024-11-29
3431,Sara Raza,New York,USA,2022-11-06
3432,Hussain Raza,Toronto,Canada,2026-05-23
3433,Imran Iqbal,New York,USA,2026-07-28
3434,Ayesha Shah,Hyderabad,Pakistan,2025-09-21
3435,Sara Ali,Faisalabad,Pakistan,2025-11-15
3436,Hussain Raza,Dubai,UAE,2025-07-24
3437,Saad Malik,Islamabad,Pakistan,2025-03-30
3438,Ayesha Malik,Quetta,Pakistan,2025-01-18
3439,Ayesha Khan,Peshawar,Pakistan,2024-07-25
3440,Sana Raza,Doha,Qatar,2024-08-09
3441,Hamza Shah,Karachi,Pakistan,2023-03-06
3442,Maham Ahmed,Lahore,Pakistan,2025-12-13
3443,Ali Khan,Karachi,Pakistan,2024-07-17
3444,Fahad Qureshi,Quetta,Pakistan,2024-06-04
3445,Hassan Chaudhry,Quetta,Pakistan,2025-02-20
3446,Hassan Qureshi,Quetta,Pakistan,2021-06-03
3447,Ali Memon,Rawalpindi,Pakistan,2026-02-16
3448,Hira Buriro,Hyderabad,Pakistan,2024-04-02
3449,Bilal Malik,Faisalabad,Pakistan,2026-04-09
3450,Imran Mirza,Karachi,Pakistan,2021-07-29
3451,Ali Memon,London,UK,2022-04-22
3452,Danish Raza,Karachi,Pakistan,2026-04-19
3453,Maryam Khan,Dubai,UAE,2024-11-12
3454,Ali Khan,Faisalabad,Pakistan,2024-08-10
3455,Hussain Iqbal,Doha,Qatar,2023-04-04
3456,Maryam Buriro,Dubai,UAE,2024-02-07
3457,Bilal Iqbal,Peshawar,Pakistan,2024-01-19
3458,Hussain Chaudhry,Dubai,UAE,2022-02-08
3459,Ali Khan,Lahore,Pakistan,2024-02-29
3460,Ahmed Buriro,Islamabad,Pakistan,2023-11-18
3461,Bilal Siddiqui,Peshawar,Pakistan,2022-10-01
3462,Fatima Buriro,New York,USA,2022-11-30
3463,Hamza Khan,New York,USA,2025-04-14
3464,Omar Malik,Multan,Pakistan,2024-10-08
3465,Sara Buriro,Hyderabad,Pakistan,2023-08-16
3466,Ahmed Buriro,Doha,Qatar,2024-05-16
3467,Ahmed Hussain,Quetta,Pakistan,2022-05-07
3468,Omar Malik,Lahore,Pakistan,2023-10-15
3469,Fatima Malik,Rawalpindi,Pakistan,2024-02-19
3470,Maham Iqbal,New York,USA,2022-05-31
3471,Danish Siddiqui,Toronto,Canada,2021-12-12
3472,Zainab Siddiqui,Toronto,Canada,2023-12-08
3473,Maham Raza,Karachi,Pakistan,2026-04-02
3474,Fatima Siddiqui,New York,USA,2023-07-30
3475,Omar Raza,Lahore,Pakistan,2026-01-12
3476,Hira Siddiqui,New York,USA,2025-10-01
3477,Danish Mirza,Toronto,Canada,2025-02-26
3478,Ayesha Chaudhry,Multan,Pakistan,2025-12-28
3479,Hussain Chaudhry,Islamabad,Pakistan,2023-04-19
3480,Bilal Raza,Dubai,UAE,2025-03-28
3481,Bilal Siddiqui,Lahore,Pakistan,2021-10-22
3482,Hamza Memon,Quetta,Pakistan,2022-10-14
3483,Ahmed Mirza,Hyderabad,Pakistan,2024-02-29
3484,Imran Raza,Faisalabad,Pakistan,2021-03-19
3485,Zainab Memon,New York,USA,2025-04-09
3486,Hussain Buriro,Doha,Qatar,2026-03-01
3487,Usman Memon,Faisalabad,Pakistan,2021-08-03
3488,Hamza Buriro,Hyderabad,Pakistan,2026-07-15
3489,Maham Shah,New York,USA,2021-06-29
3490,Maryam Sheikh,Faisalabad,Pakistan,2021-09-16
3491,Bilal Raza,Islamabad,Pakistan,2025-04-03
3492,Saad Khan,Toronto,Canada,2024-10-29
3493,Saad Mirza,Doha,Qatar,2026-03-23
3494,Zainab Hussain,Hyderabad,Pakistan,2023-05-17
3495,Omar Ali,Islamabad,Pakistan,2024-03-12
3496,Sana Mirza,Islamabad,Pakistan,2021-10-30
3497,Usman Memon,Quetta,Pakistan,2024-11-10
3498,Sara Buriro,Hyderabad,Pakistan,2026-07-28
3499,Hamza Qureshi,Sukkur,Pakistan,2024-05-01
3500,Ayesha Mirza,London,UK,2023-03-14
3501,Imran Siddiqui,Karachi,Pakistan,2026-06-26
3502,Saad Raza,New York,USA,2023-12-30
3503,Omar Khan,Karachi,Pakistan,2021-10-21
3504,Maryam Hussain,Lahore,Pakistan,2023-01-09
3505,Saad Memon,Dubai,UAE,2023-09-30
3506,Ali Raza,Sukkur,Pakistan,2021-05-17
3507,Sara Sheikh,Doha,Qatar,2025-12-31
3508,Ayesha Mirza,Quetta,Pakistan,2022-05-03
3509,Maryam Memon,Faisalabad,Pakistan,2024-10-07
3510,Fatima Malik,Dubai,UAE,2026-02-18
3511,Zainab Iqbal,London,UK,2023-06-05
3512,Maryam Memon,Dubai,UAE,2024-05-26
3513,Hassan Iqbal,Multan,Pakistan,2023-11-20
3514,Usman Iqbal,Doha,Qatar,2025-04-07
3515,Ayesha Chaudhry,Hyderabad,Pakistan,2021-03-20
3516,Fahad Buriro,Multan,Pakistan,2023-01-03
3517,Imran Hussain,Hyderabad,Pakistan,2024-05-31
3518,Danish Ahmed,Hyderabad,Pakistan,2021-07-06
3519,Ahmed Raza,Rawalpindi,Pakistan,2025-10-19
3520,Danish Buriro,Quetta,Pakistan,2024-07-12
3521,Zainab Sheikh,Dubai,UAE,2021-01-06
3522,Maryam Chaudhry,Faisalabad,Pakistan,2021-01-25
3523,Danish Ali,Toronto,Canada,2021-11-23
3524,Sana Qureshi,Peshawar,Pakistan,2024-09-15
3525,Maham Sheikh,Peshawar,Pakistan,2023-11-22
3526,Saad Siddiqui,Lahore,Pakistan,2023-09-10
3527,Hira Ali,Toronto,Canada,2024-02-18
3528,Imran Ahmed,Islamabad,Pakistan,2023-10-06
3529,Omar Mirza,Islamabad,Pakistan,2022-12-01
3530,Saad Sheikh,Doha,Qatar,2021-01-15
3531,Fatima Khan,Peshawar,Pakistan,2021-02-26
3532,Saad Khan,Lahore,Pakistan,2024-11-05
3533,Ali Sheikh,Faisalabad,Pakistan,2025-02-24
3534,Ali Ahmed,Quetta,Pakistan,2022-05-04
3535,Maryam Memon,Karachi,Pakistan,2022-05-11
3536,Bilal Buriro,London,UK,2023-04-12
3537,Maryam Shah,Dubai,UAE,2024-08-06
3538,Sara Raza,Karachi,Pakistan,2024-04-24
3539,Danish Ahmed,Sukkur,Pakistan,2024-02-14
3540,Usman Malik,Rawalpindi,Pakistan,2021-03-16
3541,Hamza Chaudhry,London,UK,2023-05-29
3542,Sara Raza,Multan,Pakistan,2025-03-14
3543,Zainab Chaudhry,Rawalpindi,Pakistan,2024-04-18
3544,Ayesha Shah,Peshawar,Pakistan,2025-07-03
3545,Hassan Malik,Faisalabad,Pakistan,2024-11-17
3546,Hira Sheikh,Multan,Pakistan,2026-01-08
3547,Ayesha Sheikh,Toronto,Canada,2024-03-12
3548,Saad Iqbal,Sukkur,Pakistan,2024-03-06
3549,Hussain Ali,Peshawar,Pakistan,2024-02-11
3550,Usman Mirza,Rawalpindi,Pakistan,2022-06-24
3551,Fatima Mirza,Quetta,Pakistan,2023-06-08
3552,Maryam Raza,Karachi,Pakistan,2021-12-10
3553,Bilal Qureshi,Toronto,Canada,2023-05-27
3554,Hassan Sheikh,Karachi,Pakistan,2021-11-02
3555,Bilal Malik,Dubai,UAE,2023-09-28
3556,Ali Buriro,Multan,Pakistan,2026-04-29
3557,Imran Sheikh,Dubai,UAE,2023-07-11
3558,Zainab Chaudhry,Multan,Pakistan,2025-02-14
3559,Zainab Hussain,Karachi,Pakistan,2023-06-14
3560,Ayesha Sheikh,Doha,Qatar,2026-01-21
3561,Zainab Memon,London,UK,2022-03-05
3562,Maryam Sheikh,Karachi,Pakistan,2025-08-28
3563,Ahmed Chaudhry,Karachi,Pakistan,2025-01-17
3564,Fahad Ahmed,Peshawar,Pakistan,2025-12-17
3565,Bilal Iqbal,Doha,Qatar,2021-09-28
3566,Hamza Mirza,Quetta,Pakistan,2025-12-29
3567,Maham Mirza,Karachi,Pakistan,2026-01-26
3568,Ali Sheikh,Dubai,UAE,2022-08-27
3569,Sana Mirza,Faisalabad,Pakistan,2024-06-27
3570,Usman Malik,Sukkur,Pakistan,2024-04-10
3571,Hussain Buriro,Multan,Pakistan,2021-04-10
3572,Saad Ahmed,Karachi,Pakistan,2023-12-07
3573,Usman Malik,Karachi,Pakistan,2024-09-05
3574,Fahad Siddiqui,Sukkur,Pakistan,2022-02-22
3575,Bilal Malik,Sukkur,Pakistan,2024-04-08
3576,Sana Qureshi,Hyderabad,Pakistan,2026-03-10
3577,Hassan Mirza,Lahore,Pakistan,2021-05-04
3578,Ayesha Shah,London,UK,2026-03-23
3579,Sara Buriro,Islamabad,Pakistan,2025-07-22
3580,Hussain Ali,Islamabad,Pakistan,2025-09-21
3581,Ali Buriro,Faisalabad,Pakistan,2021-04-08
3582,Maryam Buriro,Dubai,UAE,2024-03-03
3583,Maryam Siddiqui,Doha,Qatar,2023-01-22
3584,Sana Memon,Sukkur,Pakistan,2026-02-17
3585,Omar Chaudhry,Doha,Qatar,2025-02-18
3586,Fahad Mirza,Sukkur,Pakistan,2024-08-17
3587,Saad Qureshi,New York,USA,2021-02-26
3588,Hassan Sheikh,Islamabad,Pakistan,2025-11-19
3589,Sara Buriro,Karachi,Pakistan,2023-09-26
3590,Omar Malik,Dubai,UAE,2021-11-23
3591,Ayesha Mirza,Doha,Qatar,2025-11-17
3592,Ahmed Malik,London,UK,2026-01-17
3593,Usman Mirza,Multan,Pakistan,2023-10-10
3594,Fatima Ali,Peshawar,Pakistan,2024-09-10
3595,Bilal Khan,Lahore,Pakistan,2024-05-29
3596,Fatima Iqbal,Multan,Pakistan,2022-09-11
3597,Sana Chaudhry,Dubai,UAE,2025-03-06
3598,Sara Chaudhry,Islamabad,Pakistan,2026-07-27
3599,Hamza Iqbal,Peshawar,Pakistan,2026-03-19
3600,Usman Siddiqui,Hyderabad,Pakistan,2024-10-31
3601,Hira Malik,Peshawar,Pakistan,2023-01-05
3602,Bilal Ali,London,UK,2026-01-26
3603,Ali Sheikh,Toronto,Canada,2026-03-06
3604,Saad Shah,Faisalabad,Pakistan,2021-01-12
3605,Ayesha Iqbal,New York,USA,2022-11-21
3606,Maham Khan,Dubai,UAE,2024-01-31
3607,Zainab Ahmed,Toronto,Canada,2024-03-23
3608,Usman Shah,London,UK,2024-12-23
3609,Maryam Ahmed,Quetta,Pakistan,2023-11-13
3610,Bilal Shah,Dubai,UAE,2021-01-28
3611,Omar Hussain,Hyderabad,Pakistan,2021-12-04
3612,Omar Malik,Dubai,UAE,2025-04-04
3613,Zainab Hussain,Dubai,UAE,2024-11-14
3614,Ali Chaudhry,Sukkur,Pakistan,2024-08-20
3615,Imran Hussain,Lahore,Pakistan,2023-06-18
3616,Sana Memon,Peshawar,Pakistan,2022-07-14
3617,Ayesha Qureshi,Dubai,UAE,2022-09-20
3618,Omar Ahmed,Islamabad,Pakistan,2024-11-05
3619,Danish Malik,London,UK,2023-10-25
3620,Bilal Iqbal,New York,USA,2021-09-24
3621,Zainab Hussain,Quetta,Pakistan,2023-03-26
3622,Usman Malik,Doha,Qatar,2025-08-07
3623,Sara Siddiqui,New York,USA,2024-05-05
3624,Hassan Mirza,Faisalabad,Pakistan,2025-11-01
3625,Ayesha Memon,Toronto,Canada,2023-11-03
3626,Hamza Raza,Toronto,Canada,2023-09-17
3627,Maham Chaudhry,Lahore,Pakistan,2026-04-19
3628,Usman Memon,Doha,Qatar,2023-11-01
3629,Imran Hussain,Karachi,Pakistan,2021-10-03
3630,Hassan Ahmed,Peshawar,Pakistan,2023-03-31
3631,Usman Ali,Doha,Qatar,2024-08-12
3632,Maham Iqbal,Dubai,UAE,2022-12-05
3633,Zainab Raza,Hyderabad,Pakistan,2023-04-17
3634,Maham Siddiqui,Sukkur,Pakistan,2025-11-14
3635,Fatima Raza,Rawalpindi,Pakistan,2023-06-06
3636,Hamza Khan,Rawalpindi,Pakistan,2022-09-14
3637,Sana Mirza,Toronto,Canada,2021-08-08
3638,Ahmed Shah,Karachi,Pakistan,2023-04-02
3639,Bilal Mirza,Doha,Qatar,2025-04-12
3640,Zainab Raza,Faisalabad,Pakistan,2022-09-04
3641,Maryam Malik,Karachi,Pakistan,2023-08-18
3642,Sara Khan,London,UK,2024-08-31
3643,Hassan Mirza,Karachi,Pakistan,2026-03-07
3644,Hira Ahmed,Hyderabad,Pakistan,2025-07-18
3645,Ayesha Khan,Rawalpindi,Pakistan,2022-08-07
3646,Hira Buriro,London,UK,2021-12-01
3647,Bilal Qureshi,Multan,Pakistan,2024-09-29
3648,Usman Qureshi,Sukkur,Pakistan,2022-06-04
3649,Bilal Shah,Lahore,Pakistan,2023-03-11
3650,Ayesha Mirza,Dubai,UAE,2021-08-01
3651,Maham Malik,Dubai,UAE,2025-04-28
3652,Imran Shah,Hyderabad,Pakistan,2021-11-23
3653,Imran Malik,Toronto,Canada,2023-02-15
3654,Zainab Shah,Peshawar,Pakistan,2023-04-10
3655,Maham Malik,Dubai,UAE,2021-03-28
3656,Fahad Ali,Islamabad,Pakistan,2025-05-01
3657,Zainab Ahmed,Toronto,Canada,2024-06-14
3658,Fahad Siddiqui,Rawalpindi,Pakistan,2024-01-09
3659,Hira Chaudhry,Sukkur,Pakistan,2021-12-29
3660,Zainab Khan,Lahore,Pakistan,2021-04-19
3661,Usman Shah,Karachi,Pakistan,2024-06-27
3662,Imran Chaudhry,Lahore,Pakistan,2025-03-05
3663,Fatima Chaudhry,Doha,Qatar,2025-06-20
3664,Usman Memon,Rawalpindi,Pakistan,2023-03-13
3665,Omar Shah,Toronto,Canada,2021-01-03
3666,Bilal Siddiqui,Quetta,Pakistan,2022-05-15
3667,Hamza Shah,Lahore,Pakistan,2025-05-23
3668,Hamza Ali,Faisalabad,Pakistan,2025-04-06
3669,Saad Qureshi,Peshawar,Pakistan,2023-11-01
3670,Hassan Raza,Hyderabad,Pakistan,2021-02-18
3671,Fahad Qureshi,Sukkur,Pakistan,2025-05-02
3672,Danish Hussain,New York,USA,2025-07-21
3673,Sara Malik,Toronto,Canada,2022-04-08
3674,Ali Qureshi,Peshawar,Pakistan,2025-06-28
3675,Imran Buriro,Toronto,Canada,2024-07-27
3676,Maham Chaudhry,Toronto,Canada,2025-12-15
3677,Omar Malik,Lahore,Pakistan,2024-06-30
3678,Imran Raza,Sukkur,Pakistan,2021-07-02
3679,Bilal Malik,London,UK,2024-08-11
3680,Fahad Khan,Karachi,Pakistan,2021-08-08
3681,Ahmed Buriro,Sukkur,Pakistan,2022-06-12
3682,Ali Ahmed,Toronto,Canada,2025-11-14
3683,Saad Siddiqui,Hyderabad,Pakistan,2026-05-28
3684,Sara Sheikh,New York,USA,2023-08-27
3685,Ahmed Ahmed,Doha,Qatar,2022-08-17
3686,Maham Ali,Sukkur,Pakistan,2023-03-11
3687,Sana Qureshi,Sukkur,Pakistan,2022-05-09
3688,Omar Iqbal,Quetta,Pakistan,2024-03-14
3689,Maryam Hussain,Faisalabad,Pakistan,2023-05-09
3690,Omar Qureshi,Faisalabad,Pakistan,2021-04-30
3691,Hira Khan,Peshawar,Pakistan,2024-05-28
3692,Usman Hussain,Peshawar,Pakistan,2024-08-04
3693,Maryam Ali,New York,USA,2024-09-21
3694,Maham Raza,London,UK,2026-04-11
3695,Usman Buriro,Multan,Pakistan,2024-12-05
3696,Saad Siddiqui,Peshawar,Pakistan,2024-10-09
3697,Bilal Malik,Rawalpindi,Pakistan,2022-03-08
3698,Sana Khan,Islamabad,Pakistan,2023-08-05
3699,Fatima Khan,Multan,Pakistan,2023-06-05
3700,Ali Siddiqui,Karachi,Pakistan,2026-05-13
3701,Sara Chaudhry,New York,USA,2023-08-25
3702,Ahmed Shah,Lahore,Pakistan,2024-11-04
3703,Ayesha Raza,Hyderabad,Pakistan,2024-01-07
3704,Saad Memon,Rawalpindi,Pakistan,2021-04-27
3705,Zainab Khan,Rawalpindi,Pakistan,2026-03-22
3706,Ahmed Ahmed,Multan,Pakistan,2024-09-27
3707,Hira Malik,Dubai,UAE,2022-04-15
3708,Usman Memon,Toronto,Canada,2021-05-02
3709,Danish Siddiqui,Islamabad,Pakistan,2026-03-25
3710,Fahad Buriro,Rawalpindi,Pakistan,2022-09-19
3711,Sara Chaudhry,Peshawar,Pakistan,2021-02-04
3712,Hussain Buriro,Hyderabad,Pakistan,2024-06-08
3713,Saad Iqbal,London,UK,2021-02-03
3714,Sana Buriro,Rawalpindi,Pakistan,2022-03-16
3715,Fahad Mirza,Faisalabad,Pakistan,2025-12-26
3716,Fahad Mirza,Quetta,Pakistan,2021-03-19
3717,Omar Memon,Multan,Pakistan,2025-03-13
3718,Ayesha Mirza,Sukkur,Pakistan,2024-06-13
3719,Danish Iqbal,London,UK,2022-09-16
3720,Sana Sheikh,Peshawar,Pakistan,2022-08-06
3721,Hussain Hussain,Faisalabad,Pakistan,2023-08-26
3722,Sana Sheikh,Doha,Qatar,2023-12-23
3723,Hira Mirza,Doha,Qatar,2025-12-20
3724,Hassan Siddiqui,Doha,Qatar,2022-06-17
3725,Sara Mirza,Karachi,Pakistan,2024-04-17
3726,Maham Buriro,New York,USA,2024-10-30
3727,Fahad Iqbal,Toronto,Canada,2021-01-26
3728,Maryam Shah,New York,USA,2025-12-31
3729,Sana Memon,London,UK,2026-07-15
3730,Hassan Buriro,Multan,Pakistan,2021-06-26
3731,Zainab Iqbal,Dubai,UAE,2022-06-18
3732,Usman Chaudhry,Quetta,Pakistan,2025-05-22
3733,Ayesha Raza,New York,USA,2025-07-08
3734,Hira Raza,Multan,Pakistan,2021-11-15
3735,Imran Ahmed,London,UK,2026-02-13
3736,Sara Iqbal,London,UK,2022-11-03
3737,Usman Shah,New York,USA,2022-08-22
3738,Fatima Memon,Islamabad,Pakistan,2022-12-30
3739,Saad Buriro,New York,USA,2024-09-30
3740,Maham Siddiqui,Rawalpindi,Pakistan,2022-02-25
3741,Maryam Shah,Doha,Qatar,2024-01-12
3742,Fatima Ahmed,Karachi,Pakistan,2021-06-03
3743,Ali Mirza,Rawalpindi,Pakistan,2025-04-16
3744,Danish Sheikh,Sukkur,Pakistan,2023-02-21
3745,Ali Ali,Quetta,Pakistan,2025-06-06
3746,Hassan Memon,Dubai,UAE,2025-02-12
3747,Usman Shah,Faisalabad,Pakistan,2026-07-25
3748,Fahad Chaudhry,Karachi,Pakistan,2021-10-08
3749,Maham Malik,Sukkur,Pakistan,2026-03-20
3750,Sana Shah,Peshawar,Pakistan,2025-12-23
3751,Fahad Ali,Peshawar,Pakistan,2023-06-05
3752,Sara Sheikh,Multan,Pakistan,2021-10-03
3753,Maham Siddiqui,Toronto,Canada,2021-09-29
3754,Hussain Buriro,London,UK,2023-11-08
3755,Maryam Siddiqui,Islamabad,Pakistan,2021-01-22
3756,Omar Qureshi,Karachi,Pakistan,2021-07-14
3757,Fatima Shah,Islamabad,Pakistan,2023-12-20
3758,Bilal Malik,Karachi,Pakistan,2024-02-22
3759,Ali Chaudhry,Dubai,UAE,2025-10-20
3760,Usman Ahmed,Sukkur,Pakistan,2026-06-09
3761,Hussain Iqbal,Faisalabad,Pakistan,2022-06-30
3762,Fatima Malik,Quetta,Pakistan,2022-11-05
3763,Ayesha Ali,New York,USA,2022-02-10
3764,Hamza Shah,New York,USA,2022-04-03
3765,Danish Khan,Faisalabad,Pakistan,2023-06-14
3766,Ayesha Buriro,Quetta,Pakistan,2026-07-17
3767,Danish Sheikh,Quetta,Pakistan,2025-12-27
3768,Usman Qureshi,Doha,Qatar,2026-02-04
3769,Usman Hussain,London,UK,2023-07-10
3770,Bilal Hussain,Hyderabad,Pakistan,2024-09-01
3771,Hira Iqbal,Toronto,Canada,2025-01-12
3772,Omar Iqbal,Multan,Pakistan,2022-05-11
3773,Ayesha Memon,London,UK,2023-08-01
3774,Hira Mirza,Doha,Qatar,2024-01-27
3775,Fatima Buriro,New York,USA,2023-01-31
3776,Omar Sheikh,Lahore,Pakistan,2023-08-23
3777,Fatima Memon,Rawalpindi,Pakistan,2023-06-18
3778,Maryam Ali,London,UK,2021-05-05
3779,Danish Buriro,Lahore,Pakistan,2025-04-16
3780,Hassan Iqbal,Karachi,Pakistan,2026-01-10
3781,Hira Ali,Rawalpindi,Pakistan,2025-03-18
3782,Fatima Mirza,Peshawar,Pakistan,2026-03-18
3783,Bilal Chaudhry,Lahore,Pakistan,2023-05-30
3784,Ayesha Shah,Islamabad,Pakistan,2021-04-24
3785,Omar Sheikh,Multan,Pakistan,2022-06-30
3786,Hira Chaudhry,Quetta,Pakistan,2025-10-07
3787,Hussain Iqbal,Quetta,Pakistan,2021-10-11
3788,Zainab Ali,London,UK,2024-01-21
3789,Imran Qureshi,Doha,Qatar,2021-01-03
3790,Maryam Memon,Karachi,Pakistan,2021-08-19
3791,Ali Shah,Dubai,UAE,2021-08-20
3792,Hira Malik,Islamabad,Pakistan,2021-12-02
3793,Ali Khan,Multan,Pakistan,2024-01-02
3794,Danish Ahmed,Multan,Pakistan,2022-08-11
3795,Hassan Raza,Dubai,UAE,2025-07-25
3796,Hassan Hussain,Rawalpindi,Pakistan,2023-03-10
3797,Zainab Hussain,Toronto,Canada,2025-02-10
3798,Fatima Buriro,Multan,Pakistan,2023-12-16
3799,Maryam Siddiqui,New York,USA,2025-01-13
3800,Ali Malik,Doha,Qatar,2026-06-18
3801,Hassan Khan,Peshawar,Pakistan,2026-07-20
3802,Bilal Shah,Lahore,Pakistan,2024-04-11
3803,Ahmed Malik,Dubai,UAE,2026-05-16
3804,Zainab Ahmed,Faisalabad,Pakistan,2024-11-30
3805,Bilal Khan,Multan,Pakistan,2022-07-02
3806,Ahmed Ahmed,Faisalabad,Pakistan,2026-03-22
3807,Fatima Hussain,Hyderabad,Pakistan,2021-10-23
3808,Maham Hussain,Hyderabad,Pakistan,2023-08-13
3809,Maryam Iqbal,Doha,Qatar,2021-11-09
3810,Bilal Buriro,Hyderabad,Pakistan,2025-05-18
3811,Imran Raza,Faisalabad,Pakistan,2025-12-31
3812,Danish Ahmed,Dubai,UAE,2025-07-27
3813,Fahad Raza,Rawalpindi,Pakistan,2021-07-28
3814,Usman Khan,Sukkur,Pakistan,2022-07-06
3815,Sara Siddiqui,Toronto,Canada,2022-11-25
3816,Hamza Qureshi,New York,USA,2021-08-24
3817,Saad Siddiqui,Karachi,Pakistan,2023-12-17
3818,Ahmed Malik,Faisalabad,Pakistan,2021-03-11
3819,Hassan Memon,Karachi,Pakistan,2024-06-04
3820,Danish Mirza,Sukkur,Pakistan,2024-03-17
3821,Maryam Buriro,Hyderabad,Pakistan,2024-04-29
3822,Ayesha Hussain,Toronto,Canada,2026-02-04
3823,Hassan Raza,Islamabad,Pakistan,2025-05-22
3824,Sana Khan,New York,USA,2022-06-14
3825,Zainab Memon,Multan,Pakistan,2024-03-11
3826,Omar Raza,Toronto,Canada,2025-06-24
3827,Bilal Malik,Islamabad,Pakistan,2025-10-01
3828,Hassan Malik,Hyderabad,Pakistan,2024-08-03
3829,Danish Iqbal,Multan,Pakistan,2021-06-22
3830,Maryam Hussain,Doha,Qatar,2023-06-05
3831,Maryam Sheikh,London,UK,2025-10-17
3832,Ayesha Hussain,New York,USA,2021-05-31
3833,Maham Siddiqui,Quetta,Pakistan,2024-04-17
3834,Sana Sheikh,London,UK,2024-01-07
3835,Bilal Malik,Sukkur,Pakistan,2022-03-31
3836,Ahmed Siddiqui,Dubai,UAE,2022-12-03
3837,Sara Memon,New York,USA,2026-06-16
3838,Saad Khan,Doha,Qatar,2024-04-28
3839,Maham Buriro,Quetta,Pakistan,2026-03-31
3840,Ayesha Malik,Faisalabad,Pakistan,2023-08-19
3841,Omar Memon,Sukkur,Pakistan,2025-09-20
3842,Fahad Hussain,London,UK,2024-06-17
3843,Zainab Hussain,Doha,Qatar,2026-02-01
3844,Ahmed Hussain,Dubai,UAE,2022-10-28
3845,Ali Iqbal,Doha,Qatar,2023-02-18
3846,Fahad Sheikh,Dubai,UAE,2021-03-24
3847,Omar Memon,Doha,Qatar,2022-04-10
3848,Maryam Memon,London,UK,2021-10-10
3849,Zainab Shah,Toronto,Canada,2022-01-08
3850,Ahmed Malik,Islamabad,Pakistan,2022-09-21
3851,Zainab Siddiqui,Doha,Qatar,2025-11-16
3852,Zainab Malik,Multan,Pakistan,2023-02-11
3853,Imran Qureshi,London,UK,2025-08-12
3854,Danish Qureshi,Multan,Pakistan,2025-07-19
3855,Ayesha Hussain,Faisalabad,Pakistan,2026-06-23
3856,Bilal Shah,London,UK,2023-11-03
3857,Omar Mirza,Quetta,Pakistan,2025-09-25
3858,Hassan Siddiqui,Dubai,UAE,2024-07-12
3859,Hira Memon,Lahore,Pakistan,2025-07-11
3860,Ayesha Ali,New York,USA,2021-10-17
3861,Ali Sheikh,Faisalabad,Pakistan,2021-04-28
3862,Danish Khan,London,UK,2021-12-02
3863,Fahad Memon,Hyderabad,Pakistan,2025-01-09
3864,Ali Qureshi,Quetta,Pakistan,2023-08-24
3865,Usman Iqbal,Quetta,Pakistan,2022-07-25
3866,Sana Malik,Islamabad,Pakistan,2025-04-14
3867,Bilal Raza,Peshawar,Pakistan,2021-01-31
3868,Ali Shah,Sukkur,Pakistan,2021-12-20
3869,Hussain Hussain,New York,USA,2023-08-16
3870,Hira Sheikh,Toronto,Canada,2026-02-09
3871,Hassan Qureshi,Multan,Pakistan,2025-03-07
3872,Danish Shah,Sukkur,Pakistan,2024-10-25
3873,Hussain Ali,Islamabad,Pakistan,2024-12-19
3874,Danish Ali,Toronto,Canada,2023-07-02
3875,Sana Iqbal,Toronto,Canada,2025-12-11
3876,Maryam Siddiqui,Doha,Qatar,2025-01-26
3877,Usman Khan,Peshawar,Pakistan,2024-05-05
3878,Hussain Iqbal,Multan,Pakistan,2021-06-18
3879,Hassan Khan,London,UK,2025-02-03
3880,Danish Siddiqui,Dubai,UAE,2023-01-16
3881,Omar Memon,Rawalpindi,Pakistan,2023-02-25
3882,Zainab Chaudhry,Quetta,Pakistan,2024-10-05
3883,Fatima Memon,Sukkur,Pakistan,2023-03-14
3884,Fahad Siddiqui,Faisalabad,Pakistan,2024-03-13
3885,Bilal Iqbal,Multan,Pakistan,2021-01-26
3886,Usman Khan,Rawalpindi,Pakistan,2022-01-13
3887,Sana Iqbal,Faisalabad,Pakistan,2024-01-02
3888,Ahmed Mirza,Rawalpindi,Pakistan,2026-05-06
3889,Danish Chaudhry,Hyderabad,Pakistan,2025-03-31
3890,Ayesha Shah,Islamabad,Pakistan,2023-05-02
3891,Zainab Ahmed,Multan,Pakistan,2026-05-29
3892,Danish Hussain,Sukkur,Pakistan,2022-07-16
3893,Fatima Sheikh,Multan,Pakistan,2025-12-24
3894,Sara Sheikh,Islamabad,Pakistan,2021-06-27
3895,Danish Chaudhry,New York,USA,2021-01-06
3896,Imran Hussain,Faisalabad,Pakistan,2026-06-22
3897,Sara Malik,Quetta,Pakistan,2024-08-01
3898,Ali Siddiqui,Peshawar,Pakistan,2021-11-01
3899,Fahad Ahmed,Peshawar,Pakistan,2026-07-15
3900,Zainab Ahmed,Faisalabad,Pakistan,2021-03-25
3901,Ayesha Ahmed,London,UK,2022-11-14
3902,Sara Mirza,New York,USA,2025-03-07
3903,Maham Memon,Toronto,Canada,2021-04-19
3904,Usman Sheikh,Faisalabad,Pakistan,2024-10-13
3905,Hassan Qureshi,Multan,Pakistan,2026-04-20
3906,Zainab Memon,Lahore,Pakistan,2025-09-03
3907,Ahmed Mirza,Faisalabad,Pakistan,2025-08-09
3908,Fatima Chaudhry,Doha,Qatar,2022-04-09
3909,Zainab Raza,Rawalpindi,Pakistan,2022-02-22
3910,Hira Mirza,New York,USA,2022-05-09
3911,Hussain Sheikh,London,UK,2021-11-10
3912,Ali Sheikh,Sukkur,Pakistan,2024-09-15
3913,Danish Mirza,Quetta,Pakistan,2021-05-01
3914,Bilal Qureshi,London,UK,2023-05-24
3915,Sana Qureshi,Lahore,Pakistan,2024-04-01
3916,Hussain Malik,Lahore,Pakistan,2024-01-04
3917,Ayesha Sheikh,Islamabad,Pakistan,2023-09-20
3918,Imran Raza,London,UK,2022-03-31
3919,Omar Hussain,Faisalabad,Pakistan,2021-08-11
3920,Maham Siddiqui,Rawalpindi,Pakistan,2026-07-08
3921,Fatima Shah,Karachi,Pakistan,2023-08-06
3922,Fahad Chaudhry,Peshawar,Pakistan,2024-04-27
3923,Hussain Qureshi,Multan,Pakistan,2024-03-02
3924,Bilal Chaudhry,Islamabad,Pakistan,2023-01-22
3925,Ahmed Shah,Karachi,Pakistan,2025-01-13
3926,Hamza Raza,London,UK,2023-02-06
3927,Usman Raza,London,UK,2023-04-25
3928,Sara Mirza,Rawalpindi,Pakistan,2025-06-26
3929,Ahmed Ahmed,Peshawar,Pakistan,2022-10-11
3930,Ahmed Chaudhry,Rawalpindi,Pakistan,2024-11-26
3931,Hira Sheikh,Faisalabad,Pakistan,2024-09-18
3932,Maham Raza,Lahore,Pakistan,2021-03-04
3933,Usman Sheikh,Doha,Qatar,2024-10-26
3934,Sara Khan,Dubai,UAE,2025-06-22
3935,Maryam Sheikh,Toronto,Canada,2022-07-06
3936,Ahmed Shah,Hyderabad,Pakistan,2026-02-07
3937,Ayesha Qureshi,Toronto,Canada,2021-02-10
3938,Bilal Hussain,Peshawar,Pakistan,2022-01-02
3939,Ayesha Sheikh,Islamabad,Pakistan,2026-04-12
3940,Maham Ali,Hyderabad,Pakistan,2025-10-10
3941,Omar Ali,New York,USA,2025-03-20
3942,Imran Ahmed,London,UK,2024-05-15
3943,Danish Ahmed,Dubai,UAE,2022-02-14
3944,Hamza Hussain,Rawalpindi,Pakistan,2023-09-24
3945,Danish Ahmed,Sukkur,Pakistan,2024-02-27
3946,Usman Chaudhry,Doha,Qatar,2021-07-02
3947,Hamza Shah,Karachi,Pakistan,2024-04-27
3948,Sara Ali,Hyderabad,Pakistan,2021-07-01
3949,Fahad Chaudhry,Lahore,Pakistan,2021-09-14
3950,Fahad Malik,Lahore,Pakistan,2021-12-13
3951,Hassan Siddiqui,Doha,Qatar,2022-01-26
3952,Hamza Iqbal,Rawalpindi,Pakistan,2021-06-17
3953,Maryam Iqbal,Islamabad,Pakistan,2026-05-04
3954,Maham Memon,Lahore,Pakistan,2025-06-24
3955,Hassan Ali,Doha,Qatar,2023-11-02
3956,Ali Raza,Peshawar,Pakistan,2023-01-22
3957,Usman Iqbal,London,UK,2022-01-26
3958,Hassan Iqbal,Rawalpindi,Pakistan,2026-04-19
3959,Hira Ali,Sukkur,Pakistan,2025-06-14
3960,Ahmed Qureshi,Toronto,Canada,2025-03-13
3961,Hamza Malik,Dubai,UAE,2023-08-18
3962,Zainab Ali,Peshawar,Pakistan,2021-02-25
3963,Hassan Memon,Rawalpindi,Pakistan,2024-07-25
3964,Saad Malik,Rawalpindi,Pakistan,2023-09-21
3965,Imran Qureshi,Quetta,Pakistan,2022-08-30
3966,Hamza Ali,Faisalabad,Pakistan,2022-10-05
3967,Ayesha Sheikh,Karachi,Pakistan,2021-04-29
3968,Hira Ahmed,Islamabad,Pakistan,2025-11-12
3969,Hussain Siddiqui,Faisalabad,Pakistan,2021-12-03
3970,Ahmed Ahmed,Islamabad,Pakistan,2025-07-16
3971,Maryam Iqbal,Quetta,Pakistan,2026-06-07
3972,Sana Ahmed,Hyderabad,Pakistan,2021-04-04
3973,Saad Sheikh,Hyderabad,Pakistan,2024-06-24
3974,Sara Ahmed,Lahore,Pakistan,2021-05-17
3975,Sana Ali,Peshawar,Pakistan,2025-08-21
3976,Maryam Shah,Islamabad,Pakistan,2023-10-31
3977,Imran Khan,Sukkur,Pakistan,2021-02-13
3978,Hira Ahmed,Doha,Qatar,2025-04-24
3979,Hira Sheikh,Toronto,Canada,2025-04-10
3980,Saad Hussain,Dubai,UAE,2023-09-16
3981,Omar Ali,New York,USA,2026-03-17
3982,Sana Siddiqui,Toronto,Canada,2024-09-17
3983,Ahmed Raza,Dubai,UAE,2023-12-08
3984,Usman Shah,Rawalpindi,Pakistan,2023-01-01
3985,Ali Qureshi,Peshawar,Pakistan,2022-08-21
3986,Usman Ali,New York,USA,2024-06-19
3987,Ayesha Shah,Dubai,UAE,2025-02-16
3988,Hassan Sheikh,Multan,Pakistan,2021-03-14
3989,Ahmed Iqbal,Islamabad,Pakistan,2023-04-20
3990,Fatima Iqbal,Islamabad,Pakistan,2021-04-03
3991,Fahad Iqbal,Multan,Pakistan,2023-03-20
3992,Zainab Siddiqui,New York,USA,2025-06-17
3993,Sara Ali,Quetta,Pakistan,2024-11-08
3994,Danish Malik,Karachi,Pakistan,2021-09-11
3995,Ali Shah,Toronto,Canada,2024-12-31
3996,Usman Khan,Faisalabad,Pakistan,2021-01-29
3997,Hira Ali,Multan,Pakistan,2021-01-26
3998,Danish Siddiqui,New York,USA,2026-02-03
3999,Sara Qureshi,Multan,Pakistan,2021-03-08
4000,Hassan Ahmed,Sukkur,Pakistan,2022-06-26
4001,Maryam Memon,Toronto,Canada,2021-09-26
4002,Bilal Qureshi,Peshawar,Pakistan,2024-04-01
4003,Imran Mirza,Sukkur,Pakistan,2023-12-01
4004,Ayesha Shah,Multan,Pakistan,2025-09-06
4005,Hamza Raza,Toronto,Canada,2026-07-05
4006,Sana Ahmed,Lahore,Pakistan,2025-03-01
4007,Ahmed Sheikh,Hyderabad,Pakistan,2023-08-10
4008,Maham Ahmed,Doha,Qatar,2021-04-06
4009,Ayesha Ahmed,Peshawar,Pakistan,2026-02-23
4010,Usman Hussain,Islamabad,Pakistan,2024-02-18
4011,Bilal Shah,Faisalabad,Pakistan,2022-03-20
4012,Saad Ahmed,Rawalpindi,Pakistan,2024-01-10
4013,Hussain Chaudhry,Peshawar,Pakistan,2023-03-10
4014,Sana Khan,Rawalpindi,Pakistan,2022-12-15
4015,Ayesha Raza,Multan,Pakistan,2023-07-13
4016,Bilal Raza,Toronto,Canada,2025-03-16
4017,Maryam Shah,Lahore,Pakistan,2021-11-30
4018,Danish Siddiqui,London,UK,2026-05-19
4019,Saad Ali,Lahore,Pakistan,2021-05-08
4020,Hamza Memon,Faisalabad,Pakistan,2021-10-27
4021,Fahad Shah,Dubai,UAE,2024-10-10
4022,Saad Ahmed,Doha,Qatar,2021-10-23
4023,Ayesha Malik,Rawalpindi,Pakistan,2025-05-04
4024,Ayesha Chaudhry,Karachi,Pakistan,2025-02-06
4025,Sara Buriro,London,UK,2023-05-27
4026,Bilal Iqbal,Toronto,Canada,2023-07-16
4027,Ayesha Hussain,Quetta,Pakistan,2026-07-31
4028,Hira Hussain,Karachi,Pakistan,2025-06-09
4029,Maryam Sheikh,Peshawar,Pakistan,2024-07-12
4030,Maryam Chaudhry,Multan,Pakistan,2021-10-15
4031,Omar Sheikh,Faisalabad,Pakistan,2024-04-16
4032,Hussain Qureshi,Karachi,Pakistan,2021-03-23
4033,Maham Hussain,Hyderabad,Pakistan,2022-05-29
4034,Usman Raza,Doha,Qatar,2024-11-23
4035,Danish Ali,Karachi,Pakistan,2023-04-11
4036,Ahmed Qureshi,Toronto,Canada,2026-07-21
4037,Hira Malik,Peshawar,Pakistan,2026-03-30
4038,Danish Mirza,Quetta,Pakistan,2021-07-13
4039,Zainab Qureshi,Doha,Qatar,2025-12-06
4040,Ali Mirza,Rawalpindi,Pakistan,2025-10-28
4041,Fahad Siddiqui,Doha,Qatar,2021-08-05
4042,Zainab Buriro,Hyderabad,Pakistan,2023-02-25
4043,Hira Ahmed,Multan,Pakistan,2026-04-18
4044,Hira Chaudhry,Faisalabad,Pakistan,2021-02-04
4045,Maham Sheikh,Sukkur,Pakistan,2021-04-30
4046,Zainab Shah,Hyderabad,Pakistan,2023-11-06
4047,Hira Shah,London,UK,2026-04-27
4048,Hamza Shah,Karachi,Pakistan,2022-07-23
4049,Hamza Qureshi,Sukkur,Pakistan,2025-04-25
4050,Ahmed Memon,Sukkur,Pakistan,2024-11-14
4051,Ayesha Iqbal,Quetta,Pakistan,2021-10-25
4052,Hussain Memon,Sukkur,Pakistan,2022-08-10
4053,Hussain Raza,London,UK,2024-06-25
4054,Fatima Siddiqui,Toronto,Canada,2023-09-09
4055,Hira Mirza,Rawalpindi,Pakistan,2022-04-29
4056,Hamza Mirza,Peshawar,Pakistan,2022-02-13
4057,Hussain Malik,Quetta,Pakistan,2024-02-10
4058,Hamza Iqbal,Multan,Pakistan,2025-08-15
4059,Hassan Qureshi,Doha,Qatar,2023-04-22
4060,Ayesha Mirza,Peshawar,Pakistan,2026-03-02
4061,Fatima Iqbal,Quetta,Pakistan,2024-09-21
4062,Sara Memon,Islamabad,Pakistan,2023-04-02
4063,Maham Ahmed,Faisalabad,Pakistan,2023-07-04
4064,Ayesha Raza,Sukkur,Pakistan,2025-03-23
4065,Usman Ali,Faisalabad,Pakistan,2026-06-26
4066,Hassan Buriro,London,UK,2025-05-25
4067,Hira Malik,Islamabad,Pakistan,2021-10-17
4068,Sara Memon,Islamabad,Pakistan,2021-05-26
4069,Danish Chaudhry,Multan,Pakistan,2025-07-06
4070,Fahad Ahmed,Hyderabad,Pakistan,2025-09-23
4071,Maham Qureshi,New York,USA,2024-03-02
4072,Ayesha Hussain,Toronto,Canada,2022-05-15
4073,Maryam Siddiqui,Peshawar,Pakistan,2025-11-30
4074,Saad Ahmed,Peshawar,Pakistan,2023-07-03
4075,Ahmed Khan,Hyderabad,Pakistan,2022-08-19
4076,Danish Siddiqui,Peshawar,Pakistan,2023-01-17
4077,Ayesha Hussain,Dubai,UAE,2022-08-27
4078,Ayesha Raza,Dubai,UAE,2022-07-30
4079,Ahmed Ahmed,Doha,Qatar,2022-10-27
4080,Imran Siddiqui,Quetta,Pakistan,2024-10-05
4081,Hussain Qureshi,Multan,Pakistan,2021-02-03
4082,Hamza Malik,Lahore,Pakistan,2023-01-10
4083,Bilal Memon,Dubai,UAE,2021-12-13
4084,Hassan Malik,New York,USA,2024-08-13
4085,Fatima Raza,Quetta,Pakistan,2026-07-20
4086,Fahad Chaudhry,Toronto,Canada,2025-05-25
4087,Bilal Raza,Hyderabad,Pakistan,2022-05-23
4088,Ali Hussain,Karachi,Pakistan,2023-11-12
4089,Hussain Ali,Sukkur,Pakistan,2021-02-10
4090,Hira Ahmed,Lahore,Pakistan,2023-04-22
4091,Fatima Ali,Lahore,Pakistan,2022-07-22
4092,Sara Buriro,Dubai,UAE,2023-10-20
4093,Sana Mirza,Faisalabad,Pakistan,2023-04-13
4094,Ayesha Ahmed,Sukkur,Pakistan,2024-10-23
4095,Hussain Shah,London,UK,2024-01-22
4096,Usman Malik,Multan,Pakistan,2026-03-29
4097,Usman Raza,Sukkur,Pakistan,2021-05-20
4098,Hassan Hussain,Quetta,Pakistan,2025-05-30
4099,Hamza Memon,Quetta,Pakistan,2024-12-23
4100,Zainab Chaudhry,Dubai,UAE,2025-08-10
4101,Ayesha Malik,Multan,Pakistan,2021-04-13
4102,Sana Hussain,Peshawar,Pakistan,2022-03-11
4103,Ayesha Raza,Quetta,Pakistan,2021-01-02
4104,Fatima Malik,Islamabad,Pakistan,2025-06-16
4105,Hamza Chaudhry,Rawalpindi,Pakistan,2022-12-24
4106,Hira Ali,Lahore,Pakistan,2023-01-07
4107,Saad Memon,Islamabad,Pakistan,2024-05-29
4108,Ahmed Memon,Faisalabad,Pakistan,2023-05-13
4109,Sana Chaudhry,Doha,Qatar,2024-07-22
4110,Fatima Sheikh,Toronto,Canada,2026-03-24
4111,Hamza Malik,London,UK,2022-11-08
4112,Maryam Mirza,Quetta,Pakistan,2025-12-23
4113,Fahad Buriro,Rawalpindi,Pakistan,2023-12-22
4114,Maryam Sheikh,Multan,Pakistan,2023-02-04
4115,Hamza Buriro,London,UK,2026-02-17
4116,Hamza Malik,Toronto,Canada,2023-09-22
4117,Fahad Raza,Doha,Qatar,2021-09-18
4118,Omar Mirza,Multan,Pakistan,2022-08-07
4119,Saad Malik,Peshawar,Pakistan,2025-09-20
4120,Zainab Sheikh,Peshawar,Pakistan,2023-11-17
4121,Sara Iqbal,Karachi,Pakistan,2024-02-16
4122,Zainab Buriro,Lahore,Pakistan,2024-10-21
4123,Sana Chaudhry,Karachi,Pakistan,2022-02-01
4124,Ayesha Qureshi,London,UK,2021-07-08
4125,Ayesha Iqbal,Rawalpindi,Pakistan,2023-06-17
4126,Maryam Ahmed,Dubai,UAE,2026-02-18
4127,Ali Sheikh,Multan,Pakistan,2021-09-17
4128,Danish Sheikh,London,UK,2025-01-05
4129,Sana Buriro,Lahore,Pakistan,2026-06-19
4130,Zainab Chaudhry,Hyderabad,Pakistan,2021-07-17
4131,Maryam Memon,Rawalpindi,Pakistan,2021-09-29
4132,Maham Hussain,Faisalabad,Pakistan,2025-11-06
4133,Ahmed Siddiqui,Quetta,Pakistan,2021-08-10
4134,Hassan Sheikh,Islamabad,Pakistan,2025-02-24
4135,Hassan Sheikh,Dubai,UAE,2025-06-13
4136,Hamza Khan,Doha,Qatar,2022-10-01
4137,Hassan Sheikh,Karachi,Pakistan,2022-08-18
4138,Ahmed Mirza,Lahore,Pakistan,2023-11-29
4139,Maham Memon,Doha,Qatar,2023-10-30
4140,Hussain Buriro,Sukkur,Pakistan,2025-10-19
4141,Maryam Qureshi,Toronto,Canada,2024-04-22
4142,Ali Sheikh,Dubai,UAE,2026-05-28
4143,Maham Khan,Dubai,UAE,2022-05-04
4144,Ahmed Qureshi,Islamabad,Pakistan,2022-07-27
4145,Zainab Sheikh,Peshawar,Pakistan,2022-05-07
4146,Ayesha Shah,Multan,Pakistan,2024-08-18
4147,Ahmed Khan,New York,USA,2021-03-10
4148,Ahmed Memon,Karachi,Pakistan,2025-10-20
4149,Maham Siddiqui,Karachi,Pakistan,2025-04-22
4150,Ahmed Siddiqui,Quetta,Pakistan,2026-07-07
4151,Saad Shah,Doha,Qatar,2026-05-08
4152,Fatima Raza,Doha,Qatar,2021-05-25
4153,Hamza Siddiqui,Quetta,Pakistan,2025-03-04
4154,Fatima Sheikh,Faisalabad,Pakistan,2023-10-24
4155,Sara Raza,Hyderabad,Pakistan,2025-02-07
4156,Ahmed Khan,Doha,Qatar,2025-11-16
4157,Ayesha Chaudhry,Islamabad,Pakistan,2024-04-03
4158,Ali Ali,Lahore,Pakistan,2021-01-07
4159,Hira Siddiqui,Peshawar,Pakistan,2025-10-29
4160,Usman Shah,Multan,Pakistan,2023-06-11
4161,Hira Sheikh,Peshawar,Pakistan,2023-07-24
4162,Maryam Malik,Toronto,Canada,2024-04-05
4163,Zainab Mirza,Hyderabad,Pakistan,2026-02-01
4164,Hamza Qureshi,Toronto,Canada,2023-12-09
4165,Hussain Hussain,Rawalpindi,Pakistan,2022-02-28
4166,Ali Shah,Hyderabad,Pakistan,2025-02-02
4167,Sara Khan,Karachi,Pakistan,2024-07-14
4168,Saad Siddiqui,Dubai,UAE,2021-05-14
4169,Omar Raza,New York,USA,2023-12-22
4170,Maryam Siddiqui,Toronto,Canada,2025-12-07
4171,Fahad Iqbal,Islamabad,Pakistan,2022-08-01
4172,Usman Memon,London,UK,2023-12-01
4173,Hamza Iqbal,Islamabad,Pakistan,2025-08-07
4174,Bilal Malik,Sukkur,Pakistan,2024-04-04
4175,Sara Buriro,Dubai,UAE,2023-05-05
4176,Hassan Raza,Islamabad,Pakistan,2022-01-11
4177,Hamza Hussain,Lahore,Pakistan,2021-03-29
4178,Sana Iqbal,Lahore,Pakistan,2024-11-07
4179,Imran Hussain,Dubai,UAE,2026-05-19
4180,Hira Chaudhry,Sukkur,Pakistan,2024-05-09
4181,Hussain Memon,Lahore,Pakistan,2025-05-10
4182,Maham Ali,Peshawar,Pakistan,2024-10-12
4183,Fahad Memon,London,UK,2022-12-10
4184,Hamza Sheikh,Rawalpindi,Pakistan,2023-12-02
4185,Fatima Chaudhry,Sukkur,Pakistan,2022-07-05
4186,Saad Mirza,Hyderabad,Pakistan,2022-03-31
4187,Hira Ali,Rawalpindi,Pakistan,2024-04-15
4188,Imran Ahmed,Multan,Pakistan,2024-08-09
4189,Hussain Ali,Multan,Pakistan,2026-07-06
4190,Imran Sheikh,Peshawar,Pakistan,2022-04-27
4191,Usman Ali,Rawalpindi,Pakistan,2022-08-15
4192,Ayesha Memon,Multan,Pakistan,2021-12-05
4193,Saad Raza,Sukkur,Pakistan,2026-04-17
4194,Maryam Mirza,Multan,Pakistan,2025-05-12
4195,Imran Malik,Sukkur,Pakistan,2022-11-05
4196,Saad Sheikh,Lahore,Pakistan,2026-05-29
4197,Imran Ali,Islamabad,Pakistan,2024-12-05
4198,Ahmed Chaudhry,New York,USA,2023-08-29
4199,Hira Ahmed,Faisalabad,Pakistan,2023-02-17
4200,Fahad Ali,Sukkur,Pakistan,2024-03-06
4201,Hira Shah,London,UK,2021-06-23
4202,Ahmed Mirza,Islamabad,Pakistan,2021-12-17
4203,Danish Ali,Doha,Qatar,2026-03-23
4204,Ahmed Hussain,Faisalabad,Pakistan,2022-02-26
4205,Ali Buriro,Toronto,Canada,2021-12-01
4206,Imran Buriro,Faisalabad,Pakistan,2025-10-19
4207,Usman Ahmed,Faisalabad,Pakistan,2026-04-10
4208,Hira Khan,Sukkur,Pakistan,2025-07-26
4209,Zainab Siddiqui,Islamabad,Pakistan,2021-07-30
4210,Sara Shah,Sukkur,Pakistan,2025-09-06
4211,Maham Memon,Doha,Qatar,2022-06-29
4212,Usman Qureshi,Sukkur,Pakistan,2021-01-23
4213,Ahmed Siddiqui,Lahore,Pakistan,2026-02-20
4214,Bilal Ali,Dubai,UAE,2022-06-30
4215,Sana Raza,Karachi,Pakistan,2024-09-04
4216,Ahmed Ahmed,Lahore,Pakistan,2021-05-31
4217,Ahmed Memon,Hyderabad,Pakistan,2022-01-22
4218,Hamza Ali,Hyderabad,Pakistan,2025-12-01
4219,Hussain Iqbal,Karachi,Pakistan,2024-04-21
4220,Bilal Memon,Karachi,Pakistan,2026-07-29
4221,Fatima Ahmed,London,UK,2022-01-03
4222,Hamza Khan,Faisalabad,Pakistan,2025-12-21
4223,Sara Qureshi,Islamabad,Pakistan,2025-11-18
4224,Fatima Ahmed,Faisalabad,Pakistan,2026-02-27
4225,Danish Shah,Dubai,UAE,2021-04-12
4226,Sana Chaudhry,London,UK,2021-08-02
4227,Sara Hussain,Hyderabad,Pakistan,2023-12-16
4228,Fahad Ahmed,Islamabad,Pakistan,2021-08-24
4229,Saad Raza,Doha,Qatar,2021-05-10
4230,Ayesha Shah,Sukkur,Pakistan,2025-07-12
4231,Sara Iqbal,Doha,Qatar,2024-11-17
4232,Hira Khan,Hyderabad,Pakistan,2025-09-17
4233,Fatima Memon,Lahore,Pakistan,2026-03-23
4234,Omar Buriro,Multan,Pakistan,2021-10-18
4235,Sara Ali,Hyderabad,Pakistan,2025-08-21
4236,Sana Ahmed,Dubai,UAE,2021-03-31
4237,Fatima Qureshi,Dubai,UAE,2023-01-28
4238,Danish Chaudhry,Lahore,Pakistan,2022-08-30
4239,Fatima Raza,Quetta,Pakistan,2022-04-28
4240,Maryam Hussain,Multan,Pakistan,2025-01-04
4241,Maryam Buriro,Sukkur,Pakistan,2021-09-04
4242,Saad Mirza,Multan,Pakistan,2025-07-07
4243,Hassan Sheikh,Quetta,Pakistan,2025-11-16
4244,Fatima Sheikh,Dubai,UAE,2024-09-18
4245,Zainab Memon,Hyderabad,Pakistan,2021-06-15
4246,Ayesha Shah,Islamabad,Pakistan,2024-04-30
4247,Fatima Mirza,Dubai,UAE,2024-07-05
4248,Hamza Khan,Doha,Qatar,2023-01-31
4249,Saad Ahmed,Faisalabad,Pakistan,2023-01-19
4250,Maryam Mirza,Doha,Qatar,2023-08-15
4251,Bilal Qureshi,Islamabad,Pakistan,2026-07-23
4252,Bilal Ahmed,New York,USA,2021-01-08
4253,Hussain Ahmed,Doha,Qatar,2023-11-03
4254,Fatima Sheikh,Hyderabad,Pakistan,2022-10-08
4255,Ali Mirza,Islamabad,Pakistan,2024-01-24
4256,Hira Ali,Sukkur,Pakistan,2021-01-09
4257,Danish Khan,Toronto,Canada,2026-02-14
4258,Sana Siddiqui,Lahore,Pakistan,2023-07-21
4259,Zainab Iqbal,Sukkur,Pakistan,2026-05-31
4260,Imran Malik,Toronto,Canada,2021-11-11
4261,Sana Iqbal,Karachi,Pakistan,2024-04-04
4262,Sara Chaudhry,Peshawar,Pakistan,2024-10-17
4263,Ayesha Malik,Lahore,Pakistan,2025-06-11
4264,Zainab Mirza,Islamabad,Pakistan,2021-01-19
4265,Imran Memon,Peshawar,Pakistan,2024-07-17
4266,Sara Sheikh,Hyderabad,Pakistan,2021-10-29
4267,Hamza Siddiqui,Lahore,Pakistan,2023-05-22
4268,Fatima Mirza,New York,USA,2021-04-19
4269,Sana Buriro,Rawalpindi,Pakistan,2021-04-27
4270,Ali Buriro,Toronto,Canada,2025-04-11
4271,Zainab Iqbal,Islamabad,Pakistan,2025-12-30
4272,Fatima Sheikh,Peshawar,Pakistan,2024-11-28
4273,Hassan Mirza,Dubai,UAE,2024-04-29
4274,Sara Mirza,Peshawar,Pakistan,2021-08-26
4275,Ahmed Shah,Faisalabad,Pakistan,2025-04-09
4276,Fahad Khan,London,UK,2022-04-14
4277,Zainab Siddiqui,Karachi,Pakistan,2021-08-06
4278,Imran Mirza,New York,USA,2025-02-01
4279,Fahad Malik,Dubai,UAE,2024-04-13
4280,Sana Memon,London,UK,2021-11-02
4281,Saad Khan,Faisalabad,Pakistan,2024-01-25
4282,Saad Qureshi,Multan,Pakistan,2024-11-09
4283,Hassan Hussain,Quetta,Pakistan,2023-10-14
4284,Maham Ali,Sukkur,Pakistan,2025-01-03
4285,Ali Chaudhry,Toronto,Canada,2023-10-26
4286,Imran Ahmed,New York,USA,2022-12-22
4287,Imran Chaudhry,Karachi,Pakistan,2022-04-01
4288,Saad Shah,Islamabad,Pakistan,2022-06-11
4289,Sana Iqbal,Doha,Qatar,2025-07-07
4290,Imran Hussain,Multan,Pakistan,2023-01-31
4291,Hussain Ali,Quetta,Pakistan,2024-12-30
4292,Bilal Khan,Karachi,Pakistan,2023-01-03
4293,Hussain Ali,Lahore,Pakistan,2023-12-07
4294,Maham Raza,Faisalabad,Pakistan,2024-05-22
4295,Zainab Mirza,Dubai,UAE,2023-09-01
4296,Ayesha Siddiqui,London,UK,2025-02-24
4297,Usman Siddiqui,Toronto,Canada,2026-02-27
4298,Hussain Raza,Islamabad,Pakistan,2025-10-23
4299,Saad Sheikh,Rawalpindi,Pakistan,2026-02-21
4300,Bilal Memon,Quetta,Pakistan,2021-03-03
4301,Danish Sheikh,Quetta,Pakistan,2025-03-28
4302,Bilal Memon,Karachi,Pakistan,2025-01-20
4303,Hussain Iqbal,Faisalabad,Pakistan,2023-04-21
4304,Hamza Qureshi,Toronto,Canada,2022-10-03
4305,Sara Khan,Islamabad,Pakistan,2021-04-19
4306,Usman Ali,New York,USA,2025-09-06
4307,Omar Raza,Faisalabad,Pakistan,2025-09-09
4308,Hussain Qureshi,Peshawar,Pakistan,2021-06-04
4309,Maham Iqbal,Sukkur,Pakistan,2024-04-01
4310,Ali Hussain,Dubai,UAE,2024-01-29
4311,Ali Sheikh,Sukkur,Pakistan,2021-12-18
4312,Fahad Buriro,Lahore,Pakistan,2024-01-24
4313,Usman Shah,Hyderabad,Pakistan,2025-07-13
4314,Maham Mirza,New York,USA,2022-10-28
4315,Bilal Khan,Karachi,Pakistan,2025-01-19
4316,Ayesha Hussain,Dubai,UAE,2026-06-01
4317,Ayesha Iqbal,Peshawar,Pakistan,2023-07-16
4318,Danish Buriro,Lahore,Pakistan,2021-08-06
4319,Ali Mirza,Lahore,Pakistan,2022-08-30
4320,Maham Qureshi,Doha,Qatar,2021-10-05
4321,Sana Mirza,Karachi,Pakistan,2022-12-20
4322,Imran Raza,Karachi,Pakistan,2024-08-06
4323,Ali Hussain,Karachi,Pakistan,2022-02-17
4324,Hira Khan,Sukkur,Pakistan,2023-11-15
4325,Danish Shah,Toronto,Canada,2026-07-28
4326,Fahad Raza,Islamabad,Pakistan,2022-06-23
4327,Hamza Khan,London,UK,2025-11-29
4328,Ali Buriro,Dubai,UAE,2022-09-13
4329,Omar Mirza,Rawalpindi,Pakistan,2024-06-05
4330,Usman Chaudhry,Lahore,Pakistan,2021-11-17
4331,Imran Ali,Peshawar,Pakistan,2022-07-01
4332,Maryam Iqbal,Lahore,Pakistan,2025-11-04
4333,Hamza Ali,Lahore,Pakistan,2024-04-16
4334,Fahad Sheikh,Faisalabad,Pakistan,2024-03-06
4335,Ali Mirza,New York,USA,2023-11-07
4336,Hira Ali,Doha,Qatar,2022-05-14
4337,Bilal Khan,Sukkur,Pakistan,2026-03-09
4338,Saad Khan,Hyderabad,Pakistan,2023-03-13
4339,Maham Sheikh,Hyderabad,Pakistan,2021-01-24
4340,Sana Mirza,Sukkur,Pakistan,2026-01-22
4341,Fahad Ali,Islamabad,Pakistan,2021-04-05
4342,Ali Ali,Peshawar,Pakistan,2025-12-13
4343,Hira Raza,London,UK,2022-06-27
4344,Ahmed Shah,New York,USA,2021-05-21
4345,Zainab Memon,Karachi,Pakistan,2022-03-26
4346,Hamza Iqbal,Hyderabad,Pakistan,2024-08-26
4347,Saad Buriro,Rawalpindi,Pakistan,2024-01-18
4348,Fatima Chaudhry,Quetta,Pakistan,2021-11-08
4349,Sara Sheikh,Islamabad,Pakistan,2022-09-04
4350,Ayesha Mirza,Doha,Qatar,2022-03-06
4351,Sana Ahmed,Toronto,Canada,2024-08-24
4352,Saad Ali,Hyderabad,Pakistan,2025-10-28
4353,Hira Hussain,Faisalabad,Pakistan,2022-06-04
4354,Sana Khan,Faisalabad,Pakistan,2025-12-30
4355,Fatima Chaudhry,Karachi,Pakistan,2023-04-12
4356,Usman Memon,Toronto,Canada,2021-06-18
4357,Fahad Iqbal,London,UK,2022-10-20
4358,Zainab Malik,Hyderabad,Pakistan,2025-11-17
4359,Hira Sheikh,Quetta,Pakistan,2025-07-06
4360,Maryam Buriro,Multan,Pakistan,2025-01-24
4361,Sara Shah,Rawalpindi,Pakistan,2023-03-24
4362,Maham Raza,Hyderabad,Pakistan,2025-04-30
4363,Imran Hussain,Lahore,Pakistan,2024-12-18
4364,Fahad Iqbal,New York,USA,2025-06-02
4365,Saad Buriro,Sukkur,Pakistan,2024-02-11
4366,Sana Ali,Toronto,Canada,2023-10-31
4367,Omar Sheikh,Karachi,Pakistan,2026-05-25
4368,Maham Raza,Sukkur,Pakistan,2026-04-14
4369,Ayesha Ahmed,Quetta,Pakistan,2023-12-29
4370,Sara Siddiqui,Sukkur,Pakistan,2022-02-13
4371,Ali Malik,Doha,Qatar,2023-04-14
4372,Fahad Ali,Multan,Pakistan,2024-10-11
4373,Ayesha Sheikh,Islamabad,Pakistan,2022-10-12
4374,Ahmed Ahmed,Karachi,Pakistan,2021-04-03
4375,Imran Raza,Peshawar,Pakistan,2026-04-19
4376,Usman Ahmed,Islamabad,Pakistan,2021-06-18
4377,Ayesha Memon,Islamabad,Pakistan,2022-10-12
4378,Sara Ahmed,Islamabad,Pakistan,2023-06-03
4379,Sara Chaudhry,Hyderabad,Pakistan,2025-03-30
4380,Usman Khan,Lahore,Pakistan,2025-04-26
4381,Saad Sheikh,Peshawar,Pakistan,2022-12-01
4382,Maham Malik,Sukkur,Pakistan,2022-09-29
4383,Bilal Shah,Hyderabad,Pakistan,2022-05-06
4384,Usman Sheikh,Islamabad,Pakistan,2023-06-09
4385,Hassan Mirza,Quetta,Pakistan,2022-06-20
4386,Zainab Chaudhry,Lahore,Pakistan,2021-05-03
4387,Zainab Malik,London,UK,2024-12-25
4388,Zainab Ahmed,Multan,Pakistan,2025-05-24
4389,Danish Memon,Faisalabad,Pakistan,2022-08-08
4390,Hassan Raza,Rawalpindi,Pakistan,2023-03-28
4391,Zainab Shah,Hyderabad,Pakistan,2023-04-01
4392,Hassan Buriro,Islamabad,Pakistan,2021-02-15
4393,Bilal Sheikh,Quetta,Pakistan,2024-01-18
4394,Usman Hussain,Islamabad,Pakistan,2023-07-24
4395,Ali Qureshi,Dubai,UAE,2026-04-02
4396,Zainab Siddiqui,Rawalpindi,Pakistan,2023-01-28
4397,Maryam Ahmed,Quetta,Pakistan,2025-06-07
4398,Ayesha Buriro,Quetta,Pakistan,2023-03-08
4399,Hamza Ahmed,Sukkur,Pakistan,2022-01-13
4400,Danish Buriro,London,UK,2022-12-12
4401,Hira Buriro,Quetta,Pakistan,2025-12-05
4402,Maham Buriro,New York,USA,2022-06-07
4403,Zainab Khan,Rawalpindi,Pakistan,2025-09-18
4404,Sana Malik,London,UK,2024-09-18
4405,Maham Sheikh,Multan,Pakistan,2025-02-27
4406,Imran Raza,Sukkur,Pakistan,2025-03-14
4407,Sana Chaudhry,Peshawar,Pakistan,2023-11-20
4408,Fatima Qureshi,Toronto,Canada,2024-05-11
4409,Omar Chaudhry,Hyderabad,Pakistan,2021-05-23
4410,Maham Ahmed,Peshawar,Pakistan,2024-11-25
4411,Fatima Qureshi,Islamabad,Pakistan,2024-12-21
4412,Maryam Khan,Sukkur,Pakistan,2021-07-31
4413,Sara Buriro,Karachi,Pakistan,2023-11-23
4414,Usman Ahmed,Faisalabad,Pakistan,2023-11-04
4415,Maryam Shah,Karachi,Pakistan,2022-09-24
4416,Imran Buriro,Hyderabad,Pakistan,2021-05-15
4417,Saad Raza,Peshawar,Pakistan,2021-01-21
4418,Imran Khan,Hyderabad,Pakistan,2022-03-02
4419,Bilal Khan,Multan,Pakistan,2022-04-16
4420,Hira Sheikh,Islamabad,Pakistan,2022-03-08
4421,Bilal Malik,Dubai,UAE,2024-05-19
4422,Maryam Ahmed,London,UK,2023-05-09
4423,Zainab Hussain,Faisalabad,Pakistan,2021-08-17
4424,Usman Shah,Karachi,Pakistan,2021-06-21
4425,Omar Raza,Karachi,Pakistan,2024-08-28
4426,Bilal Qureshi,Dubai,UAE,2026-03-20
4427,Zainab Ahmed,Toronto,Canada,2025-07-29
4428,Sana Ahmed,New York,USA,2025-03-25
4429,Hassan Shah,Faisalabad,Pakistan,2022-10-11
4430,Bilal Khan,Peshawar,Pakistan,2024-12-05
4431,Saad Malik,Islamabad,Pakistan,2021-06-17
4432,Danish Chaudhry,Lahore,Pakistan,2021-12-16
4433,Danish Mirza,London,UK,2021-10-12
4434,Hassan Qureshi,Faisalabad,Pakistan,2022-01-10
4435,Sara Raza,Peshawar,Pakistan,2022-12-31
4436,Ali Raza,Multan,Pakistan,2021-03-30
4437,Danish Mirza,Hyderabad,Pakistan,2025-07-16
4438,Omar Shah,Doha,Qatar,2024-12-28
4439,Hamza Malik,New York,USA,2024-07-16
4440,Hamza Malik,Dubai,UAE,2021-12-24
4441,Fatima Khan,Multan,Pakistan,2025-11-04
4442,Bilal Malik,Dubai,UAE,2021-01-14
4443,Hussain Chaudhry,Multan,Pakistan,2026-07-20
4444,Hira Chaudhry,Peshawar,Pakistan,2025-01-21
4445,Sana Ali,Islamabad,Pakistan,2022-02-17
4446,Imran Siddiqui,Dubai,UAE,2022-02-06
4447,Hira Qureshi,Karachi,Pakistan,2024-11-17
4448,Fatima Sheikh,Dubai,UAE,2025-07-06
4449,Bilal Raza,Sukkur,Pakistan,2023-08-09
4450,Sara Khan,Karachi,Pakistan,2021-05-03
4451,Hassan Mirza,Peshawar,Pakistan,2023-10-03
4452,Sana Iqbal,Rawalpindi,Pakistan,2023-09-05
4453,Maryam Hussain,Peshawar,Pakistan,2022-10-26
4454,Fahad Hussain,Karachi,Pakistan,2026-01-15
4455,Hamza Sheikh,Dubai,UAE,2022-11-30
4456,Usman Qureshi,Peshawar,Pakistan,2022-05-12
4457,Hira Ahmed,Multan,Pakistan,2024-10-10
4458,Hira Raza,Toronto,Canada,2024-06-14
4459,Hamza Khan,Sukkur,Pakistan,2024-06-19
4460,Sara Mirza,Sukkur,Pakistan,2023-10-25
4461,Sara Siddiqui,Islamabad,Pakistan,2022-10-12
4462,Hira Siddiqui,Peshawar,Pakistan,2022-06-09
4463,Omar Malik,Dubai,UAE,2021-08-30
4464,Usman Iqbal,Toronto,Canada,2022-01-14
4465,Hira Ahmed,Sukkur,Pakistan,2024-03-24
4466,Fahad Ahmed,Islamabad,Pakistan,2023-04-08
4467,Sana Ahmed,Dubai,UAE,2025-02-15
4468,Omar Hussain,Lahore,Pakistan,2025-06-28
4469,Saad Iqbal,Hyderabad,Pakistan,2024-02-13
4470,Fahad Shah,Toronto,Canada,2021-08-02
4471,Ahmed Chaudhry,New York,USA,2021-01-08
4472,Imran Malik,Toronto,Canada,2022-04-11
4473,Ali Hussain,Multan,Pakistan,2022-07-30
4474,Ahmed Khan,Dubai,UAE,2021-05-31
4475,Imran Sheikh,Dubai,UAE,2025-05-06
4476,Hassan Hussain,Rawalpindi,Pakistan,2023-01-19
4477,Omar Raza,Doha,Qatar,2025-02-22
4478,Fahad Shah,Doha,Qatar,2022-03-02
4479,Maryam Mirza,Lahore,Pakistan,2021-01-22
4480,Ayesha Iqbal,London,UK,2021-10-07
4481,Ayesha Siddiqui,Faisalabad,Pakistan,2023-08-17
4482,Fahad Hussain,Dubai,UAE,2023-09-05
4483,Fahad Buriro,Quetta,Pakistan,2023-06-11
4484,Sara Shah,Rawalpindi,Pakistan,2026-05-10
4485,Omar Mirza,Lahore,Pakistan,2024-08-22
4486,Maryam Malik,Peshawar,Pakistan,2025-01-31
4487,Hamza Buriro,New York,USA,2021-09-12
4488,Hussain Ali,New York,USA,2023-08-07
4489,Maham Malik,Hyderabad,Pakistan,2024-06-20
4490,Maham Raza,New York,USA,2024-04-06
4491,Saad Sheikh,Multan,Pakistan,2026-04-14
4492,Fahad Mirza,Quetta,Pakistan,2023-08-28
4493,Usman Iqbal,Hyderabad,Pakistan,2023-01-28
4494,Sara Ali,Peshawar,Pakistan,2026-04-09
4495,Ali Malik,Peshawar,Pakistan,2022-11-19
4496,Ali Qureshi,Dubai,UAE,2024-03-08
4497,Saad Sheikh,Peshawar,Pakistan,2021-02-27
4498,Ali Sheikh,Peshawar,Pakistan,2021-12-04
4499,Usman Mirza,Sukkur,Pakistan,2021-04-27
4500,Ahmed Buriro,Faisalabad,Pakistan,2023-05-02
4501,Ayesha Khan,Peshawar,Pakistan,2026-03-14
4502,Hira Siddiqui,Lahore,Pakistan,2021-05-26
4503,Maham Hussain,Toronto,Canada,2026-06-12
4504,Maham Siddiqui,Lahore,Pakistan,2025-11-06
4505,Ali Ali,Toronto,Canada,2021-01-12
4506,Fatima Qureshi,London,UK,2021-02-01
4507,Maham Siddiqui,Doha,Qatar,2026-01-10
4508,Fahad Ahmed,Karachi,Pakistan,2024-04-07
4509,Omar Buriro,Rawalpindi,Pakistan,2021-12-21
4510,Hassan Malik,Karachi,Pakistan,2026-04-28
4511,Maham Raza,Faisalabad,Pakistan,2024-02-19
4512,Maham Sheikh,Toronto,Canada,2024-07-18
4513,Fahad Chaudhry,London,UK,2024-10-14
4514,Saad Ali,Dubai,UAE,2022-02-15
4515,Sana Ali,New York,USA,2023-01-02
4516,Usman Malik,Karachi,Pakistan,2021-09-20
4517,Maryam Siddiqui,London,UK,2023-12-15
4518,Fahad Malik,Hyderabad,Pakistan,2026-07-06
4519,Maryam Buriro,Dubai,UAE,2024-07-02
4520,Saad Shah,London,UK,2024-11-11
4521,Sara Ali,Dubai,UAE,2022-01-31
4522,Zainab Siddiqui,Faisalabad,Pakistan,2024-01-10
4523,Saad Buriro,Sukkur,Pakistan,2026-07-20
4524,Imran Mirza,Peshawar,Pakistan,2021-06-29
4525,Ayesha Buriro,Sukkur,Pakistan,2022-02-20
4526,Ali Raza,Faisalabad,Pakistan,2025-01-07
4527,Ali Memon,Multan,Pakistan,2021-01-22
4528,Saad Memon,Rawalpindi,Pakistan,2022-02-26
4529,Danish Shah,Multan,Pakistan,2026-04-09
4530,Saad Raza,Dubai,UAE,2021-02-09
4531,Hira Buriro,Toronto,Canada,2023-05-25
4532,Maryam Malik,Lahore,Pakistan,2022-11-04
4533,Maryam Hussain,Islamabad,Pakistan,2023-03-24
4534,Fahad Sheikh,Peshawar,Pakistan,2022-06-10
4535,Zainab Sheikh,Dubai,UAE,2022-07-16
4536,Hassan Ali,Islamabad,Pakistan,2025-03-31
4537,Ali Hussain,Hyderabad,Pakistan,2021-02-22
4538,Ayesha Mirza,Karachi,Pakistan,2021-09-22
4539,Sara Ahmed,Karachi,Pakistan,2022-06-24
4540,Hassan Qureshi,Islamabad,Pakistan,2025-08-12
4541,Imran Khan,Dubai,UAE,2023-03-13
4542,Hussain Khan,Toronto,Canada,2021-03-12
4543,Ayesha Iqbal,Peshawar,Pakistan,2023-11-27
4544,Hira Sheikh,Islamabad,Pakistan,2024-07-02
4545,Hassan Qureshi,Toronto,Canada,2023-07-22
4546,Zainab Malik,Hyderabad,Pakistan,2021-06-30
4547,Sara Iqbal,Islamabad,Pakistan,2025-11-27
4548,Usman Shah,Islamabad,Pakistan,2026-02-01
4549,Hassan Memon,Multan,Pakistan,2026-05-19
4550,Fatima Malik,London,UK,2022-10-09
4551,Usman Ali,Multan,Pakistan,2026-05-10
4552,Fatima Memon,Faisalabad,Pakistan,2023-07-06
4553,Usman Khan,Multan,Pakistan,2025-10-29
4554,Fatima Memon,Doha,Qatar,2024-08-13
4555,Hamza Shah,Dubai,UAE,2026-03-06
4556,Hussain Buriro,Sukkur,Pakistan,2021-01-22
4557,Fahad Buriro,Faisalabad,Pakistan,2024-12-10
4558,Zainab Memon,Peshawar,Pakistan,2025-06-21
4559,Omar Khan,Toronto,Canada,2022-02-09
4560,Omar Memon,Sukkur,Pakistan,2025-02-07
4561,Maryam Iqbal,New York,USA,2022-02-02
4562,Saad Shah,Karachi,Pakistan,2026-01-19
4563,Ali Malik,New York,USA,2026-01-26
4564,Fahad Mirza,Doha,Qatar,2021-01-08
4565,Ahmed Ahmed,Dubai,UAE,2023-10-31
4566,Sana Hussain,Doha,Qatar,2023-02-19
4567,Saad Buriro,Quetta,Pakistan,2025-12-20
4568,Usman Khan,Hyderabad,Pakistan,2022-10-15
4569,Maryam Raza,Sukkur,Pakistan,2025-01-08
4570,Imran Raza,Sukkur,Pakistan,2021-08-26
4571,Zainab Malik,Islamabad,Pakistan,2022-03-10
4572,Ahmed Chaudhry,Rawalpindi,Pakistan,2026-07-01
4573,Danish Ahmed,Hyderabad,Pakistan,2023-02-24
4574,Sara Qureshi,Quetta,Pakistan,2025-04-10
4575,Ayesha Mirza,Islamabad,Pakistan,2026-05-27
4576,Danish Ahmed,London,UK,2026-05-22
4577,Hamza Mirza,Lahore,Pakistan,2021-02-09
4578,Imran Ali,Doha,Qatar,2022-04-20
4579,Danish Sheikh,Dubai,UAE,2024-12-27
4580,Sana Ali,Multan,Pakistan,2026-03-04
4581,Hira Memon,Multan,Pakistan,2026-06-18
4582,Hira Buriro,Dubai,UAE,2021-08-01
4583,Imran Mirza,Lahore,Pakistan,2025-02-22
4584,Sara Iqbal,Dubai,UAE,2022-07-09
4585,Hira Memon,Quetta,Pakistan,2025-07-06
4586,Zainab Buriro,Rawalpindi,Pakistan,2024-01-20
4587,Ahmed Sheikh,Toronto,Canada,2022-01-10
4588,Ayesha Chaudhry,Sukkur,Pakistan,2025-09-16
4589,Ahmed Hussain,Islamabad,Pakistan,2026-07-09
4590,Hussain Chaudhry,Sukkur,Pakistan,2023-10-30
4591,Fahad Shah,Faisalabad,Pakistan,2025-07-15
4592,Fahad Sheikh,London,UK,2021-05-02
4593,Saad Memon,Peshawar,Pakistan,2022-07-07
4594,Ali Shah,Doha,Qatar,2021-09-17
4595,Ayesha Shah,Toronto,Canada,2022-08-02
4596,Hassan Iqbal,Karachi,Pakistan,2023-02-06
4597,Fahad Siddiqui,Faisalabad,Pakistan,2023-05-30
4598,Usman Ahmed,Rawalpindi,Pakistan,2022-10-20
4599,Imran Malik,Faisalabad,Pakistan,2024-01-16
4600,Ali Qureshi,Islamabad,Pakistan,2022-03-24
4601,Fatima Hussain,Quetta,Pakistan,2022-12-10
4602,Hamza Chaudhry,Islamabad,Pakistan,2025-09-09
4603,Maryam Iqbal,Sukkur,Pakistan,2021-02-24
4604,Omar Hussain,Faisalabad,Pakistan,2022-11-01
4605,Omar Memon,Doha,Qatar,2025-08-18
4606,Sara Malik,Toronto,Canada,2022-01-03
4607,Imran Mirza,Sukkur,Pakistan,2026-02-22
4608,Fahad Shah,Faisalabad,Pakistan,2022-08-26
4609,Sara Ali,Dubai,UAE,2024-07-08
4610,Hassan Iqbal,Dubai,UAE,2023-08-27
4611,Hussain Mirza,Islamabad,Pakistan,2024-06-28
4612,Ayesha Malik,Multan,Pakistan,2025-06-14
4613,Ahmed Memon,Doha,Qatar,2021-10-31
4614,Sara Sheikh,Hyderabad,Pakistan,2022-12-19
4615,Danish Malik,Karachi,Pakistan,2024-03-04
4616,Sana Malik,New York,USA,2022-06-16
4617,Sana Ahmed,Toronto,Canada,2023-02-04
4618,Fatima Raza,Sukkur,Pakistan,2025-12-11
4619,Sana Siddiqui,Sukkur,Pakistan,2022-04-12
4620,Maryam Sheikh,Multan,Pakistan,2022-01-22
4621,Bilal Shah,Multan,Pakistan,2024-04-03
4622,Maryam Iqbal,Toronto,Canada,2021-07-23
4623,Maham Hussain,New York,USA,2021-01-03
4624,Imran Chaudhry,Peshawar,Pakistan,2025-11-08
4625,Zainab Ali,Hyderabad,Pakistan,2022-07-18
4626,Maryam Hussain,Islamabad,Pakistan,2021-09-03
4627,Bilal Mirza,Karachi,Pakistan,2024-08-30
4628,Fahad Malik,Peshawar,Pakistan,2023-09-08
4629,Fatima Ahmed,Quetta,Pakistan,2023-07-17
4630,Hussain Shah,Dubai,UAE,2023-06-13
4631,Omar Malik,New York,USA,2021-10-24
4632,Hussain Siddiqui,Multan,Pakistan,2025-10-16
4633,Maryam Malik,Islamabad,Pakistan,2021-01-03
4634,Zainab Malik,New York,USA,2023-09-12
4635,Sara Hussain,London,UK,2022-07-06
4636,Saad Khan,Peshawar,Pakistan,2024-07-31
4637,Fahad Qureshi,Karachi,Pakistan,2024-01-24
4638,Ahmed Memon,Peshawar,Pakistan,2023-02-24
4639,Hussain Ahmed,Sukkur,Pakistan,2023-12-26
4640,Saad Shah,New York,USA,2022-04-08
4641,Zainab Shah,Peshawar,Pakistan,2021-09-25
4642,Hassan Khan,Faisalabad,Pakistan,2026-01-20
4643,Ali Sheikh,Multan,Pakistan,2024-06-04
4644,Ayesha Khan,Faisalabad,Pakistan,2024-08-25
4645,Hamza Malik,Karachi,Pakistan,2026-07-29
4646,Sana Iqbal,Lahore,Pakistan,2026-01-17
4647,Hira Chaudhry,London,UK,2024-04-06
4648,Hussain Shah,Multan,Pakistan,2025-06-03
4649,Maham Malik,New York,USA,2023-12-12
4650,Danish Siddiqui,Multan,Pakistan,2022-04-30
4651,Usman Mirza,Doha,Qatar,2024-06-22
4652,Sana Mirza,Islamabad,Pakistan,2026-02-04
4653,Fatima Ali,Islamabad,Pakistan,2025-11-28
4654,Hira Ali,Quetta,Pakistan,2023-10-27
4655,Hira Siddiqui,New York,USA,2026-04-12
4656,Maham Chaudhry,Islamabad,Pakistan,2022-02-07
4657,Ayesha Chaudhry,Peshawar,Pakistan,2021-03-25
4658,Hassan Ali,Rawalpindi,Pakistan,2023-04-02
4659,Saad Raza,London,UK,2022-02-22
4660,Fatima Ahmed,Quetta,Pakistan,2026-05-06
4661,Bilal Memon,Sukkur,Pakistan,2021-08-24
4662,Danish Chaudhry,Hyderabad,Pakistan,2023-12-26
4663,Ayesha Siddiqui,Hyderabad,Pakistan,2025-04-24
4664,Hussain Ali,Sukkur,Pakistan,2021-08-14
4665,Ayesha Raza,Multan,Pakistan,2024-02-03
4666,Hassan Siddiqui,Dubai,UAE,2026-01-14
4667,Maryam Mirza,Islamabad,Pakistan,2021-02-03
4668,Imran Qureshi,Hyderabad,Pakistan,2021-02-11
4669,Omar Chaudhry,Lahore,Pakistan,2026-03-02
4670,Hira Malik,Lahore,Pakistan,2024-05-12
4671,Hira Ahmed,Rawalpindi,Pakistan,2024-11-30
4672,Ayesha Malik,Peshawar,Pakistan,2022-07-16
4673,Saad Khan,Islamabad,Pakistan,2022-09-29
4674,Fahad Malik,Lahore,Pakistan,2023-08-18
4675,Ali Hussain,Toronto,Canada,2022-03-13
4676,Hira Ahmed,Peshawar,Pakistan,2023-06-20
4677,Ali Ali,Dubai,UAE,2026-04-29
4678,Ayesha Ali,Dubai,UAE,2025-03-07
4679,Sara Ali,Lahore,Pakistan,2025-11-07
4680,Maham Chaudhry,Sukkur,Pakistan,2023-10-10
4681,Sara Iqbal,New York,USA,2025-05-24
4682,Imran Khan,Faisalabad,Pakistan,2023-05-09
4683,Hamza Buriro,New York,USA,2024-06-12
4684,Hamza Buriro,Doha,Qatar,2025-01-28
4685,Maham Iqbal,Quetta,Pakistan,2025-08-09
4686,Hamza Qureshi,Lahore,Pakistan,2026-03-02
4687,Ali Malik,Sukkur,Pakistan,2021-08-04
4688,Bilal Siddiqui,Toronto,Canada,2024-12-17
4689,Ayesha Mirza,Quetta,Pakistan,2025-02-10
4690,Maham Memon,New York,USA,2021-01-30
4691,Ali Sheikh,Quetta,Pakistan,2023-09-21
4692,Sara Shah,Faisalabad,Pakistan,2026-05-13
4693,Ayesha Memon,Doha,Qatar,2026-01-09
4694,Maham Mirza,Islamabad,Pakistan,2022-04-16
4695,Ayesha Qureshi,Faisalabad,Pakistan,2023-09-19
4696,Omar Memon,Islamabad,Pakistan,2025-10-27
4697,Ayesha Siddiqui,Sukkur,Pakistan,2026-03-11
4698,Hussain Sheikh,Toronto,Canada,2022-11-06
4699,Usman Sheikh,Doha,Qatar,2025-06-25
4700,Fahad Buriro,Rawalpindi,Pakistan,2025-08-29
4701,Fatima Iqbal,Dubai,UAE,2021-11-03
4702,Saad Siddiqui,Toronto,Canada,2021-03-07
4703,Maham Qureshi,New York,USA,2021-04-06
4704,Fahad Qureshi,Peshawar,Pakistan,2021-10-24
4705,Bilal Ahmed,Islamabad,Pakistan,2025-02-18
4706,Danish Malik,Faisalabad,Pakistan,2023-03-05
4707,Danish Ali,London,UK,2024-10-29
4708,Zainab Siddiqui,Sukkur,Pakistan,2021-07-03
4709,Ayesha Ahmed,Multan,Pakistan,2024-05-12
4710,Ahmed Qureshi,Rawalpindi,Pakistan,2025-02-27
4711,Fatima Buriro,Sukkur,Pakistan,2026-06-13
4712,Fatima Shah,Faisalabad,Pakistan,2022-10-13
4713,Bilal Hussain,Peshawar,Pakistan,2024-01-17
4714,Ayesha Chaudhry,Doha,Qatar,2023-09-12
4715,Ayesha Raza,Karachi,Pakistan,2022-12-11
4716,Ahmed Ahmed,Rawalpindi,Pakistan,2024-07-27
4717,Fahad Qureshi,Toronto,Canada,2024-02-26
4718,Ayesha Raza,Toronto,Canada,2025-08-25
4719,Ahmed Sheikh,Hyderabad,Pakistan,2021-02-27
4720,Hamza Ahmed,Doha,Qatar,2022-03-29
4721,Ayesha Siddiqui,Rawalpindi,Pakistan,2024-03-26
4722,Hussain Raza,Karachi,Pakistan,2024-03-15
4723,Sara Malik,Hyderabad,Pakistan,2026-01-14
4724,Saad Hussain,Peshawar,Pakistan,2024-10-07
4725,Maham Ali,Karachi,Pakistan,2021-01-09
4726,Maham Qureshi,Islamabad,Pakistan,2023-09-24
4727,Sara Mirza,London,UK,2025-09-19
4728,Bilal Shah,Sukkur,Pakistan,2025-11-15
4729,Ahmed Hussain,Sukkur,Pakistan,2025-06-23
4730,Maham Siddiqui,Doha,Qatar,2023-09-01
4731,Hussain Malik,Rawalpindi,Pakistan,2021-08-05
4732,Ayesha Chaudhry,Toronto,Canada,2022-03-11
4733,Hassan Qureshi,Multan,Pakistan,2025-09-22
4734,Maryam Shah,Toronto,Canada,2022-11-26
4735,Fahad Chaudhry,London,UK,2025-04-06
4736,Omar Buriro,Rawalpindi,Pakistan,2021-03-15
4737,Maham Memon,Rawalpindi,Pakistan,2023-09-28
4738,Hussain Khan,Quetta,Pakistan,2026-04-21
4739,Hamza Ali,Peshawar,Pakistan,2022-05-15
4740,Bilal Hussain,Rawalpindi,Pakistan,2021-03-04
4741,Sana Shah,Rawalpindi,Pakistan,2022-08-11
4742,Ali Shah,Toronto,Canada,2021-05-09
4743,Fatima Buriro,London,UK,2024-06-01
4744,Omar Malik,Islamabad,Pakistan,2022-01-26
4745,Sana Ali,Dubai,UAE,2022-05-17
4746,Usman Khan,Islamabad,Pakistan,2024-04-12
4747,Zainab Siddiqui,Faisalabad,Pakistan,2022-10-26
4748,Sana Hussain,Karachi,Pakistan,2024-08-18
4749,Omar Chaudhry,Sukkur,Pakistan,2026-03-13
4750,Imran Ali,Islamabad,Pakistan,2026-03-13
4751,Imran Ahmed,Rawalpindi,Pakistan,2025-01-26
4752,Usman Sheikh,Islamabad,Pakistan,2026-05-29
4753,Ali Qureshi,Islamabad,Pakistan,2025-02-09
4754,Hussain Sheikh,Lahore,Pakistan,2021-05-19
4755,Danish Chaudhry,Quetta,Pakistan,2026-05-03
4756,Usman Raza,Toronto,Canada,2024-03-01
4757,Fatima Siddiqui,Hyderabad,Pakistan,2021-01-12
4758,Maryam Iqbal,London,UK,2024-06-18
4759,Ayesha Khan,Quetta,Pakistan,2022-05-14
4760,Imran Chaudhry,Rawalpindi,Pakistan,2023-12-26
4761,Hamza Sheikh,Karachi,Pakistan,2024-09-02
4762,Fahad Sheikh,London,UK,2021-02-26
4763,Fatima Chaudhry,Karachi,Pakistan,2023-06-13
4764,Danish Sheikh,Faisalabad,Pakistan,2021-04-24
4765,Hussain Siddiqui,Karachi,Pakistan,2021-08-18
4766,Hira Malik,London,UK,2022-03-07
4767,Zainab Hussain,Doha,Qatar,2025-05-12
4768,Ahmed Raza,Hyderabad,Pakistan,2023-04-22
4769,Sara Shah,Hyderabad,Pakistan,2021-04-06
4770,Zainab Memon,Quetta,Pakistan,2025-03-03
4771,Ali Hussain,Peshawar,Pakistan,2024-01-14
4772,Bilal Qureshi,Multan,Pakistan,2021-10-16
4773,Maryam Khan,Multan,Pakistan,2024-02-21
4774,Ali Siddiqui,Islamabad,Pakistan,2022-05-22
4775,Imran Khan,Rawalpindi,Pakistan,2024-07-20
4776,Maham Ali,Quetta,Pakistan,2026-04-16
4777,Fatima Siddiqui,London,UK,2022-10-06
4778,Fatima Ali,London,UK,2025-02-28
4779,Maham Malik,Peshawar,Pakistan,2021-02-18
4780,Maham Hussain,London,UK,2023-04-10
4781,Sana Malik,Quetta,Pakistan,2025-12-17
4782,Hira Iqbal,Multan,Pakistan,2021-06-02
4783,Imran Chaudhry,Multan,Pakistan,2026-03-09
4784,Usman Raza,Peshawar,Pakistan,2021-07-10
4785,Omar Iqbal,Hyderabad,Pakistan,2023-09-10
4786,Saad Chaudhry,London,UK,2022-01-04
4787,Hussain Malik,Islamabad,Pakistan,2021-02-12
4788,Sara Buriro,Karachi,Pakistan,2022-12-13
4789,Omar Ahmed,Peshawar,Pakistan,2024-03-29
4790,Hassan Memon,Lahore,Pakistan,2025-01-12
4791,Fatima Sheikh,Islamabad,Pakistan,2022-10-06
4792,Danish Khan,Multan,Pakistan,2023-10-01
4793,Maham Malik,Karachi,Pakistan,2022-01-07
4794,Imran Iqbal,Rawalpindi,Pakistan,2025-01-26
4795,Zainab Malik,Quetta,Pakistan,2021-12-11
4796,Usman Ahmed,Multan,Pakistan,2025-10-21
4797,Saad Ahmed,Toronto,Canada,2022-01-01
4798,Ayesha Sheikh,Lahore,Pakistan,2024-09-15
4799,Hira Mirza,Dubai,UAE,2022-11-06
4800,Sana Buriro,Quetta,Pakistan,2026-07-24
4801,Sana Siddiqui,Sukkur,Pakistan,2022-07-26
4802,Hussain Shah,Dubai,UAE,2026-04-18
4803,Ayesha Khan,Karachi,Pakistan,2025-09-01
4804,Hamza Siddiqui,London,UK,2023-08-12
4805,Fatima Mirza,Hyderabad,Pakistan,2023-10-07
4806,Saad Memon,Sukkur,Pakistan,2022-12-23
4807,Ahmed Siddiqui,Hyderabad,Pakistan,2023-05-22
4808,Sara Raza,Multan,Pakistan,2023-08-08
4809,Fatima Siddiqui,Dubai,UAE,2021-10-25
4810,Ayesha Raza,Doha,Qatar,2022-10-21
4811,Hussain Sheikh,Toronto,Canada,2025-11-21
4812,Usman Memon,Dubai,UAE,2026-06-19
4813,Fahad Sheikh,Quetta,Pakistan,2021-04-22
4814,Omar Iqbal,Peshawar,Pakistan,2025-02-01
4815,Hira Siddiqui,Doha,Qatar,2022-05-04
4816,Ali Khan,Rawalpindi,Pakistan,2024-08-25
4817,Usman Shah,Doha,Qatar,2024-06-20
4818,Sara Sheikh,Sukkur,Pakistan,2025-11-27
4819,Saad Raza,Sukkur,Pakistan,2024-12-02
4820,Imran Raza,Quetta,Pakistan,2025-08-06
4821,Omar Memon,New York,USA,2025-06-21
4822,Ayesha Malik,Dubai,UAE,2024-08-12
4823,Fatima Hussain,Lahore,Pakistan,2023-04-17
4824,Omar Memon,London,UK,2022-11-19
4825,Saad Siddiqui,Dubai,UAE,2023-01-01
4826,Bilal Siddiqui,Toronto,Canada,2022-08-12
4827,Danish Ahmed,Doha,Qatar,2022-09-26
4828,Saad Siddiqui,Doha,Qatar,2024-03-03
4829,Danish Buriro,Karachi,Pakistan,2022-07-05
4830,Maham Chaudhry,Sukkur,Pakistan,2022-12-12
4831,Hussain Raza,Doha,Qatar,2024-12-16
4832,Ahmed Malik,Doha,Qatar,2022-10-31
4833,Ali Memon,Quetta,Pakistan,2021-08-06
4834,Maryam Buriro,Toronto,Canada,2021-02-04
4835,Hussain Malik,Toronto,Canada,2025-04-09
4836,Hira Mirza,Karachi,Pakistan,2026-04-17
4837,Fahad Ali,Toronto,Canada,2024-10-23
4838,Ayesha Khan,Sukkur,Pakistan,2021-05-04
4839,Danish Ali,Quetta,Pakistan,2024-02-23
4840,Danish Ahmed,Islamabad,Pakistan,2022-07-07
4841,Ali Chaudhry,Toronto,Canada,2022-10-16
4842,Ayesha Siddiqui,Hyderabad,Pakistan,2026-02-21
4843,Maryam Malik,Faisalabad,Pakistan,2025-08-08
4844,Hira Siddiqui,Hyderabad,Pakistan,2025-02-07
4845,Bilal Qureshi,Doha,Qatar,2023-10-18
4846,Ali Malik,Peshawar,Pakistan,2024-03-24
4847,Sana Ahmed,Lahore,Pakistan,2026-02-10
4848,Hassan Hussain,Karachi,Pakistan,2024-09-08
4849,Ayesha Ahmed,Doha,Qatar,2024-03-25
4850,Sara Buriro,Rawalpindi,Pakistan,2021-07-17
4851,Ali Shah,London,UK,2026-07-24
4852,Omar Memon,Karachi,Pakistan,2025-07-07
4853,Ahmed Mirza,Toronto,Canada,2023-01-14
4854,Hamza Ali,Sukkur,Pakistan,2022-05-25
4855,Fahad Ali,Rawalpindi,Pakistan,2026-05-27
4856,Hassan Iqbal,Toronto,Canada,2026-05-03
4857,Zainab Siddiqui,Hyderabad,Pakistan,2023-05-07
4858,Hira Hussain,Doha,Qatar,2022-04-17
4859,Maryam Khan,Quetta,Pakistan,2025-06-14
4860,Sana Malik,Faisalabad,Pakistan,2024-06-28
4861,Danish Sheikh,Karachi,Pakistan,2024-01-17
4862,Hassan Chaudhry,Rawalpindi,Pakistan,2024-01-30
4863,Bilal Malik,Karachi,Pakistan,2021-10-19
4864,Imran Buriro,New York,USA,2024-05-14
4865,Fahad Hussain,Lahore,Pakistan,2023-01-10
4866,Imran Ali,Lahore,Pakistan,2022-02-23
4867,Sana Malik,Lahore,Pakistan,2025-05-12
4868,Omar Shah,Doha,Qatar,2022-12-06
4869,Usman Siddiqui,Doha,Qatar,2022-03-10
4870,Imran Hussain,Dubai,UAE,2026-05-12
4871,Hamza Siddiqui,Lahore,Pakistan,2026-05-17
4872,Zainab Shah,Peshawar,Pakistan,2023-10-05
4873,Zainab Memon,Doha,Qatar,2022-08-26
4874,Usman Raza,Lahore,Pakistan,2021-11-26
4875,Sara Sheikh,London,UK,2024-07-01
4876,Bilal Raza,Karachi,Pakistan,2024-05-29
4877,Maham Shah,New York,USA,2024-06-15
4878,Sana Memon,Quetta,Pakistan,2025-04-14
4879,Hamza Qureshi,Toronto,Canada,2023-08-18
4880,Fahad Qureshi,Faisalabad,Pakistan,2024-10-24
4881,Sana Ahmed,London,UK,2024-08-28
4882,Imran Raza,New York,USA,2025-06-10
4883,Maham Hussain,Hyderabad,Pakistan,2025-02-24
4884,Omar Qureshi,Sukkur,Pakistan,2021-03-15
4885,Sara Mirza,Faisalabad,Pakistan,2026-06-11
4886,Hassan Mirza,Faisalabad,Pakistan,2024-02-16
4887,Danish Ali,London,UK,2023-12-16
4888,Hassan Memon,Rawalpindi,Pakistan,2024-05-21
4889,Danish Qureshi,Lahore,Pakistan,2024-02-16
4890,Maryam Iqbal,Peshawar,Pakistan,2023-03-31
4891,Hamza Shah,New York,USA,2026-07-19
4892,Saad Malik,Islamabad,Pakistan,2021-05-25
4893,Fatima Siddiqui,Multan,Pakistan,2025-07-18
4894,Zainab Malik,Dubai,UAE,2021-11-22
4895,Hira Memon,Peshawar,Pakistan,2022-02-25
4896,Usman Sheikh,Sukkur,Pakistan,2024-05-21
4897,Ahmed Shah,Peshawar,Pakistan,2024-07-24
4898,Saad Sheikh,New York,USA,2026-03-05
4899,Maryam Chaudhry,Toronto,Canada,2022-08-23
4900,Sara Buriro,Faisalabad,Pakistan,2021-02-22
4901,Sara Sheikh,Faisalabad,Pakistan,2022-06-04
4902,Maryam Malik,Hyderabad,Pakistan,2024-01-14
4903,Fahad Ahmed,Faisalabad,Pakistan,2022-12-30
4904,Fahad Chaudhry,New York,USA,2022-05-29
4905,Hassan Memon,Peshawar,Pakistan,2026-02-06
4906,Saad Raza,Dubai,UAE,2024-02-19
4907,Hamza Chaudhry,Faisalabad,Pakistan,2024-10-01
4908,Zainab Ali,Dubai,UAE,2025-03-08
4909,Usman Memon,Dubai,UAE,2023-04-14
4910,Fatima Shah,Peshawar,Pakistan,2025-02-07
4911,Maham Ali,Doha,Qatar,2026-05-19
4912,Usman Siddiqui,Toronto,Canada,2025-01-17
4913,Ali Qureshi,Islamabad,Pakistan,2022-08-28
4914,Imran Iqbal,Rawalpindi,Pakistan,2025-05-07
4915,Fahad Malik,Doha,Qatar,2022-04-27
4916,Ahmed Mirza,Faisalabad,Pakistan,2021-05-28
4917,Omar Buriro,Hyderabad,Pakistan,2023-06-25
4918,Hassan Memon,London,UK,2023-11-05
4919,Sana Chaudhry,Sukkur,Pakistan,2023-08-16
4920,Hassan Siddiqui,Lahore,Pakistan,2022-06-18
4921,Saad Qureshi,Lahore,Pakistan,2022-07-11
4922,Hira Ahmed,New York,USA,2026-02-21
4923,Sara Malik,London,UK,2022-08-18
4924,Sana Chaudhry,Multan,Pakistan,2025-05-15
4925,Hira Sheikh,New York,USA,2022-06-09
4926,Hussain Qureshi,Lahore,Pakistan,2021-08-08
4927,Danish Shah,Toronto,Canada,2021-05-09
4928,Hira Sheikh,Lahore,Pakistan,2022-05-11
4929,Hamza Memon,Sukkur,Pakistan,2025-09-11
4930,Omar Malik,New York,USA,2023-07-17
4931,Zainab Buriro,Sukkur,Pakistan,2024-11-17
4932,Fahad Hussain,London,UK,2026-05-17
4933,Hira Buriro,Multan,Pakistan,2021-04-09
4934,Bilal Shah,Hyderabad,Pakistan,2021-08-12
4935,Fatima Hussain,Rawalpindi,Pakistan,2026-02-19
4936,Maryam Ahmed,Lahore,Pakistan,2024-03-03
4937,Maham Qureshi,Hyderabad,Pakistan,2024-06-13
4938,Fahad Memon,Rawalpindi,Pakistan,2022-11-27
4939,Saad Hussain,London,UK,2025-08-13
4940,Zainab Ahmed,Rawalpindi,Pakistan,2024-08-10
4941,Omar Mirza,Islamabad,Pakistan,2022-06-10
4942,Omar Khan,Dubai,UAE,2024-08-15
4943,Usman Raza,Quetta,Pakistan,2021-01-08
4944,Maryam Iqbal,Rawalpindi,Pakistan,2022-05-06
4945,Imran Sheikh,Dubai,UAE,2022-02-20
4946,Sana Mirza,Rawalpindi,Pakistan,2025-05-21
4947,Ali Raza,London,UK,2025-02-07
4948,Fatima Buriro,Karachi,Pakistan,2021-07-05
4949,Danish Hussain,Quetta,Pakistan,2026-01-22
4950,Hira Memon,Quetta,Pakistan,2025-07-26
4951,Sana Shah,Multan,Pakistan,2023-06-06
4952,Bilal Buriro,Dubai,UAE,2022-03-08
4953,Maryam Shah,Multan,Pakistan,2023-05-07
4954,Fahad Iqbal,Sukkur,Pakistan,2024-04-16
4955,Maryam Shah,Rawalpindi,Pakistan,2024-07-08
4956,Imran Shah,Quetta,Pakistan,2022-12-09
4957,Ayesha Mirza,London,UK,2021-07-27
4958,Zainab Shah,Doha,Qatar,2024-05-27
4959,Ahmed Qureshi,Multan,Pakistan,2024-12-08
4960,Hira Memon,Peshawar,Pakistan,2022-06-29
4961,Usman Ahmed,Peshawar,Pakistan,2024-07-27
4962,Sara Ahmed,New York,USA,2023-10-19
4963,Ahmed Sheikh,Doha,Qatar,2021-01-17
4964,Sana Shah,Sukkur,Pakistan,2022-09-19
4965,Usman Shah,New York,USA,2023-02-03
4966,Hamza Khan,Lahore,Pakistan,2025-08-27
4967,Ali Qureshi,London,UK,2025-08-12
4968,Ali Malik,New York,USA,2025-11-16
4969,Sana Khan,Dubai,UAE,2023-08-02
4970,Maryam Hussain,Quetta,Pakistan,2022-10-29
4971,Sana Hussain,Toronto,Canada,2023-10-15
4972,Danish Ali,Sukkur,Pakistan,2025-06-02
4973,Hussain Malik,New York,USA,2024-06-20
4974,Hira Chaudhry,Islamabad,Pakistan,2024-05-10
4975,Imran Raza,Sukkur,Pakistan,2023-06-04
4976,Ayesha Siddiqui,Faisalabad,Pakistan,2024-11-20
4977,Ahmed Siddiqui,Toronto,Canada,2025-11-03
4978,Zainab Shah,Toronto,Canada,2024-09-23
4979,Maham Mirza,New York,USA,2023-04-02
4980,Hamza Chaudhry,Rawalpindi,Pakistan,2025-09-08
4981,Hassan Chaudhry,Peshawar,Pakistan,2026-04-05
4982,Maham Shah,Karachi,Pakistan,2025-06-12
4983,Hira Malik,Doha,Qatar,2025-11-23
4984,Maham Ahmed,Rawalpindi,Pakistan,2022-06-26
4985,Usman Malik,Sukkur,Pakistan,2023-05-09
4986,Hussain Malik,Peshawar,Pakistan,2022-05-24
4987,Maryam Hussain,Toronto,Canada,2023-01-16
4988,Sana Ahmed,New York,USA,2025-02-03
4989,Usman Chaudhry,London,UK,2024-10-10
4990,Bilal Ali,Sukkur,Pakistan,2021-01-07
4991,Fatima Khan,Lahore,Pakistan,2025-03-20
4992,Hamza Mirza,Toronto,Canada,2022-01-27
4993,Bilal Memon,Karachi,Pakistan,2022-01-14
4994,Fatima Qureshi,Faisalabad,Pakistan,2024-01-13
4995,Hira Raza,Multan,Pakistan,2022-05-07
4996,Hamza Shah,Multan,Pakistan,2026-05-17
4997,Imran Ahmed,Doha,Qatar,2021-10-26
4998,Saad Sheikh,Rawalpindi,Pakistan,2021-11-06
4999,Saad Qureshi,Quetta,Pakistan,2025-03-31
5000,Sana Hussain,Rawalpindi,Pakistan,2022-08-08
5001,Hamza Shah,Toronto,Canada,2024-12-26
5002,Zainab Hussain,London,UK,2024-10-20
5003,Bilal Buriro,Faisalabad,Pakistan,2022-01-21
5004,Maryam Ahmed,Lahore,Pakistan,2024-03-27
5005,Imran Khan,Islamabad,Pakistan,2023-12-31
5006,Hira Siddiqui,Rawalpindi,Pakistan,2021-07-12
5007,Hira Buriro,Faisalabad,Pakistan,2025-04-07
5008,Hira Hussain,Toronto,Canada,2025-10-14
5009,Danish Memon,Lahore,Pakistan,2026-04-15
5010,Danish Siddiqui,Quetta,Pakistan,2021-06-29
5011,Usman Shah,Multan,Pakistan,2021-12-30
5012,Maryam Sheikh,Karachi,Pakistan,2025-08-09
5013,Ahmed Shah,Sukkur,Pakistan,2022-09-13
5014,Saad Memon,Dubai,UAE,2024-06-28
5015,Maham Ahmed,Doha,Qatar,2022-12-11
5016,Ahmed Malik,Peshawar,Pakistan,2022-03-20
5017,Fahad Sheikh,Hyderabad,Pakistan,2024-06-27
5018,Maham Sheikh,New York,USA,2022-02-23
5019,Fatima Hussain,Rawalpindi,Pakistan,2021-10-06
5020,Saad Siddiqui,Dubai,UAE,2023-12-18
5021,Sana Chaudhry,Doha,Qatar,2022-01-30
5022,Omar Mirza,Karachi,Pakistan,2022-01-27
5023,Zainab Chaudhry,Toronto,Canada,2025-05-10
5024,Fatima Hussain,Rawalpindi,Pakistan,2024-01-10
5025,Hamza Hussain,Peshawar,Pakistan,2021-10-20
5026,Hamza Hussain,Rawalpindi,Pakistan,2021-11-23
5027,Maham Siddiqui,Islamabad,Pakistan,2023-03-08
5028,Ayesha Malik,Dubai,UAE,2023-03-03
5029,Sara Raza,Peshawar,Pakistan,2023-07-10
5030,Zainab Khan,Peshawar,Pakistan,2021-10-02
5031,Hassan Khan,Peshawar,Pakistan,2026-01-06
5032,Fahad Mirza,London,UK,2023-01-10
5033,Ahmed Khan,Doha,Qatar,2025-07-22
5034,Maham Sheikh,Peshawar,Pakistan,2023-03-27
5035,Hamza Hussain,Islamabad,Pakistan,2023-08-21
5036,Usman Ahmed,Hyderabad,Pakistan,2024-10-11
5037,Omar Chaudhry,Peshawar,Pakistan,2021-05-02
5038,Maham Ahmed,Lahore,Pakistan,2025-03-05
5039,Sana Chaudhry,Rawalpindi,Pakistan,2025-12-02
5040,Saad Buriro,Rawalpindi,Pakistan,2023-01-07
5041,Hassan Shah,Doha,Qatar,2025-12-15
5042,Usman Ahmed,Faisalabad,Pakistan,2024-11-25
5043,Hussain Malik,Toronto,Canada,2021-01-06
5044,Sana Qureshi,Quetta,Pakistan,2022-02-18
5045,Ayesha Shah,Peshawar,Pakistan,2024-07-30
5046,Hussain Iqbal,Doha,Qatar,2024-11-30
5047,Sana Shah,Dubai,UAE,2021-07-10
5048,Danish Mirza,Rawalpindi,Pakistan,2024-10-27
5049,Saad Ahmed,Hyderabad,Pakistan,2025-07-10
5050,Maryam Iqbal,Sukkur,Pakistan,2021-07-07
5051,Danish Shah,Karachi,Pakistan,2025-11-28
5052,Fahad Siddiqui,Islamabad,Pakistan,2023-12-23
5053,Fatima Raza,Lahore,Pakistan,2024-06-10
5054,Maham Ali,Dubai,UAE,2021-04-14
5055,Zainab Mirza,Faisalabad,Pakistan,2024-06-03
5056,Zainab Malik,Karachi,Pakistan,2023-07-16
5057,Ahmed Raza,London,UK,2023-01-28
5058,Sara Raza,Sukkur,Pakistan,2025-05-10
5059,Saad Hussain,Dubai,UAE,2022-05-24
5060,Zainab Khan,Islamabad,Pakistan,2021-05-03
5061,Sana Ahmed,Toronto,Canada,2023-10-15
5062,Sara Ahmed,Islamabad,Pakistan,2025-02-24
5063,Imran Malik,Quetta,Pakistan,2021-09-30
5064,Ayesha Ahmed,Quetta,Pakistan,2026-06-30
5065,Usman Chaudhry,Rawalpindi,Pakistan,2024-10-01
5066,Bilal Sheikh,Multan,Pakistan,2026-03-19
5067,Saad Hussain,Karachi,Pakistan,2023-08-17
5068,Ali Qureshi,Peshawar,Pakistan,2021-09-09
5069,Omar Malik,Dubai,UAE,2021-12-28
5070,Usman Sheikh,Hyderabad,Pakistan,2023-10-18
5071,Omar Malik,Quetta,Pakistan,2024-04-13
5072,Ayesha Qureshi,Doha,Qatar,2025-02-05
5073,Usman Siddiqui,Rawalpindi,Pakistan,2025-06-09
5074,Imran Sheikh,Hyderabad,Pakistan,2025-04-04
5075,Sana Iqbal,Lahore,Pakistan,2024-04-14
5076,Maryam Shah,Quetta,Pakistan,2021-02-06
5077,Omar Sheikh,Rawalpindi,Pakistan,2023-12-16
5078,Fatima Ahmed,New York,USA,2025-07-28
5079,Hassan Qureshi,Hyderabad,Pakistan,2025-09-24
5080,Imran Memon,Sukkur,Pakistan,2025-08-28
5081,Danish Ahmed,Islamabad,Pakistan,2021-01-22
5082,Ayesha Raza,Hyderabad,Pakistan,2023-06-07
5083,Ayesha Siddiqui,Islamabad,Pakistan,2024-06-10
5084,Omar Khan,Quetta,Pakistan,2022-05-20
5085,Fahad Chaudhry,Karachi,Pakistan,2023-04-15
5086,Ahmed Siddiqui,Lahore,Pakistan,2021-07-18
5087,Zainab Buriro,Peshawar,Pakistan,2022-01-30
5088,Saad Siddiqui,Quetta,Pakistan,2021-01-12
5089,Sara Iqbal,Hyderabad,Pakistan,2026-06-20
5090,Danish Malik,Faisalabad,Pakistan,2025-10-19
5091,Danish Siddiqui,Faisalabad,Pakistan,2023-04-03
5092,Ali Buriro,London,UK,2021-01-09
5093,Danish Qureshi,Faisalabad,Pakistan,2022-11-15
5094,Fatima Qureshi,New York,USA,2023-06-04
5095,Hassan Iqbal,Rawalpindi,Pakistan,2021-12-11
5096,Ali Raza,Islamabad,Pakistan,2024-09-10
5097,Ali Memon,Faisalabad,Pakistan,2026-07-27
5098,Imran Hussain,Lahore,Pakistan,2025-09-16
5099,Maryam Mirza,Dubai,UAE,2025-10-11
5100,Saad Mirza,Multan,Pakistan,2025-08-21
5101,Usman Raza,Multan,Pakistan,2021-05-23
5102,Danish Malik,Quetta,Pakistan,2024-01-29
5103,Hira Khan,Lahore,Pakistan,2024-02-28
5104,Fahad Hussain,Multan,Pakistan,2021-07-25
5105,Sara Mirza,Doha,Qatar,2021-10-28
5106,Usman Siddiqui,Sukkur,Pakistan,2024-02-26
5107,Fahad Ahmed,Quetta,Pakistan,2024-12-29
5108,Danish Malik,Peshawar,Pakistan,2022-03-03
5109,Sana Sheikh,Peshawar,Pakistan,2023-09-14
5110,Hira Mirza,Doha,Qatar,2021-06-03
5111,Hamza Ahmed,Toronto,Canada,2021-08-13
5112,Ayesha Hussain,Faisalabad,Pakistan,2024-03-28
5113,Maham Buriro,Toronto,Canada,2024-02-10
5114,Hamza Iqbal,Lahore,Pakistan,2025-03-09
5115,Ahmed Ali,Hyderabad,Pakistan,2026-01-30
5116,Ali Chaudhry,Hyderabad,Pakistan,2022-01-23
5117,Hussain Hussain,Dubai,UAE,2022-11-27
5118,Danish Buriro,Sukkur,Pakistan,2025-10-11
5119,Imran Khan,Peshawar,Pakistan,2021-04-14
5120,Ayesha Sheikh,Rawalpindi,Pakistan,2025-08-16
5121,Hira Hussain,Peshawar,Pakistan,2026-04-11
5122,Sana Malik,Hyderabad,Pakistan,2021-07-23
5123,Hassan Siddiqui,Peshawar,Pakistan,2021-10-16
5124,Bilal Raza,Multan,Pakistan,2024-10-26
5125,Maham Raza,Toronto,Canada,2023-08-27
5126,Sana Khan,London,UK,2026-07-06
5127,Maryam Siddiqui,Islamabad,Pakistan,2024-01-16
5128,Hassan Shah,Doha,Qatar,2024-08-28
5129,Maham Chaudhry,Sukkur,Pakistan,2022-04-29
5130,Zainab Iqbal,Multan,Pakistan,2022-10-24
5131,Hussain Malik,Peshawar,Pakistan,2021-12-28
5132,Imran Ahmed,Islamabad,Pakistan,2021-10-27
5133,Hira Shah,Karachi,Pakistan,2021-08-19
5134,Hamza Sheikh,Faisalabad,Pakistan,2025-12-25
5135,Omar Chaudhry,London,UK,2021-05-23
5136,Saad Sheikh,Multan,Pakistan,2023-11-19
5137,Zainab Khan,Multan,Pakistan,2023-11-02
5138,Usman Khan,Doha,Qatar,2021-04-24
5139,Fahad Shah,Doha,Qatar,2025-09-13
5140,Hamza Mirza,Faisalabad,Pakistan,2023-10-18
5141,Sara Hussain,Karachi,Pakistan,2021-09-16
5142,Ali Raza,Dubai,UAE,2021-09-20
5143,Sana Malik,Dubai,UAE,2024-11-28
5144,Sara Chaudhry,Toronto,Canada,2023-04-21
5145,Bilal Malik,Doha,Qatar,2023-04-06
5146,Hamza Mirza,Sukkur,Pakistan,2021-03-13
5147,Ahmed Chaudhry,Lahore,Pakistan,2021-03-06
5148,Maham Sheikh,Rawalpindi,Pakistan,2023-12-29
5149,Sana Chaudhry,Dubai,UAE,2023-01-12
5150,Maham Malik,Sukkur,Pakistan,2022-05-29
5151,Ahmed Hussain,Faisalabad,Pakistan,2023-02-12
5152,Hassan Ali,Faisalabad,Pakistan,2024-05-18
5153,Saad Sheikh,Dubai,UAE,2022-08-21
5154,Hira Shah,Faisalabad,Pakistan,2022-12-13
5155,Hassan Khan,Islamabad,Pakistan,2022-07-31
5156,Omar Khan,Doha,Qatar,2024-09-20
5157,Ayesha Malik,Multan,Pakistan,2021-04-22
5158,Zainab Raza,Hyderabad,Pakistan,2026-02-15
5159,Hamza Siddiqui,Lahore,Pakistan,2024-02-05
5160,Ahmed Malik,Peshawar,Pakistan,2025-03-28
5161,Saad Iqbal,Doha,Qatar,2026-03-31
5162,Fatima Iqbal,Islamabad,Pakistan,2021-04-29
5163,Zainab Ali,Rawalpindi,Pakistan,2022-02-21
5164,Fahad Siddiqui,Islamabad,Pakistan,2021-10-21
5165,Maryam Hussain,Lahore,Pakistan,2021-05-25
5166,Hamza Buriro,Sukkur,Pakistan,2025-02-14
5167,Zainab Qureshi,Hyderabad,Pakistan,2022-01-28
5168,Bilal Buriro,London,UK,2023-02-21
5169,Usman Ali,Faisalabad,Pakistan,2025-07-19
5170,Fahad Malik,Sukkur,Pakistan,2024-05-31
5171,Maryam Memon,Lahore,Pakistan,2024-10-12
5172,Danish Hussain,Hyderabad,Pakistan,2021-07-19
5173,Sara Mirza,Faisalabad,Pakistan,2026-06-02
5174,Imran Khan,Karachi,Pakistan,2021-06-18
5175,Sara Ahmed,Faisalabad,Pakistan,2024-12-17
5176,Fahad Khan,Peshawar,Pakistan,2024-07-27
5177,Usman Ahmed,Faisalabad,Pakistan,2023-04-21
5178,Maryam Khan,Peshawar,Pakistan,2025-09-05
5179,Ali Sheikh,London,UK,2025-12-24
5180,Saad Sheikh,London,UK,2021-05-24
5181,Ayesha Hussain,Karachi,Pakistan,2026-05-07
5182,Sana Qureshi,Sukkur,Pakistan,2022-05-07
5183,Sana Khan,Toronto,Canada,2025-06-02
5184,Usman Memon,Toronto,Canada,2025-07-31
5185,Hamza Khan,Hyderabad,Pakistan,2024-02-09
5186,Hassan Mirza,London,UK,2025-10-26
5187,Hamza Khan,New York,USA,2025-08-10
5188,Sara Sheikh,Multan,Pakistan,2023-12-02
5189,Fatima Chaudhry,Toronto,Canada,2021-12-31
5190,Hamza Raza,Sukkur,Pakistan,2023-06-05
5191,Sara Hussain,London,UK,2026-01-09
5192,Usman Memon,London,UK,2022-02-18
5193,Sara Ali,London,UK,2026-07-31
5194,Hussain Memon,Doha,Qatar,2022-01-06
5195,Hassan Chaudhry,New York,USA,2024-09-17
5196,Hassan Iqbal,Faisalabad,Pakistan,2024-07-30
5197,Hira Siddiqui,Quetta,Pakistan,2022-02-04
5198,Bilal Qureshi,Sukkur,Pakistan,2023-08-21
5199,Sara Buriro,New York,USA,2021-10-22
5200,Usman Raza,Multan,Pakistan,2023-01-14
5201,Saad Shah,Hyderabad,Pakistan,2026-05-10
5202,Hira Ahmed,London,UK,2021-04-21
5203,Danish Ahmed,Doha,Qatar,2025-11-11
5204,Bilal Siddiqui,Toronto,Canada,2024-10-12
5205,Omar Ahmed,Islamabad,Pakistan,2025-03-06
5206,Maryam Khan,Toronto,Canada,2022-07-29
5207,Saad Khan,London,UK,2026-04-19
5208,Hamza Chaudhry,Islamabad,Pakistan,2022-06-01
5209,Hussain Ali,Karachi,Pakistan,2023-10-23
5210,Sara Ali,Rawalpindi,Pakistan,2021-03-16
5211,Fahad Siddiqui,Toronto,Canada,2025-12-15
5212,Fahad Shah,London,UK,2024-12-06
5213,Hassan Iqbal,Quetta,Pakistan,2021-11-28
5214,Maham Chaudhry,Sukkur,Pakistan,2024-09-11
5215,Hamza Siddiqui,Faisalabad,Pakistan,2022-01-08
5216,Sana Siddiqui,Toronto,Canada,2023-06-25
5217,Usman Qureshi,Islamabad,Pakistan,2023-11-11
5218,Maryam Khan,Hyderabad,Pakistan,2026-03-13
5219,Hamza Malik,Rawalpindi,Pakistan,2022-11-09
5220,Ahmed Ali,New York,USA,2021-01-27
5221,Fatima Ali,Quetta,Pakistan,2023-06-01
5222,Hamza Raza,Dubai,UAE,2026-03-04
5223,Fahad Ali,Toronto,Canada,2025-06-15
5224,Ayesha Ali,Islamabad,Pakistan,2021-05-01
5225,Ayesha Sheikh,Doha,Qatar,2021-04-19
5226,Maham Siddiqui,Lahore,Pakistan,2025-03-23
5227,Imran Ahmed,London,UK,2024-02-10
5228,Ahmed Khan,Dubai,UAE,2021-06-29
5229,Omar Ahmed,New York,USA,2022-07-25
5230,Ahmed Shah,Islamabad,Pakistan,2025-09-24
5231,Saad Mirza,Doha,Qatar,2021-10-12
5232,Ali Chaudhry,London,UK,2023-07-11
5233,Usman Siddiqui,Lahore,Pakistan,2025-02-06
5234,Hamza Siddiqui,Quetta,Pakistan,2025-08-15
5235,Maham Memon,New York,USA,2024-04-21
5236,Sana Hussain,Peshawar,Pakistan,2023-10-01
5237,Sara Ahmed,Multan,Pakistan,2023-02-25
5238,Omar Ali,Hyderabad,Pakistan,2021-03-31
5239,Sara Siddiqui,Peshawar,Pakistan,2022-06-30
5240,Maryam Raza,Doha,Qatar,2022-03-14
5241,Bilal Ahmed,Sukkur,Pakistan,2021-04-28
5242,Saad Malik,Dubai,UAE,2025-02-27
5243,Hassan Malik,London,UK,2022-12-22
5244,Imran Shah,London,UK,2023-11-05
5245,Saad Siddiqui,Faisalabad,Pakistan,2022-02-13
5246,Fahad Hussain,London,UK,2021-10-04
5247,Ali Sheikh,Hyderabad,Pakistan,2024-10-13
5248,Ayesha Shah,Quetta,Pakistan,2025-02-14
5249,Zainab Ali,Hyderabad,Pakistan,2022-09-27
5250,Hira Mirza,Doha,Qatar,2022-03-10
5251,Ahmed Sheikh,Dubai,UAE,2025-05-09
5252,Hira Khan,Quetta,Pakistan,2022-03-31
5253,Omar Shah,Faisalabad,Pakistan,2021-12-30
5254,Ali Mirza,Peshawar,Pakistan,2022-11-25
5255,Ayesha Buriro,London,UK,2026-05-24
5256,Sana Chaudhry,Hyderabad,Pakistan,2023-08-01
5257,Saad Hussain,New York,USA,2022-06-20
5258,Omar Siddiqui,Hyderabad,Pakistan,2023-11-13
5259,Danish Siddiqui,Islamabad,Pakistan,2022-12-12
5260,Zainab Ahmed,London,UK,2024-09-16
5261,Saad Hussain,Dubai,UAE,2023-06-14
5262,Hamza Raza,Multan,Pakistan,2024-04-14
5263,Ayesha Ahmed,Sukkur,Pakistan,2023-06-09
5264,Fahad Chaudhry,Dubai,UAE,2023-09-09
5265,Danish Qureshi,London,UK,2023-07-01
5266,Bilal Khan,Doha,Qatar,2023-03-14
5267,Sara Malik,New York,USA,2026-05-19
5268,Fahad Chaudhry,Faisalabad,Pakistan,2022-06-26
5269,Hassan Chaudhry,Rawalpindi,Pakistan,2025-06-30
5270,Hassan Sheikh,Lahore,Pakistan,2024-12-17
5271,Fatima Iqbal,Quetta,Pakistan,2023-12-12
5272,Hira Chaudhry,Sukkur,Pakistan,2022-10-10
5273,Sana Mirza,Dubai,UAE,2023-09-14
5274,Fahad Mirza,Karachi,Pakistan,2025-09-28
5275,Ayesha Qureshi,Dubai,UAE,2022-01-06
5276,Saad Buriro,London,UK,2024-04-09
5277,Imran Raza,Dubai,UAE,2025-04-08
5278,Imran Memon,Peshawar,Pakistan,2024-07-15
5279,Sara Ahmed,Karachi,Pakistan,2021-10-21
5280,Sana Memon,Peshawar,Pakistan,2023-11-03
5281,Maham Iqbal,Sukkur,Pakistan,2022-01-08
5282,Hamza Malik,Quetta,Pakistan,2026-03-08
5283,Saad Iqbal,Quetta,Pakistan,2022-12-18
5284,Hussain Qureshi,Peshawar,Pakistan,2023-05-10
5285,Imran Ahmed,Quetta,Pakistan,2025-10-14
5286,Maham Ali,Hyderabad,Pakistan,2023-05-21
5287,Hussain Buriro,Sukkur,Pakistan,2022-01-31
5288,Maryam Raza,Hyderabad,Pakistan,2025-12-25
5289,Fahad Malik,Peshawar,Pakistan,2024-08-13
5290,Zainab Hussain,Faisalabad,Pakistan,2024-05-17
5291,Sara Malik,Dubai,UAE,2021-06-04
5292,Maryam Siddiqui,Toronto,Canada,2023-07-05
5293,Zainab Mirza,Sukkur,Pakistan,2023-07-26
5294,Omar Memon,Islamabad,Pakistan,2022-06-19
5295,Imran Buriro,Dubai,UAE,2024-02-25
5296,Saad Raza,Hyderabad,Pakistan,2023-08-18
5297,Bilal Iqbal,Karachi,Pakistan,2025-06-22
5298,Maryam Shah,Islamabad,Pakistan,2025-02-07
5299,Hamza Shah,Doha,Qatar,2022-07-24
5300,Danish Ali,Faisalabad,Pakistan,2022-02-27
5301,Sara Raza,Rawalpindi,Pakistan,2021-01-12
5302,Ahmed Hussain,Islamabad,Pakistan,2022-12-06
5303,Maham Memon,Sukkur,Pakistan,2021-02-09
5304,Zainab Qureshi,London,UK,2021-09-19
5305,Hussain Khan,Multan,Pakistan,2026-06-17
5306,Omar Hussain,Lahore,Pakistan,2025-10-10
5307,Ali Iqbal,Multan,Pakistan,2024-02-15
5308,Sana Malik,Sukkur,Pakistan,2025-04-28
5309,Saad Ahmed,Lahore,Pakistan,2023-09-24
5310,Saad Malik,Hyderabad,Pakistan,2024-05-10
5311,Omar Siddiqui,Karachi,Pakistan,2026-02-14
5312,Saad Shah,Peshawar,Pakistan,2021-06-10
5313,Saad Qureshi,Islamabad,Pakistan,2022-12-18
5314,Bilal Hussain,Islamabad,Pakistan,2025-06-09
5315,Hira Qureshi,Lahore,Pakistan,2025-08-04
5316,Hassan Qureshi,Dubai,UAE,2025-01-11
5317,Zainab Khan,Peshawar,Pakistan,2024-05-26
5318,Ahmed Chaudhry,Doha,Qatar,2023-08-31
5319,Ali Siddiqui,Multan,Pakistan,2021-02-17
5320,Maham Malik,Rawalpindi,Pakistan,2025-04-28
5321,Fatima Ali,Rawalpindi,Pakistan,2025-12-27
5322,Maham Hussain,Doha,Qatar,2026-05-23
5323,Fahad Mirza,Quetta,Pakistan,2022-11-28
5324,Omar Khan,Hyderabad,Pakistan,2022-02-13
5325,Hamza Ahmed,Sukkur,Pakistan,2024-08-25
5326,Zainab Ahmed,Quetta,Pakistan,2021-02-05
5327,Imran Hussain,Lahore,Pakistan,2021-05-03
5328,Bilal Chaudhry,Dubai,UAE,2025-08-02
5329,Maham Siddiqui,Lahore,Pakistan,2026-05-05
5330,Hassan Qureshi,Islamabad,Pakistan,2023-04-03
5331,Sana Buriro,Dubai,UAE,2023-11-01
5332,Bilal Buriro,Faisalabad,Pakistan,2024-01-15
5333,Bilal Shah,Rawalpindi,Pakistan,2021-10-10
5334,Ayesha Ahmed,Lahore,Pakistan,2022-03-30
5335,Ayesha Qureshi,Quetta,Pakistan,2022-09-01
5336,Bilal Buriro,Dubai,UAE,2025-09-12
5337,Hamza Memon,Rawalpindi,Pakistan,2023-06-12
5338,Sara Hussain,Faisalabad,Pakistan,2025-01-09
5339,Bilal Mirza,Multan,Pakistan,2022-02-01
5340,Usman Malik,Toronto,Canada,2026-04-27
5341,Fahad Qureshi,London,UK,2025-12-06
5342,Hira Khan,Hyderabad,Pakistan,2023-08-27
5343,Maryam Chaudhry,Peshawar,Pakistan,2022-04-05
5344,Sara Raza,Toronto,Canada,2026-06-14
5345,Danish Malik,Multan,Pakistan,2025-07-05
5346,Omar Ali,Islamabad,Pakistan,2023-11-08
5347,Hira Memon,Hyderabad,Pakistan,2022-06-30
5348,Maham Buriro,Sukkur,Pakistan,2024-06-20
5349,Hassan Hussain,Doha,Qatar,2023-01-25
5350,Maham Shah,Hyderabad,Pakistan,2024-10-05
5351,Fatima Chaudhry,Karachi,Pakistan,2025-08-24
5352,Ayesha Buriro,Islamabad,Pakistan,2023-09-26
5353,Zainab Hussain,Faisalabad,Pakistan,2021-04-09
5354,Maryam Hussain,Lahore,Pakistan,2024-02-21
5355,Maham Chaudhry,Karachi,Pakistan,2022-04-01
5356,Bilal Chaudhry,Sukkur,Pakistan,2026-05-10
5357,Maryam Raza,New York,USA,2023-01-09
5358,Hamza Siddiqui,Rawalpindi,Pakistan,2024-10-26
5359,Hira Qureshi,Peshawar,Pakistan,2024-12-01
5360,Bilal Mirza,Quetta,Pakistan,2022-01-07
5361,Ayesha Hussain,Dubai,UAE,2021-03-21
5362,Ali Ali,Doha,Qatar,2026-04-18
5363,Danish Ahmed,Toronto,Canada,2024-11-28
5364,Maham Chaudhry,Hyderabad,Pakistan,2024-07-10
5365,Fatima Chaudhry,Doha,Qatar,2022-09-12
5366,Ayesha Iqbal,Karachi,Pakistan,2021-08-09
5367,Usman Siddiqui,Doha,Qatar,2022-07-09
5368,Omar Buriro,Islamabad,Pakistan,2024-01-22
5369,Ali Mirza,Lahore,Pakistan,2024-11-14
5370,Ali Malik,Lahore,Pakistan,2022-10-13
5371,Sana Ahmed,Lahore,Pakistan,2022-03-15
5372,Fatima Iqbal,Faisalabad,Pakistan,2022-05-24
5373,Danish Khan,Sukkur,Pakistan,2026-05-14
5374,Sana Raza,London,UK,2024-07-09
5375,Ahmed Hussain,Karachi,Pakistan,2026-07-13
5376,Zainab Memon,Hyderabad,Pakistan,2021-01-13
5377,Bilal Shah,Lahore,Pakistan,2023-07-23
5378,Sara Memon,Islamabad,Pakistan,2023-07-22
5379,Hussain Shah,London,UK,2023-03-30
5380,Sana Mirza,Sukkur,Pakistan,2023-03-10
5381,Usman Shah,Rawalpindi,Pakistan,2021-06-11
5382,Danish Memon,Hyderabad,Pakistan,2021-03-07
5383,Imran Buriro,Toronto,Canada,2025-05-06
5384,Saad Ahmed,Quetta,Pakistan,2023-06-17
5385,Bilal Shah,Rawalpindi,Pakistan,2022-12-10
5386,Ahmed Buriro,Doha,Qatar,2023-08-12
5387,Hira Ali,Islamabad,Pakistan,2026-07-12
5388,Hussain Ahmed,Hyderabad,Pakistan,2021-11-26
5389,Ayesha Siddiqui,Dubai,UAE,2021-09-07
5390,Bilal Chaudhry,Peshawar,Pakistan,2024-02-24
5391,Usman Raza,Lahore,Pakistan,2024-10-23
5392,Ayesha Qureshi,New York,USA,2026-06-23
5393,Danish Iqbal,Rawalpindi,Pakistan,2022-02-12
5394,Ali Siddiqui,Dubai,UAE,2024-01-08
5395,Hassan Siddiqui,Multan,Pakistan,2022-09-18
5396,Maryam Siddiqui,London,UK,2022-01-01
5397,Hamza Malik,Toronto,Canada,2021-06-30
5398,Bilal Malik,London,UK,2025-01-14
5399,Omar Memon,Toronto,Canada,2024-08-02
5400,Ahmed Khan,Quetta,Pakistan,2021-12-06
5401,Zainab Memon,Karachi,Pakistan,2024-02-13
5402,Bilal Shah,Quetta,Pakistan,2025-12-10
5403,Maryam Qureshi,Faisalabad,Pakistan,2025-07-26
5404,Sara Ahmed,Dubai,UAE,2023-07-15
5405,Hassan Raza,Rawalpindi,Pakistan,2021-04-27
5406,Omar Memon,Dubai,UAE,2024-07-17
5407,Zainab Qureshi,Faisalabad,Pakistan,2023-11-19
5408,Hussain Ahmed,Dubai,UAE,2026-02-22
5409,Maham Shah,Faisalabad,Pakistan,2024-02-02
5410,Zainab Mirza,Multan,Pakistan,2025-02-12
5411,Fahad Malik,Rawalpindi,Pakistan,2023-12-13
5412,Hassan Buriro,New York,USA,2022-10-09
5413,Hira Malik,Lahore,Pakistan,2023-04-01
5414,Sana Ahmed,Rawalpindi,Pakistan,2022-08-27
5415,Sara Memon,Faisalabad,Pakistan,2023-07-31
5416,Bilal Sheikh,Islamabad,Pakistan,2026-04-24
5417,Hamza Khan,Toronto,Canada,2022-11-28
5418,Hassan Iqbal,Multan,Pakistan,2023-08-03
5419,Fatima Ahmed,Rawalpindi,Pakistan,2026-04-13
5420,Ali Qureshi,Rawalpindi,Pakistan,2021-11-05
5421,Saad Qureshi,Islamabad,Pakistan,2022-05-31
5422,Saad Sheikh,Sukkur,Pakistan,2023-04-15
5423,Maham Buriro,Peshawar,Pakistan,2022-11-27
5424,Ali Khan,Rawalpindi,Pakistan,2025-05-06
5425,Imran Chaudhry,Toronto,Canada,2023-10-14
5426,Hassan Hussain,Sukkur,Pakistan,2023-01-13
5427,Imran Iqbal,Faisalabad,Pakistan,2023-09-04
5428,Bilal Mirza,Peshawar,Pakistan,2025-12-12
5429,Maryam Chaudhry,Sukkur,Pakistan,2026-06-29
5430,Hassan Hussain,Islamabad,Pakistan,2022-05-11
5431,Ali Qureshi,New York,USA,2021-03-23
5432,Ali Siddiqui,Rawalpindi,Pakistan,2021-03-05
5433,Danish Hussain,Karachi,Pakistan,2023-06-27
5434,Hamza Siddiqui,Peshawar,Pakistan,2024-07-05
5435,Omar Memon,Toronto,Canada,2021-04-15
5436,Bilal Ali,Dubai,UAE,2023-11-02
5437,Zainab Mirza,Hyderabad,Pakistan,2023-03-26
5438,Fatima Shah,Multan,Pakistan,2026-03-17
5439,Ali Iqbal,Quetta,Pakistan,2024-05-15
5440,Maham Ahmed,Rawalpindi,Pakistan,2023-05-13
5441,Ahmed Ali,New York,USA,2024-04-10
5442,Omar Mirza,Hyderabad,Pakistan,2021-10-04
5443,Hussain Mirza,Rawalpindi,Pakistan,2023-08-27
5444,Ali Buriro,Lahore,Pakistan,2022-11-04
5445,Bilal Iqbal,Dubai,UAE,2022-01-04
5446,Fatima Malik,Karachi,Pakistan,2023-03-13
5447,Usman Mirza,New York,USA,2024-07-26
5448,Ayesha Qureshi,Doha,Qatar,2024-04-03
5449,Sara Raza,Lahore,Pakistan,2026-05-19
5450,Hira Siddiqui,Lahore,Pakistan,2022-07-14
5451,Ahmed Khan,Doha,Qatar,2024-11-26
5452,Ali Raza,Lahore,Pakistan,2024-01-27
5453,Zainab Buriro,Faisalabad,Pakistan,2025-11-16
5454,Fahad Ahmed,Toronto,Canada,2026-01-25
5455,Saad Chaudhry,Islamabad,Pakistan,2024-12-12
5456,Maryam Sheikh,Sukkur,Pakistan,2023-05-14
5457,Hussain Ahmed,Multan,Pakistan,2023-12-24
5458,Ali Hussain,Faisalabad,Pakistan,2024-08-20
5459,Ayesha Ahmed,Toronto,Canada,2025-07-01
5460,Hassan Khan,Sukkur,Pakistan,2022-04-12
5461,Maryam Memon,Hyderabad,Pakistan,2025-11-15
5462,Maryam Ali,Doha,Qatar,2025-06-22
5463,Ali Ali,Quetta,Pakistan,2021-06-29
5464,Maham Buriro,Lahore,Pakistan,2022-07-04
5465,Bilal Khan,Multan,Pakistan,2022-04-26
5466,Hamza Mirza,Rawalpindi,Pakistan,2024-03-27
5467,Hassan Buriro,Sukkur,Pakistan,2022-03-02
5468,Fatima Ahmed,New York,USA,2022-09-04
5469,Imran Sheikh,Karachi,Pakistan,2022-01-21
5470,Hira Ali,London,UK,2021-05-18
5471,Omar Hussain,Toronto,Canada,2023-07-26
5472,Maryam Khan,Doha,Qatar,2022-10-14
5473,Maryam Iqbal,Sukkur,Pakistan,2023-10-26
5474,Maham Shah,Hyderabad,Pakistan,2022-03-09
5475,Imran Memon,Islamabad,Pakistan,2022-08-07
5476,Ahmed Ali,Doha,Qatar,2025-12-25
5477,Imran Shah,Faisalabad,Pakistan,2025-06-29
5478,Ahmed Siddiqui,Multan,Pakistan,2022-06-27
5479,Zainab Raza,London,UK,2021-11-26
5480,Hira Iqbal,Dubai,UAE,2026-06-09
5481,Maham Khan,New York,USA,2024-10-19
5482,Ahmed Khan,Toronto,Canada,2024-11-26
5483,Omar Qureshi,Toronto,Canada,2022-03-27
5484,Imran Qureshi,Islamabad,Pakistan,2023-05-23
5485,Ali Chaudhry,Islamabad,Pakistan,2023-03-09
5486,Bilal Chaudhry,Rawalpindi,Pakistan,2025-01-09
5487,Maham Chaudhry,Sukkur,Pakistan,2022-01-09
5488,Danish Ahmed,Quetta,Pakistan,2023-09-24
5489,Maryam Siddiqui,New York,USA,2025-08-27
5490,Maryam Buriro,New York,USA,2022-02-05
5491,Zainab Malik,New York,USA,2021-09-02
5492,Imran Hussain,Lahore,Pakistan,2025-08-01
5493,Fahad Shah,Dubai,UAE,2025-11-16
5494,Danish Malik,New York,USA,2023-05-28
5495,Fatima Mirza,Doha,Qatar,2021-04-04
5496,Omar Shah,Multan,Pakistan,2024-01-07
5497,Imran Iqbal,London,UK,2022-09-03
5498,Hamza Malik,Faisalabad,Pakistan,2024-04-12
5499,Usman Khan,Islamabad,Pakistan,2021-10-13
5500,Sana Shah,Multan,Pakistan,2025-06-29
5501,Danish Ahmed,Rawalpindi,Pakistan,2024-10-28
5502,Maryam Sheikh,Toronto,Canada,2024-08-07
5503,Maryam Ali,Islamabad,Pakistan,2023-11-11
5504,Fatima Hussain,Lahore,Pakistan,2022-03-25
5505,Hamza Chaudhry,Quetta,Pakistan,2026-03-30
5506,Zainab Qureshi,Quetta,Pakistan,2022-06-26
5507,Ali Ahmed,Quetta,Pakistan,2023-01-17
5508,Fatima Siddiqui,Islamabad,Pakistan,2026-03-03
5509,Fahad Buriro,Peshawar,Pakistan,2021-03-25
5510,Hussain Raza,Toronto,Canada,2021-09-12
5511,Fatima Ali,Lahore,Pakistan,2025-04-02
5512,Hira Raza,London,UK,2023-01-20
5513,Ahmed Sheikh,Lahore,Pakistan,2024-03-27
5514,Sara Malik,Rawalpindi,Pakistan,2024-03-29
5515,Omar Ali,Toronto,Canada,2025-08-14
5516,Usman Iqbal,Hyderabad,Pakistan,2024-06-18
5517,Maryam Ahmed,Peshawar,Pakistan,2023-05-19
5518,Fatima Ahmed,Multan,Pakistan,2024-01-25
5519,Ayesha Ahmed,Sukkur,Pakistan,2025-02-13
5520,Maryam Raza,Faisalabad,Pakistan,2023-02-12
5521,Maryam Siddiqui,Faisalabad,Pakistan,2021-12-15
5522,Bilal Shah,New York,USA,2023-09-19
5523,Usman Siddiqui,Quetta,Pakistan,2026-07-31
5524,Fatima Memon,Quetta,Pakistan,2021-08-17
5525,Ahmed Malik,New York,USA,2026-07-22
5526,Fahad Chaudhry,Faisalabad,Pakistan,2025-08-19
5527,Imran Malik,New York,USA,2021-08-27
5528,Hassan Ahmed,Dubai,UAE,2022-03-09
5529,Hassan Iqbal,Toronto,Canada,2024-11-08
5530,Fahad Mirza,Faisalabad,Pakistan,2025-05-14
5531,Sara Qureshi,Quetta,Pakistan,2025-02-04
5532,Fatima Mirza,Lahore,Pakistan,2025-10-22
5533,Danish Sheikh,Lahore,Pakistan,2023-10-30
5534,Danish Qureshi,Lahore,Pakistan,2025-11-22
5535,Ayesha Mirza,Sukkur,Pakistan,2024-04-29
5536,Omar Buriro,Hyderabad,Pakistan,2023-08-28
5537,Fatima Malik,Hyderabad,Pakistan,2024-07-21
5538,Usman Hussain,Sukkur,Pakistan,2023-05-24
5539,Fatima Qureshi,Multan,Pakistan,2024-05-20
5540,Sara Khan,Islamabad,Pakistan,2025-08-27
5541,Ahmed Iqbal,Quetta,Pakistan,2026-05-07
5542,Hira Raza,Quetta,Pakistan,2024-03-26
5543,Ali Raza,Islamabad,Pakistan,2021-01-12
5544,Ayesha Raza,Hyderabad,Pakistan,2024-06-20
5545,Ali Raza,Rawalpindi,Pakistan,2022-05-29
5546,Sana Malik,Dubai,UAE,2022-04-27
5547,Ahmed Iqbal,Rawalpindi,Pakistan,2025-12-01
5548,Sara Hussain,Karachi,Pakistan,2023-06-29
5549,Maham Memon,Hyderabad,Pakistan,2025-05-30
5550,Hassan Siddiqui,Peshawar,Pakistan,2023-01-23
5551,Fahad Malik,London,UK,2024-05-21
5552,Saad Khan,Karachi,Pakistan,2024-09-17
5553,Hamza Qureshi,Toronto,Canada,2025-12-26
5554,Maryam Ahmed,Hyderabad,Pakistan,2022-02-05
5555,Usman Hussain,Multan,Pakistan,2024-02-18
5556,Bilal Chaudhry,Karachi,Pakistan,2023-04-07
5557,Fahad Malik,Hyderabad,Pakistan,2023-08-04
5558,Sana Malik,Peshawar,Pakistan,2025-09-26
5559,Hamza Memon,Sukkur,Pakistan,2021-10-04
5560,Bilal Ahmed,London,UK,2024-01-19
5561,Bilal Chaudhry,Peshawar,Pakistan,2023-03-02
5562,Bilal Qureshi,Lahore,Pakistan,2026-01-01
5563,Maryam Ali,Multan,Pakistan,2022-03-18
5564,Bilal Ahmed,London,UK,2022-04-19
5565,Imran Chaudhry,Sukkur,Pakistan,2021-07-05
5566,Maham Shah,Quetta,Pakistan,2023-06-16
5567,Maryam Hussain,Peshawar,Pakistan,2021-01-23
5568,Fahad Ahmed,Peshawar,Pakistan,2023-10-17
5569,Sara Ahmed,Doha,Qatar,2022-04-01
5570,Sana Chaudhry,Quetta,Pakistan,2023-03-28
5571,Ahmed Ahmed,Quetta,Pakistan,2024-05-18
5572,Danish Khan,Multan,Pakistan,2024-10-26
5573,Hira Sheikh,Peshawar,Pakistan,2021-05-05
5574,Hamza Mirza,Dubai,UAE,2021-10-31
5575,Danish Malik,New York,USA,2022-10-10
5576,Ali Ali,London,UK,2023-11-25
5577,Hassan Iqbal,Sukkur,Pakistan,2025-12-06
5578,Sana Memon,London,UK,2021-10-10
5579,Usman Mirza,Karachi,Pakistan,2021-05-19
5580,Sara Buriro,Hyderabad,Pakistan,2024-07-06
5581,Fatima Memon,Rawalpindi,Pakistan,2026-06-18
5582,Zainab Qureshi,Sukkur,Pakistan,2025-08-20
5583,Sana Malik,London,UK,2024-02-27
5584,Saad Memon,Islamabad,Pakistan,2021-02-10
5585,Sara Memon,Islamabad,Pakistan,2024-03-20
5586,Ayesha Iqbal,Peshawar,Pakistan,2023-07-21
5587,Usman Raza,Doha,Qatar,2023-06-30
5588,Ahmed Malik,Karachi,Pakistan,2023-10-02
5589,Sana Sheikh,Toronto,Canada,2024-02-19
5590,Imran Hussain,Islamabad,Pakistan,2025-01-07
5591,Ayesha Siddiqui,Hyderabad,Pakistan,2022-01-27
5592,Maryam Buriro,Sukkur,Pakistan,2021-06-02
5593,Bilal Raza,Dubai,UAE,2021-04-15
5594,Sana Khan,Toronto,Canada,2023-04-08
5595,Imran Raza,Karachi,Pakistan,2023-11-02
5596,Usman Hussain,Karachi,Pakistan,2025-05-20
5597,Hira Chaudhry,Peshawar,Pakistan,2023-06-03
5598,Ali Siddiqui,Quetta,Pakistan,2023-12-21
5599,Hussain Raza,Rawalpindi,Pakistan,2026-06-14
5600,Zainab Sheikh,Sukkur,Pakistan,2025-03-09
5601,Saad Sheikh,Rawalpindi,Pakistan,2024-11-09
5602,Ayesha Ali,Toronto,Canada,2023-01-12
5603,Bilal Chaudhry,Islamabad,Pakistan,2021-11-07
5604,Fatima Chaudhry,Sukkur,Pakistan,2026-02-19
5605,Zainab Raza,Peshawar,Pakistan,2024-02-03
5606,Ayesha Raza,Lahore,Pakistan,2021-06-07
5607,Ahmed Khan,Sukkur,Pakistan,2023-09-10
5608,Fatima Raza,Islamabad,Pakistan,2021-07-05
5609,Sana Siddiqui,Quetta,Pakistan,2026-06-23
5610,Bilal Memon,Sukkur,Pakistan,2023-12-14
5611,Maryam Khan,Lahore,Pakistan,2025-05-19
5612,Fatima Memon,Rawalpindi,Pakistan,2023-08-18
5613,Maham Malik,Hyderabad,Pakistan,2021-02-10
5614,Imran Hussain,Toronto,Canada,2024-07-25
5615,Ayesha Hussain,Rawalpindi,Pakistan,2024-08-24
5616,Fahad Shah,Toronto,Canada,2022-04-12
5617,Hussain Siddiqui,Quetta,Pakistan,2024-12-31
5618,Ahmed Mirza,Doha,Qatar,2022-04-06
5619,Saad Hussain,New York,USA,2024-11-10
5620,Saad Ali,Hyderabad,Pakistan,2025-03-07
5621,Maryam Siddiqui,Quetta,Pakistan,2021-10-08
5622,Bilal Malik,Dubai,UAE,2022-08-18
5623,Zainab Hussain,Lahore,Pakistan,2021-11-29
5624,Hussain Hussain,Sukkur,Pakistan,2025-01-22
5625,Imran Khan,Faisalabad,Pakistan,2022-04-26
5626,Fahad Hussain,Karachi,Pakistan,2024-07-29
5627,Hamza Buriro,Toronto,Canada,2023-05-02
5628,Maryam Buriro,Rawalpindi,Pakistan,2021-06-19
5629,Ahmed Khan,Toronto,Canada,2025-12-04
5630,Maryam Malik,Rawalpindi,Pakistan,2024-12-20
5631,Usman Siddiqui,Quetta,Pakistan,2025-11-28
5632,Sara Ahmed,Multan,Pakistan,2024-12-15
5633,Saad Siddiqui,Toronto,Canada,2025-07-23
5634,Hussain Ali,Doha,Qatar,2021-12-30
5635,Fahad Ali,London,UK,2021-01-19
5636,Ayesha Memon,New York,USA,2021-05-06
5637,Zainab Shah,London,UK,2024-01-05
5638,Hassan Memon,Hyderabad,Pakistan,2025-05-23
5639,Fatima Khan,Toronto,Canada,2026-02-05
5640,Hussain Raza,Peshawar,Pakistan,2026-05-13
5641,Hussain Qureshi,Multan,Pakistan,2024-05-05
5642,Hassan Buriro,Islamabad,Pakistan,2024-07-10
5643,Maryam Buriro,Dubai,UAE,2022-08-15
5644,Ahmed Qureshi,Hyderabad,Pakistan,2021-01-03
5645,Bilal Hussain,Sukkur,Pakistan,2022-02-01
5646,Danish Shah,Karachi,Pakistan,2021-04-24
5647,Maham Raza,Sukkur,Pakistan,2024-10-27
5648,Danish Ali,Sukkur,Pakistan,2023-10-23
5649,Saad Siddiqui,Peshawar,Pakistan,2025-04-21
5650,Bilal Ahmed,Sukkur,Pakistan,2021-10-29
5651,Saad Chaudhry,Doha,Qatar,2026-02-03
5652,Hassan Siddiqui,New York,USA,2025-01-06
5653,Sara Raza,Faisalabad,Pakistan,2026-01-20
5654,Hussain Qureshi,Toronto,Canada,2024-08-14
5655,Omar Malik,Doha,Qatar,2022-11-23
5656,Saad Shah,Islamabad,Pakistan,2024-06-30
5657,Sara Chaudhry,Multan,Pakistan,2024-05-15
5658,Maham Buriro,London,UK,2022-01-04
5659,Hussain Ali,Peshawar,Pakistan,2021-07-26
5660,Maham Buriro,Islamabad,Pakistan,2024-08-18
5661,Sara Siddiqui,Peshawar,Pakistan,2021-07-12
5662,Zainab Khan,Multan,Pakistan,2021-07-24
5663,Bilal Sheikh,London,UK,2021-05-26
5664,Hassan Ali,Peshawar,Pakistan,2024-06-21
5665,Ali Shah,Islamabad,Pakistan,2026-03-05
5666,Saad Memon,Karachi,Pakistan,2023-10-10
5667,Imran Shah,Hyderabad,Pakistan,2021-11-07
5668,Sana Chaudhry,Islamabad,Pakistan,2023-11-11
5669,Omar Hussain,Toronto,Canada,2023-09-10
5670,Hira Mirza,Hyderabad,Pakistan,2024-04-24
5671,Saad Hussain,Sukkur,Pakistan,2023-06-02
5672,Sana Chaudhry,Lahore,Pakistan,2022-10-24
5673,Hira Qureshi,Faisalabad,Pakistan,2026-01-21
5674,Maryam Raza,Doha,Qatar,2024-01-01
5675,Usman Sheikh,Sukkur,Pakistan,2022-09-26
5676,Maryam Chaudhry,Hyderabad,Pakistan,2021-01-06
5677,Sana Ahmed,London,UK,2024-10-15
5678,Saad Raza,Peshawar,Pakistan,2023-02-14
5679,Bilal Buriro,Rawalpindi,Pakistan,2022-05-23
5680,Omar Qureshi,Doha,Qatar,2023-09-04
5681,Danish Chaudhry,Doha,Qatar,2023-09-16
5682,Zainab Qureshi,Quetta,Pakistan,2025-06-26
5683,Fahad Ahmed,Karachi,Pakistan,2024-01-11
5684,Sara Raza,Faisalabad,Pakistan,2024-11-29
5685,Fahad Siddiqui,Peshawar,Pakistan,2024-08-11
5686,Danish Khan,Toronto,Canada,2025-09-28
5687,Maham Ali,Dubai,UAE,2021-01-13
5688,Maryam Ahmed,Rawalpindi,Pakistan,2023-02-06
5689,Saad Buriro,Peshawar,Pakistan,2024-12-28
5690,Hassan Chaudhry,Islamabad,Pakistan,2021-10-15
5691,Bilal Raza,Peshawar,Pakistan,2023-06-20
5692,Ahmed Ali,Quetta,Pakistan,2023-03-29
5693,Usman Raza,Peshawar,Pakistan,2025-06-30
5694,Zainab Mirza,Faisalabad,Pakistan,2026-05-17
5695,Hussain Buriro,Faisalabad,Pakistan,2021-08-05
5696,Ali Malik,London,UK,2022-03-13
5697,Hussain Ali,Peshawar,Pakistan,2025-04-27
5698,Sana Chaudhry,Karachi,Pakistan,2021-12-23
5699,Hira Mirza,London,UK,2023-10-10
5700,Sana Khan,Sukkur,Pakistan,2026-04-09
5701,Hamza Mirza,Dubai,UAE,2026-06-11
5702,Ali Ali,Dubai,UAE,2026-04-20
5703,Danish Khan,Islamabad,Pakistan,2021-10-01
5704,Saad Buriro,Doha,Qatar,2021-11-01
5705,Hira Raza,Doha,Qatar,2021-12-25
5706,Ahmed Siddiqui,Islamabad,Pakistan,2025-04-18
5707,Danish Chaudhry,Rawalpindi,Pakistan,2021-12-31
5708,Ayesha Mirza,Rawalpindi,Pakistan,2023-05-26
5709,Maham Khan,Doha,Qatar,2025-07-26
5710,Maryam Hussain,Toronto,Canada,2023-10-01
5711,Zainab Buriro,Rawalpindi,Pakistan,2026-04-01
5712,Fahad Raza,Sukkur,Pakistan,2023-10-14
5713,Hamza Iqbal,Rawalpindi,Pakistan,2023-02-13
5714,Saad Memon,Karachi,Pakistan,2026-05-28
5715,Maryam Ali,Rawalpindi,Pakistan,2024-01-20
5716,Ayesha Ahmed,Lahore,Pakistan,2022-01-12
5717,Zainab Mirza,New York,USA,2024-07-17
5718,Usman Iqbal,London,UK,2025-04-25
5719,Hassan Ali,Islamabad,Pakistan,2025-09-05
5720,Saad Ali,Quetta,Pakistan,2021-01-12
5721,Sara Buriro,Rawalpindi,Pakistan,2021-08-09
5722,Hamza Khan,Quetta,Pakistan,2024-07-05
5723,Hamza Ali,Toronto,Canada,2025-02-21
5724,Hira Chaudhry,Toronto,Canada,2024-08-23
5725,Saad Mirza,New York,USA,2023-02-20
5726,Maham Chaudhry,Rawalpindi,Pakistan,2025-03-17
5727,Maham Hussain,Islamabad,Pakistan,2024-03-26
5728,Saad Malik,Islamabad,Pakistan,2026-03-03
5729,Ayesha Chaudhry,Lahore,Pakistan,2023-01-20
5730,Hamza Malik,Sukkur,Pakistan,2025-03-17
5731,Hussain Malik,Sukkur,Pakistan,2021-10-21
5732,Sana Chaudhry,Toronto,Canada,2025-02-01
5733,Hassan Memon,Lahore,Pakistan,2025-01-31
5734,Maham Chaudhry,Rawalpindi,Pakistan,2022-06-02
5735,Maham Ahmed,Dubai,UAE,2021-05-06
5736,Fatima Iqbal,Dubai,UAE,2026-07-17
5737,Imran Hussain,Faisalabad,Pakistan,2021-06-05
5738,Saad Memon,Islamabad,Pakistan,2023-08-13
5739,Ahmed Chaudhry,Peshawar,Pakistan,2021-01-03
5740,Hussain Qureshi,Islamabad,Pakistan,2023-05-01
5741,Usman Memon,Quetta,Pakistan,2025-08-01
5742,Ali Hussain,Toronto,Canada,2023-10-20
5743,Fahad Buriro,Islamabad,Pakistan,2022-05-04
5744,Hamza Chaudhry,Lahore,Pakistan,2023-03-15
5745,Omar Memon,London,UK,2021-07-08
5746,Zainab Ali,Karachi,Pakistan,2024-04-24
5747,Ali Ahmed,Doha,Qatar,2021-01-09
5748,Imran Iqbal,London,UK,2022-12-14
5749,Ayesha Iqbal,Faisalabad,Pakistan,2021-05-04
5750,Ali Iqbal,Multan,Pakistan,2022-05-05
5751,Usman Khan,Multan,Pakistan,2021-05-18
5752,Maham Qureshi,Multan,Pakistan,2026-03-07
5753,Bilal Buriro,New York,USA,2025-04-23
5754,Hamza Buriro,London,UK,2026-03-06
5755,Hussain Ali,Rawalpindi,Pakistan,2024-10-24
5756,Hamza Hussain,Islamabad,Pakistan,2023-10-09
5757,Usman Ahmed,Quetta,Pakistan,2021-12-21
5758,Sara Sheikh,Sukkur,Pakistan,2026-05-15
5759,Ayesha Shah,Dubai,UAE,2026-02-13
5760,Ali Khan,Hyderabad,Pakistan,2023-04-28
5761,Hira Ali,Peshawar,Pakistan,2022-04-05
5762,Usman Chaudhry,Lahore,Pakistan,2023-03-01
5763,Hamza Buriro,Faisalabad,Pakistan,2023-03-15
5764,Hamza Chaudhry,Dubai,UAE,2026-02-12
5765,Danish Sheikh,Hyderabad,Pakistan,2021-05-17
5766,Hira Siddiqui,Hyderabad,Pakistan,2024-07-13
5767,Imran Qureshi,Faisalabad,Pakistan,2025-04-16
5768,Danish Hussain,New York,USA,2025-04-04
5769,Maryam Qureshi,Sukkur,Pakistan,2022-01-29
5770,Danish Buriro,Toronto,Canada,2023-04-22
5771,Danish Mirza,Karachi,Pakistan,2022-11-29
5772,Hussain Chaudhry,New York,USA,2023-04-10
5773,Danish Shah,Karachi,Pakistan,2021-06-27
5774,Saad Sheikh,Hyderabad,Pakistan,2021-06-19
5775,Hamza Shah,Faisalabad,Pakistan,2021-02-19
5776,Omar Khan,Rawalpindi,Pakistan,2026-05-25
5777,Hira Memon,Doha,Qatar,2023-04-30
5778,Hira Raza,Toronto,Canada,2022-04-10
5779,Omar Memon,Quetta,Pakistan,2025-06-14
5780,Fahad Ali,Faisalabad,Pakistan,2023-10-05
5781,Omar Iqbal,London,UK,2023-01-13
5782,Fahad Iqbal,Dubai,UAE,2021-08-22
5783,Hussain Siddiqui,Peshawar,Pakistan,2023-02-26
5784,Hassan Mirza,New York,USA,2024-08-11
5785,Zainab Shah,Islamabad,Pakistan,2024-06-24
5786,Ahmed Buriro,Hyderabad,Pakistan,2023-03-08
5787,Danish Chaudhry,Karachi,Pakistan,2024-06-03
5788,Saad Mirza,Lahore,Pakistan,2025-04-14
5789,Maham Mirza,Islamabad,Pakistan,2026-03-11
5790,Saad Siddiqui,Sukkur,Pakistan,2023-12-13
5791,Maham Mirza,New York,USA,2022-04-10
5792,Hassan Memon,Quetta,Pakistan,2021-09-21
5793,Hamza Ali,Faisalabad,Pakistan,2021-11-18
5794,Hussain Ali,Hyderabad,Pakistan,2021-01-22
5795,Fahad Buriro,Lahore,Pakistan,2024-02-12
5796,Hassan Hussain,Quetta,Pakistan,2022-03-09
5797,Hira Sheikh,Islamabad,Pakistan,2022-04-06
5798,Maryam Chaudhry,London,UK,2025-01-16
5799,Zainab Hussain,Faisalabad,Pakistan,2022-10-14
5800,Sana Qureshi,Multan,Pakistan,2025-08-16
5801,Fahad Siddiqui,Karachi,Pakistan,2021-10-07
5802,Maham Hussain,Rawalpindi,Pakistan,2022-11-27
5803,Hira Buriro,Karachi,Pakistan,2021-04-16
5804,Sara Raza,Dubai,UAE,2023-12-29
5805,Maryam Sheikh,Peshawar,Pakistan,2021-09-12
5806,Hamza Memon,London,UK,2022-05-05
5807,Fahad Memon,Quetta,Pakistan,2025-02-07
5808,Maham Mirza,Doha,Qatar,2025-11-30
5809,Omar Khan,London,UK,2024-01-17
5810,Hamza Buriro,Islamabad,Pakistan,2026-05-22
5811,Danish Sheikh,Lahore,Pakistan,2025-03-23
5812,Maham Ali,Toronto,Canada,2025-03-15
5813,Maryam Memon,Hyderabad,Pakistan,2026-07-12
5814,Zainab Memon,London,UK,2021-07-01
5815,Fatima Sheikh,Sukkur,Pakistan,2022-04-19
5816,Maryam Buriro,Dubai,UAE,2023-06-10
5817,Usman Malik,Hyderabad,Pakistan,2024-06-14
5818,Ayesha Shah,Hyderabad,Pakistan,2026-07-12
5819,Hamza Qureshi,Quetta,Pakistan,2021-07-21
5820,Hamza Siddiqui,Karachi,Pakistan,2022-04-13
5821,Zainab Memon,Hyderabad,Pakistan,2022-08-31
5822,Hamza Mirza,Peshawar,Pakistan,2024-09-28
5823,Fatima Memon,Rawalpindi,Pakistan,2026-04-24
5824,Hassan Ahmed,Hyderabad,Pakistan,2026-03-28
5825,Fatima Qureshi,Doha,Qatar,2025-03-04
5826,Fatima Ahmed,Hyderabad,Pakistan,2025-04-25
5827,Fatima Memon,Toronto,Canada,2023-04-27
5828,Sara Shah,Toronto,Canada,2024-05-25
5829,Hamza Sheikh,Dubai,UAE,2021-12-15
5830,Zainab Buriro,Islamabad,Pakistan,2023-10-30
5831,Omar Memon,Rawalpindi,Pakistan,2022-08-20
5832,Fahad Malik,Doha,Qatar,2026-03-08
5833,Danish Malik,Karachi,Pakistan,2023-01-19
5834,Hamza Hussain,Peshawar,Pakistan,2023-03-16
5835,Maryam Raza,Quetta,Pakistan,2023-04-01
5836,Usman Ali,New York,USA,2026-01-11
5837,Imran Chaudhry,Toronto,Canada,2026-03-16
5838,Fahad Sheikh,Hyderabad,Pakistan,2023-05-29
5839,Fahad Sheikh,Peshawar,Pakistan,2026-07-23
5840,Ahmed Ahmed,Sukkur,Pakistan,2025-03-22
5841,Bilal Qureshi,Doha,Qatar,2025-09-22
5842,Imran Malik,Quetta,Pakistan,2026-02-10
5843,Maryam Malik,Lahore,Pakistan,2022-11-09
5844,Maryam Raza,Toronto,Canada,2024-01-28
5845,Hussain Siddiqui,Peshawar,Pakistan,2022-08-04
5846,Hassan Chaudhry,Islamabad,Pakistan,2022-09-24
5847,Sara Iqbal,Islamabad,Pakistan,2023-08-05
5848,Fahad Shah,Rawalpindi,Pakistan,2021-04-14
5849,Sara Ali,Dubai,UAE,2022-03-15
5850,Saad Buriro,Doha,Qatar,2025-07-08
5851,Hira Iqbal,Faisalabad,Pakistan,2021-12-04
5852,Danish Mirza,Lahore,Pakistan,2024-06-21
5853,Hassan Khan,Toronto,Canada,2025-04-10
5854,Saad Shah,Sukkur,Pakistan,2022-06-21
5855,Ayesha Khan,Quetta,Pakistan,2023-07-24
5856,Maryam Mirza,Karachi,Pakistan,2025-11-24
5857,Danish Raza,Doha,Qatar,2025-08-30
5858,Hira Sheikh,Lahore,Pakistan,2026-02-19
5859,Ayesha Raza,Sukkur,Pakistan,2024-07-04
5860,Imran Shah,Quetta,Pakistan,2025-12-14
5861,Fatima Hussain,Peshawar,Pakistan,2023-03-24
5862,Sana Khan,Quetta,Pakistan,2024-05-10
5863,Bilal Hussain,Multan,Pakistan,2024-09-21
5864,Hira Buriro,Quetta,Pakistan,2026-06-14
5865,Saad Memon,Multan,Pakistan,2023-01-21
5866,Sana Malik,Peshawar,Pakistan,2025-11-18
5867,Omar Mirza,Dubai,UAE,2023-11-05
5868,Fatima Memon,London,UK,2021-08-01
5869,Hassan Ali,Islamabad,Pakistan,2024-08-29
5870,Usman Ahmed,Doha,Qatar,2026-06-23
5871,Maryam Hussain,Lahore,Pakistan,2023-07-14
5872,Sana Malik,Hyderabad,Pakistan,2024-01-24
5873,Sana Ali,Multan,Pakistan,2026-03-05
5874,Fatima Ahmed,Hyderabad,Pakistan,2026-02-19
5875,Ahmed Ahmed,Multan,Pakistan,2023-03-27
5876,Hassan Sheikh,Hyderabad,Pakistan,2025-03-30
5877,Zainab Hussain,Faisalabad,Pakistan,2024-07-09
5878,Ayesha Ahmed,London,UK,2024-08-12
5879,Ali Memon,New York,USA,2025-01-08
5880,Saad Malik,Multan,Pakistan,2022-10-28
5881,Usman Malik,Rawalpindi,Pakistan,2022-09-14
5882,Usman Shah,Dubai,UAE,2021-02-25
5883,Fatima Buriro,Karachi,Pakistan,2025-10-12
5884,Sara Iqbal,Faisalabad,Pakistan,2022-07-18
5885,Omar Sheikh,Rawalpindi,Pakistan,2024-10-06
5886,Omar Khan,Sukkur,Pakistan,2024-10-29
5887,Omar Shah,Lahore,Pakistan,2024-12-04
5888,Fatima Ahmed,New York,USA,2025-10-26
5889,Sara Mirza,Hyderabad,Pakistan,2025-11-04
5890,Saad Ali,Peshawar,Pakistan,2021-01-05
5891,Hassan Iqbal,Quetta,Pakistan,2025-09-09
5892,Danish Raza,Peshawar,Pakistan,2022-02-28
5893,Hamza Sheikh,Faisalabad,Pakistan,2024-08-08
5894,Zainab Mirza,Hyderabad,Pakistan,2024-10-03
5895,Zainab Khan,London,UK,2021-04-20
5896,Hira Buriro,Peshawar,Pakistan,2022-08-02
5897,Bilal Ali,Rawalpindi,Pakistan,2026-01-29
5898,Hassan Mirza,Rawalpindi,Pakistan,2021-10-16
5899,Ayesha Sheikh,Faisalabad,Pakistan,2022-04-18
5900,Saad Khan,New York,USA,2021-06-16
5901,Usman Mirza,Doha,Qatar,2024-07-23
5902,Zainab Khan,Multan,Pakistan,2025-09-11
5903,Sara Ahmed,Multan,Pakistan,2024-04-27
5904,Maham Buriro,Lahore,Pakistan,2022-08-03
5905,Danish Siddiqui,Quetta,Pakistan,2025-10-16
5906,Bilal Chaudhry,Rawalpindi,Pakistan,2023-01-19
5907,Sana Hussain,New York,USA,2022-10-04
5908,Hassan Hussain,Quetta,Pakistan,2023-10-28
5909,Sana Malik,Rawalpindi,Pakistan,2021-10-06
5910,Maham Ahmed,Toronto,Canada,2022-12-28
5911,Sara Iqbal,New York,USA,2025-06-17
5912,Sana Ali,Hyderabad,Pakistan,2024-05-24
5913,Sana Sheikh,Lahore,Pakistan,2026-07-07
5914,Sana Malik,Rawalpindi,Pakistan,2025-04-30
5915,Maryam Shah,Multan,Pakistan,2023-01-05
5916,Sana Raza,Faisalabad,Pakistan,2025-04-12
5917,Maryam Buriro,New York,USA,2025-10-30
5918,Fahad Buriro,Doha,Qatar,2024-07-09
5919,Maham Chaudhry,London,UK,2025-04-04
5920,Usman Malik,New York,USA,2023-10-23
5921,Zainab Siddiqui,Lahore,Pakistan,2026-02-01
5922,Sara Khan,Islamabad,Pakistan,2022-04-30
5923,Hassan Buriro,Toronto,Canada,2023-05-15
5924,Danish Malik,Sukkur,Pakistan,2022-06-02
5925,Hamza Raza,Rawalpindi,Pakistan,2021-07-26
5926,Fatima Ahmed,London,UK,2024-06-09
5927,Zainab Mirza,Islamabad,Pakistan,2021-08-30
5928,Sara Mirza,London,UK,2022-04-06
5929,Maryam Chaudhry,Toronto,Canada,2025-04-05
5930,Usman Khan,Peshawar,Pakistan,2022-05-07
5931,Hassan Iqbal,Sukkur,Pakistan,2025-10-26
5932,Maryam Shah,Dubai,UAE,2023-07-21
5933,Fahad Malik,Toronto,Canada,2021-05-17
5934,Sana Shah,Quetta,Pakistan,2021-05-02
5935,Ahmed Malik,Hyderabad,Pakistan,2025-05-31
5936,Usman Raza,Rawalpindi,Pakistan,2025-12-24
5937,Ali Shah,Multan,Pakistan,2024-05-04
5938,Sana Qureshi,Karachi,Pakistan,2023-09-11
5939,Maryam Hussain,Dubai,UAE,2026-02-16
5940,Saad Mirza,Multan,Pakistan,2023-03-02
5941,Usman Memon,Dubai,UAE,2023-03-26
5942,Maryam Raza,Karachi,Pakistan,2023-04-16
5943,Maham Ahmed,Hyderabad,Pakistan,2024-08-18
5944,Omar Mirza,Multan,Pakistan,2025-09-23
5945,Fahad Khan,Lahore,Pakistan,2024-01-10
5946,Fatima Shah,New York,USA,2022-07-27
5947,Hussain Khan,Quetta,Pakistan,2025-12-19
5948,Zainab Memon,New York,USA,2024-05-05
5949,Zainab Qureshi,New York,USA,2025-08-24
5950,Maham Hussain,Karachi,Pakistan,2023-05-31
5951,Imran Qureshi,New York,USA,2022-02-11
5952,Usman Siddiqui,Lahore,Pakistan,2026-04-09
5953,Zainab Siddiqui,Toronto,Canada,2024-10-12
5954,Danish Khan,Dubai,UAE,2022-09-20
5955,Zainab Siddiqui,New York,USA,2025-09-24
5956,Usman Hussain,Peshawar,Pakistan,2021-01-19
5957,Danish Raza,Islamabad,Pakistan,2026-03-11
5958,Ahmed Ali,Islamabad,Pakistan,2024-03-25
5959,Ayesha Memon,Lahore,Pakistan,2024-04-17
5960,Hamza Malik,New York,USA,2021-01-28
5961,Fahad Khan,Quetta,Pakistan,2021-12-25
5962,Ahmed Ahmed,Rawalpindi,Pakistan,2025-01-08
5963,Saad Sheikh,Lahore,Pakistan,2024-02-12
5964,Hussain Malik,Lahore,Pakistan,2021-09-18
5965,Saad Memon,Rawalpindi,Pakistan,2024-09-18
5966,Usman Shah,London,UK,2025-03-02
5967,Ahmed Buriro,Toronto,Canada,2022-07-10
5968,Hassan Malik,Sukkur,Pakistan,2024-11-05
5969,Hamza Hussain,Doha,Qatar,2026-06-06
5970,Maryam Buriro,Multan,Pakistan,2023-09-11
5971,Bilal Qureshi,Hyderabad,Pakistan,2022-04-13
5972,Omar Khan,Dubai,UAE,2026-05-15
5973,Sara Raza,Islamabad,Pakistan,2026-02-01
5974,Fatima Iqbal,Toronto,Canada,2023-07-21
5975,Hussain Iqbal,London,UK,2023-05-17
5976,Hira Shah,Karachi,Pakistan,2025-08-27
5977,Hira Buriro,Islamabad,Pakistan,2021-01-02
5978,Omar Qureshi,Sukkur,Pakistan,2022-09-29
5979,Danish Ahmed,London,UK,2024-01-13
5980,Ali Hussain,Rawalpindi,Pakistan,2024-08-25
5981,Imran Sheikh,London,UK,2024-07-04
5982,Hassan Raza,Peshawar,Pakistan,2023-01-26
5983,Bilal Mirza,Dubai,UAE,2025-11-07
5984,Maryam Qureshi,Faisalabad,Pakistan,2024-08-16
5985,Maryam Memon,Faisalabad,Pakistan,2024-01-07
5986,Hira Qureshi,Multan,Pakistan,2026-03-29
5987,Sana Khan,Islamabad,Pakistan,2021-07-11
5988,Ayesha Qureshi,Islamabad,Pakistan,2024-12-17
5989,Zainab Iqbal,Islamabad,Pakistan,2026-03-04
5990,Saad Sheikh,New York,USA,2024-09-10
5991,Maryam Ali,Faisalabad,Pakistan,2024-02-27
5992,Fatima Memon,Multan,Pakistan,2023-01-13
5993,Hira Iqbal,New York,USA,2022-07-08
5994,Fatima Chaudhry,Toronto,Canada,2024-01-18
5995,Saad Raza,Rawalpindi,Pakistan,2026-01-06
5996,Ahmed Qureshi,Multan,Pakistan,2023-07-31
5997,Maham Raza,Faisalabad,Pakistan,2021-09-04
5998,Imran Mirza,New York,USA,2023-09-13
5999,Ahmed Mirza,Dubai,UAE,2021-07-18
6000,Omar Mirza,Quetta,Pakistan,2026-03-23
6001,Zainab Siddiqui,Rawalpindi,Pakistan,2023-12-27
6002,Ahmed Ali,Multan,Pakistan,2022-03-12
6003,Sana Raza,Karachi,Pakistan,2024-06-27
6004,Sana Ahmed,Dubai,UAE,2024-01-01
6005,Zainab Khan,Toronto,Canada,2023-11-08
6006,Hassan Sheikh,London,UK,2024-04-21
6007,Maryam Hussain,Hyderabad,Pakistan,2026-03-09
6008,Saad Mirza,Peshawar,Pakistan,2025-10-11
6009,Omar Buriro,Doha,Qatar,2022-06-20
6010,Ahmed Mirza,Faisalabad,Pakistan,2022-05-04
6011,Omar Buriro,New York,USA,2026-07-12
6012,Saad Memon,Quetta,Pakistan,2024-08-07
6013,Imran Khan,Peshawar,Pakistan,2021-02-09
6014,Hussain Hussain,Quetta,Pakistan,2023-12-16
6015,Zainab Ali,Rawalpindi,Pakistan,2021-08-30
6016,Sara Khan,Faisalabad,Pakistan,2021-03-02
6017,Saad Ahmed,Hyderabad,Pakistan,2022-01-14
6018,Ayesha Mirza,London,UK,2022-06-03
6019,Zainab Buriro,Sukkur,Pakistan,2021-06-12
6020,Sara Iqbal,Multan,Pakistan,2025-08-30
6021,Fatima Iqbal,New York,USA,2023-06-13
6022,Zainab Chaudhry,Faisalabad,Pakistan,2024-01-30
6023,Sara Ali,Doha,Qatar,2025-10-30
6024,Maryam Chaudhry,Sukkur,Pakistan,2025-09-03
6025,Hassan Mirza,Toronto,Canada,2025-07-31
6026,Hassan Chaudhry,Doha,Qatar,2022-02-05
6027,Maham Ahmed,Hyderabad,Pakistan,2025-02-26
6028,Sara Ali,Rawalpindi,Pakistan,2026-07-23
6029,Sana Chaudhry,New York,USA,2021-01-16
6030,Usman Ahmed,Rawalpindi,Pakistan,2025-11-05
6031,Ayesha Qureshi,London,UK,2025-10-31
6032,Ali Siddiqui,Islamabad,Pakistan,2025-09-11
6033,Bilal Ali,Toronto,Canada,2023-03-20
6034,Bilal Khan,Dubai,UAE,2022-02-10
6035,Imran Iqbal,Peshawar,Pakistan,2025-01-31
6036,Omar Chaudhry,Faisalabad,Pakistan,2024-06-23
6037,Fatima Chaudhry,Sukkur,Pakistan,2025-01-21
6038,Hussain Malik,Multan,Pakistan,2022-06-06
6039,Sara Shah,Multan,Pakistan,2021-12-28
6040,Danish Siddiqui,Rawalpindi,Pakistan,2026-01-12
6041,Ayesha Siddiqui,Islamabad,Pakistan,2023-11-17
6042,Maham Khan,Toronto,Canada,2025-10-01
6043,Maham Buriro,London,UK,2026-03-03
6044,Danish Iqbal,Faisalabad,Pakistan,2023-07-26
6045,Maham Sheikh,New York,USA,2022-06-21
6046,Fatima Qureshi,Sukkur,Pakistan,2025-12-31
6047,Danish Qureshi,Quetta,Pakistan,2024-12-28
6048,Sana Ali,Lahore,Pakistan,2024-09-19
6049,Hamza Shah,Quetta,Pakistan,2026-05-07
6050,Ayesha Sheikh,Lahore,Pakistan,2022-05-17
6051,Sara Siddiqui,Dubai,UAE,2023-01-05
6052,Hussain Raza,Lahore,Pakistan,2021-03-21
6053,Ahmed Mirza,Peshawar,Pakistan,2023-03-01
6054,Maham Shah,Multan,Pakistan,2023-06-30
6055,Bilal Khan,Lahore,Pakistan,2023-07-12
6056,Omar Khan,Peshawar,Pakistan,2021-11-04
6057,Imran Ahmed,Rawalpindi,Pakistan,2025-07-07
6058,Hira Raza,Rawalpindi,Pakistan,2023-09-25
6059,Usman Mirza,Toronto,Canada,2023-06-15
6060,Hassan Chaudhry,Multan,Pakistan,2025-10-27
6061,Sara Hussain,Faisalabad,Pakistan,2023-09-18
6062,Fahad Siddiqui,Karachi,Pakistan,2025-12-24
6063,Bilal Ahmed,Hyderabad,Pakistan,2022-03-30
6064,Imran Siddiqui,Multan,Pakistan,2026-07-08
6065,Danish Malik,Dubai,UAE,2025-03-10
6066,Saad Chaudhry,Lahore,Pakistan,2025-12-24
6067,Hamza Sheikh,Toronto,Canada,2025-02-17
6068,Maham Shah,Lahore,Pakistan,2024-05-08
6069,Ali Malik,Sukkur,Pakistan,2025-04-06
6070,Sana Ahmed,Karachi,Pakistan,2026-05-12
6071,Hamza Chaudhry,New York,USA,2024-05-18
6072,Ahmed Khan,Dubai,UAE,2024-11-01
6073,Ayesha Khan,New York,USA,2021-06-11
6074,Ali Ahmed,Toronto,Canada,2026-05-09
6075,Hassan Mirza,New York,USA,2025-05-05
6076,Hassan Sheikh,Sukkur,Pakistan,2021-11-26
6077,Sara Hussain,New York,USA,2022-08-14
6078,Hira Qureshi,Lahore,Pakistan,2022-04-05
6079,Fahad Ali,Sukkur,Pakistan,2022-10-14
6080,Hassan Mirza,Doha,Qatar,2025-12-10
6081,Ahmed Ahmed,Multan,Pakistan,2023-08-05
6082,Hussain Khan,Doha,Qatar,2023-05-06
6083,Hassan Raza,Peshawar,Pakistan,2025-05-07
6084,Hira Ali,Peshawar,Pakistan,2023-01-27
6085,Imran Ali,Hyderabad,Pakistan,2025-12-11
6086,Hira Mirza,Lahore,Pakistan,2025-03-18
6087,Zainab Sheikh,Toronto,Canada,2022-06-08
6088,Hassan Shah,Dubai,UAE,2024-07-08
6089,Fahad Qureshi,Faisalabad,Pakistan,2023-09-11
6090,Ali Memon,Doha,Qatar,2022-12-03
6091,Hira Khan,Islamabad,Pakistan,2026-01-22
6092,Ahmed Ali,London,UK,2023-03-22
6093,Ahmed Hussain,Faisalabad,Pakistan,2021-08-26
6094,Hassan Hussain,Sukkur,Pakistan,2023-04-13
6095,Hussain Iqbal,Karachi,Pakistan,2023-11-20
6096,Sara Qureshi,Sukkur,Pakistan,2021-09-15
6097,Ayesha Khan,Dubai,UAE,2025-02-22
6098,Ahmed Raza,Doha,Qatar,2022-04-13
6099,Ali Hussain,Multan,Pakistan,2021-07-08
6100,Omar Ahmed,Lahore,Pakistan,2024-01-01
6101,Zainab Raza,Karachi,Pakistan,2021-11-25
6102,Sara Ahmed,Islamabad,Pakistan,2025-05-13
6103,Zainab Mirza,Hyderabad,Pakistan,2023-05-05
6104,Bilal Mirza,New York,USA,2021-04-16
6105,Sara Siddiqui,Islamabad,Pakistan,2023-02-21
6106,Fahad Iqbal,Islamabad,Pakistan,2026-03-18
6107,Usman Iqbal,Karachi,Pakistan,2024-08-18
6108,Ali Ali,Multan,Pakistan,2023-12-27
6109,Ali Qureshi,Sukkur,Pakistan,2021-11-17
6110,Imran Hussain,Hyderabad,Pakistan,2022-09-30
6111,Maryam Ali,Peshawar,Pakistan,2023-02-15
6112,Zainab Qureshi,Rawalpindi,Pakistan,2024-03-25
6113,Fatima Shah,New York,USA,2022-03-01
6114,Usman Iqbal,Karachi,Pakistan,2026-07-31
6115,Sana Siddiqui,Rawalpindi,Pakistan,2024-08-21
6116,Ahmed Buriro,Quetta,Pakistan,2022-09-28
6117,Fatima Qureshi,New York,USA,2021-08-17
6118,Hira Ali,Faisalabad,Pakistan,2024-04-27
6119,Zainab Mirza,Lahore,Pakistan,2023-07-02
6120,Fatima Khan,Quetta,Pakistan,2024-10-05
6121,Usman Khan,Hyderabad,Pakistan,2024-04-30
6122,Zainab Qureshi,Hyderabad,Pakistan,2024-07-29
6123,Hassan Memon,Toronto,Canada,2025-08-27
6124,Hussain Qureshi,Doha,Qatar,2023-12-07
6125,Saad Khan,Rawalpindi,Pakistan,2025-01-16
6126,Usman Malik,Quetta,Pakistan,2023-01-02
6127,Zainab Shah,Quetta,Pakistan,2026-04-06
6128,Saad Khan,Doha,Qatar,2023-04-12
6129,Imran Raza,Doha,Qatar,2024-10-17
6130,Ali Ali,Multan,Pakistan,2026-07-28
6131,Hassan Malik,Karachi,Pakistan,2022-12-13
6132,Hamza Hussain,Karachi,Pakistan,2021-07-27
6133,Hamza Memon,Karachi,Pakistan,2022-04-18
6134,Bilal Shah,London,UK,2022-05-12
6135,Bilal Malik,London,UK,2021-04-26
6136,Danish Shah,New York,USA,2024-01-14
6137,Bilal Iqbal,Islamabad,Pakistan,2022-07-20
6138,Hira Ahmed,Karachi,Pakistan,2021-07-17
6139,Fahad Ahmed,Islamabad,Pakistan,2021-10-06
6140,Hussain Siddiqui,Sukkur,Pakistan,2022-07-12
6141,Hira Ahmed,Karachi,Pakistan,2023-01-23
6142,Maham Ahmed,Sukkur,Pakistan,2026-06-09
6143,Maham Ali,Toronto,Canada,2024-12-02
6144,Fatima Hussain,Islamabad,Pakistan,2024-12-27
6145,Bilal Hussain,London,UK,2024-11-11
6146,Hira Hussain,Quetta,Pakistan,2025-06-25
6147,Omar Buriro,Doha,Qatar,2022-10-11
6148,Sara Malik,Rawalpindi,Pakistan,2021-07-22
6149,Sara Chaudhry,Rawalpindi,Pakistan,2023-11-03
6150,Danish Memon,Karachi,Pakistan,2021-01-03
6151,Maham Mirza,Dubai,UAE,2022-03-18
6152,Bilal Memon,Toronto,Canada,2025-03-15
6153,Hussain Qureshi,Karachi,Pakistan,2023-10-23
6154,Imran Malik,Peshawar,Pakistan,2024-11-08
6155,Danish Siddiqui,Dubai,UAE,2024-01-12
6156,Usman Ali,London,UK,2022-09-07
6157,Zainab Siddiqui,Toronto,Canada,2022-03-22
6158,Zainab Khan,Dubai,UAE,2022-06-13
6159,Bilal Khan,Toronto,Canada,2025-06-15
6160,Hamza Chaudhry,Doha,Qatar,2026-06-20
6161,Hussain Memon,Toronto,Canada,2021-06-16
6162,Ali Raza,Faisalabad,Pakistan,2023-12-31
6163,Imran Qureshi,Faisalabad,Pakistan,2023-08-17
6164,Hussain Raza,Faisalabad,Pakistan,2024-02-20
6165,Bilal Chaudhry,Doha,Qatar,2022-04-20
6166,Danish Hussain,Hyderabad,Pakistan,2021-01-16
6167,Maryam Hussain,London,UK,2022-02-19
6168,Sara Siddiqui,Sukkur,Pakistan,2022-01-06
6169,Saad Qureshi,Karachi,Pakistan,2021-04-17
6170,Ali Memon,Peshawar,Pakistan,2022-12-28
6171,Hira Iqbal,Islamabad,Pakistan,2024-10-25
6172,Omar Siddiqui,Dubai,UAE,2026-05-23
6173,Sana Qureshi,Faisalabad,Pakistan,2021-12-24
6174,Maham Siddiqui,Multan,Pakistan,2023-01-09
6175,Maham Siddiqui,Karachi,Pakistan,2022-09-11
6176,Usman Iqbal,Lahore,Pakistan,2022-03-09
6177,Zainab Memon,London,UK,2026-07-11
6178,Sana Qureshi,New York,USA,2024-08-29
6179,Saad Qureshi,Hyderabad,Pakistan,2023-09-08
6180,Saad Siddiqui,New York,USA,2023-06-10
6181,Ali Khan,Quetta,Pakistan,2022-10-11
6182,Saad Sheikh,Multan,Pakistan,2023-04-30
6183,Omar Mirza,Faisalabad,Pakistan,2024-07-16
6184,Maryam Hussain,Dubai,UAE,2026-03-07
6185,Hira Ahmed,Toronto,Canada,2023-10-09
6186,Ahmed Memon,Peshawar,Pakistan,2022-01-12
6187,Ali Memon,Multan,Pakistan,2026-05-06
6188,Hassan Shah,London,UK,2022-10-04
6189,Sara Hussain,Peshawar,Pakistan,2021-06-19
6190,Maham Hussain,Multan,Pakistan,2024-01-15
6191,Ali Mirza,Faisalabad,Pakistan,2025-05-31
6192,Usman Ahmed,Quetta,Pakistan,2022-06-09
6193,Fahad Ahmed,Islamabad,Pakistan,2022-07-23
6194,Zainab Sheikh,Karachi,Pakistan,2022-08-13
6195,Maham Khan,Sukkur,Pakistan,2025-07-02
6196,Hassan Siddiqui,Islamabad,Pakistan,2026-05-06
6197,Fatima Buriro,Peshawar,Pakistan,2025-09-24
6198,Maryam Ahmed,London,UK,2022-04-06
6199,Saad Siddiqui,Rawalpindi,Pakistan,2025-09-27
6200,Saad Iqbal,Multan,Pakistan,2022-09-24
6201,Ahmed Sheikh,Doha,Qatar,2025-11-02
6202,Ayesha Sheikh,Karachi,Pakistan,2026-07-14
6203,Hamza Raza,London,UK,2025-01-03
6204,Fatima Ahmed,Islamabad,Pakistan,2026-05-01
6205,Bilal Ahmed,Toronto,Canada,2021-10-18
6206,Danish Memon,Faisalabad,Pakistan,2024-08-27
6207,Omar Qureshi,Karachi,Pakistan,2021-04-16
6208,Ahmed Malik,Dubai,UAE,2024-08-22
6209,Imran Khan,Islamabad,Pakistan,2022-11-26
6210,Hassan Mirza,Multan,Pakistan,2026-05-31
6211,Zainab Khan,Peshawar,Pakistan,2023-10-06
6212,Fatima Buriro,London,UK,2025-04-03
6213,Hamza Qureshi,Faisalabad,Pakistan,2022-09-09
6214,Maryam Raza,New York,USA,2021-06-02
6215,Imran Shah,Peshawar,Pakistan,2025-02-21
6216,Bilal Ahmed,Multan,Pakistan,2022-03-28
6217,Hira Raza,Multan,Pakistan,2025-01-12
6218,Hamza Memon,New York,USA,2023-08-05
6219,Omar Ahmed,Sukkur,Pakistan,2026-06-04
6220,Zainab Siddiqui,Lahore,Pakistan,2022-12-20
6221,Ayesha Siddiqui,London,UK,2023-03-28
6222,Imran Shah,Faisalabad,Pakistan,2025-02-18
6223,Bilal Raza,Multan,Pakistan,2025-05-21
6224,Ali Ahmed,Lahore,Pakistan,2021-09-14
6225,Sana Sheikh,Doha,Qatar,2025-02-19
6226,Hira Ali,Karachi,Pakistan,2023-09-29
6227,Fahad Sheikh,Doha,Qatar,2026-07-09
6228,Hussain Malik,Karachi,Pakistan,2024-07-10
6229,Usman Siddiqui,Peshawar,Pakistan,2025-04-26
6230,Fatima Siddiqui,Lahore,Pakistan,2022-12-02
6231,Fatima Chaudhry,Peshawar,Pakistan,2022-08-01
6232,Saad Sheikh,New York,USA,2025-05-19
6233,Saad Mirza,Quetta,Pakistan,2021-02-01
6234,Danish Shah,Quetta,Pakistan,2024-03-28
6235,Ayesha Qureshi,Lahore,Pakistan,2026-05-28
6236,Ahmed Ali,Doha,Qatar,2026-07-14
6237,Maryam Siddiqui,Multan,Pakistan,2024-12-30
6238,Danish Memon,Quetta,Pakistan,2023-10-11
6239,Ahmed Mirza,Toronto,Canada,2025-07-15
6240,Fatima Raza,Sukkur,Pakistan,2021-01-30
6241,Saad Hussain,London,UK,2025-06-05
6242,Ali Ahmed,Islamabad,Pakistan,2022-01-23
6243,Ayesha Khan,Faisalabad,Pakistan,2025-02-08
6244,Hussain Buriro,Quetta,Pakistan,2022-12-11
6245,Hassan Ahmed,Islamabad,Pakistan,2025-03-12
6246,Zainab Ali,Multan,Pakistan,2024-05-14
6247,Bilal Iqbal,New York,USA,2026-03-10
6248,Maryam Iqbal,Toronto,Canada,2025-05-24
6249,Omar Hussain,New York,USA,2026-02-06
6250,Usman Qureshi,Doha,Qatar,2021-11-05
6251,Hussain Mirza,Doha,Qatar,2023-02-12
6252,Hussain Shah,Islamabad,Pakistan,2023-06-11
6253,Fatima Siddiqui,New York,USA,2021-03-05
6254,Hamza Qureshi,Sukkur,Pakistan,2021-02-16
6255,Bilal Chaudhry,New York,USA,2021-03-20
6256,Sana Chaudhry,Sukkur,Pakistan,2025-04-13
6257,Saad Hussain,Lahore,Pakistan,2023-06-30
6258,Danish Ali,Quetta,Pakistan,2025-03-12
6259,Imran Sheikh,London,UK,2025-08-29
6260,Sara Shah,Lahore,Pakistan,2021-03-15
6261,Ahmed Chaudhry,Peshawar,Pakistan,2025-09-24
6262,Ayesha Ahmed,Sukkur,Pakistan,2022-04-05
6263,Hira Khan,Faisalabad,Pakistan,2023-04-05
6264,Fatima Memon,London,UK,2026-05-17
6265,Sara Siddiqui,Lahore,Pakistan,2022-09-07
6266,Omar Mirza,Multan,Pakistan,2026-03-31
6267,Hussain Ali,Doha,Qatar,2023-10-30
6268,Hussain Mirza,Peshawar,Pakistan,2021-01-28
6269,Fatima Khan,Islamabad,Pakistan,2021-04-01
6270,Hussain Khan,Lahore,Pakistan,2024-07-21
6271,Danish Siddiqui,Quetta,Pakistan,2023-07-24
6272,Ahmed Shah,Toronto,Canada,2021-10-12
6273,Maryam Raza,Karachi,Pakistan,2023-11-15
6274,Danish Khan,Lahore,Pakistan,2023-01-09
6275,Ahmed Khan,Multan,Pakistan,2021-07-20
6276,Omar Memon,Rawalpindi,Pakistan,2024-02-06
6277,Hira Shah,Lahore,Pakistan,2021-03-31
6278,Hira Hussain,Hyderabad,Pakistan,2024-01-02
6279,Hussain Buriro,Sukkur,Pakistan,2022-04-06
6280,Ayesha Khan,New York,USA,2025-08-20
6281,Omar Buriro,Hyderabad,Pakistan,2026-04-21
6282,Hira Malik,Dubai,UAE,2026-03-15
6283,Maham Qureshi,New York,USA,2026-03-27
6284,Fatima Ali,Karachi,Pakistan,2021-07-24
6285,Saad Mirza,New York,USA,2023-11-05
6286,Hussain Raza,Islamabad,Pakistan,2022-04-03
6287,Maham Sheikh,Dubai,UAE,2021-07-17
6288,Usman Iqbal,London,UK,2023-03-11
6289,Bilal Qureshi,New York,USA,2023-05-25
6290,Omar Chaudhry,Faisalabad,Pakistan,2022-08-28
6291,Zainab Memon,Sukkur,Pakistan,2021-08-21
6292,Imran Chaudhry,Karachi,Pakistan,2023-04-13
6293,Fahad Chaudhry,Faisalabad,Pakistan,2021-11-13
6294,Imran Iqbal,Doha,Qatar,2021-03-24
6295,Maryam Ali,Islamabad,Pakistan,2023-07-09
6296,Hassan Buriro,Islamabad,Pakistan,2021-05-15
6297,Hamza Mirza,Dubai,UAE,2026-05-23
6298,Imran Hussain,Peshawar,Pakistan,2025-09-05
6299,Maham Malik,Faisalabad,Pakistan,2026-03-02
6300,Ayesha Iqbal,Rawalpindi,Pakistan,2021-07-29
6301,Danish Shah,Islamabad,Pakistan,2023-08-06
6302,Imran Sheikh,London,UK,2025-08-07
6303,Danish Sheikh,Multan,Pakistan,2022-09-17
6304,Maryam Ahmed,London,UK,2025-08-22
6305,Hamza Memon,Faisalabad,Pakistan,2022-09-23
6306,Danish Ali,Multan,Pakistan,2026-06-08
6307,Ahmed Memon,Rawalpindi,Pakistan,2021-07-25
6308,Ayesha Mirza,Sukkur,Pakistan,2024-12-09
6309,Ahmed Qureshi,Hyderabad,Pakistan,2021-01-28
6310,Ali Memon,Toronto,Canada,2026-02-07
6311,Fahad Ahmed,Faisalabad,Pakistan,2022-12-26
6312,Hamza Mirza,New York,USA,2021-02-11
6313,Ali Iqbal,Peshawar,Pakistan,2025-08-30
6314,Fahad Ahmed,Faisalabad,Pakistan,2026-05-26
6315,Hassan Memon,Faisalabad,Pakistan,2023-09-17
6316,Ali Sheikh,Faisalabad,Pakistan,2021-05-06
6317,Ahmed Sheikh,Peshawar,Pakistan,2022-04-10
6318,Omar Memon,Toronto,Canada,2021-03-04
6319,Fahad Sheikh,Dubai,UAE,2021-04-01
6320,Maryam Hussain,Karachi,Pakistan,2021-11-20
6321,Saad Shah,Karachi,Pakistan,2024-02-22
6322,Usman Qureshi,Karachi,Pakistan,2025-04-11
6323,Sara Mirza,Dubai,UAE,2024-04-06
6324,Bilal Ali,Rawalpindi,Pakistan,2022-02-22
6325,Maryam Raza,Multan,Pakistan,2024-05-11
6326,Omar Ahmed,New York,USA,2022-04-16
6327,Danish Mirza,Lahore,Pakistan,2023-07-29
6328,Sara Raza,Islamabad,Pakistan,2025-12-17
6329,Bilal Siddiqui,Lahore,Pakistan,2021-10-02
6330,Ahmed Shah,Hyderabad,Pakistan,2025-11-19
6331,Fatima Siddiqui,Lahore,Pakistan,2022-07-07
6332,Ahmed Iqbal,Sukkur,Pakistan,2024-09-28
6333,Bilal Sheikh,London,UK,2022-06-17
6334,Fatima Sheikh,Islamabad,Pakistan,2021-12-01
6335,Danish Buriro,Peshawar,Pakistan,2023-07-07
6336,Fahad Qureshi,Hyderabad,Pakistan,2023-02-16
6337,Bilal Siddiqui,Lahore,Pakistan,2023-11-01
6338,Sana Qureshi,Peshawar,Pakistan,2022-04-27
6339,Fatima Ahmed,Dubai,UAE,2026-06-17
6340,Sana Memon,Rawalpindi,Pakistan,2024-10-01
6341,Zainab Chaudhry,London,UK,2025-09-10
6342,Saad Chaudhry,Doha,Qatar,2025-05-09
6343,Ahmed Chaudhry,Karachi,Pakistan,2025-01-15
6344,Hamza Siddiqui,Islamabad,Pakistan,2021-10-17
6345,Ayesha Malik,Hyderabad,Pakistan,2024-04-13
6346,Fahad Hussain,New York,USA,2026-01-05
6347,Saad Iqbal,Islamabad,Pakistan,2021-07-15
6348,Ayesha Memon,Peshawar,Pakistan,2023-08-02
6349,Zainab Sheikh,Quetta,Pakistan,2022-01-11
6350,Sara Memon,Lahore,Pakistan,2025-06-09
6351,Imran Buriro,Karachi,Pakistan,2026-03-14
6352,Maryam Chaudhry,Lahore,Pakistan,2021-04-16
6353,Hassan Buriro,Karachi,Pakistan,2025-06-22
6354,Omar Siddiqui,Peshawar,Pakistan,2023-01-05
6355,Maham Malik,Doha,Qatar,2026-05-19
6356,Fahad Sheikh,Multan,Pakistan,2021-01-31
6357,Hamza Malik,Rawalpindi,Pakistan,2022-01-26
6358,Ayesha Iqbal,Rawalpindi,Pakistan,2025-01-04
6359,Hassan Sheikh,Doha,Qatar,2025-05-06
6360,Danish Sheikh,Doha,Qatar,2021-06-11
6361,Sana Qureshi,Sukkur,Pakistan,2021-11-23
6362,Hassan Hussain,Faisalabad,Pakistan,2022-11-21
6363,Imran Sheikh,Islamabad,Pakistan,2021-03-12
6364,Ayesha Ali,Toronto,Canada,2025-05-13
6365,Imran Chaudhry,Karachi,Pakistan,2024-09-26
6366,Imran Qureshi,Islamabad,Pakistan,2025-03-07
6367,Maryam Siddiqui,Dubai,UAE,2023-08-16
6368,Usman Shah,Islamabad,Pakistan,2024-07-28
6369,Omar Raza,Lahore,Pakistan,2024-03-13
6370,Hassan Memon,Quetta,Pakistan,2024-11-15
6371,Fatima Chaudhry,Karachi,Pakistan,2023-07-08
6372,Bilal Khan,Hyderabad,Pakistan,2024-08-20
6373,Hamza Iqbal,Sukkur,Pakistan,2024-08-08
6374,Hamza Memon,Islamabad,Pakistan,2024-07-30
6375,Danish Malik,London,UK,2025-11-14
6376,Maryam Shah,Lahore,Pakistan,2022-12-14
6377,Omar Malik,Sukkur,Pakistan,2025-11-27
6378,Hira Chaudhry,Lahore,Pakistan,2021-02-27
6379,Bilal Malik,Dubai,UAE,2023-09-18
6380,Danish Siddiqui,London,UK,2023-06-20
6381,Zainab Memon,London,UK,2025-11-05
6382,Hassan Chaudhry,Hyderabad,Pakistan,2021-04-03
6383,Omar Hussain,Rawalpindi,Pakistan,2022-03-18
6384,Ayesha Buriro,Doha,Qatar,2023-08-14
6385,Maryam Ahmed,Dubai,UAE,2025-07-20
6386,Hussain Chaudhry,Islamabad,Pakistan,2023-08-04
6387,Zainab Malik,Karachi,Pakistan,2024-07-26
6388,Hassan Ali,Multan,Pakistan,2021-12-31
6389,Imran Iqbal,Sukkur,Pakistan,2026-04-07
6390,Omar Shah,Multan,Pakistan,2025-05-18
6391,Ayesha Ahmed,New York,USA,2021-03-29
6392,Zainab Hussain,Peshawar,Pakistan,2024-12-06
6393,Saad Malik,Doha,Qatar,2021-09-21
6394,Hussain Ahmed,Toronto,Canada,2024-02-15
6395,Omar Hussain,Peshawar,Pakistan,2024-12-14
6396,Ahmed Buriro,New York,USA,2026-03-03
6397,Fatima Buriro,Faisalabad,Pakistan,2021-05-24
6398,Fatima Ahmed,Karachi,Pakistan,2022-08-09
6399,Ali Raza,Hyderabad,Pakistan,2024-11-07
6400,Zainab Mirza,Faisalabad,Pakistan,2022-06-19
6401,Fahad Ahmed,Doha,Qatar,2024-12-23
6402,Hamza Shah,New York,USA,2022-01-09
6403,Hassan Khan,Islamabad,Pakistan,2021-11-30
6404,Ahmed Sheikh,Karachi,Pakistan,2024-01-15
6405,Hussain Ahmed,Peshawar,Pakistan,2024-11-05
6406,Hassan Memon,Quetta,Pakistan,2022-02-23
6407,Maryam Iqbal,London,UK,2025-11-17
6408,Hassan Shah,Rawalpindi,Pakistan,2025-11-06
6409,Fatima Hussain,New York,USA,2021-06-15
6410,Hassan Shah,Faisalabad,Pakistan,2022-09-13
6411,Ayesha Khan,Multan,Pakistan,2024-02-08
6412,Omar Buriro,Faisalabad,Pakistan,2023-09-28
6413,Zainab Siddiqui,Doha,Qatar,2022-06-04
6414,Fatima Iqbal,Multan,Pakistan,2023-12-16
6415,Zainab Raza,Quetta,Pakistan,2026-05-17
6416,Imran Ahmed,Toronto,Canada,2022-09-19
6417,Ahmed Siddiqui,Karachi,Pakistan,2022-03-23
6418,Hamza Shah,Quetta,Pakistan,2025-02-13
6419,Hassan Chaudhry,Dubai,UAE,2024-03-09
6420,Maryam Memon,Toronto,Canada,2024-11-11
6421,Hassan Qureshi,Karachi,Pakistan,2024-08-10
6422,Maryam Sheikh,Dubai,UAE,2025-03-31
6423,Hira Memon,New York,USA,2025-01-26
6424,Ayesha Buriro,Multan,Pakistan,2024-05-19
6425,Bilal Ali,London,UK,2023-07-16
6426,Imran Khan,Peshawar,Pakistan,2023-07-27
6427,Bilal Ali,Sukkur,Pakistan,2022-06-25
6428,Usman Qureshi,Multan,Pakistan,2023-07-04
6429,Hassan Sheikh,Islamabad,Pakistan,2024-05-18
6430,Imran Ahmed,New York,USA,2024-12-31
6431,Imran Siddiqui,Rawalpindi,Pakistan,2025-04-25
6432,Sana Siddiqui,Islamabad,Pakistan,2023-02-08
6433,Hamza Ali,Toronto,Canada,2025-02-02
6434,Sana Chaudhry,Doha,Qatar,2023-06-11
6435,Zainab Raza,Sukkur,Pakistan,2023-01-01
6436,Maryam Qureshi,Quetta,Pakistan,2021-11-30
6437,Hassan Sheikh,Multan,Pakistan,2022-06-26
6438,Fahad Malik,Sukkur,Pakistan,2024-10-17
6439,Fahad Mirza,Sukkur,Pakistan,2022-03-18
6440,Usman Raza,Peshawar,Pakistan,2021-06-06
6441,Sara Sheikh,Sukkur,Pakistan,2022-07-09
6442,Hira Chaudhry,Quetta,Pakistan,2026-07-12
6443,Maryam Mirza,Toronto,Canada,2021-11-02
6444,Danish Mirza,Dubai,UAE,2021-10-20
6445,Fahad Shah,Multan,Pakistan,2023-04-02
6446,Ali Ahmed,Sukkur,Pakistan,2023-02-20
6447,Usman Memon,Rawalpindi,Pakistan,2026-02-19
6448,Zainab Sheikh,Rawalpindi,Pakistan,2022-04-30
6449,Ali Memon,New York,USA,2023-05-01
6450,Omar Buriro,Quetta,Pakistan,2022-08-16
6451,Hassan Malik,Karachi,Pakistan,2022-05-25
6452,Ahmed Malik,Multan,Pakistan,2022-10-20
6453,Imran Sheikh,Doha,Qatar,2022-06-08
6454,Ayesha Malik,Sukkur,Pakistan,2025-01-03
6455,Bilal Memon,Toronto,Canada,2025-05-30
6456,Saad Buriro,Quetta,Pakistan,2021-12-27
6457,Sara Sheikh,Karachi,Pakistan,2023-10-08
6458,Ahmed Memon,Islamabad,Pakistan,2022-06-22
6459,Danish Sheikh,Lahore,Pakistan,2025-11-04
6460,Ahmed Memon,London,UK,2021-07-26
6461,Imran Shah,London,UK,2023-04-14
6462,Hussain Buriro,Faisalabad,Pakistan,2022-11-07
6463,Hamza Memon,Dubai,UAE,2023-01-11
6464,Sara Shah,Quetta,Pakistan,2026-04-03
6465,Ali Raza,London,UK,2024-01-08
6466,Ayesha Mirza,Dubai,UAE,2023-02-14
6467,Omar Shah,Faisalabad,Pakistan,2025-07-05
6468,Fahad Buriro,Sukkur,Pakistan,2025-05-04
6469,Maryam Iqbal,Hyderabad,Pakistan,2021-10-23
6470,Maham Mirza,London,UK,2023-07-30
6471,Maham Siddiqui,Toronto,Canada,2023-04-20
6472,Ahmed Hussain,Rawalpindi,Pakistan,2023-07-06
6473,Maham Iqbal,Dubai,UAE,2022-12-13
6474,Hira Raza,Lahore,Pakistan,2025-08-07
6475,Sana Ali,Multan,Pakistan,2026-07-23
6476,Ali Khan,Dubai,UAE,2021-02-24
6477,Imran Buriro,Hyderabad,Pakistan,2025-10-12
6478,Bilal Siddiqui,Rawalpindi,Pakistan,2025-10-29
6479,Fatima Shah,Multan,Pakistan,2023-01-16
6480,Ayesha Qureshi,Lahore,Pakistan,2023-09-16
6481,Hira Buriro,Sukkur,Pakistan,2021-07-28
6482,Ahmed Siddiqui,Lahore,Pakistan,2022-12-17
6483,Saad Chaudhry,Hyderabad,Pakistan,2022-05-01
6484,Maham Buriro,Hyderabad,Pakistan,2026-01-23
6485,Ali Iqbal,Doha,Qatar,2021-08-07
6486,Sara Chaudhry,Doha,Qatar,2022-11-24
6487,Imran Shah,Lahore,Pakistan,2023-09-08
6488,Ali Hussain,Islamabad,Pakistan,2026-06-16
6489,Fatima Khan,Dubai,UAE,2025-07-24
6490,Bilal Iqbal,Hyderabad,Pakistan,2026-03-24
6491,Omar Shah,Sukkur,Pakistan,2022-09-25
6492,Hira Hussain,Toronto,Canada,2022-07-01
6493,Hamza Mirza,Islamabad,Pakistan,2024-03-10
6494,Sana Ahmed,Doha,Qatar,2022-11-26
6495,Hamza Mirza,Karachi,Pakistan,2021-02-02
6496,Ahmed Khan,Rawalpindi,Pakistan,2025-07-14
6497,Hira Siddiqui,Peshawar,Pakistan,2021-07-13
6498,Bilal Sheikh,Toronto,Canada,2022-02-03
6499,Hussain Qureshi,Quetta,Pakistan,2026-04-07
6500,Usman Raza,Islamabad,Pakistan,2025-01-31
6501,Hira Chaudhry,Rawalpindi,Pakistan,2024-08-02
6502,Ahmed Malik,London,UK,2021-09-21
6503,Bilal Raza,Quetta,Pakistan,2022-02-24
6504,Zainab Chaudhry,Karachi,Pakistan,2024-07-31
6505,Imran Buriro,Peshawar,Pakistan,2023-10-18
6506,Hussain Khan,Faisalabad,Pakistan,2023-01-05
6507,Fahad Iqbal,Karachi,Pakistan,2025-03-01
6508,Bilal Khan,Rawalpindi,Pakistan,2025-05-05
6509,Hira Raza,Doha,Qatar,2025-02-15
6510,Fahad Raza,Dubai,UAE,2021-08-04
6511,Maham Buriro,Lahore,Pakistan,2024-05-25
6512,Ali Ahmed,Karachi,Pakistan,2022-03-05
6513,Maham Ahmed,Multan,Pakistan,2022-07-09
6514,Usman Buriro,Faisalabad,Pakistan,2026-06-17
6515,Usman Ahmed,Faisalabad,Pakistan,2023-04-27
6516,Ali Sheikh,Dubai,UAE,2025-05-25
6517,Maryam Memon,Islamabad,Pakistan,2022-05-17
6518,Imran Hussain,Karachi,Pakistan,2026-06-05
6519,Maham Shah,Dubai,UAE,2022-07-19
6520,Hamza Malik,Toronto,Canada,2022-01-06
6521,Ahmed Iqbal,Islamabad,Pakistan,2022-10-21
6522,Usman Siddiqui,Multan,Pakistan,2021-12-20
6523,Omar Khan,Sukkur,Pakistan,2024-05-05
6524,Imran Shah,Islamabad,Pakistan,2021-10-21
6525,Hassan Qureshi,New York,USA,2022-02-28
6526,Hassan Iqbal,Rawalpindi,Pakistan,2024-12-01
6527,Hussain Malik,Peshawar,Pakistan,2021-03-28
6528,Bilal Khan,Multan,Pakistan,2023-06-17
6529,Ali Sheikh,Dubai,UAE,2024-11-12
6530,Usman Ali,Islamabad,Pakistan,2023-06-27
6531,Bilal Malik,Lahore,Pakistan,2021-02-14
6532,Ayesha Iqbal,Peshawar,Pakistan,2021-11-19
6533,Hamza Memon,New York,USA,2026-06-02
6534,Maham Khan,Sukkur,Pakistan,2025-04-23
6535,Zainab Siddiqui,London,UK,2022-12-15
6536,Zainab Ahmed,Faisalabad,Pakistan,2025-11-16
6537,Fatima Ali,Islamabad,Pakistan,2021-01-14
6538,Imran Raza,Faisalabad,Pakistan,2021-04-07
6539,Ali Sheikh,Doha,Qatar,2025-12-08
6540,Imran Buriro,London,UK,2024-10-06
6541,Bilal Chaudhry,Dubai,UAE,2024-05-07
6542,Hussain Shah,Hyderabad,Pakistan,2022-12-04
6543,Hussain Chaudhry,Quetta,Pakistan,2025-07-24
6544,Sara Sheikh,Sukkur,Pakistan,2024-05-24
6545,Hira Shah,Sukkur,Pakistan,2023-06-06
6546,Ahmed Mirza,Toronto,Canada,2023-02-15
6547,Saad Khan,Dubai,UAE,2022-12-23
6548,Ahmed Raza,Rawalpindi,Pakistan,2024-03-18
6549,Ali Memon,Rawalpindi,Pakistan,2024-08-28
6550,Imran Malik,Sukkur,Pakistan,2025-06-29
6551,Bilal Mirza,New York,USA,2023-04-08
6552,Omar Shah,Doha,Qatar,2022-06-02
6553,Ahmed Mirza,Sukkur,Pakistan,2024-02-08
6554,Imran Ali,Peshawar,Pakistan,2024-04-04
6555,Danish Ahmed,New York,USA,2022-07-21
6556,Hassan Qureshi,Doha,Qatar,2021-05-30
6557,Ayesha Mirza,Karachi,Pakistan,2022-11-09
6558,Hira Ahmed,Hyderabad,Pakistan,2021-05-24
6559,Sana Chaudhry,Multan,Pakistan,2021-06-17
6560,Hira Shah,Quetta,Pakistan,2026-05-23
6561,Hassan Siddiqui,Hyderabad,Pakistan,2025-05-12
6562,Fatima Qureshi,Hyderabad,Pakistan,2021-03-14
6563,Hassan Ali,Karachi,Pakistan,2022-12-12
6564,Zainab Iqbal,Karachi,Pakistan,2022-06-03
6565,Sana Siddiqui,Faisalabad,Pakistan,2026-06-11
6566,Imran Memon,Doha,Qatar,2023-06-11
6567,Sara Raza,Hyderabad,Pakistan,2022-06-14
6568,Maham Sheikh,Rawalpindi,Pakistan,2024-07-17
6569,Maryam Hussain,Rawalpindi,Pakistan,2023-08-27
6570,Maham Chaudhry,Doha,Qatar,2022-01-17
6571,Bilal Memon,Sukkur,Pakistan,2022-09-15
6572,Ali Sheikh,Sukkur,Pakistan,2021-09-17
6573,Fahad Hussain,Islamabad,Pakistan,2024-11-15
6574,Bilal Hussain,Toronto,Canada,2026-06-02
6575,Omar Siddiqui,Islamabad,Pakistan,2025-07-06
6576,Usman Hussain,Doha,Qatar,2023-02-04
6577,Hussain Siddiqui,Doha,Qatar,2023-09-20
6578,Imran Buriro,Quetta,Pakistan,2021-05-04
6579,Ayesha Iqbal,Toronto,Canada,2023-01-18
6580,Ali Iqbal,Doha,Qatar,2021-03-07
6581,Omar Mirza,Quetta,Pakistan,2025-02-26
6582,Imran Hussain,London,UK,2026-01-28
6583,Maryam Buriro,Quetta,Pakistan,2022-01-26
6584,Usman Ahmed,Peshawar,Pakistan,2024-10-05
6585,Hamza Sheikh,Multan,Pakistan,2024-05-06
6586,Sara Shah,Sukkur,Pakistan,2023-05-02
6587,Sana Khan,Hyderabad,Pakistan,2025-02-04
6588,Ali Iqbal,Islamabad,Pakistan,2024-10-17
6589,Fahad Mirza,Hyderabad,Pakistan,2022-07-03
6590,Hamza Sheikh,Karachi,Pakistan,2025-06-16
6591,Hira Shah,Doha,Qatar,2022-09-29
6592,Sara Memon,Rawalpindi,Pakistan,2025-02-07
6593,Ayesha Siddiqui,London,UK,2024-07-29
6594,Hamza Mirza,Faisalabad,Pakistan,2021-08-28
6595,Saad Iqbal,Multan,Pakistan,2021-12-06
6596,Maham Qureshi,Rawalpindi,Pakistan,2022-10-23
6597,Maham Shah,New York,USA,2021-04-01
6598,Fahad Malik,Peshawar,Pakistan,2023-04-09
6599,Ayesha Ali,Faisalabad,Pakistan,2023-07-30
6600,Ahmed Qureshi,Sukkur,Pakistan,2025-05-01
6601,Sana Khan,New York,USA,2021-12-16
6602,Danish Ali,Sukkur,Pakistan,2024-03-02
6603,Saad Malik,Peshawar,Pakistan,2024-09-16
6604,Omar Ahmed,Toronto,Canada,2023-07-06
6605,Danish Memon,Toronto,Canada,2026-01-24
6606,Ahmed Ali,Doha,Qatar,2022-10-12
6607,Maryam Mirza,Lahore,Pakistan,2021-01-09
6608,Hassan Shah,Toronto,Canada,2023-04-18
6609,Zainab Ali,Islamabad,Pakistan,2021-02-11
6610,Hamza Khan,Sukkur,Pakistan,2026-06-29
6611,Fatima Memon,Sukkur,Pakistan,2022-05-06
6612,Ayesha Shah,Rawalpindi,Pakistan,2025-07-14
6613,Ayesha Sheikh,Karachi,Pakistan,2021-08-26
6614,Hussain Ali,Doha,Qatar,2022-07-13
6615,Hussain Iqbal,Toronto,Canada,2021-09-01
6616,Sara Ali,Islamabad,Pakistan,2023-01-22
6617,Hamza Siddiqui,Sukkur,Pakistan,2024-05-13
6618,Hussain Mirza,Islamabad,Pakistan,2023-05-06
6619,Imran Shah,Quetta,Pakistan,2024-05-18
6620,Ali Malik,Hyderabad,Pakistan,2025-07-02
6621,Sana Mirza,London,UK,2021-04-02
6622,Hamza Malik,Quetta,Pakistan,2023-05-15
6623,Usman Khan,Peshawar,Pakistan,2024-04-25
6624,Ali Siddiqui,Dubai,UAE,2023-12-03
6625,Maryam Khan,Peshawar,Pakistan,2021-10-25
6626,Usman Chaudhry,Karachi,Pakistan,2022-02-26
6627,Saad Hussain,Quetta,Pakistan,2023-02-08
6628,Zainab Raza,London,UK,2024-08-20
6629,Omar Shah,Peshawar,Pakistan,2026-07-10
6630,Omar Memon,Islamabad,Pakistan,2023-01-21
6631,Hira Memon,Karachi,Pakistan,2023-11-30
6632,Maryam Khan,Hyderabad,Pakistan,2022-09-17
6633,Maryam Chaudhry,London,UK,2021-03-11
6634,Maryam Raza,Hyderabad,Pakistan,2023-03-23
6635,Usman Buriro,Doha,Qatar,2022-12-10
6636,Fatima Shah,Hyderabad,Pakistan,2021-11-03
6637,Fatima Ali,Faisalabad,Pakistan,2024-09-29
6638,Imran Memon,London,UK,2022-06-11
6639,Hamza Buriro,Sukkur,Pakistan,2022-04-03
6640,Ahmed Qureshi,Karachi,Pakistan,2023-03-05
6641,Hira Khan,Lahore,Pakistan,2026-05-20
6642,Sara Mirza,Islamabad,Pakistan,2024-07-20
6643,Sana Shah,Toronto,Canada,2023-05-17
6644,Sara Qureshi,Karachi,Pakistan,2025-07-31
6645,Sara Hussain,Lahore,Pakistan,2021-02-12
6646,Ahmed Ali,London,UK,2022-11-18
6647,Ali Ali,Sukkur,Pakistan,2024-01-07
6648,Bilal Khan,Doha,Qatar,2023-09-23
6649,Imran Chaudhry,Rawalpindi,Pakistan,2024-10-10
6650,Hussain Malik,Sukkur,Pakistan,2024-12-01
6651,Sara Hussain,Islamabad,Pakistan,2023-07-19
6652,Sana Iqbal,Quetta,Pakistan,2026-03-10
6653,Maryam Memon,Lahore,Pakistan,2026-03-07
6654,Zainab Sheikh,Toronto,Canada,2023-08-27
6655,Bilal Sheikh,Faisalabad,Pakistan,2026-01-13
6656,Imran Qureshi,Rawalpindi,Pakistan,2021-10-11
6657,Hassan Raza,Doha,Qatar,2021-09-01
6658,Maham Iqbal,Karachi,Pakistan,2021-06-12
6659,Zainab Buriro,London,UK,2022-03-08
6660,Bilal Siddiqui,Peshawar,Pakistan,2022-09-29
6661,Ayesha Malik,Dubai,UAE,2021-05-21
6662,Sara Chaudhry,Rawalpindi,Pakistan,2024-05-24
6663,Hamza Ahmed,Toronto,Canada,2023-04-19
6664,Danish Mirza,Faisalabad,Pakistan,2024-05-11
6665,Imran Shah,Faisalabad,Pakistan,2023-10-23
6666,Sara Memon,Faisalabad,Pakistan,2022-07-08
6667,Maham Mirza,Hyderabad,Pakistan,2024-06-07
6668,Saad Sheikh,Hyderabad,Pakistan,2026-04-23
6669,Ahmed Ahmed,Islamabad,Pakistan,2022-10-08
6670,Fahad Mirza,Peshawar,Pakistan,2022-09-19
6671,Ali Qureshi,Peshawar,Pakistan,2023-11-18
6672,Usman Malik,Multan,Pakistan,2025-06-27
6673,Maryam Sheikh,Doha,Qatar,2023-12-20
6674,Fatima Siddiqui,Lahore,Pakistan,2025-08-23
6675,Maryam Memon,Toronto,Canada,2021-05-31
6676,Ali Ahmed,Toronto,Canada,2021-07-20
6677,Hamza Siddiqui,Karachi,Pakistan,2023-04-09
6678,Saad Chaudhry,Dubai,UAE,2022-04-19
6679,Maryam Khan,Rawalpindi,Pakistan,2021-02-17
6680,Hassan Siddiqui,Karachi,Pakistan,2022-03-15
6681,Sana Hussain,New York,USA,2022-07-07
6682,Hassan Chaudhry,Lahore,Pakistan,2026-02-18
6683,Fatima Raza,Hyderabad,Pakistan,2025-05-14
6684,Ali Mirza,Lahore,Pakistan,2022-12-17
6685,Zainab Shah,Islamabad,Pakistan,2026-05-07
6686,Hamza Qureshi,Karachi,Pakistan,2025-09-01
6687,Ali Iqbal,New York,USA,2022-05-26
6688,Danish Chaudhry,Karachi,Pakistan,2023-09-02
6689,Omar Raza,London,UK,2026-02-22
6690,Fatima Sheikh,Islamabad,Pakistan,2023-07-21
6691,Sana Siddiqui,Toronto,Canada,2023-01-26
6692,Maham Khan,New York,USA,2026-01-16
6693,Hussain Chaudhry,Sukkur,Pakistan,2024-09-07
6694,Fahad Mirza,New York,USA,2023-06-18
6695,Omar Siddiqui,Hyderabad,Pakistan,2025-11-08
6696,Ali Malik,London,UK,2025-02-27
6697,Sara Qureshi,Rawalpindi,Pakistan,2022-12-10
6698,Fatima Ali,Sukkur,Pakistan,2023-05-15
6699,Fatima Memon,Toronto,Canada,2021-04-07
6700,Sana Raza,Dubai,UAE,2021-07-27
6701,Imran Shah,Hyderabad,Pakistan,2026-04-30
6702,Bilal Hussain,London,UK,2021-04-19
6703,Fatima Iqbal,Toronto,Canada,2025-09-02
6704,Ahmed Ali,Toronto,Canada,2022-03-01
6705,Hamza Siddiqui,London,UK,2024-01-09
6706,Fahad Sheikh,Dubai,UAE,2025-01-11
6707,Ayesha Ahmed,London,UK,2026-07-14
6708,Ayesha Sheikh,London,UK,2023-02-01
6709,Sana Hussain,Islamabad,Pakistan,2023-07-15
6710,Ayesha Ahmed,New York,USA,2025-11-03
6711,Hussain Ahmed,Islamabad,Pakistan,2021-07-27
6712,Maryam Mirza,Quetta,Pakistan,2022-07-01
6713,Fahad Malik,Multan,Pakistan,2024-06-23
6714,Ahmed Hussain,Rawalpindi,Pakistan,2024-12-10
6715,Ali Hussain,Hyderabad,Pakistan,2025-06-26
6716,Omar Mirza,Lahore,Pakistan,2022-12-31
6717,Maryam Buriro,Faisalabad,Pakistan,2024-06-27
6718,Ayesha Mirza,Faisalabad,Pakistan,2024-06-19
6719,Zainab Hussain,Faisalabad,Pakistan,2026-06-30
6720,Omar Siddiqui,Lahore,Pakistan,2021-08-27
6721,Danish Qureshi,Sukkur,Pakistan,2021-02-03
6722,Ali Qureshi,Islamabad,Pakistan,2024-03-17
6723,Omar Siddiqui,New York,USA,2021-02-01
6724,Ahmed Ali,Karachi,Pakistan,2022-02-04
6725,Hamza Siddiqui,Karachi,Pakistan,2023-10-17
6726,Ali Qureshi,Hyderabad,Pakistan,2022-06-30
6727,Hamza Khan,Faisalabad,Pakistan,2022-06-27
6728,Bilal Malik,Doha,Qatar,2022-12-07
6729,Hassan Buriro,Peshawar,Pakistan,2024-10-31
6730,Ahmed Raza,Multan,Pakistan,2023-01-16
6731,Hira Mirza,New York,USA,2025-06-05
6732,Zainab Raza,Rawalpindi,Pakistan,2021-11-21
6733,Maham Mirza,Toronto,Canada,2021-07-28
6734,Usman Buriro,Faisalabad,Pakistan,2021-12-06
6735,Fatima Ali,Hyderabad,Pakistan,2026-02-13
6736,Maryam Iqbal,Hyderabad,Pakistan,2022-07-20
6737,Hassan Khan,Karachi,Pakistan,2021-03-02
6738,Imran Raza,Dubai,UAE,2022-10-05
6739,Usman Buriro,Quetta,Pakistan,2024-11-03
6740,Omar Malik,Sukkur,Pakistan,2023-01-08
6741,Bilal Raza,Sukkur,Pakistan,2023-02-23
6742,Hassan Qureshi,Karachi,Pakistan,2021-06-26
6743,Hamza Khan,Toronto,Canada,2024-09-22
6744,Maham Khan,Peshawar,Pakistan,2022-03-26
6745,Saad Ali,Dubai,UAE,2021-07-18
6746,Omar Ali,Karachi,Pakistan,2024-12-27
6747,Omar Hussain,London,UK,2026-03-25
6748,Ahmed Sheikh,Dubai,UAE,2024-05-29
6749,Maham Siddiqui,Multan,Pakistan,2026-03-26
6750,Hassan Memon,Doha,Qatar,2023-03-31
6751,Hussain Khan,Sukkur,Pakistan,2023-11-25
6752,Ayesha Malik,Toronto,Canada,2022-12-29
6753,Ali Buriro,New York,USA,2023-11-05
6754,Sana Chaudhry,Rawalpindi,Pakistan,2025-12-25
6755,Fatima Siddiqui,Doha,Qatar,2024-07-17
6756,Danish Ali,London,UK,2021-02-24
6757,Omar Buriro,Islamabad,Pakistan,2024-03-28
6758,Bilal Chaudhry,London,UK,2023-02-08
6759,Bilal Siddiqui,Faisalabad,Pakistan,2024-01-13
6760,Fahad Shah,New York,USA,2024-02-11
6761,Saad Khan,Islamabad,Pakistan,2024-04-15
6762,Bilal Raza,Rawalpindi,Pakistan,2025-11-01
6763,Sana Chaudhry,Multan,Pakistan,2025-10-16
6764,Saad Memon,Faisalabad,Pakistan,2026-06-03
6765,Hira Malik,Sukkur,Pakistan,2024-05-30
6766,Danish Hussain,Rawalpindi,Pakistan,2022-08-05
6767,Ali Mirza,Dubai,UAE,2022-02-04
6768,Omar Sheikh,Karachi,Pakistan,2025-09-27
6769,Fatima Mirza,Hyderabad,Pakistan,2026-02-06
6770,Bilal Qureshi,Sukkur,Pakistan,2021-03-17
6771,Ali Qureshi,Rawalpindi,Pakistan,2022-03-17
6772,Ahmed Raza,Faisalabad,Pakistan,2024-10-16
6773,Fahad Siddiqui,Sukkur,Pakistan,2021-12-03
6774,Imran Iqbal,Rawalpindi,Pakistan,2021-04-12
6775,Ahmed Sheikh,Doha,Qatar,2026-07-26
6776,Zainab Qureshi,New York,USA,2021-07-16
6777,Danish Qureshi,Doha,Qatar,2022-03-11
6778,Ahmed Raza,Peshawar,Pakistan,2026-07-09
6779,Usman Qureshi,Multan,Pakistan,2021-07-23
6780,Zainab Memon,Doha,Qatar,2025-06-19
6781,Bilal Qureshi,Dubai,UAE,2024-02-20
6782,Ahmed Qureshi,London,UK,2024-01-06
6783,Sana Hussain,Islamabad,Pakistan,2025-08-13
6784,Bilal Khan,Toronto,Canada,2021-02-13
6785,Sana Hussain,Peshawar,Pakistan,2021-05-04
6786,Ahmed Sheikh,London,UK,2022-02-03
6787,Ahmed Siddiqui,New York,USA,2023-09-26
6788,Maryam Memon,Lahore,Pakistan,2026-05-16
6789,Sara Buriro,Lahore,Pakistan,2021-05-20
6790,Usman Mirza,Karachi,Pakistan,2023-05-07
6791,Hamza Qureshi,Sukkur,Pakistan,2023-05-24
6792,Maham Malik,Toronto,Canada,2022-02-05
6793,Ahmed Memon,Karachi,Pakistan,2022-12-02
6794,Hira Raza,Islamabad,Pakistan,2022-02-14
6795,Hassan Hussain,Peshawar,Pakistan,2021-10-07
6796,Hussain Raza,Multan,Pakistan,2023-11-29
6797,Zainab Buriro,Lahore,Pakistan,2026-03-13
6798,Saad Ahmed,Sukkur,Pakistan,2023-04-04
6799,Hassan Raza,Toronto,Canada,2024-07-17
6800,Saad Ahmed,Rawalpindi,Pakistan,2024-09-27
6801,Fatima Siddiqui,Karachi,Pakistan,2025-09-15
6802,Hamza Hussain,Rawalpindi,Pakistan,2025-08-08
6803,Bilal Sheikh,Islamabad,Pakistan,2026-01-21
6804,Danish Qureshi,Faisalabad,Pakistan,2025-07-18
6805,Ali Chaudhry,Lahore,Pakistan,2026-03-11
6806,Bilal Buriro,Multan,Pakistan,2026-05-23
6807,Maham Sheikh,Lahore,Pakistan,2025-03-05
6808,Ahmed Iqbal,Dubai,UAE,2023-10-03
6809,Hira Siddiqui,Peshawar,Pakistan,2022-09-18
6810,Fahad Buriro,Lahore,Pakistan,2024-03-10
6811,Maham Ahmed,Karachi,Pakistan,2025-08-17
6812,Maryam Malik,Peshawar,Pakistan,2025-03-16
6813,Ahmed Qureshi,Quetta,Pakistan,2023-11-27
6814,Hassan Ali,Islamabad,Pakistan,2021-06-05
6815,Sara Sheikh,Hyderabad,Pakistan,2022-07-08
6816,Omar Ahmed,Sukkur,Pakistan,2024-03-22
6817,Maham Hussain,Peshawar,Pakistan,2023-02-26
6818,Sana Ahmed,Lahore,Pakistan,2023-07-19
6819,Hassan Ali,Multan,Pakistan,2022-09-06
6820,Ali Iqbal,Islamabad,Pakistan,2021-06-05
6821,Omar Hussain,Toronto,Canada,2023-08-09
6822,Saad Iqbal,New York,USA,2023-06-26
6823,Hamza Sheikh,Hyderabad,Pakistan,2025-05-12
6824,Fatima Khan,Rawalpindi,Pakistan,2021-08-17
6825,Maham Raza,Islamabad,Pakistan,2023-09-16
6826,Omar Raza,London,UK,2025-10-07
6827,Sara Khan,Toronto,Canada,2022-06-30
6828,Maryam Mirza,Hyderabad,Pakistan,2022-10-07
6829,Sara Hussain,Sukkur,Pakistan,2021-06-28
6830,Ahmed Buriro,Rawalpindi,Pakistan,2024-03-16
6831,Maham Sheikh,Toronto,Canada,2025-10-11
6832,Sana Hussain,Hyderabad,Pakistan,2023-09-09
6833,Hassan Shah,Lahore,Pakistan,2023-05-01
6834,Maham Iqbal,Toronto,Canada,2025-03-07
6835,Bilal Siddiqui,Doha,Qatar,2023-06-20
6836,Imran Ahmed,Multan,Pakistan,2023-03-24
6837,Bilal Khan,Toronto,Canada,2025-04-06
6838,Usman Hussain,Rawalpindi,Pakistan,2022-08-02
6839,Hamza Iqbal,Hyderabad,Pakistan,2025-09-28
6840,Fahad Chaudhry,Quetta,Pakistan,2022-07-01
6841,Sara Memon,Sukkur,Pakistan,2023-11-08
6842,Zainab Iqbal,Multan,Pakistan,2022-05-25
6843,Ahmed Memon,London,UK,2024-07-12
6844,Hassan Qureshi,London,UK,2023-06-04
6845,Bilal Hussain,Lahore,Pakistan,2022-05-03
6846,Maham Ali,Doha,Qatar,2025-02-25
6847,Maryam Shah,Islamabad,Pakistan,2026-03-21
6848,Ahmed Siddiqui,Peshawar,Pakistan,2021-02-27
6849,Sana Shah,Faisalabad,Pakistan,2024-03-03
6850,Omar Iqbal,Faisalabad,Pakistan,2025-01-04
6851,Hamza Iqbal,Lahore,Pakistan,2025-01-06
6852,Danish Qureshi,Multan,Pakistan,2022-03-26
6853,Sana Memon,Karachi,Pakistan,2021-08-21
6854,Fatima Siddiqui,Doha,Qatar,2023-11-13
6855,Hamza Ahmed,Islamabad,Pakistan,2024-07-22
6856,Ali Qureshi,Peshawar,Pakistan,2022-08-13
6857,Maham Shah,Rawalpindi,Pakistan,2023-01-22
6858,Hussain Malik,Islamabad,Pakistan,2023-12-21
6859,Sana Shah,Multan,Pakistan,2023-07-07
6860,Usman Ali,Doha,Qatar,2023-09-13
6861,Hamza Shah,Peshawar,Pakistan,2024-10-22
6862,Danish Chaudhry,Doha,Qatar,2026-06-29
6863,Omar Ali,New York,USA,2021-01-17
6864,Ahmed Malik,Faisalabad,Pakistan,2022-12-14
6865,Fatima Sheikh,Toronto,Canada,2021-01-20
6866,Hamza Qureshi,Multan,Pakistan,2025-11-15
6867,Bilal Sheikh,Peshawar,Pakistan,2024-08-06
6868,Hira Khan,Dubai,UAE,2022-03-23
6869,Fatima Hussain,Quetta,Pakistan,2025-09-07
6870,Hira Raza,New York,USA,2024-02-22
6871,Zainab Memon,Islamabad,Pakistan,2021-04-15
6872,Omar Raza,Peshawar,Pakistan,2021-11-05
6873,Hamza Siddiqui,Sukkur,Pakistan,2025-07-08
6874,Hassan Qureshi,Hyderabad,Pakistan,2022-08-13
6875,Hassan Shah,Toronto,Canada,2023-12-05
6876,Ayesha Sheikh,Hyderabad,Pakistan,2025-12-30
6877,Imran Khan,Hyderabad,Pakistan,2022-08-13
6878,Fahad Malik,Hyderabad,Pakistan,2021-01-24
6879,Sara Memon,Dubai,UAE,2021-06-20
6880,Saad Ali,Lahore,Pakistan,2026-02-10
6881,Saad Khan,Islamabad,Pakistan,2024-05-07
6882,Fahad Hussain,London,UK,2022-11-01
6883,Fatima Qureshi,Rawalpindi,Pakistan,2024-11-19
6884,Ahmed Mirza,Lahore,Pakistan,2021-03-22
6885,Sara Iqbal,Rawalpindi,Pakistan,2021-07-06
6886,Sara Iqbal,Multan,Pakistan,2024-04-25
6887,Fahad Siddiqui,Karachi,Pakistan,2024-07-30
6888,Sara Shah,New York,USA,2024-03-07
6889,Maham Hussain,Lahore,Pakistan,2026-01-28
6890,Ayesha Hussain,Faisalabad,Pakistan,2022-07-03
6891,Bilal Hussain,Rawalpindi,Pakistan,2024-02-06
6892,Fatima Malik,Hyderabad,Pakistan,2022-09-16
6893,Saad Khan,Karachi,Pakistan,2023-01-09
6894,Maham Shah,Doha,Qatar,2021-11-04
6895,Usman Ahmed,Doha,Qatar,2025-06-06
6896,Hassan Ali,Lahore,Pakistan,2024-12-05
6897,Danish Chaudhry,Islamabad,Pakistan,2024-12-23
6898,Sana Khan,Toronto,Canada,2021-10-17
6899,Fahad Hussain,Faisalabad,Pakistan,2021-08-28
6900,Zainab Iqbal,Karachi,Pakistan,2025-05-13
6901,Ayesha Qureshi,Islamabad,Pakistan,2024-09-18
6902,Maham Sheikh,Faisalabad,Pakistan,2021-03-02
6903,Sara Memon,Quetta,Pakistan,2024-09-16
6904,Danish Malik,Sukkur,Pakistan,2026-06-21
6905,Ahmed Sheikh,Islamabad,Pakistan,2025-03-13
6906,Maryam Mirza,Multan,Pakistan,2022-07-20
6907,Bilal Buriro,Rawalpindi,Pakistan,2022-10-07
6908,Danish Mirza,Quetta,Pakistan,2025-03-13
6909,Danish Iqbal,Hyderabad,Pakistan,2023-03-29
6910,Hira Qureshi,Rawalpindi,Pakistan,2025-02-10
6911,Ayesha Buriro,New York,USA,2026-05-11
6912,Usman Hussain,Quetta,Pakistan,2023-04-07
6913,Sana Hussain,Peshawar,Pakistan,2024-03-14
6914,Ayesha Buriro,Islamabad,Pakistan,2023-09-26
6915,Ahmed Buriro,Lahore,Pakistan,2023-11-03
6916,Danish Chaudhry,London,UK,2021-06-04
6917,Imran Qureshi,Doha,Qatar,2026-07-05
6918,Ali Hussain,Quetta,Pakistan,2024-01-08
6919,Ahmed Malik,Karachi,Pakistan,2022-04-13
6920,Sara Raza,Peshawar,Pakistan,2024-03-15
6921,Maryam Buriro,Hyderabad,Pakistan,2023-03-22
6922,Hussain Buriro,Karachi,Pakistan,2025-08-03
6923,Sana Siddiqui,Islamabad,Pakistan,2025-03-29
6924,Fatima Sheikh,Peshawar,Pakistan,2023-02-18
6925,Sana Qureshi,Faisalabad,Pakistan,2024-12-24
6926,Usman Ahmed,Quetta,Pakistan,2021-03-09
6927,Hamza Shah,Dubai,UAE,2026-05-25
6928,Zainab Chaudhry,Rawalpindi,Pakistan,2023-11-08
6929,Hassan Malik,Hyderabad,Pakistan,2024-08-26
6930,Ali Iqbal,Dubai,UAE,2024-08-07
6931,Sara Shah,Islamabad,Pakistan,2022-10-01
6932,Ayesha Memon,Lahore,Pakistan,2024-11-07
6933,Saad Raza,New York,USA,2023-03-22
6934,Bilal Memon,Rawalpindi,Pakistan,2024-10-19
6935,Hira Hussain,Lahore,Pakistan,2021-07-02
6936,Ali Memon,London,UK,2021-10-25
6937,Ali Chaudhry,Peshawar,Pakistan,2026-02-26
6938,Fahad Raza,Islamabad,Pakistan,2025-02-08
6939,Maryam Ali,New York,USA,2021-09-20
6940,Fahad Malik,Rawalpindi,Pakistan,2022-03-12
6941,Bilal Memon,Dubai,UAE,2024-01-18
6942,Imran Sheikh,Sukkur,Pakistan,2021-01-12
6943,Zainab Raza,New York,USA,2022-10-28
6944,Bilal Raza,Dubai,UAE,2021-10-01
6945,Saad Qureshi,Dubai,UAE,2022-09-04
6946,Maham Buriro,Karachi,Pakistan,2022-08-21
6947,Fahad Memon,Doha,Qatar,2021-05-17
6948,Imran Memon,Lahore,Pakistan,2024-07-15
6949,Saad Memon,Rawalpindi,Pakistan,2022-07-10
6950,Danish Chaudhry,Faisalabad,Pakistan,2021-03-05
6951,Saad Raza,Hyderabad,Pakistan,2021-02-15
6952,Sara Iqbal,Quetta,Pakistan,2026-05-23
6953,Omar Ali,Karachi,Pakistan,2021-08-30
6954,Fahad Hussain,Faisalabad,Pakistan,2026-01-27
6955,Ayesha Memon,Multan,Pakistan,2021-12-06
6956,Ali Sheikh,Sukkur,Pakistan,2021-06-22
6957,Bilal Malik,Peshawar,Pakistan,2024-01-17
6958,Saad Raza,London,UK,2025-11-05
6959,Hassan Qureshi,Islamabad,Pakistan,2021-05-26
6960,Usman Chaudhry,Doha,Qatar,2022-11-01
6961,Bilal Qureshi,Multan,Pakistan,2025-03-15
6962,Hamza Ahmed,Multan,Pakistan,2021-05-18
6963,Maham Raza,Quetta,Pakistan,2021-12-12
6964,Ayesha Qureshi,Islamabad,Pakistan,2022-09-16
6965,Hira Ali,New York,USA,2025-07-02
6966,Imran Raza,Rawalpindi,Pakistan,2025-07-07
6967,Usman Raza,Toronto,Canada,2024-12-16
6968,Fahad Ahmed,Islamabad,Pakistan,2024-09-18
6969,Zainab Raza,New York,USA,2021-02-23
6970,Danish Raza,Multan,Pakistan,2022-05-02
6971,Sara Buriro,Sukkur,Pakistan,2026-02-22
6972,Fahad Qureshi,Toronto,Canada,2025-01-05
6973,Sara Shah,Lahore,Pakistan,2022-05-07
6974,Danish Iqbal,Multan,Pakistan,2024-12-13
6975,Bilal Raza,Doha,Qatar,2025-01-16
6976,Danish Khan,Islamabad,Pakistan,2026-06-21
6977,Sara Mirza,Lahore,Pakistan,2024-01-07
6978,Fahad Ahmed,Peshawar,Pakistan,2021-05-02
6979,Maham Buriro,Karachi,Pakistan,2025-07-28
6980,Ali Memon,Doha,Qatar,2021-01-31
6981,Maryam Iqbal,Toronto,Canada,2024-07-31
6982,Ali Iqbal,Islamabad,Pakistan,2025-06-12
6983,Sana Malik,Islamabad,Pakistan,2021-09-13
6984,Omar Buriro,London,UK,2025-06-13
6985,Saad Malik,Peshawar,Pakistan,2025-07-10
6986,Saad Hussain,New York,USA,2024-08-25
6987,Hussain Raza,Doha,Qatar,2022-10-22
6988,Danish Khan,Faisalabad,Pakistan,2022-02-16
6989,Ahmed Khan,Rawalpindi,Pakistan,2024-12-07
6990,Sana Khan,Sukkur,Pakistan,2021-11-16
6991,Imran Ali,Sukkur,Pakistan,2024-10-07
6992,Ahmed Shah,Faisalabad,Pakistan,2021-12-12
6993,Maham Chaudhry,Hyderabad,Pakistan,2022-11-16
6994,Bilal Sheikh,Rawalpindi,Pakistan,2023-10-30
6995,Maham Buriro,Peshawar,Pakistan,2021-11-26
6996,Hussain Mirza,Faisalabad,Pakistan,2025-06-08
6997,Fahad Buriro,Faisalabad,Pakistan,2024-11-17
6998,Zainab Qureshi,Lahore,Pakistan,2021-02-03
6999,Fahad Mirza,Toronto,Canada,2025-09-27
7000,Zainab Buriro,Dubai,UAE,2024-12-31
7001,Omar Buriro,Toronto,Canada,2025-09-05
7002,Ahmed Chaudhry,New York,USA,2024-05-11
7003,Zainab Raza,Sukkur,Pakistan,2024-06-30
7004,Hussain Sheikh,Hyderabad,Pakistan,2023-02-21
7005,Ali Chaudhry,Sukkur,Pakistan,2022-04-09
7006,Sara Siddiqui,Quetta,Pakistan,2022-04-25
7007,Danish Mirza,Toronto,Canada,2022-10-07
7008,Hassan Khan,Rawalpindi,Pakistan,2022-08-16
7009,Bilal Khan,Karachi,Pakistan,2025-03-18
7010,Sana Sheikh,Lahore,Pakistan,2023-12-05
7011,Zainab Ali,Islamabad,Pakistan,2023-04-18
7012,Imran Iqbal,Sukkur,Pakistan,2025-01-18
7013,Sana Khan,Islamabad,Pakistan,2025-02-01
7014,Omar Memon,Islamabad,Pakistan,2026-03-21
7015,Sara Shah,Multan,Pakistan,2022-09-23
7016,Danish Iqbal,London,UK,2022-05-11
7017,Zainab Qureshi,Faisalabad,Pakistan,2021-01-13
7018,Zainab Khan,Hyderabad,Pakistan,2021-11-22
7019,Zainab Khan,Hyderabad,Pakistan,2024-05-14
7020,Ali Raza,New York,USA,2025-07-08
7021,Zainab Iqbal,Faisalabad,Pakistan,2024-05-09
7022,Zainab Iqbal,Multan,Pakistan,2026-07-15
7023,Danish Qureshi,London,UK,2024-07-02
7024,Imran Sheikh,Multan,Pakistan,2025-12-04
7025,Sana Ali,Multan,Pakistan,2022-07-01
7026,Usman Sheikh,London,UK,2022-10-23
7027,Bilal Raza,Hyderabad,Pakistan,2025-07-11
7028,Ahmed Shah,Peshawar,Pakistan,2024-09-08
7029,Hira Hussain,Sukkur,Pakistan,2023-09-21
7030,Saad Chaudhry,Rawalpindi,Pakistan,2026-05-02
7031,Danish Khan,Lahore,Pakistan,2025-04-03
7032,Maryam Shah,New York,USA,2022-08-26
7033,Bilal Shah,Hyderabad,Pakistan,2024-05-30
7034,Fatima Ali,Multan,Pakistan,2023-03-19
7035,Zainab Ahmed,Quetta,Pakistan,2023-04-28
7036,Zainab Hussain,Lahore,Pakistan,2025-06-29
7037,Hussain Ali,Karachi,Pakistan,2024-10-17
7038,Danish Buriro,Faisalabad,Pakistan,2021-01-26
7039,Bilal Chaudhry,Doha,Qatar,2024-03-17
7040,Usman Chaudhry,Quetta,Pakistan,2024-08-11
7041,Hassan Hussain,Quetta,Pakistan,2023-11-07
7042,Ali Ahmed,Sukkur,Pakistan,2022-09-04
7043,Ayesha Ali,New York,USA,2024-08-14
7044,Fatima Shah,New York,USA,2021-06-25
7045,Ahmed Iqbal,Karachi,Pakistan,2024-05-13
7046,Saad Iqbal,Quetta,Pakistan,2026-01-30
7047,Hussain Qureshi,Quetta,Pakistan,2023-03-28
7048,Hamza Malik,Rawalpindi,Pakistan,2022-11-14
7049,Ayesha Sheikh,Doha,Qatar,2022-05-20
7050,Fatima Malik,Rawalpindi,Pakistan,2022-04-03
7051,Saad Iqbal,New York,USA,2023-03-09
7052,Hamza Shah,Lahore,Pakistan,2025-04-22
7053,Zainab Qureshi,Sukkur,Pakistan,2022-01-06
7054,Saad Siddiqui,London,UK,2022-04-17
7055,Ali Ali,Peshawar,Pakistan,2026-07-29
7056,Ahmed Qureshi,Lahore,Pakistan,2026-07-23
7057,Hamza Mirza,Lahore,Pakistan,2022-04-08
7058,Fahad Ahmed,Sukkur,Pakistan,2023-05-07
7059,Imran Raza,New York,USA,2023-04-03
7060,Hamza Siddiqui,Quetta,Pakistan,2022-08-28
7061,Ayesha Ahmed,Lahore,Pakistan,2021-11-08
7062,Fahad Khan,London,UK,2021-05-07
7063,Ahmed Malik,Faisalabad,Pakistan,2024-06-04
7064,Hassan Khan,Lahore,Pakistan,2021-03-27
7065,Omar Qureshi,Multan,Pakistan,2024-06-19
7066,Hassan Mirza,Rawalpindi,Pakistan,2021-07-13
7067,Fahad Memon,Doha,Qatar,2021-11-11
7068,Zainab Iqbal,Toronto,Canada,2021-01-11
7069,Omar Siddiqui,Lahore,Pakistan,2023-03-22
7070,Ali Memon,Quetta,Pakistan,2022-10-29
7071,Ahmed Hussain,Karachi,Pakistan,2022-11-09
7072,Maham Shah,Faisalabad,Pakistan,2022-09-25
7073,Maryam Malik,Islamabad,Pakistan,2026-03-28
7074,Omar Sheikh,London,UK,2023-05-27
7075,Usman Buriro,Lahore,Pakistan,2025-07-08
7076,Omar Siddiqui,Toronto,Canada,2022-04-20
7077,Danish Shah,Rawalpindi,Pakistan,2023-09-12
7078,Fatima Iqbal,Rawalpindi,Pakistan,2021-05-08
7079,Omar Ali,Toronto,Canada,2022-06-12
7080,Bilal Iqbal,Toronto,Canada,2021-05-26
7081,Maham Mirza,Lahore,Pakistan,2021-02-12
7082,Bilal Mirza,Lahore,Pakistan,2022-01-07
7083,Omar Buriro,New York,USA,2021-11-20
7084,Fahad Shah,Doha,Qatar,2022-10-08
7085,Imran Hussain,Peshawar,Pakistan,2025-02-24
7086,Sara Buriro,Islamabad,Pakistan,2021-10-29
7087,Hussain Buriro,Islamabad,Pakistan,2024-05-29
7088,Usman Malik,Rawalpindi,Pakistan,2023-01-15
7089,Hassan Ahmed,Dubai,UAE,2023-04-01
7090,Saad Malik,Lahore,Pakistan,2026-02-23
7091,Omar Sheikh,Sukkur,Pakistan,2023-08-06
7092,Sara Raza,New York,USA,2022-06-18
7093,Zainab Mirza,Islamabad,Pakistan,2022-05-01
7094,Fatima Buriro,Doha,Qatar,2021-12-10
7095,Imran Memon,Doha,Qatar,2025-06-23
7096,Ali Shah,Hyderabad,Pakistan,2024-09-16
7097,Maryam Sheikh,Lahore,Pakistan,2022-06-30
7098,Bilal Qureshi,Hyderabad,Pakistan,2023-09-28
7099,Ahmed Shah,Rawalpindi,Pakistan,2023-10-28
7100,Maham Khan,Hyderabad,Pakistan,2021-04-07
7101,Danish Qureshi,Toronto,Canada,2026-01-26
7102,Danish Shah,Islamabad,Pakistan,2025-05-25
7103,Danish Raza,Hyderabad,Pakistan,2023-12-28
7104,Fahad Khan,London,UK,2024-12-28
7105,Maham Malik,Karachi,Pakistan,2021-08-11
7106,Omar Khan,Karachi,Pakistan,2026-06-15
7107,Saad Hussain,Hyderabad,Pakistan,2024-07-29
7108,Saad Raza,Doha,Qatar,2026-03-28
7109,Hussain Qureshi,New York,USA,2025-10-28
7110,Ayesha Ahmed,Toronto,Canada,2024-04-05
7111,Imran Iqbal,New York,USA,2022-08-11
7112,Sana Raza,Lahore,Pakistan,2024-10-30
7113,Sara Memon,Faisalabad,Pakistan,2023-11-10
7114,Ahmed Sheikh,Peshawar,Pakistan,2023-04-15
7115,Maham Mirza,Islamabad,Pakistan,2024-12-20
7116,Sana Chaudhry,Doha,Qatar,2025-12-16
7117,Sana Qureshi,Sukkur,Pakistan,2021-12-16
7118,Ayesha Memon,New York,USA,2024-02-01
7119,Fahad Shah,Rawalpindi,Pakistan,2025-05-06
7120,Bilal Hussain,Dubai,UAE,2022-10-26
7121,Maham Qureshi,Lahore,Pakistan,2022-11-28
7122,Maryam Khan,Karachi,Pakistan,2021-01-20
7123,Bilal Iqbal,Sukkur,Pakistan,2022-10-21
7124,Sana Chaudhry,Lahore,Pakistan,2024-04-10
7125,Usman Malik,Hyderabad,Pakistan,2026-06-03
7126,Saad Iqbal,London,UK,2023-12-07
7127,Fahad Malik,Peshawar,Pakistan,2022-08-16
7128,Danish Siddiqui,Multan,Pakistan,2025-07-13
7129,Danish Mirza,Hyderabad,Pakistan,2022-01-18
7130,Ayesha Malik,Dubai,UAE,2023-11-29
7131,Saad Siddiqui,Doha,Qatar,2025-07-20
7132,Ayesha Hussain,London,UK,2022-03-09
7133,Imran Ali,Multan,Pakistan,2021-02-01
7134,Saad Siddiqui,Faisalabad,Pakistan,2025-01-14
7135,Ali Malik,Lahore,Pakistan,2024-04-11
7136,Fatima Memon,Islamabad,Pakistan,2024-10-29
7137,Sana Ahmed,Hyderabad,Pakistan,2023-03-20
7138,Fatima Shah,Multan,Pakistan,2021-08-30
7139,Bilal Memon,Doha,Qatar,2022-11-07
7140,Danish Ahmed,Toronto,Canada,2023-08-16
7141,Maryam Siddiqui,Lahore,Pakistan,2023-06-03
7142,Hamza Memon,Hyderabad,Pakistan,2025-12-17
7143,Usman Buriro,Karachi,Pakistan,2022-04-01
7144,Ayesha Ali,Karachi,Pakistan,2022-09-28
7145,Maham Mirza,Multan,Pakistan,2022-01-09
7146,Sana Memon,Doha,Qatar,2024-03-09
7147,Hassan Qureshi,Islamabad,Pakistan,2025-06-29
7148,Hamza Buriro,Dubai,UAE,2025-12-05
7149,Omar Memon,Multan,Pakistan,2022-04-10
7150,Hamza Hussain,Quetta,Pakistan,2023-05-26
7151,Usman Raza,Toronto,Canada,2025-02-10
7152,Ahmed Buriro,New York,USA,2021-04-04
7153,Ali Iqbal,New York,USA,2024-12-20
7154,Danish Raza,Faisalabad,Pakistan,2021-10-01
7155,Imran Mirza,Karachi,Pakistan,2021-03-10
7156,Hassan Buriro,Doha,Qatar,2021-08-19
7157,Omar Mirza,Doha,Qatar,2025-12-01
7158,Fahad Iqbal,New York,USA,2024-10-19
7159,Fatima Ahmed,Peshawar,Pakistan,2025-05-28
7160,Hassan Ahmed,Hyderabad,Pakistan,2024-11-07
7161,Saad Raza,Islamabad,Pakistan,2025-06-11
7162,Omar Siddiqui,Multan,Pakistan,2023-10-09
7163,Hussain Raza,Multan,Pakistan,2025-07-08
7164,Ayesha Buriro,Hyderabad,Pakistan,2021-04-26
7165,Ali Chaudhry,Doha,Qatar,2024-04-02
7166,Ahmed Siddiqui,Sukkur,Pakistan,2025-03-19
7167,Hamza Memon,Rawalpindi,Pakistan,2026-07-18
7168,Hira Ahmed,Sukkur,Pakistan,2023-01-02
7169,Fatima Raza,Dubai,UAE,2022-01-01
7170,Fatima Khan,Peshawar,Pakistan,2025-01-07
7171,Hussain Sheikh,Doha,Qatar,2021-05-28
7172,Bilal Raza,Doha,Qatar,2025-05-02
7173,Hussain Buriro,Faisalabad,Pakistan,2024-12-06
7174,Hussain Hussain,Peshawar,Pakistan,2024-11-09
7175,Danish Qureshi,Rawalpindi,Pakistan,2022-08-23
7176,Hassan Khan,London,UK,2021-09-03
7177,Omar Ali,Toronto,Canada,2024-05-24
7178,Fahad Iqbal,Sukkur,Pakistan,2023-01-10
7179,Saad Chaudhry,Rawalpindi,Pakistan,2023-03-10
7180,Sana Malik,Peshawar,Pakistan,2022-01-18
7181,Ayesha Shah,London,UK,2022-11-11
7182,Danish Siddiqui,Karachi,Pakistan,2025-08-23
7183,Omar Memon,Quetta,Pakistan,2025-12-26
7184,Omar Qureshi,Sukkur,Pakistan,2022-12-13
7185,Usman Ali,Quetta,Pakistan,2021-10-17
7186,Ali Siddiqui,Sukkur,Pakistan,2021-03-11
7187,Saad Shah,Toronto,Canada,2022-01-21
7188,Maryam Malik,Lahore,Pakistan,2021-01-20
7189,Hamza Ahmed,Quetta,Pakistan,2024-09-23
7190,Sana Hussain,London,UK,2024-08-02
7191,Omar Sheikh,New York,USA,2025-05-14
7192,Fatima Malik,Peshawar,Pakistan,2022-11-09
7193,Hira Raza,Doha,Qatar,2025-08-24
7194,Ahmed Sheikh,Hyderabad,Pakistan,2021-12-12
7195,Omar Buriro,Faisalabad,Pakistan,2022-04-17
7196,Hamza Iqbal,New York,USA,2026-02-10
7197,Maryam Ali,Faisalabad,Pakistan,2025-12-03
7198,Ayesha Chaudhry,Multan,Pakistan,2024-05-05
7199,Bilal Memon,Quetta,Pakistan,2024-05-27
7200,Maham Memon,Sukkur,Pakistan,2024-11-28
7201,Ahmed Qureshi,Doha,Qatar,2025-08-05
7202,Hamza Qureshi,Sukkur,Pakistan,2022-04-17
7203,Fahad Khan,Islamabad,Pakistan,2021-05-20
7204,Zainab Iqbal,Karachi,Pakistan,2022-01-13
7205,Fahad Hussain,Doha,Qatar,2022-12-29
7206,Saad Siddiqui,Faisalabad,Pakistan,2022-04-26
7207,Maryam Raza,Rawalpindi,Pakistan,2023-12-06
7208,Ali Khan,Rawalpindi,Pakistan,2021-10-09
7209,Fahad Ahmed,Lahore,Pakistan,2024-03-21
7210,Omar Hussain,Islamabad,Pakistan,2024-12-18
7211,Sana Sheikh,London,UK,2021-07-21
7212,Saad Buriro,Sukkur,Pakistan,2022-08-09
7213,Imran Hussain,Quetta,Pakistan,2024-01-03
7214,Saad Hussain,Karachi,Pakistan,2021-05-15
7215,Zainab Mirza,Dubai,UAE,2024-09-18
7216,Fahad Ali,Doha,Qatar,2025-03-16
7217,Imran Memon,Toronto,Canada,2023-01-07
7218,Fahad Memon,Multan,Pakistan,2021-01-19
7219,Imran Malik,Sukkur,Pakistan,2023-10-18
7220,Hussain Ahmed,Hyderabad,Pakistan,2025-11-06
7221,Bilal Shah,Toronto,Canada,2022-08-20
7222,Ayesha Ahmed,Toronto,Canada,2025-09-27
7223,Hussain Sheikh,Rawalpindi,Pakistan,2025-11-10
7224,Maham Ahmed,Peshawar,Pakistan,2022-07-27
7225,Zainab Hussain,Rawalpindi,Pakistan,2024-05-06
7226,Sara Ali,Sukkur,Pakistan,2021-03-27
7227,Sara Khan,Hyderabad,Pakistan,2024-01-29
7228,Usman Malik,Dubai,UAE,2025-11-28
7229,Fahad Ahmed,Doha,Qatar,2026-04-09
7230,Maham Iqbal,Toronto,Canada,2022-02-11
7231,Saad Malik,Islamabad,Pakistan,2024-09-17
7232,Ahmed Shah,Lahore,Pakistan,2021-05-15
7233,Maham Ahmed,New York,USA,2022-07-25
7234,Maryam Qureshi,Lahore,Pakistan,2025-08-30
7235,Maham Hussain,Faisalabad,Pakistan,2024-07-31
7236,Sana Buriro,Doha,Qatar,2023-03-11
7237,Saad Qureshi,Faisalabad,Pakistan,2026-05-14
7238,Zainab Hussain,Karachi,Pakistan,2025-03-26
7239,Danish Sheikh,Doha,Qatar,2021-02-18
7240,Omar Mirza,Dubai,UAE,2021-06-12
7241,Saad Raza,Hyderabad,Pakistan,2024-06-30
7242,Hassan Malik,Sukkur,Pakistan,2025-11-22
7243,Fatima Memon,Sukkur,Pakistan,2021-11-16
7244,Hira Mirza,Quetta,Pakistan,2024-01-03
7245,Ali Siddiqui,Doha,Qatar,2025-07-22
7246,Sara Iqbal,London,UK,2025-10-24
7247,Hassan Chaudhry,Rawalpindi,Pakistan,2024-07-29
7248,Ali Ahmed,Doha,Qatar,2026-07-31
7249,Danish Buriro,Doha,Qatar,2026-03-25
7250,Saad Hussain,Karachi,Pakistan,2025-08-27
7251,Maryam Raza,Hyderabad,Pakistan,2024-09-26
7252,Zainab Sheikh,Sukkur,Pakistan,2026-07-02
7253,Bilal Mirza,Toronto,Canada,2021-02-05
7254,Omar Hussain,Dubai,UAE,2021-07-02
7255,Hira Raza,Quetta,Pakistan,2023-11-07
7256,Maryam Khan,Hyderabad,Pakistan,2024-09-29
7257,Hamza Siddiqui,Lahore,Pakistan,2026-01-16
7258,Omar Chaudhry,Toronto,Canada,2024-10-14
7259,Fahad Memon,Peshawar,Pakistan,2022-04-19
7260,Omar Khan,Faisalabad,Pakistan,2026-01-26
7261,Maham Chaudhry,Doha,Qatar,2021-06-18
7262,Fatima Mirza,Islamabad,Pakistan,2021-07-13
7263,Imran Raza,Rawalpindi,Pakistan,2025-01-07
7264,Usman Khan,New York,USA,2026-05-18
7265,Maham Raza,Hyderabad,Pakistan,2023-10-22
7266,Hussain Khan,Doha,Qatar,2021-10-02
7267,Saad Malik,New York,USA,2021-04-07
7268,Hamza Hussain,Lahore,Pakistan,2026-06-20
7269,Omar Chaudhry,Faisalabad,Pakistan,2022-07-25
7270,Hira Qureshi,London,UK,2024-07-26
7271,Bilal Mirza,Peshawar,Pakistan,2022-10-28
7272,Sana Chaudhry,Rawalpindi,Pakistan,2022-03-14
7273,Hamza Khan,Karachi,Pakistan,2024-09-23
7274,Fahad Shah,Karachi,Pakistan,2023-08-20
7275,Danish Memon,Islamabad,Pakistan,2023-11-01
7276,Usman Buriro,Rawalpindi,Pakistan,2023-09-20
7277,Ahmed Qureshi,Hyderabad,Pakistan,2024-04-20
7278,Omar Hussain,New York,USA,2025-07-02
7279,Zainab Hussain,Peshawar,Pakistan,2024-12-20
7280,Fatima Buriro,Islamabad,Pakistan,2022-07-22
7281,Hussain Memon,Lahore,Pakistan,2022-05-19
7282,Ahmed Ali,Lahore,Pakistan,2024-10-02
7283,Sara Ahmed,Hyderabad,Pakistan,2024-08-08
7284,Maham Ali,London,UK,2023-01-20
7285,Hassan Chaudhry,Karachi,Pakistan,2025-09-06
7286,Hussain Chaudhry,Faisalabad,Pakistan,2023-05-03
7287,Hamza Buriro,Faisalabad,Pakistan,2022-11-16
7288,Imran Ali,Islamabad,Pakistan,2024-02-07
7289,Hamza Raza,Karachi,Pakistan,2022-01-28
7290,Fahad Ahmed,Rawalpindi,Pakistan,2024-11-18
7291,Hussain Qureshi,Islamabad,Pakistan,2026-01-03
7292,Usman Malik,London,UK,2026-04-11
7293,Hassan Mirza,Toronto,Canada,2023-06-30
7294,Maham Ahmed,Sukkur,Pakistan,2022-07-03
7295,Zainab Hussain,London,UK,2023-09-04
7296,Maryam Iqbal,London,UK,2021-07-31
7297,Maryam Memon,Toronto,Canada,2023-05-24
7298,Ali Ali,Lahore,Pakistan,2021-09-06
7299,Maryam Chaudhry,Doha,Qatar,2024-01-20
7300,Omar Hussain,Faisalabad,Pakistan,2025-01-04
7301,Usman Siddiqui,Quetta,Pakistan,2022-04-10
7302,Maham Hussain,London,UK,2023-04-06
7303,Hassan Chaudhry,Peshawar,Pakistan,2025-12-20
7304,Imran Sheikh,Rawalpindi,Pakistan,2024-12-17
7305,Hamza Sheikh,Karachi,Pakistan,2025-06-17
7306,Danish Siddiqui,Islamabad,Pakistan,2023-07-06
7307,Ali Ali,Lahore,Pakistan,2023-10-04
7308,Danish Buriro,Multan,Pakistan,2023-10-10
7309,Maham Ali,London,UK,2023-07-07
7310,Hussain Qureshi,Multan,Pakistan,2021-10-21
7311,Usman Qureshi,Quetta,Pakistan,2021-03-25
7312,Sana Malik,Islamabad,Pakistan,2025-08-24
7313,Hassan Siddiqui,Quetta,Pakistan,2023-12-31
7314,Sara Hussain,Doha,Qatar,2023-12-22
7315,Hamza Malik,Hyderabad,Pakistan,2024-04-29
7316,Sana Ahmed,Peshawar,Pakistan,2023-04-21
7317,Danish Chaudhry,Doha,Qatar,2025-12-23
7318,Ali Iqbal,Sukkur,Pakistan,2023-08-16
7319,Ali Siddiqui,Multan,Pakistan,2023-10-19
7320,Hira Malik,Lahore,Pakistan,2023-12-19
7321,Usman Khan,Doha,Qatar,2021-11-17
7322,Sara Khan,Sukkur,Pakistan,2021-12-20
7323,Fatima Qureshi,Karachi,Pakistan,2022-01-02
7324,Saad Chaudhry,Quetta,Pakistan,2022-06-02
7325,Danish Memon,Doha,Qatar,2021-11-22
7326,Zainab Qureshi,Toronto,Canada,2022-04-02
7327,Hussain Iqbal,Islamabad,Pakistan,2026-03-28
7328,Omar Siddiqui,Faisalabad,Pakistan,2023-01-06
7329,Hassan Malik,Doha,Qatar,2025-06-05
7330,Maryam Siddiqui,London,UK,2023-03-13
7331,Sana Shah,Quetta,Pakistan,2025-08-08
7332,Ahmed Chaudhry,Hyderabad,Pakistan,2025-03-15
7333,Ayesha Qureshi,London,UK,2025-09-09
7334,Bilal Hussain,Quetta,Pakistan,2022-08-11
7335,Sana Qureshi,Peshawar,Pakistan,2021-07-14
7336,Imran Chaudhry,Toronto,Canada,2022-09-20
7337,Hussain Hussain,Multan,Pakistan,2024-12-02
7338,Saad Sheikh,Sukkur,Pakistan,2024-08-26
7339,Ali Ali,Karachi,Pakistan,2024-12-06
7340,Hira Chaudhry,Dubai,UAE,2026-07-18
7341,Hassan Raza,Quetta,Pakistan,2022-04-04
7342,Fatima Malik,Toronto,Canada,2023-06-25
7343,Maryam Chaudhry,Hyderabad,Pakistan,2023-09-27
7344,Usman Khan,Toronto,Canada,2021-11-01
7345,Omar Malik,Quetta,Pakistan,2024-09-12
7346,Sara Raza,Rawalpindi,Pakistan,2021-04-10
7347,Ali Qureshi,Islamabad,Pakistan,2026-01-03
7348,Sara Sheikh,Islamabad,Pakistan,2021-06-30
7349,Sana Shah,Hyderabad,Pakistan,2021-08-14
7350,Hamza Ali,Quetta,Pakistan,2021-12-20
7351,Ahmed Khan,Toronto,Canada,2025-12-24
7352,Maryam Ahmed,Doha,Qatar,2025-10-22
7353,Sana Iqbal,Dubai,UAE,2025-08-26
7354,Hira Raza,Peshawar,Pakistan,2026-02-26
7355,Hassan Sheikh,Sukkur,Pakistan,2023-08-19
7356,Fahad Qureshi,Hyderabad,Pakistan,2021-01-10
7357,Danish Memon,Rawalpindi,Pakistan,2023-06-12
7358,Bilal Ahmed,Quetta,Pakistan,2022-03-27
7359,Ali Malik,New York,USA,2022-05-14
7360,Hamza Hussain,Karachi,Pakistan,2024-11-09
7361,Sana Sheikh,Lahore,Pakistan,2021-12-07
7362,Sara Buriro,Islamabad,Pakistan,2022-10-18
7363,Sara Chaudhry,Rawalpindi,Pakistan,2023-03-12
7364,Omar Mirza,Islamabad,Pakistan,2021-05-05
7365,Ayesha Ahmed,Lahore,Pakistan,2024-11-30
7366,Hassan Ali,Karachi,Pakistan,2025-04-04
7367,Saad Ahmed,Multan,Pakistan,2024-02-13
7368,Danish Buriro,Dubai,UAE,2021-02-28
7369,Ayesha Chaudhry,Islamabad,Pakistan,2025-05-24
7370,Imran Chaudhry,Hyderabad,Pakistan,2023-06-28
7371,Fatima Malik,Doha,Qatar,2022-06-27
7372,Ali Mirza,Islamabad,Pakistan,2026-04-16
7373,Fahad Raza,Doha,Qatar,2025-10-18
7374,Ahmed Mirza,Peshawar,Pakistan,2023-06-17
7375,Bilal Raza,Dubai,UAE,2023-06-23
7376,Hira Ahmed,Hyderabad,Pakistan,2026-02-02
7377,Ahmed Ali,Hyderabad,Pakistan,2022-01-25
7378,Saad Iqbal,Multan,Pakistan,2023-04-14
7379,Ayesha Siddiqui,Lahore,Pakistan,2024-03-08
7380,Ayesha Qureshi,Hyderabad,Pakistan,2022-12-08
7381,Zainab Qureshi,Toronto,Canada,2022-10-06
7382,Maryam Qureshi,Karachi,Pakistan,2021-08-07
7383,Maryam Iqbal,Quetta,Pakistan,2022-06-28
7384,Usman Khan,Dubai,UAE,2022-12-31
7385,Zainab Ali,Islamabad,Pakistan,2025-09-03
7386,Usman Buriro,Lahore,Pakistan,2022-11-18
7387,Ayesha Raza,Quetta,Pakistan,2021-11-25
7388,Maham Ali,Rawalpindi,Pakistan,2025-09-22
7389,Fatima Khan,Doha,Qatar,2022-12-18
7390,Fatima Shah,Islamabad,Pakistan,2026-02-18
7391,Imran Shah,Lahore,Pakistan,2021-08-11
7392,Usman Khan,Hyderabad,Pakistan,2021-02-14
7393,Hassan Shah,Hyderabad,Pakistan,2026-02-22
7394,Usman Buriro,Islamabad,Pakistan,2021-07-20
7395,Fahad Mirza,Sukkur,Pakistan,2021-01-18
7396,Saad Chaudhry,Multan,Pakistan,2024-08-03
7397,Fatima Qureshi,Peshawar,Pakistan,2022-10-09
7398,Maryam Malik,Rawalpindi,Pakistan,2023-09-15
7399,Maryam Iqbal,Lahore,Pakistan,2023-04-13
7400,Hussain Buriro,Karachi,Pakistan,2022-08-29
7401,Imran Raza,Karachi,Pakistan,2023-09-08
7402,Omar Shah,Toronto,Canada,2022-06-14
7403,Hussain Malik,Rawalpindi,Pakistan,2022-04-03
7404,Sara Sheikh,Hyderabad,Pakistan,2022-04-03
7405,Usman Raza,Quetta,Pakistan,2021-08-30
7406,Danish Khan,Lahore,Pakistan,2023-12-07
7407,Ali Iqbal,Sukkur,Pakistan,2024-01-23
7408,Sara Raza,Peshawar,Pakistan,2021-02-05
7409,Imran Raza,London,UK,2023-07-26
7410,Zainab Shah,Lahore,Pakistan,2025-02-14
7411,Danish Buriro,Karachi,Pakistan,2021-01-03
7412,Bilal Buriro,London,UK,2022-09-05
7413,Sara Ali,Multan,Pakistan,2026-05-13
7414,Hussain Raza,Karachi,Pakistan,2023-05-20
7415,Maryam Hussain,Quetta,Pakistan,2021-02-03
7416,Omar Mirza,Faisalabad,Pakistan,2023-12-11
7417,Ayesha Shah,Doha,Qatar,2023-04-18
7418,Hassan Chaudhry,Doha,Qatar,2022-03-07
7419,Sara Siddiqui,Quetta,Pakistan,2021-05-30
7420,Usman Ali,Islamabad,Pakistan,2025-07-15
7421,Hussain Ali,London,UK,2024-10-22
7422,Zainab Ahmed,Rawalpindi,Pakistan,2021-02-05
7423,Hassan Malik,New York,USA,2025-11-09
7424,Hira Sheikh,Sukkur,Pakistan,2023-08-23
7425,Hussain Buriro,Multan,Pakistan,2023-08-27
7426,Fatima Ahmed,Doha,Qatar,2025-11-24
7427,Hira Iqbal,Peshawar,Pakistan,2023-06-01
7428,Zainab Ahmed,Multan,Pakistan,2022-04-27
7429,Hamza Raza,Islamabad,Pakistan,2022-04-29
7430,Saad Chaudhry,Sukkur,Pakistan,2026-03-04
7431,Imran Mirza,Hyderabad,Pakistan,2024-01-16
7432,Sana Hussain,Islamabad,Pakistan,2024-03-25
7433,Sara Memon,Lahore,Pakistan,2024-04-23
7434,Maryam Ahmed,Sukkur,Pakistan,2022-03-26
7435,Fahad Khan,Toronto,Canada,2023-05-06
7436,Ayesha Siddiqui,Rawalpindi,Pakistan,2026-04-24
7437,Saad Ali,Rawalpindi,Pakistan,2021-10-24
7438,Fatima Qureshi,Sukkur,Pakistan,2026-04-23
7439,Ahmed Shah,Islamabad,Pakistan,2022-07-11
7440,Ayesha Chaudhry,Lahore,Pakistan,2022-08-26
7441,Omar Chaudhry,Sukkur,Pakistan,2021-01-30
7442,Sara Mirza,Peshawar,Pakistan,2024-09-14
7443,Fahad Memon,Karachi,Pakistan,2022-10-13
7444,Sara Ahmed,Rawalpindi,Pakistan,2023-07-26
7445,Sara Khan,Islamabad,Pakistan,2024-07-16
7446,Sara Hussain,Dubai,UAE,2026-05-02
7447,Maham Hussain,Sukkur,Pakistan,2024-02-07
7448,Omar Qureshi,London,UK,2021-12-29
7449,Sana Sheikh,Lahore,Pakistan,2024-12-04
7450,Hamza Sheikh,New York,USA,2021-04-24
7451,Zainab Shah,Rawalpindi,Pakistan,2025-09-16
7452,Maryam Malik,Doha,Qatar,2022-08-27
7453,Bilal Siddiqui,Toronto,Canada,2025-01-11
7454,Hassan Hussain,Faisalabad,Pakistan,2021-11-16
7455,Sara Iqbal,London,UK,2023-04-09
7456,Bilal Raza,Dubai,UAE,2024-11-18
7457,Zainab Memon,London,UK,2024-06-20
7458,Maryam Mirza,Karachi,Pakistan,2021-01-12
7459,Fahad Ali,Lahore,Pakistan,2021-03-12
7460,Omar Hussain,Toronto,Canada,2026-06-23
7461,Zainab Sheikh,London,UK,2023-12-14
7462,Hussain Raza,Sukkur,Pakistan,2025-10-10
7463,Sara Khan,Hyderabad,Pakistan,2021-05-29
7464,Sana Chaudhry,Faisalabad,Pakistan,2023-09-27
7465,Sana Iqbal,Multan,Pakistan,2024-03-20
7466,Omar Khan,Faisalabad,Pakistan,2026-02-20
7467,Hira Shah,Sukkur,Pakistan,2024-12-19
7468,Ali Ahmed,London,UK,2024-07-03
7469,Imran Buriro,Multan,Pakistan,2022-08-22
7470,Bilal Raza,New York,USA,2026-07-19
7471,Hamza Ahmed,Lahore,Pakistan,2022-10-30
7472,Saad Mirza,New York,USA,2022-07-22
7473,Omar Qureshi,Dubai,UAE,2025-01-14
7474,Danish Siddiqui,Peshawar,Pakistan,2026-07-25
7475,Omar Qureshi,Multan,Pakistan,2025-10-13
7476,Ayesha Sheikh,Multan,Pakistan,2022-01-03
7477,Ali Sheikh,Multan,Pakistan,2025-07-20
7478,Ayesha Malik,Doha,Qatar,2022-12-22
7479,Omar Siddiqui,Karachi,Pakistan,2022-03-29
7480,Omar Chaudhry,Sukkur,Pakistan,2026-03-22
7481,Zainab Sheikh,Doha,Qatar,2026-04-20
7482,Bilal Chaudhry,Quetta,Pakistan,2023-01-26
7483,Ali Raza,Sukkur,Pakistan,2021-02-23
7484,Hussain Buriro,Quetta,Pakistan,2022-03-04
7485,Omar Malik,Peshawar,Pakistan,2024-01-09
7486,Ahmed Buriro,Sukkur,Pakistan,2021-05-02
7487,Omar Shah,Toronto,Canada,2022-04-08
7488,Danish Khan,Dubai,UAE,2021-10-31
7489,Fatima Ahmed,New York,USA,2026-04-25
7490,Hassan Khan,Quetta,Pakistan,2022-12-25
7491,Hussain Iqbal,London,UK,2023-02-14
7492,Ayesha Iqbal,Toronto,Canada,2023-05-09
7493,Bilal Buriro,Rawalpindi,Pakistan,2021-01-27
7494,Ahmed Ali,New York,USA,2024-01-11
7495,Ali Chaudhry,Dubai,UAE,2026-02-03
7496,Hira Buriro,Faisalabad,Pakistan,2025-07-17
7497,Imran Malik,London,UK,2022-05-26
7498,Sara Sheikh,Islamabad,Pakistan,2021-01-28
7499,Zainab Hussain,Dubai,UAE,2025-04-26
7500,Fatima Khan,Quetta,Pakistan,2025-09-11
7501,Ahmed Sheikh,Toronto,Canada,2026-02-22
7502,Sana Memon,Sukkur,Pakistan,2024-03-22
7503,Sana Ahmed,Peshawar,Pakistan,2023-08-24
7504,Omar Siddiqui,Peshawar,Pakistan,2025-03-22
7505,Saad Sheikh,Quetta,Pakistan,2024-11-08
7506,Maryam Buriro,Toronto,Canada,2025-03-23
7507,Omar Iqbal,London,UK,2022-08-03
7508,Hira Mirza,Lahore,Pakistan,2021-03-17
7509,Sara Hussain,Peshawar,Pakistan,2021-07-10
7510,Ali Raza,Hyderabad,Pakistan,2024-08-27
7511,Hassan Hussain,Islamabad,Pakistan,2024-03-10
7512,Sara Raza,New York,USA,2024-02-04
7513,Hamza Khan,New York,USA,2026-01-27
7514,Hira Memon,Doha,Qatar,2025-11-10
7515,Fatima Memon,Multan,Pakistan,2025-01-05
7516,Maham Sheikh,Faisalabad,Pakistan,2021-12-02
7517,Ali Chaudhry,London,UK,2021-07-16
7518,Fatima Memon,Islamabad,Pakistan,2021-10-12
7519,Imran Qureshi,Karachi,Pakistan,2024-06-05
7520,Maryam Khan,Faisalabad,Pakistan,2024-12-23
7521,Fahad Khan,Sukkur,Pakistan,2025-06-19
7522,Zainab Qureshi,Faisalabad,Pakistan,2021-07-30
7523,Ali Siddiqui,Rawalpindi,Pakistan,2022-07-15
7524,Imran Ahmed,Peshawar,Pakistan,2022-11-20
7525,Bilal Ahmed,Doha,Qatar,2024-07-13
7526,Hassan Shah,Hyderabad,Pakistan,2021-04-05
7527,Sana Buriro,Faisalabad,Pakistan,2025-09-09
7528,Hira Buriro,Hyderabad,Pakistan,2021-06-14
7529,Sara Qureshi,Hyderabad,Pakistan,2023-12-04
7530,Imran Ahmed,Sukkur,Pakistan,2026-03-17
7531,Hira Ali,Multan,Pakistan,2022-01-31
7532,Maham Ali,Sukkur,Pakistan,2024-11-01
7533,Usman Qureshi,Karachi,Pakistan,2024-01-26
7534,Hira Khan,Sukkur,Pakistan,2025-07-29
7535,Bilal Qureshi,Lahore,Pakistan,2024-04-13
7536,Sara Iqbal,Multan,Pakistan,2025-09-25
7537,Maryam Sheikh,Toronto,Canada,2023-04-02
7538,Hamza Mirza,Multan,Pakistan,2021-12-01
7539,Hassan Ali,Dubai,UAE,2026-05-27
7540,Usman Malik,Multan,Pakistan,2023-06-03
7541,Fatima Iqbal,Toronto,Canada,2025-07-30
7542,Hira Qureshi,Doha,Qatar,2025-11-24
7543,Usman Hussain,Toronto,Canada,2024-08-08
7544,Bilal Iqbal,Multan,Pakistan,2025-06-02
7545,Fatima Raza,Hyderabad,Pakistan,2024-02-22
7546,Imran Malik,Sukkur,Pakistan,2025-06-29
7547,Fatima Sheikh,New York,USA,2022-11-17
7548,Bilal Khan,Peshawar,Pakistan,2023-12-09
7549,Bilal Ali,London,UK,2021-06-08
7550,Hira Khan,Toronto,Canada,2022-02-05
7551,Hamza Chaudhry,London,UK,2024-03-26
7552,Sana Memon,Multan,Pakistan,2025-01-16
7553,Hira Malik,Rawalpindi,Pakistan,2021-03-02
7554,Maryam Shah,Faisalabad,Pakistan,2021-05-21
7555,Maryam Memon,Quetta,Pakistan,2021-01-13
7556,Fahad Chaudhry,New York,USA,2023-11-21
7557,Ali Malik,Hyderabad,Pakistan,2022-11-15
7558,Zainab Malik,Islamabad,Pakistan,2021-04-18
7559,Maryam Mirza,Hyderabad,Pakistan,2025-06-06
7560,Bilal Chaudhry,Quetta,Pakistan,2023-12-13
7561,Fahad Chaudhry,Rawalpindi,Pakistan,2021-01-21
7562,Ahmed Malik,Multan,Pakistan,2024-10-29
7563,Hassan Ali,Rawalpindi,Pakistan,2026-02-01
7564,Ahmed Siddiqui,Doha,Qatar,2023-05-05
7565,Ahmed Malik,Peshawar,Pakistan,2026-04-20
7566,Saad Chaudhry,Dubai,UAE,2023-04-30
7567,Imran Khan,Peshawar,Pakistan,2021-06-07
7568,Hira Hussain,Karachi,Pakistan,2021-09-08
7569,Hassan Chaudhry,Rawalpindi,Pakistan,2021-05-17
7570,Ayesha Iqbal,New York,USA,2022-09-08
7571,Hassan Hussain,Peshawar,Pakistan,2023-02-24
7572,Hassan Iqbal,Dubai,UAE,2023-06-25
7573,Maryam Ali,London,UK,2023-09-07
7574,Usman Qureshi,Quetta,Pakistan,2025-10-26
7575,Ali Khan,Quetta,Pakistan,2021-01-24
7576,Imran Iqbal,Rawalpindi,Pakistan,2026-01-05
7577,Zainab Chaudhry,Rawalpindi,Pakistan,2022-05-02
7578,Hira Khan,Islamabad,Pakistan,2026-04-28
7579,Sara Khan,Hyderabad,Pakistan,2021-10-03
7580,Danish Qureshi,Sukkur,Pakistan,2021-07-24
7581,Hassan Shah,Toronto,Canada,2021-09-05
7582,Hira Mirza,Faisalabad,Pakistan,2022-08-27
7583,Sana Ahmed,Sukkur,Pakistan,2026-04-03
7584,Imran Buriro,New York,USA,2023-08-02
7585,Ayesha Raza,Dubai,UAE,2021-12-03
7586,Saad Qureshi,Rawalpindi,Pakistan,2024-07-31
7587,Ali Ahmed,Hyderabad,Pakistan,2023-11-02
7588,Maryam Iqbal,Sukkur,Pakistan,2024-12-03
7589,Sara Hussain,Hyderabad,Pakistan,2025-02-20
7590,Hamza Siddiqui,Rawalpindi,Pakistan,2025-05-21
7591,Ali Qureshi,Quetta,Pakistan,2021-11-05
7592,Maryam Chaudhry,Sukkur,Pakistan,2023-10-08
7593,Imran Mirza,Rawalpindi,Pakistan,2024-07-09
7594,Ali Mirza,Karachi,Pakistan,2024-02-09
7595,Usman Hussain,London,UK,2026-06-06
7596,Imran Chaudhry,Multan,Pakistan,2026-05-12
7597,Hira Malik,Sukkur,Pakistan,2025-07-13
7598,Zainab Memon,Islamabad,Pakistan,2022-05-05
7599,Zainab Siddiqui,Hyderabad,Pakistan,2023-12-14
7600,Ayesha Raza,Sukkur,Pakistan,2025-06-27
7601,Ali Iqbal,Lahore,Pakistan,2022-07-01
7602,Hassan Iqbal,Hyderabad,Pakistan,2024-12-21
7603,Ali Sheikh,Dubai,UAE,2022-05-23
7604,Ayesha Raza,London,UK,2021-10-13
7605,Ayesha Chaudhry,Multan,Pakistan,2022-05-04
7606,Ali Iqbal,Lahore,Pakistan,2026-03-04
7607,Hira Buriro,Karachi,Pakistan,2026-07-22
7608,Hassan Khan,Quetta,Pakistan,2025-10-10
7609,Omar Malik,Dubai,UAE,2022-07-07
7610,Maham Chaudhry,Quetta,Pakistan,2025-05-08
7611,Ayesha Buriro,Faisalabad,Pakistan,2022-03-21
7612,Ahmed Buriro,Karachi,Pakistan,2021-09-16
7613,Ahmed Memon,Rawalpindi,Pakistan,2022-06-12
7614,Omar Siddiqui,Karachi,Pakistan,2021-10-12
7615,Bilal Siddiqui,Faisalabad,Pakistan,2024-07-29
7616,Fahad Mirza,Hyderabad,Pakistan,2024-10-24
7617,Hamza Malik,Lahore,Pakistan,2021-03-14
7618,Zainab Memon,Sukkur,Pakistan,2021-08-07
7619,Hussain Memon,Multan,Pakistan,2023-09-04
7620,Imran Mirza,Doha,Qatar,2021-08-19
7621,Zainab Malik,Faisalabad,Pakistan,2025-08-15
7622,Hamza Buriro,Lahore,Pakistan,2023-03-27
7623,Fatima Ali,Dubai,UAE,2023-04-22
7624,Hira Ahmed,Dubai,UAE,2021-01-11
7625,Saad Siddiqui,Toronto,Canada,2024-11-30
7626,Hamza Khan,Dubai,UAE,2025-01-10
7627,Hussain Iqbal,Multan,Pakistan,2025-03-22
7628,Zainab Chaudhry,Dubai,UAE,2024-01-06
7629,Saad Khan,London,UK,2022-07-04
7630,Omar Mirza,Peshawar,Pakistan,2021-06-09
7631,Fatima Sheikh,London,UK,2022-10-06
7632,Sana Memon,Doha,Qatar,2024-01-13
7633,Imran Chaudhry,London,UK,2021-08-26
7634,Maryam Raza,Peshawar,Pakistan,2021-04-21
7635,Omar Ali,Peshawar,Pakistan,2022-03-19
7636,Sara Khan,New York,USA,2021-05-25
7637,Hira Sheikh,Toronto,Canada,2021-01-29
7638,Maham Iqbal,Rawalpindi,Pakistan,2023-09-17
7639,Sana Raza,Karachi,Pakistan,2025-02-27
7640,Fatima Qureshi,New York,USA,2023-10-16
7641,Ahmed Khan,Rawalpindi,Pakistan,2021-07-05
7642,Sara Chaudhry,Doha,Qatar,2022-11-22
7643,Ahmed Malik,Karachi,Pakistan,2021-03-14
7644,Maryam Memon,Toronto,Canada,2024-06-21
7645,Sara Memon,Dubai,UAE,2022-04-21
7646,Ahmed Shah,Hyderabad,Pakistan,2023-03-01
7647,Fatima Khan,Karachi,Pakistan,2026-01-13
7648,Hamza Qureshi,New York,USA,2024-04-11
7649,Saad Malik,Lahore,Pakistan,2025-04-08
7650,Saad Memon,Lahore,Pakistan,2022-12-14
7651,Hira Mirza,London,UK,2026-03-12
7652,Danish Shah,Dubai,UAE,2024-12-28
7653,Ayesha Sheikh,Lahore,Pakistan,2023-11-17
7654,Saad Khan,Multan,Pakistan,2024-03-26
7655,Fatima Shah,Sukkur,Pakistan,2024-06-24
7656,Usman Buriro,Sukkur,Pakistan,2021-11-23
7657,Usman Buriro,Multan,Pakistan,2022-05-28
7658,Saad Buriro,Faisalabad,Pakistan,2024-10-30
7659,Hussain Ahmed,Lahore,Pakistan,2023-06-18
7660,Ayesha Raza,Karachi,Pakistan,2025-05-17
7661,Maham Siddiqui,Doha,Qatar,2023-12-08
7662,Hussain Iqbal,Rawalpindi,Pakistan,2021-05-15
7663,Imran Hussain,Toronto,Canada,2024-09-16
7664,Hira Iqbal,Karachi,Pakistan,2024-05-28
7665,Fatima Ahmed,Doha,Qatar,2023-01-14
7666,Maryam Siddiqui,Faisalabad,Pakistan,2025-05-30
7667,Maham Buriro,New York,USA,2022-12-16
7668,Fatima Qureshi,New York,USA,2021-08-22
7669,Ayesha Hussain,Multan,Pakistan,2021-09-05
7670,Maryam Sheikh,London,UK,2026-01-12
7671,Zainab Iqbal,Multan,Pakistan,2023-02-06
7672,Bilal Ahmed,London,UK,2023-04-26
7673,Maham Iqbal,Doha,Qatar,2022-09-15
7674,Maryam Siddiqui,New York,USA,2025-02-12
7675,Hamza Sheikh,Dubai,UAE,2024-05-19
7676,Ahmed Sheikh,Multan,Pakistan,2026-01-07
7677,Bilal Shah,Lahore,Pakistan,2025-12-28
7678,Sana Iqbal,Peshawar,Pakistan,2026-07-10
7679,Usman Chaudhry,Lahore,Pakistan,2022-11-02
7680,Zainab Iqbal,Peshawar,Pakistan,2024-04-05
7681,Omar Iqbal,Toronto,Canada,2022-12-08
7682,Hira Memon,Lahore,Pakistan,2024-12-06
7683,Sana Siddiqui,Toronto,Canada,2025-03-05
7684,Zainab Mirza,Quetta,Pakistan,2022-05-28
7685,Maham Khan,Karachi,Pakistan,2025-10-19
7686,Hira Mirza,Dubai,UAE,2022-08-15
7687,Sara Sheikh,Karachi,Pakistan,2026-06-27
7688,Hamza Memon,Sukkur,Pakistan,2025-09-30
7689,Hira Qureshi,Peshawar,Pakistan,2021-02-07
7690,Ayesha Qureshi,London,UK,2023-03-23
7691,Ali Khan,Multan,Pakistan,2023-03-03
7692,Ahmed Siddiqui,Lahore,Pakistan,2025-08-04
7693,Zainab Siddiqui,Multan,Pakistan,2025-01-16
7694,Saad Shah,London,UK,2021-04-14
7695,Omar Shah,Doha,Qatar,2025-09-10
7696,Bilal Raza,Rawalpindi,Pakistan,2022-03-21
7697,Hamza Malik,Multan,Pakistan,2023-01-24
7698,Hira Mirza,Toronto,Canada,2021-12-13
7699,Usman Ali,Hyderabad,Pakistan,2021-11-18
7700,Usman Raza,Rawalpindi,Pakistan,2023-12-11
7701,Saad Ahmed,New York,USA,2021-06-22
7702,Ali Sheikh,Peshawar,Pakistan,2021-06-14
7703,Saad Raza,Quetta,Pakistan,2025-05-21
7704,Imran Hussain,Peshawar,Pakistan,2022-12-02
7705,Ali Siddiqui,Sukkur,Pakistan,2024-08-14
7706,Maham Sheikh,Hyderabad,Pakistan,2026-07-03
7707,Hussain Ahmed,Dubai,UAE,2021-04-14
7708,Hira Siddiqui,Multan,Pakistan,2025-06-07
7709,Sana Qureshi,Peshawar,Pakistan,2021-08-12
7710,Hamza Hussain,Islamabad,Pakistan,2025-03-31
7711,Ali Siddiqui,Karachi,Pakistan,2022-09-16
7712,Omar Buriro,Quetta,Pakistan,2021-10-03
7713,Sara Siddiqui,Islamabad,Pakistan,2022-04-12
7714,Bilal Shah,Toronto,Canada,2023-01-13
7715,Usman Malik,Doha,Qatar,2025-01-27
7716,Maham Khan,Hyderabad,Pakistan,2024-10-19
7717,Ali Raza,Hyderabad,Pakistan,2025-01-24
7718,Usman Mirza,Peshawar,Pakistan,2021-02-14
7719,Maham Buriro,Rawalpindi,Pakistan,2026-06-11
7720,Fatima Siddiqui,New York,USA,2023-06-04
7721,Ayesha Ahmed,Lahore,Pakistan,2021-08-15
7722,Sana Mirza,Faisalabad,Pakistan,2026-03-08
7723,Bilal Khan,Islamabad,Pakistan,2025-06-04
7724,Sana Qureshi,New York,USA,2021-06-17
7725,Maham Mirza,Islamabad,Pakistan,2023-06-10
7726,Saad Qureshi,Faisalabad,Pakistan,2026-01-21
7727,Imran Ali,New York,USA,2024-10-23
7728,Omar Shah,Faisalabad,Pakistan,2022-02-01
7729,Imran Hussain,Islamabad,Pakistan,2024-11-28
7730,Omar Ahmed,Islamabad,Pakistan,2022-12-19
7731,Maham Hussain,Sukkur,Pakistan,2022-02-03
7732,Fahad Siddiqui,Lahore,Pakistan,2024-11-14
7733,Hassan Qureshi,Multan,Pakistan,2026-03-13
7734,Maryam Shah,Sukkur,Pakistan,2021-04-01
7735,Ahmed Mirza,Multan,Pakistan,2024-05-15
7736,Zainab Qureshi,New York,USA,2022-05-22
7737,Sana Buriro,Dubai,UAE,2021-10-11
7738,Ali Siddiqui,Islamabad,Pakistan,2023-01-17
7739,Bilal Ali,New York,USA,2022-02-24
7740,Ali Siddiqui,Toronto,Canada,2025-11-15
7741,Zainab Sheikh,Rawalpindi,Pakistan,2021-06-18
7742,Maham Siddiqui,Multan,Pakistan,2024-03-31
7743,Sana Mirza,Multan,Pakistan,2021-09-03
7744,Hira Chaudhry,Faisalabad,Pakistan,2024-05-07
7745,Usman Buriro,Faisalabad,Pakistan,2025-04-15
7746,Hira Raza,Toronto,Canada,2025-03-14
7747,Ali Raza,Sukkur,Pakistan,2021-03-09
7748,Fahad Hussain,Toronto,Canada,2025-04-26
7749,Ali Malik,Multan,Pakistan,2022-08-29
7750,Sana Mirza,Peshawar,Pakistan,2024-10-21
7751,Ayesha Mirza,Lahore,Pakistan,2026-05-19
7752,Maham Malik,Hyderabad,Pakistan,2021-08-31
7753,Hussain Chaudhry,Quetta,Pakistan,2023-01-10
7754,Sana Mirza,Islamabad,Pakistan,2025-11-02
7755,Imran Siddiqui,Doha,Qatar,2021-10-16
7756,Ali Chaudhry,Hyderabad,Pakistan,2022-06-16
7757,Sana Ali,Islamabad,Pakistan,2024-01-25
7758,Zainab Khan,London,UK,2026-07-24
7759,Bilal Qureshi,Lahore,Pakistan,2022-08-24
7760,Fatima Raza,Hyderabad,Pakistan,2023-02-25
7761,Danish Qureshi,Islamabad,Pakistan,2025-06-10
7762,Sara Iqbal,Dubai,UAE,2021-09-02
7763,Sara Shah,New York,USA,2022-10-30
7764,Hira Malik,Islamabad,Pakistan,2022-10-07
7765,Fatima Hussain,Faisalabad,Pakistan,2023-03-29
7766,Bilal Khan,Peshawar,Pakistan,2024-03-14
7767,Danish Memon,Dubai,UAE,2022-03-28
7768,Hassan Qureshi,Multan,Pakistan,2023-03-09
7769,Bilal Iqbal,Peshawar,Pakistan,2026-02-12
7770,Imran Memon,Peshawar,Pakistan,2025-08-16
7771,Ayesha Khan,Karachi,Pakistan,2026-05-03
7772,Usman Ali,Quetta,Pakistan,2024-10-22
7773,Maham Ali,Quetta,Pakistan,2024-04-01
7774,Hira Iqbal,Doha,Qatar,2022-03-12
7775,Hamza Memon,Peshawar,Pakistan,2021-11-20
7776,Fahad Siddiqui,Toronto,Canada,2024-01-04
7777,Ayesha Shah,Multan,Pakistan,2023-04-06
7778,Ayesha Chaudhry,Dubai,UAE,2025-05-24
7779,Hira Shah,Toronto,Canada,2021-01-20
7780,Zainab Memon,Islamabad,Pakistan,2025-12-22
7781,Ahmed Buriro,Quetta,Pakistan,2021-12-14
7782,Usman Malik,Toronto,Canada,2023-03-16
7783,Ayesha Sheikh,Quetta,Pakistan,2022-12-27
7784,Imran Shah,Toronto,Canada,2026-02-28
7785,Bilal Qureshi,Faisalabad,Pakistan,2025-01-08
7786,Fahad Iqbal,Toronto,Canada,2021-03-15
7787,Fatima Memon,Sukkur,Pakistan,2025-10-05
7788,Imran Mirza,Peshawar,Pakistan,2024-10-11
7789,Hira Raza,Rawalpindi,Pakistan,2021-05-19
7790,Saad Shah,Islamabad,Pakistan,2025-05-13
7791,Omar Memon,Hyderabad,Pakistan,2021-03-11
7792,Ali Sheikh,London,UK,2023-05-17
7793,Fahad Ahmed,Peshawar,Pakistan,2021-01-23
7794,Danish Siddiqui,Multan,Pakistan,2024-02-15
7795,Fahad Hussain,Peshawar,Pakistan,2024-11-01
7796,Hussain Buriro,Multan,Pakistan,2023-09-05
7797,Ahmed Shah,New York,USA,2023-11-13
7798,Fahad Chaudhry,Multan,Pakistan,2021-11-06
7799,Ali Qureshi,Peshawar,Pakistan,2021-04-12
7800,Ahmed Malik,Quetta,Pakistan,2021-11-17
7801,Saad Ahmed,Sukkur,Pakistan,2021-04-21
7802,Maryam Mirza,Multan,Pakistan,2025-04-17
7803,Fahad Qureshi,Lahore,Pakistan,2024-05-25
7804,Hira Sheikh,Dubai,UAE,2022-01-17
7805,Hassan Shah,Quetta,Pakistan,2024-03-07
7806,Sara Memon,Sukkur,Pakistan,2023-09-14
7807,Zainab Buriro,Quetta,Pakistan,2021-08-15
7808,Hira Qureshi,Peshawar,Pakistan,2026-06-01
7809,Bilal Iqbal,Doha,Qatar,2026-03-27
7810,Saad Khan,Karachi,Pakistan,2025-03-27
7811,Maham Ali,Lahore,Pakistan,2025-07-07
7812,Fahad Raza,Doha,Qatar,2024-01-21
7813,Hira Memon,Toronto,Canada,2025-06-27
7814,Maryam Shah,Faisalabad,Pakistan,2023-12-13
7815,Danish Raza,Quetta,Pakistan,2021-12-05
7816,Zainab Malik,Faisalabad,Pakistan,2021-12-08
7817,Ali Raza,Doha,Qatar,2025-10-07
7818,Hamza Hussain,Faisalabad,Pakistan,2023-06-29
7819,Omar Iqbal,London,UK,2025-01-26
7820,Hira Siddiqui,Multan,Pakistan,2021-10-23
7821,Sara Hussain,Multan,Pakistan,2023-07-02
7822,Maryam Raza,Dubai,UAE,2021-06-20
7823,Imran Malik,Multan,Pakistan,2022-03-26
7824,Ayesha Shah,Karachi,Pakistan,2021-08-11
7825,Sana Iqbal,Islamabad,Pakistan,2022-03-01
7826,Maryam Shah,Toronto,Canada,2024-05-21
7827,Imran Buriro,Multan,Pakistan,2021-01-12
7828,Ayesha Ahmed,Lahore,Pakistan,2022-01-30
7829,Ayesha Mirza,Doha,Qatar,2024-11-09
7830,Sana Ahmed,Doha,Qatar,2021-11-01
7831,Hussain Iqbal,Peshawar,Pakistan,2024-02-07
7832,Ayesha Memon,Sukkur,Pakistan,2025-11-03
7833,Omar Ali,London,UK,2025-05-09
7834,Ayesha Memon,Karachi,Pakistan,2021-09-06
7835,Hamza Hussain,Hyderabad,Pakistan,2021-10-28
7836,Ayesha Qureshi,Quetta,Pakistan,2024-12-09
7837,Bilal Shah,Quetta,Pakistan,2022-12-08
7838,Bilal Memon,Hyderabad,Pakistan,2023-04-30
7839,Hamza Buriro,Karachi,Pakistan,2023-08-30
7840,Hamza Malik,Doha,Qatar,2024-03-26
7841,Imran Chaudhry,Sukkur,Pakistan,2023-07-05
7842,Ayesha Malik,London,UK,2021-02-17
7843,Sara Ali,Faisalabad,Pakistan,2021-07-12
7844,Fatima Raza,Peshawar,Pakistan,2021-01-01
7845,Hira Ali,Faisalabad,Pakistan,2022-06-24
7846,Ali Malik,Faisalabad,Pakistan,2025-07-24
7847,Hassan Sheikh,Dubai,UAE,2026-06-04
7848,Imran Malik,Doha,Qatar,2023-08-27
7849,Fatima Shah,London,UK,2021-02-25
7850,Ali Memon,Dubai,UAE,2021-05-26
7851,Bilal Raza,Karachi,Pakistan,2025-07-19
7852,Hira Mirza,Peshawar,Pakistan,2022-12-01
7853,Hussain Raza,Doha,Qatar,2025-12-02
7854,Imran Sheikh,Multan,Pakistan,2023-10-29
7855,Ali Shah,Quetta,Pakistan,2025-11-27
7856,Maham Buriro,Hyderabad,Pakistan,2021-10-04
7857,Hamza Ahmed,Islamabad,Pakistan,2025-10-16
7858,Bilal Shah,Dubai,UAE,2024-01-19
7859,Sara Mirza,Hyderabad,Pakistan,2023-06-11
7860,Ali Buriro,Quetta,Pakistan,2023-12-14
7861,Maham Hussain,Quetta,Pakistan,2022-10-29
7862,Fahad Khan,New York,USA,2024-05-13
7863,Hira Ali,Doha,Qatar,2025-04-19
7864,Fahad Sheikh,Quetta,Pakistan,2025-07-10
7865,Ahmed Buriro,Karachi,Pakistan,2026-06-17
7866,Sara Siddiqui,Quetta,Pakistan,2023-04-22
7867,Hamza Khan,Toronto,Canada,2025-04-16
7868,Imran Ahmed,Peshawar,Pakistan,2025-12-16
7869,Danish Raza,Quetta,Pakistan,2021-02-06
7870,Hira Memon,London,UK,2023-08-26
7871,Fahad Khan,Faisalabad,Pakistan,2024-11-29
7872,Saad Khan,Faisalabad,Pakistan,2023-07-21
7873,Saad Shah,Peshawar,Pakistan,2021-07-23
7874,Danish Ali,New York,USA,2024-08-29
7875,Fatima Raza,Peshawar,Pakistan,2023-04-08
7876,Saad Ali,Hyderabad,Pakistan,2024-06-12
7877,Ali Hussain,Quetta,Pakistan,2021-01-03
7878,Ali Buriro,Dubai,UAE,2021-01-24
7879,Ali Iqbal,Toronto,Canada,2024-05-13
7880,Zainab Iqbal,Toronto,Canada,2026-06-26
7881,Hassan Malik,London,UK,2024-07-27
7882,Fatima Khan,London,UK,2026-04-06
7883,Hassan Malik,Faisalabad,Pakistan,2025-09-23
7884,Sara Memon,Multan,Pakistan,2022-07-28
7885,Ahmed Khan,Quetta,Pakistan,2021-07-28
7886,Hira Qureshi,Dubai,UAE,2024-02-13
7887,Maham Malik,Peshawar,Pakistan,2024-06-18
7888,Omar Shah,Rawalpindi,Pakistan,2025-04-20
7889,Bilal Memon,Karachi,Pakistan,2023-11-28
7890,Fatima Hussain,Karachi,Pakistan,2026-02-19
7891,Ahmed Raza,Faisalabad,Pakistan,2025-09-17
7892,Fatima Chaudhry,London,UK,2024-04-09
7893,Ayesha Ali,London,UK,2024-01-29
7894,Hira Ahmed,New York,USA,2021-02-08
7895,Imran Qureshi,Dubai,UAE,2025-05-11
7896,Maham Hussain,Karachi,Pakistan,2024-10-19
7897,Fatima Raza,Toronto,Canada,2026-01-01
7898,Hussain Ali,Doha,Qatar,2021-07-09
7899,Maham Iqbal,New York,USA,2021-10-25
7900,Fahad Malik,Faisalabad,Pakistan,2024-09-29
7901,Omar Qureshi,Rawalpindi,Pakistan,2023-09-25
7902,Sara Hussain,Toronto,Canada,2024-04-12
7903,Maham Iqbal,Islamabad,Pakistan,2023-06-05
7904,Omar Hussain,London,UK,2024-07-29
7905,Zainab Iqbal,Doha,Qatar,2024-09-04
7906,Omar Ahmed,Toronto,Canada,2022-01-21
7907,Omar Hussain,Peshawar,Pakistan,2025-03-30
7908,Saad Mirza,New York,USA,2023-10-03
7909,Ali Sheikh,New York,USA,2024-03-19
7910,Hussain Qureshi,Doha,Qatar,2024-06-13
7911,Imran Iqbal,Multan,Pakistan,2025-02-26
7912,Hussain Ahmed,Sukkur,Pakistan,2022-09-04
7913,Hira Siddiqui,New York,USA,2021-01-14
7914,Ayesha Chaudhry,Rawalpindi,Pakistan,2022-01-06
7915,Imran Chaudhry,Rawalpindi,Pakistan,2026-05-23
7916,Maham Iqbal,Multan,Pakistan,2022-03-30
7917,Sara Chaudhry,Multan,Pakistan,2022-05-24
7918,Zainab Khan,London,UK,2025-10-15
7919,Danish Chaudhry,Doha,Qatar,2022-04-26
7920,Hamza Siddiqui,Islamabad,Pakistan,2023-08-05
7921,Sana Hussain,Hyderabad,Pakistan,2023-01-26
7922,Hira Qureshi,Toronto,Canada,2024-09-09
7923,Fahad Mirza,Quetta,Pakistan,2024-04-26
7924,Imran Raza,Rawalpindi,Pakistan,2023-11-16
7925,Ahmed Mirza,Sukkur,Pakistan,2023-10-20
7926,Ahmed Ahmed,Toronto,Canada,2025-08-27
7927,Bilal Ahmed,Multan,Pakistan,2024-03-31
7928,Sara Siddiqui,Peshawar,Pakistan,2023-11-03
7929,Usman Khan,Sukkur,Pakistan,2025-12-14
7930,Usman Memon,New York,USA,2021-07-10
7931,Maham Malik,Quetta,Pakistan,2025-08-26
7932,Ahmed Raza,Doha,Qatar,2022-02-08
7933,Maham Ali,London,UK,2022-11-07
7934,Maham Ahmed,Faisalabad,Pakistan,2021-01-28
7935,Bilal Hussain,Peshawar,Pakistan,2024-03-10
7936,Ahmed Malik,Dubai,UAE,2025-08-22
7937,Hassan Shah,Lahore,Pakistan,2023-02-18
7938,Maham Shah,Rawalpindi,Pakistan,2024-09-13
7939,Ali Shah,Rawalpindi,Pakistan,2023-03-12
7940,Ahmed Hussain,New York,USA,2025-03-28
7941,Saad Ahmed,New York,USA,2026-07-29
7942,Sara Qureshi,New York,USA,2024-12-28
7943,Ahmed Memon,Lahore,Pakistan,2022-11-25
7944,Usman Sheikh,Hyderabad,Pakistan,2025-08-08
7945,Zainab Raza,Hyderabad,Pakistan,2021-03-19
7946,Hassan Shah,Karachi,Pakistan,2026-07-05
7947,Sara Chaudhry,Rawalpindi,Pakistan,2025-09-07
7948,Ali Siddiqui,Faisalabad,Pakistan,2024-08-24
7949,Fahad Malik,Toronto,Canada,2024-06-19
7950,Ayesha Chaudhry,Islamabad,Pakistan,2022-05-30
7951,Saad Hussain,New York,USA,2023-05-30
7952,Hira Hussain,New York,USA,2021-07-26
7953,Bilal Chaudhry,Islamabad,Pakistan,2022-11-22
7954,Ali Khan,Rawalpindi,Pakistan,2024-04-16
7955,Maryam Mirza,Faisalabad,Pakistan,2023-01-09
7956,Danish Memon,Doha,Qatar,2025-04-20
7957,Omar Qureshi,London,UK,2025-10-05
7958,Ayesha Shah,Doha,Qatar,2024-02-19
7959,Ayesha Ali,Hyderabad,Pakistan,2022-11-26
7960,Hamza Iqbal,Toronto,Canada,2022-09-11
7961,Sara Ahmed,Doha,Qatar,2024-01-20
7962,Bilal Shah,Quetta,Pakistan,2025-01-06
7963,Bilal Memon,Islamabad,Pakistan,2021-09-16
7964,Fahad Memon,Hyderabad,Pakistan,2023-07-02
7965,Fatima Ahmed,Lahore,Pakistan,2023-06-17
7966,Hassan Mirza,New York,USA,2022-08-08
7967,Hira Sheikh,Hyderabad,Pakistan,2022-04-30
7968,Sana Mirza,Dubai,UAE,2025-09-11
7969,Danish Ali,Hyderabad,Pakistan,2023-06-01
7970,Omar Khan,Doha,Qatar,2024-03-20
7971,Omar Hussain,London,UK,2021-03-20
7972,Usman Ahmed,Multan,Pakistan,2022-08-01
7973,Fatima Sheikh,Peshawar,Pakistan,2022-04-01
7974,Sara Khan,Karachi,Pakistan,2022-11-01
7975,Usman Buriro,Islamabad,Pakistan,2025-09-12
7976,Hira Chaudhry,Doha,Qatar,2024-03-11
7977,Danish Mirza,New York,USA,2026-01-13
7978,Zainab Iqbal,New York,USA,2023-05-12
7979,Ayesha Chaudhry,Sukkur,Pakistan,2025-04-19
7980,Omar Siddiqui,Rawalpindi,Pakistan,2021-11-24
7981,Hira Qureshi,Lahore,Pakistan,2025-07-20
7982,Hassan Chaudhry,Dubai,UAE,2024-05-29
7983,Fatima Chaudhry,Hyderabad,Pakistan,2021-03-21
7984,Omar Iqbal,Karachi,Pakistan,2024-11-05
7985,Maryam Buriro,Karachi,Pakistan,2023-09-04
7986,Maham Shah,Quetta,Pakistan,2021-01-01
7987,Danish Iqbal,New York,USA,2023-12-31
7988,Hira Iqbal,Multan,Pakistan,2024-05-21
7989,Danish Hussain,Doha,Qatar,2024-03-22
7990,Fatima Mirza,Multan,Pakistan,2021-07-04
7991,Hussain Raza,Dubai,UAE,2022-11-08
7992,Danish Iqbal,Rawalpindi,Pakistan,2024-12-01
7993,Bilal Ali,Sukkur,Pakistan,2025-12-16
7994,Hamza Mirza,Hyderabad,Pakistan,2022-10-10
7995,Zainab Khan,London,UK,2023-07-26
7996,Hassan Qureshi,Faisalabad,Pakistan,2023-06-27
7997,Hamza Ahmed,Karachi,Pakistan,2021-02-08
7998,Fatima Sheikh,Rawalpindi,Pakistan,2025-07-13
7999,Hussain Shah,Multan,Pakistan,2021-10-04
8000,Hira Iqbal,Faisalabad,Pakistan,2023-08-14
8001,Saad Raza,Hyderabad,Pakistan,2026-01-25
8002,Ali Chaudhry,Quetta,Pakistan,2026-07-19
8003,Saad Malik,Doha,Qatar,2022-04-15
8004,Ayesha Khan,Dubai,UAE,2023-02-06
8005,Danish Buriro,Hyderabad,Pakistan,2024-02-27
8006,Ali Memon,Dubai,UAE,2024-11-26
8007,Ayesha Raza,Doha,Qatar,2022-05-25
8008,Usman Mirza,Rawalpindi,Pakistan,2024-01-24
8009,Ayesha Mirza,Rawalpindi,Pakistan,2025-08-28
8010,Hassan Raza,Karachi,Pakistan,2025-04-03
8011,Hamza Iqbal,New York,USA,2025-08-03
8012,Sana Memon,New York,USA,2025-12-16
8013,Ahmed Memon,Faisalabad,Pakistan,2025-10-22
8014,Hassan Qureshi,Toronto,Canada,2023-11-09
8015,Usman Khan,Sukkur,Pakistan,2026-06-09
8016,Sana Shah,Doha,Qatar,2023-10-05
8017,Zainab Buriro,Toronto,Canada,2024-12-16
8018,Hussain Memon,Doha,Qatar,2026-04-06
8019,Bilal Malik,Multan,Pakistan,2021-03-30
8020,Sana Hussain,Sukkur,Pakistan,2026-03-18
8021,Hira Ahmed,Islamabad,Pakistan,2025-08-02
8022,Sana Shah,Toronto,Canada,2026-07-25
8023,Bilal Iqbal,Hyderabad,Pakistan,2025-04-24
8024,Hassan Siddiqui,Faisalabad,Pakistan,2021-11-15
8025,Ayesha Shah,Quetta,Pakistan,2022-09-08
8026,Maham Sheikh,London,UK,2021-01-08
8027,Sara Qureshi,Dubai,UAE,2024-05-23
8028,Fahad Memon,Doha,Qatar,2023-06-11
8029,Hamza Iqbal,Dubai,UAE,2023-08-26
8030,Fahad Raza,London,UK,2025-02-03
8031,Ali Raza,Quetta,Pakistan,2025-07-30
8032,Hira Qureshi,Faisalabad,Pakistan,2021-05-29
8033,Hassan Raza,Toronto,Canada,2026-02-12
8034,Danish Malik,Multan,Pakistan,2023-02-01
8035,Fatima Khan,Sukkur,Pakistan,2025-03-13
8036,Sara Mirza,Hyderabad,Pakistan,2024-03-31
8037,Maham Siddiqui,Peshawar,Pakistan,2023-06-24
8038,Ali Sheikh,Multan,Pakistan,2022-03-10
8039,Imran Ali,Rawalpindi,Pakistan,2022-01-22
8040,Usman Mirza,New York,USA,2025-01-30
8041,Sana Ahmed,London,UK,2022-10-17
8042,Ali Siddiqui,Dubai,UAE,2022-04-13
8043,Sana Mirza,Lahore,Pakistan,2021-01-12
8044,Fahad Siddiqui,Rawalpindi,Pakistan,2025-09-10
8045,Ayesha Chaudhry,Rawalpindi,Pakistan,2023-03-18
8046,Maham Shah,Dubai,UAE,2022-12-11
8047,Hira Memon,Toronto,Canada,2023-01-28
8048,Usman Iqbal,Multan,Pakistan,2024-05-05
8049,Bilal Raza,Hyderabad,Pakistan,2024-01-14
8050,Fatima Memon,Quetta,Pakistan,2022-07-21
8051,Imran Qureshi,Doha,Qatar,2022-08-28
8052,Omar Buriro,Multan,Pakistan,2025-10-25
8053,Saad Chaudhry,Hyderabad,Pakistan,2023-06-14
8054,Maham Memon,Peshawar,Pakistan,2026-06-06
8055,Maham Iqbal,Toronto,Canada,2025-09-21
8056,Ali Raza,Dubai,UAE,2024-12-21
8057,Ali Raza,Peshawar,Pakistan,2024-01-23
8058,Omar Malik,Dubai,UAE,2025-09-03
8059,Fahad Memon,Karachi,Pakistan,2021-04-24
8060,Sana Chaudhry,London,UK,2023-10-15
8061,Ahmed Hussain,Lahore,Pakistan,2024-12-24
8062,Hussain Shah,Multan,Pakistan,2021-08-09
8063,Hussain Raza,Multan,Pakistan,2022-01-07
8064,Maryam Buriro,Dubai,UAE,2021-05-14
8065,Ayesha Iqbal,Rawalpindi,Pakistan,2023-09-18
8066,Omar Ahmed,Rawalpindi,Pakistan,2024-01-09
8067,Ali Ali,Toronto,Canada,2023-08-13
8068,Ayesha Siddiqui,Peshawar,Pakistan,2021-04-22
8069,Fahad Ali,London,UK,2023-09-19
8070,Bilal Iqbal,Quetta,Pakistan,2025-12-15
8071,Ali Siddiqui,Sukkur,Pakistan,2021-03-05
8072,Hussain Raza,Dubai,UAE,2025-05-01
8073,Saad Shah,Dubai,UAE,2022-07-10
8074,Omar Siddiqui,Toronto,Canada,2021-06-02
8075,Maham Iqbal,London,UK,2021-04-14
8076,Ahmed Sheikh,Hyderabad,Pakistan,2021-01-26
8077,Maham Khan,Islamabad,Pakistan,2023-04-26
8078,Danish Shah,New York,USA,2023-10-12
8079,Zainab Iqbal,Multan,Pakistan,2024-06-20
8080,Maryam Iqbal,Hyderabad,Pakistan,2021-06-15
8081,Maryam Shah,Lahore,Pakistan,2024-08-26
8082,Hira Hussain,Quetta,Pakistan,2025-02-16
8083,Hamza Ali,Peshawar,Pakistan,2024-10-07
8084,Maryam Raza,New York,USA,2021-08-31
8085,Maham Ali,London,UK,2023-06-15
8086,Zainab Mirza,Dubai,UAE,2024-09-10
8087,Fahad Iqbal,Quetta,Pakistan,2025-11-10
8088,Usman Ahmed,New York,USA,2023-12-19
8089,Sana Siddiqui,Doha,Qatar,2023-06-07
8090,Usman Ali,New York,USA,2025-08-26
8091,Hassan Qureshi,Multan,Pakistan,2022-03-17
8092,Sara Khan,Hyderabad,Pakistan,2022-02-23
8093,Hassan Shah,Karachi,Pakistan,2023-08-09
8094,Fahad Iqbal,Doha,Qatar,2021-09-03
8095,Ayesha Khan,Dubai,UAE,2021-02-15
8096,Ali Mirza,Doha,Qatar,2023-01-08
8097,Ayesha Ali,London,UK,2021-11-07
8098,Danish Sheikh,Faisalabad,Pakistan,2024-07-22
8099,Hamza Siddiqui,Islamabad,Pakistan,2024-01-24
8100,Usman Chaudhry,Karachi,Pakistan,2023-09-18
8101,Maham Ahmed,London,UK,2023-10-09
8102,Sara Ahmed,Hyderabad,Pakistan,2021-07-20
8103,Fatima Buriro,Multan,Pakistan,2023-04-01
8104,Ali Memon,New York,USA,2021-05-26
8105,Usman Memon,Peshawar,Pakistan,2022-12-25
8106,Fatima Khan,Doha,Qatar,2024-10-13
8107,Maham Shah,Quetta,Pakistan,2026-07-04
8108,Saad Mirza,New York,USA,2022-08-29
8109,Hussain Hussain,Lahore,Pakistan,2022-06-23
8110,Omar Hussain,Multan,Pakistan,2024-09-26
8111,Sana Malik,Islamabad,Pakistan,2026-02-14
8112,Hira Shah,Karachi,Pakistan,2022-08-25
8113,Imran Iqbal,Doha,Qatar,2025-09-05
8114,Hussain Memon,Peshawar,Pakistan,2022-10-04
8115,Imran Ali,Multan,Pakistan,2024-07-27
8116,Sara Iqbal,Multan,Pakistan,2022-03-04
8117,Usman Raza,Rawalpindi,Pakistan,2022-06-19
8118,Maham Qureshi,Lahore,Pakistan,2026-06-28
8119,Usman Qureshi,Toronto,Canada,2023-03-04
8120,Hamza Memon,Lahore,Pakistan,2021-02-02
8121,Omar Qureshi,Multan,Pakistan,2025-04-23
8122,Imran Raza,Islamabad,Pakistan,2021-09-17
8123,Imran Memon,Toronto,Canada,2021-08-14
8124,Fahad Ahmed,Rawalpindi,Pakistan,2025-09-01
8125,Imran Iqbal,Multan,Pakistan,2022-12-12
8126,Ali Qureshi,London,UK,2021-10-09
8127,Ayesha Siddiqui,Quetta,Pakistan,2026-06-12
8128,Maham Memon,Multan,Pakistan,2022-07-27
8129,Usman Hussain,Quetta,Pakistan,2024-07-13
8130,Saad Siddiqui,Faisalabad,Pakistan,2022-06-20
8131,Imran Hussain,Hyderabad,Pakistan,2024-03-30
8132,Imran Chaudhry,Quetta,Pakistan,2024-11-21
8133,Ali Mirza,Multan,Pakistan,2025-03-25
8134,Hussain Mirza,Doha,Qatar,2023-04-19
8135,Danish Shah,Faisalabad,Pakistan,2024-06-09
8136,Ahmed Siddiqui,London,UK,2025-09-10
8137,Hamza Raza,Rawalpindi,Pakistan,2025-09-09
8138,Ahmed Khan,Sukkur,Pakistan,2025-03-04
8139,Ayesha Buriro,Quetta,Pakistan,2023-03-26
8140,Hamza Malik,London,UK,2023-12-19
8141,Hussain Malik,Faisalabad,Pakistan,2026-05-26
8142,Bilal Shah,Dubai,UAE,2022-05-23
8143,Hamza Malik,Karachi,Pakistan,2024-11-12
8144,Hira Qureshi,Dubai,UAE,2025-06-03
8145,Maham Hussain,London,UK,2023-09-07
8146,Maryam Raza,Peshawar,Pakistan,2025-10-31
8147,Imran Shah,Karachi,Pakistan,2023-05-23
8148,Saad Shah,Quetta,Pakistan,2025-09-01
8149,Hassan Mirza,London,UK,2024-08-06
8150,Fahad Ali,Faisalabad,Pakistan,2021-04-16
8151,Sana Sheikh,Lahore,Pakistan,2025-08-05
8152,Usman Sheikh,Multan,Pakistan,2024-11-23
8153,Hira Raza,Doha,Qatar,2022-03-30
8154,Zainab Chaudhry,Hyderabad,Pakistan,2024-12-05
8155,Usman Hussain,Peshawar,Pakistan,2023-11-09
8156,Hamza Iqbal,Multan,Pakistan,2026-04-06
8157,Bilal Chaudhry,Dubai,UAE,2022-09-13
8158,Maryam Shah,Faisalabad,Pakistan,2022-06-21
8159,Maham Shah,Multan,Pakistan,2025-05-22
8160,Bilal Qureshi,Quetta,Pakistan,2026-07-01
8161,Hira Qureshi,Quetta,Pakistan,2024-11-05
8162,Sana Raza,Peshawar,Pakistan,2023-01-23
8163,Hussain Shah,Rawalpindi,Pakistan,2025-11-26
8164,Hamza Shah,Lahore,Pakistan,2022-06-01
8165,Imran Qureshi,Dubai,UAE,2024-11-13
8166,Ayesha Memon,Multan,Pakistan,2024-05-01
8167,Maham Memon,Sukkur,Pakistan,2025-10-04
8168,Sana Iqbal,Multan,Pakistan,2026-06-04
8169,Fahad Shah,New York,USA,2023-01-03
8170,Hussain Qureshi,Dubai,UAE,2021-07-14
8171,Danish Iqbal,Faisalabad,Pakistan,2021-11-18
8172,Sara Memon,Hyderabad,Pakistan,2025-02-15
8173,Usman Raza,London,UK,2023-01-11
8174,Hussain Raza,Karachi,Pakistan,2021-10-13
8175,Hussain Ali,Karachi,Pakistan,2025-07-20
8176,Saad Chaudhry,Lahore,Pakistan,2024-08-15
8177,Hira Hussain,Multan,Pakistan,2021-09-26
8178,Usman Raza,Peshawar,Pakistan,2024-12-24
8179,Sara Raza,Hyderabad,Pakistan,2024-07-24
8180,Bilal Qureshi,Islamabad,Pakistan,2026-06-30
8181,Danish Shah,Hyderabad,Pakistan,2026-07-06
8182,Saad Buriro,Peshawar,Pakistan,2026-06-11
8183,Fahad Sheikh,Hyderabad,Pakistan,2025-12-30
8184,Usman Khan,Quetta,Pakistan,2025-06-05
8185,Zainab Qureshi,Multan,Pakistan,2024-09-29
8186,Hassan Chaudhry,Doha,Qatar,2024-01-16
8187,Saad Qureshi,Doha,Qatar,2025-06-04
8188,Hira Siddiqui,Sukkur,Pakistan,2026-05-23
8189,Fatima Hussain,Quetta,Pakistan,2021-08-26
8190,Ayesha Mirza,Karachi,Pakistan,2021-10-06
8191,Hussain Memon,Sukkur,Pakistan,2023-10-14
8192,Saad Mirza,Multan,Pakistan,2023-12-21
8193,Ali Ali,Hyderabad,Pakistan,2022-09-27
8194,Maryam Chaudhry,London,UK,2025-05-15
8195,Danish Chaudhry,Karachi,Pakistan,2026-01-05
8196,Hassan Sheikh,Rawalpindi,Pakistan,2022-07-30
8197,Sara Hussain,London,UK,2025-04-24
8198,Maham Shah,Toronto,Canada,2021-08-06
8199,Fatima Siddiqui,Peshawar,Pakistan,2025-06-12
8200,Imran Shah,Peshawar,Pakistan,2024-11-23
8201,Hamza Khan,Doha,Qatar,2024-12-18
8202,Hussain Iqbal,Lahore,Pakistan,2023-10-01
8203,Danish Shah,Peshawar,Pakistan,2021-08-06
8204,Sara Raza,Rawalpindi,Pakistan,2025-09-13
8205,Imran Malik,Peshawar,Pakistan,2021-08-12
8206,Saad Qureshi,Toronto,Canada,2021-12-22
8207,Sara Qureshi,Quetta,Pakistan,2025-09-21
8208,Hira Qureshi,Doha,Qatar,2024-03-16
8209,Danish Hussain,Peshawar,Pakistan,2023-11-01
8210,Bilal Iqbal,New York,USA,2022-10-09
8211,Sara Siddiqui,Islamabad,Pakistan,2025-05-15
8212,Hassan Iqbal,Hyderabad,Pakistan,2022-03-05
8213,Maham Memon,Hyderabad,Pakistan,2025-01-08
8214,Danish Hussain,London,UK,2026-05-30
8215,Usman Shah,Peshawar,Pakistan,2022-06-27
8216,Ahmed Khan,Rawalpindi,Pakistan,2024-10-30
8217,Sara Mirza,Islamabad,Pakistan,2022-09-23
8218,Hussain Raza,Multan,Pakistan,2026-03-10
8219,Hassan Siddiqui,Islamabad,Pakistan,2026-01-07
8220,Maham Mirza,Dubai,UAE,2022-10-02
8221,Imran Malik,New York,USA,2022-04-16
8222,Imran Buriro,Doha,Qatar,2021-06-18
8223,Hamza Malik,Rawalpindi,Pakistan,2024-11-22
8224,Hassan Chaudhry,Faisalabad,Pakistan,2026-02-18
8225,Usman Malik,Peshawar,Pakistan,2021-10-23
8226,Ayesha Ahmed,Peshawar,Pakistan,2025-07-22
8227,Danish Memon,Faisalabad,Pakistan,2025-03-20
8228,Hussain Ahmed,Rawalpindi,Pakistan,2023-08-20
8229,Ali Iqbal,Lahore,Pakistan,2022-04-01
8230,Ayesha Hussain,Faisalabad,Pakistan,2024-08-23
8231,Hassan Shah,Lahore,Pakistan,2024-04-25
8232,Zainab Shah,Karachi,Pakistan,2025-07-12
8233,Maryam Chaudhry,Peshawar,Pakistan,2024-02-24
8234,Hamza Hussain,New York,USA,2021-04-10
8235,Imran Chaudhry,Quetta,Pakistan,2022-02-19
8236,Ali Ali,Karachi,Pakistan,2023-02-15
8237,Saad Chaudhry,New York,USA,2023-09-29
8238,Hamza Sheikh,Dubai,UAE,2022-12-15
8239,Sana Memon,Hyderabad,Pakistan,2025-11-27
8240,Maham Qureshi,Hyderabad,Pakistan,2022-07-27
8241,Fahad Khan,Toronto,Canada,2024-10-18
8242,Ali Iqbal,Peshawar,Pakistan,2026-07-17
8243,Hussain Iqbal,Islamabad,Pakistan,2026-02-11
8244,Bilal Qureshi,Hyderabad,Pakistan,2025-05-18
8245,Ali Iqbal,Rawalpindi,Pakistan,2025-04-08
8246,Omar Ahmed,Faisalabad,Pakistan,2024-08-04
8247,Fatima Ahmed,Multan,Pakistan,2024-04-11
8248,Maham Ali,Quetta,Pakistan,2024-02-22
8249,Fatima Qureshi,Hyderabad,Pakistan,2021-02-24
8250,Ali Khan,Sukkur,Pakistan,2026-03-26
8251,Zainab Qureshi,Peshawar,Pakistan,2026-06-24
8252,Hassan Ahmed,Doha,Qatar,2023-12-11
8253,Danish Memon,New York,USA,2025-11-10
8254,Maryam Mirza,Hyderabad,Pakistan,2023-04-01
8255,Ahmed Memon,Karachi,Pakistan,2021-08-17
8256,Maham Shah,Quetta,Pakistan,2025-08-28
8257,Zainab Buriro,Multan,Pakistan,2023-11-05
8258,Maryam Shah,Toronto,Canada,2026-04-01
8259,Hira Buriro,Faisalabad,Pakistan,2022-03-11
8260,Ali Raza,Hyderabad,Pakistan,2023-09-04
8261,Zainab Qureshi,Multan,Pakistan,2024-09-22
8262,Ali Ali,New York,USA,2021-10-07
8263,Maham Mirza,Lahore,Pakistan,2026-07-25
8264,Ayesha Iqbal,Doha,Qatar,2024-05-24
8265,Imran Hussain,Rawalpindi,Pakistan,2021-12-17
8266,Sana Iqbal,New York,USA,2025-02-18
8267,Maryam Iqbal,Quetta,Pakistan,2025-11-26
8268,Saad Ahmed,Quetta,Pakistan,2023-02-01
8269,Hira Memon,Rawalpindi,Pakistan,2024-05-28
8270,Danish Qureshi,Dubai,UAE,2025-03-05
8271,Fahad Sheikh,Sukkur,Pakistan,2021-10-24
8272,Omar Ahmed,Peshawar,Pakistan,2023-12-19
8273,Hamza Iqbal,Faisalabad,Pakistan,2024-02-14
8274,Sara Memon,Quetta,Pakistan,2022-09-07
8275,Fahad Malik,Peshawar,Pakistan,2022-09-03
8276,Hira Qureshi,Doha,Qatar,2024-07-06
8277,Danish Siddiqui,Karachi,Pakistan,2025-03-12
8278,Fahad Buriro,Rawalpindi,Pakistan,2023-03-04
8279,Maham Chaudhry,New York,USA,2021-10-26
8280,Maham Malik,London,UK,2025-05-23
8281,Zainab Sheikh,Multan,Pakistan,2021-12-20
8282,Ahmed Raza,Peshawar,Pakistan,2021-01-07
8283,Ayesha Qureshi,Karachi,Pakistan,2022-10-19
8284,Hassan Sheikh,Islamabad,Pakistan,2025-07-26
8285,Sana Ali,Doha,Qatar,2025-03-23
8286,Maryam Ahmed,Sukkur,Pakistan,2022-09-17
8287,Hassan Siddiqui,Karachi,Pakistan,2023-11-25
8288,Omar Chaudhry,London,UK,2026-05-10
8289,Ahmed Qureshi,Faisalabad,Pakistan,2025-01-04
8290,Sara Shah,Quetta,Pakistan,2025-03-28
8291,Saad Buriro,New York,USA,2021-06-28
8292,Imran Iqbal,New York,USA,2022-05-07
8293,Hassan Siddiqui,Islamabad,Pakistan,2021-08-01
8294,Sara Khan,Multan,Pakistan,2026-06-18
8295,Fatima Memon,Hyderabad,Pakistan,2022-11-29
8296,Maham Siddiqui,Toronto,Canada,2023-10-16
8297,Fahad Memon,London,UK,2024-01-30
8298,Ali Malik,Sukkur,Pakistan,2023-12-02
8299,Imran Khan,Karachi,Pakistan,2021-04-17
8300,Hassan Qureshi,New York,USA,2026-01-28
8301,Saad Memon,Quetta,Pakistan,2023-02-15
8302,Hassan Qureshi,Hyderabad,Pakistan,2026-02-15
8303,Imran Shah,Faisalabad,Pakistan,2025-04-09
8304,Sana Siddiqui,Faisalabad,Pakistan,2024-11-21
8305,Maham Buriro,Hyderabad,Pakistan,2024-12-03
8306,Danish Ali,Toronto,Canada,2026-06-18
8307,Fatima Memon,Toronto,Canada,2022-09-11
8308,Ayesha Memon,Karachi,Pakistan,2022-11-02
8309,Maryam Qureshi,Doha,Qatar,2024-09-28
8310,Hassan Iqbal,Faisalabad,Pakistan,2022-04-19
8311,Danish Chaudhry,London,UK,2025-06-27
8312,Bilal Malik,London,UK,2021-03-01
8313,Hamza Khan,Quetta,Pakistan,2026-01-03
8314,Hussain Malik,London,UK,2022-12-07
8315,Saad Shah,Dubai,UAE,2021-01-10
8316,Zainab Raza,New York,USA,2024-05-13
8317,Omar Chaudhry,Faisalabad,Pakistan,2022-07-16
8318,Ahmed Chaudhry,London,UK,2022-09-15
8319,Sara Malik,Doha,Qatar,2023-09-09
8320,Maham Siddiqui,Doha,Qatar,2024-03-27
8321,Saad Khan,Islamabad,Pakistan,2021-10-05
8322,Ali Raza,Peshawar,Pakistan,2021-04-09
8323,Imran Khan,Peshawar,Pakistan,2023-07-30
8324,Maham Iqbal,Sukkur,Pakistan,2022-12-23
8325,Fatima Chaudhry,Sukkur,Pakistan,2024-04-01
8326,Maham Shah,New York,USA,2025-03-05
8327,Fahad Memon,Peshawar,Pakistan,2024-06-06
8328,Ali Raza,Dubai,UAE,2021-08-01
8329,Hira Mirza,Toronto,Canada,2026-07-24
8330,Maham Sheikh,Lahore,Pakistan,2024-12-27
8331,Bilal Ahmed,Sukkur,Pakistan,2021-04-11
8332,Ahmed Hussain,Multan,Pakistan,2025-04-05
8333,Saad Ali,Toronto,Canada,2025-11-30
8334,Sara Raza,Quetta,Pakistan,2024-03-05
8335,Hussain Shah,Sukkur,Pakistan,2025-08-24
8336,Bilal Memon,London,UK,2025-12-11
8337,Bilal Mirza,Rawalpindi,Pakistan,2026-05-19
8338,Omar Ali,Quetta,Pakistan,2026-04-30
8339,Ahmed Siddiqui,London,UK,2022-01-30
8340,Ayesha Buriro,London,UK,2021-03-12
8341,Fatima Ahmed,Rawalpindi,Pakistan,2024-08-21
8342,Usman Raza,New York,USA,2024-10-15
8343,Hamza Memon,Islamabad,Pakistan,2024-03-05
8344,Imran Qureshi,Rawalpindi,Pakistan,2022-04-29
8345,Sana Mirza,New York,USA,2026-04-18
8346,Usman Sheikh,Sukkur,Pakistan,2023-04-12
8347,Hamza Hussain,Quetta,Pakistan,2025-02-20
8348,Sara Ahmed,Quetta,Pakistan,2024-06-23
8349,Hussain Khan,Doha,Qatar,2025-12-31
8350,Ali Khan,Rawalpindi,Pakistan,2024-12-22
8351,Sara Chaudhry,Hyderabad,Pakistan,2024-07-17
8352,Ayesha Chaudhry,Peshawar,Pakistan,2025-09-09
8353,Sara Mirza,New York,USA,2021-04-21
8354,Sara Ahmed,Quetta,Pakistan,2024-12-08
8355,Zainab Sheikh,Dubai,UAE,2024-04-09
8356,Maryam Buriro,New York,USA,2025-05-04
8357,Hassan Memon,Toronto,Canada,2022-04-02
8358,Danish Ali,Faisalabad,Pakistan,2024-05-05
8359,Ayesha Chaudhry,Faisalabad,Pakistan,2022-08-03
8360,Ali Ahmed,Lahore,Pakistan,2021-08-27
8361,Danish Ahmed,Lahore,Pakistan,2024-03-18
8362,Sara Chaudhry,Peshawar,Pakistan,2021-02-13
8363,Fatima Sheikh,London,UK,2021-07-09
8364,Ayesha Qureshi,New York,USA,2023-12-16
8365,Omar Raza,Faisalabad,Pakistan,2026-01-06
8366,Fahad Iqbal,Quetta,Pakistan,2024-12-29
8367,Fahad Ali,New York,USA,2021-02-01
8368,Hamza Buriro,Hyderabad,Pakistan,2021-08-10
8369,Zainab Qureshi,Islamabad,Pakistan,2023-05-29
8370,Hamza Ali,Toronto,Canada,2023-05-25
8371,Hamza Siddiqui,Quetta,Pakistan,2021-03-23
8372,Ayesha Raza,Islamabad,Pakistan,2022-06-07
8373,Bilal Shah,Rawalpindi,Pakistan,2021-09-16
8374,Fahad Siddiqui,Hyderabad,Pakistan,2024-03-01
8375,Bilal Hussain,Rawalpindi,Pakistan,2024-09-03
8376,Zainab Raza,Faisalabad,Pakistan,2023-03-07
8377,Usman Memon,New York,USA,2024-03-10
8378,Hussain Mirza,London,UK,2022-02-15
8379,Ayesha Siddiqui,Toronto,Canada,2025-10-02
8380,Omar Siddiqui,New York,USA,2021-01-09
8381,Hira Sheikh,Hyderabad,Pakistan,2023-10-25
8382,Hassan Raza,Karachi,Pakistan,2022-10-18
8383,Bilal Ali,Islamabad,Pakistan,2023-07-08
8384,Danish Malik,London,UK,2023-11-18
8385,Sana Ahmed,Multan,Pakistan,2024-08-09
8386,Hamza Qureshi,Dubai,UAE,2026-03-09
8387,Hassan Iqbal,Faisalabad,Pakistan,2022-04-09
8388,Hamza Raza,Toronto,Canada,2023-12-05
8389,Sana Siddiqui,Peshawar,Pakistan,2023-11-10
8390,Sana Raza,Toronto,Canada,2025-10-29
8391,Ahmed Memon,Rawalpindi,Pakistan,2024-02-29
8392,Hassan Siddiqui,London,UK,2025-11-05
8393,Omar Siddiqui,Peshawar,Pakistan,2024-08-16
8394,Ahmed Memon,Islamabad,Pakistan,2024-03-11
8395,Ayesha Khan,Rawalpindi,Pakistan,2022-11-01
8396,Ali Raza,Hyderabad,Pakistan,2022-06-06
8397,Hira Raza,Islamabad,Pakistan,2021-07-22
8398,Sara Buriro,Doha,Qatar,2024-01-23
8399,Fahad Iqbal,Rawalpindi,Pakistan,2026-02-21
8400,Fahad Buriro,Quetta,Pakistan,2021-01-26
8401,Ayesha Sheikh,Quetta,Pakistan,2026-04-26
8402,Maryam Ahmed,Quetta,Pakistan,2025-10-18
8403,Hira Raza,Sukkur,Pakistan,2023-06-13
8404,Zainab Mirza,Toronto,Canada,2022-10-02
8405,Hira Chaudhry,Doha,Qatar,2024-03-29
8406,Saad Mirza,Toronto,Canada,2025-10-10
8407,Bilal Ahmed,Faisalabad,Pakistan,2021-03-01
8408,Bilal Memon,Dubai,UAE,2023-07-05
8409,Fahad Chaudhry,Islamabad,Pakistan,2021-04-07
8410,Hira Memon,Toronto,Canada,2024-08-05
8411,Saad Memon,Islamabad,Pakistan,2021-06-06
8412,Hassan Sheikh,Lahore,Pakistan,2022-10-08
8413,Omar Hussain,New York,USA,2025-02-14
8414,Maryam Malik,London,UK,2025-03-13
8415,Bilal Ali,Islamabad,Pakistan,2022-04-09
8416,Bilal Mirza,Doha,Qatar,2023-11-12
8417,Hira Iqbal,Lahore,Pakistan,2022-01-11
8418,Imran Mirza,Karachi,Pakistan,2024-04-20
8419,Hussain Qureshi,Doha,Qatar,2021-01-17
8420,Ahmed Ali,Rawalpindi,Pakistan,2025-07-17
8421,Usman Malik,Rawalpindi,Pakistan,2021-02-16
8422,Ali Mirza,London,UK,2024-05-25
8423,Zainab Hussain,Sukkur,Pakistan,2023-04-07
8424,Hira Iqbal,Peshawar,Pakistan,2022-04-01
8425,Hassan Qureshi,Doha,Qatar,2024-01-09
8426,Hamza Raza,Lahore,Pakistan,2021-10-16
8427,Zainab Buriro,Toronto,Canada,2024-03-26
8428,Sana Shah,Hyderabad,Pakistan,2024-08-07
8429,Sana Iqbal,Sukkur,Pakistan,2023-07-23
8430,Sana Raza,Hyderabad,Pakistan,2023-01-08
8431,Hussain Khan,Hyderabad,Pakistan,2023-07-26
8432,Usman Khan,Hyderabad,Pakistan,2026-05-04
8433,Fatima Chaudhry,Quetta,Pakistan,2025-03-15
8434,Ayesha Hussain,Toronto,Canada,2021-01-12
8435,Fahad Buriro,Lahore,Pakistan,2022-08-14
8436,Hira Buriro,Sukkur,Pakistan,2021-02-20
8437,Bilal Siddiqui,New York,USA,2022-04-30
8438,Omar Buriro,London,UK,2025-05-06
8439,Ayesha Iqbal,Doha,Qatar,2025-10-08
8440,Hussain Ahmed,Karachi,Pakistan,2023-07-21
8441,Sara Buriro,Multan,Pakistan,2024-11-05
8442,Hira Malik,Faisalabad,Pakistan,2023-01-26
8443,Ali Malik,Quetta,Pakistan,2023-08-30
8444,Fatima Siddiqui,Hyderabad,Pakistan,2025-08-17
8445,Imran Mirza,Rawalpindi,Pakistan,2022-07-16
8446,Maham Khan,New York,USA,2022-10-11
8447,Hassan Siddiqui,Rawalpindi,Pakistan,2021-10-06
8448,Maryam Memon,Doha,Qatar,2021-03-18
8449,Bilal Ali,Karachi,Pakistan,2025-07-21
8450,Hamza Buriro,Faisalabad,Pakistan,2025-10-04
8451,Saad Iqbal,Sukkur,Pakistan,2023-05-10
8452,Sana Ali,Doha,Qatar,2024-04-24
8453,Saad Ahmed,London,UK,2022-05-23
8454,Bilal Iqbal,Karachi,Pakistan,2021-04-04
8455,Zainab Ahmed,London,UK,2023-11-18
8456,Zainab Ali,Hyderabad,Pakistan,2021-11-20
8457,Hamza Iqbal,New York,USA,2025-09-25
8458,Bilal Chaudhry,London,UK,2022-07-24
8459,Zainab Hussain,Islamabad,Pakistan,2025-02-12
8460,Sara Raza,Multan,Pakistan,2022-06-21
8461,Ali Chaudhry,New York,USA,2021-09-15
8462,Fatima Hussain,Toronto,Canada,2024-01-23
8463,Sana Hussain,Sukkur,Pakistan,2022-01-09
8464,Omar Mirza,Rawalpindi,Pakistan,2023-03-26
8465,Usman Hussain,Multan,Pakistan,2022-08-21
8466,Sana Sheikh,London,UK,2025-12-03
8467,Ali Qureshi,Quetta,Pakistan,2023-10-23
8468,Ali Sheikh,Rawalpindi,Pakistan,2025-01-06
8469,Hira Sheikh,Hyderabad,Pakistan,2024-04-15
8470,Maham Qureshi,Islamabad,Pakistan,2026-01-31
8471,Hamza Siddiqui,Peshawar,Pakistan,2023-06-15
8472,Usman Mirza,Faisalabad,Pakistan,2025-10-25
8473,Danish Siddiqui,Quetta,Pakistan,2026-01-05
8474,Maham Khan,Doha,Qatar,2026-02-21
8475,Hussain Malik,Sukkur,Pakistan,2024-11-18
8476,Omar Shah,Quetta,Pakistan,2026-06-21
8477,Zainab Buriro,Multan,Pakistan,2025-02-27
8478,Fatima Siddiqui,Sukkur,Pakistan,2022-09-28
8479,Ahmed Malik,Doha,Qatar,2021-11-16
8480,Danish Mirza,Karachi,Pakistan,2022-03-04
8481,Hassan Khan,Multan,Pakistan,2024-03-15
8482,Danish Ahmed,Karachi,Pakistan,2021-12-03
8483,Sana Mirza,Rawalpindi,Pakistan,2022-04-30
8484,Maham Raza,Lahore,Pakistan,2024-07-04
8485,Omar Buriro,Quetta,Pakistan,2022-11-10
8486,Hira Mirza,New York,USA,2024-10-19
8487,Zainab Iqbal,Doha,Qatar,2026-07-26
8488,Maham Khan,Rawalpindi,Pakistan,2021-06-29
8489,Bilal Buriro,Dubai,UAE,2024-07-30
8490,Hassan Memon,Hyderabad,Pakistan,2025-08-01
8491,Hamza Shah,Hyderabad,Pakistan,2025-05-15
8492,Zainab Chaudhry,Sukkur,Pakistan,2023-10-31
8493,Fahad Siddiqui,Dubai,UAE,2024-07-04
8494,Ali Chaudhry,Quetta,Pakistan,2021-04-16
8495,Fahad Hussain,Lahore,Pakistan,2023-06-07
8496,Maryam Sheikh,Faisalabad,Pakistan,2023-01-18
8497,Ali Ahmed,Hyderabad,Pakistan,2021-11-10
8498,Hassan Chaudhry,Karachi,Pakistan,2025-04-04
8499,Ali Raza,Karachi,Pakistan,2023-10-28
8500,Omar Khan,Faisalabad,Pakistan,2025-11-25
8501,Imran Khan,Lahore,Pakistan,2021-11-21
8502,Fahad Buriro,London,UK,2025-01-29
8503,Maham Ahmed,Karachi,Pakistan,2024-05-17
8504,Fahad Raza,Rawalpindi,Pakistan,2024-08-19
8505,Ayesha Memon,Doha,Qatar,2022-09-24
8506,Hamza Malik,Dubai,UAE,2024-11-08
8507,Bilal Raza,Quetta,Pakistan,2022-05-20
8508,Maryam Shah,Karachi,Pakistan,2025-04-03
8509,Usman Iqbal,Karachi,Pakistan,2023-06-18
8510,Zainab Mirza,Toronto,Canada,2023-09-05
8511,Hamza Malik,London,UK,2024-03-29
8512,Bilal Sheikh,Doha,Qatar,2021-06-21
8513,Maham Sheikh,New York,USA,2023-01-19
8514,Bilal Iqbal,Karachi,Pakistan,2022-02-19
8515,Sana Qureshi,New York,USA,2026-05-18
8516,Ali Raza,Faisalabad,Pakistan,2023-05-10
8517,Maryam Chaudhry,Dubai,UAE,2021-01-13
8518,Usman Ahmed,Faisalabad,Pakistan,2021-02-23
8519,Saad Raza,Dubai,UAE,2026-02-04
8520,Ali Ali,New York,USA,2021-11-16
8521,Fatima Hussain,Doha,Qatar,2021-01-02
8522,Usman Qureshi,Quetta,Pakistan,2022-03-09
8523,Sara Iqbal,Hyderabad,Pakistan,2022-03-18
8524,Fatima Siddiqui,Sukkur,Pakistan,2021-06-12
8525,Omar Ahmed,Peshawar,Pakistan,2026-07-24
8526,Ahmed Mirza,Rawalpindi,Pakistan,2021-05-01
8527,Ali Mirza,Dubai,UAE,2025-01-23
8528,Usman Memon,Lahore,Pakistan,2025-09-02
8529,Saad Buriro,Faisalabad,Pakistan,2024-08-06
8530,Sara Shah,Dubai,UAE,2021-09-27
8531,Sana Hussain,Toronto,Canada,2025-01-19
8532,Ayesha Khan,Sukkur,Pakistan,2022-11-03
8533,Imran Ahmed,Doha,Qatar,2023-04-13
8534,Saad Chaudhry,New York,USA,2022-05-28
8535,Ali Buriro,Rawalpindi,Pakistan,2025-05-18
8536,Maryam Shah,New York,USA,2024-03-27
8537,Danish Ali,Multan,Pakistan,2021-11-12
8538,Usman Iqbal,Sukkur,Pakistan,2023-04-11
8539,Sara Ali,Rawalpindi,Pakistan,2026-03-26
8540,Hassan Shah,Quetta,Pakistan,2026-03-30
8541,Ahmed Ahmed,Dubai,UAE,2021-10-02
8542,Sana Khan,Toronto,Canada,2025-10-14
8543,Bilal Malik,Doha,Qatar,2024-02-29
8544,Saad Iqbal,New York,USA,2025-02-16
8545,Danish Qureshi,Quetta,Pakistan,2023-02-26
8546,Zainab Sheikh,Toronto,Canada,2024-08-20
8547,Fahad Buriro,Lahore,Pakistan,2022-06-11
8548,Imran Raza,Doha,Qatar,2023-11-28
8549,Imran Buriro,Rawalpindi,Pakistan,2022-04-06
8550,Sara Hussain,Faisalabad,Pakistan,2023-03-17
8551,Hamza Hussain,Toronto,Canada,2023-04-12
8552,Omar Hussain,Dubai,UAE,2025-10-31
8553,Bilal Buriro,New York,USA,2024-07-04
8554,Sana Memon,Dubai,UAE,2024-08-12
8555,Usman Buriro,Sukkur,Pakistan,2022-08-02
8556,Danish Ahmed,Islamabad,Pakistan,2023-06-06
8557,Omar Memon,Doha,Qatar,2023-08-22
8558,Fahad Buriro,Sukkur,Pakistan,2025-05-19
8559,Fatima Malik,Dubai,UAE,2022-01-14
8560,Imran Chaudhry,Faisalabad,Pakistan,2021-04-21
8561,Fahad Malik,Doha,Qatar,2023-10-27
8562,Ayesha Shah,Faisalabad,Pakistan,2025-07-16
8563,Saad Chaudhry,Islamabad,Pakistan,2025-02-04
8564,Hussain Shah,Islamabad,Pakistan,2025-07-11
8565,Sana Siddiqui,Dubai,UAE,2023-03-13
8566,Fatima Qureshi,London,UK,2022-04-11
8567,Hira Chaudhry,Rawalpindi,Pakistan,2024-09-06
8568,Imran Siddiqui,Dubai,UAE,2021-03-18
8569,Danish Memon,Doha,Qatar,2025-12-31
8570,Hussain Buriro,Peshawar,Pakistan,2024-12-25
8571,Omar Hussain,Doha,Qatar,2023-10-24
8572,Sara Iqbal,Islamabad,Pakistan,2022-02-12
8573,Imran Mirza,Faisalabad,Pakistan,2022-05-26
8574,Zainab Siddiqui,Quetta,Pakistan,2026-07-23
8575,Ayesha Iqbal,Multan,Pakistan,2021-01-30
8576,Usman Sheikh,Lahore,Pakistan,2021-01-19
8577,Hira Khan,Faisalabad,Pakistan,2022-12-10
8578,Maryam Shah,Multan,Pakistan,2022-04-14
8579,Bilal Hussain,Rawalpindi,Pakistan,2024-10-11
8580,Ali Ahmed,Multan,Pakistan,2021-03-27
8581,Fatima Raza,Faisalabad,Pakistan,2025-05-20
8582,Hassan Qureshi,Toronto,Canada,2025-05-15
8583,Hamza Raza,Peshawar,Pakistan,2022-04-13
8584,Hamza Khan,Faisalabad,Pakistan,2024-03-25
8585,Zainab Mirza,Multan,Pakistan,2024-09-30
8586,Sana Qureshi,Quetta,Pakistan,2025-09-26
8587,Fatima Ahmed,Hyderabad,Pakistan,2025-02-01
8588,Usman Siddiqui,Toronto,Canada,2026-05-16
8589,Sana Sheikh,Faisalabad,Pakistan,2021-08-25
8590,Saad Hussain,Faisalabad,Pakistan,2024-05-28
8591,Ali Sheikh,Karachi,Pakistan,2025-04-24
8592,Sana Khan,Toronto,Canada,2022-04-18
8593,Omar Chaudhry,Peshawar,Pakistan,2022-03-22
8594,Omar Siddiqui,Islamabad,Pakistan,2026-07-02
8595,Usman Ali,Islamabad,Pakistan,2025-11-01
8596,Hamza Buriro,Multan,Pakistan,2021-09-04
8597,Saad Hussain,London,UK,2022-05-15
8598,Danish Hussain,Lahore,Pakistan,2023-07-23
8599,Hira Siddiqui,Lahore,Pakistan,2025-12-26
8600,Ahmed Siddiqui,Quetta,Pakistan,2025-08-10
8601,Fahad Raza,Peshawar,Pakistan,2025-11-25
8602,Maham Khan,Doha,Qatar,2025-08-16
8603,Usman Malik,London,UK,2024-07-03
8604,Omar Iqbal,Sukkur,Pakistan,2022-08-17
8605,Fatima Hussain,Multan,Pakistan,2024-05-15
8606,Maryam Siddiqui,Sukkur,Pakistan,2023-10-05
8607,Saad Shah,Quetta,Pakistan,2026-04-22
8608,Ali Buriro,Hyderabad,Pakistan,2023-07-03
8609,Hira Shah,Multan,Pakistan,2025-03-21
8610,Fahad Ahmed,Toronto,Canada,2021-12-20
8611,Bilal Ahmed,Quetta,Pakistan,2024-10-24
8612,Hussain Memon,Peshawar,Pakistan,2023-07-14
8613,Sara Hussain,London,UK,2023-06-08
8614,Fahad Ali,Hyderabad,Pakistan,2025-03-19
8615,Maryam Ali,Rawalpindi,Pakistan,2023-09-14
8616,Saad Hussain,Doha,Qatar,2021-05-01
8617,Maham Raza,New York,USA,2023-03-04
8618,Omar Memon,Faisalabad,Pakistan,2026-04-13
8619,Danish Ahmed,Doha,Qatar,2024-06-06
8620,Fahad Memon,Multan,Pakistan,2022-06-20
8621,Ahmed Iqbal,Dubai,UAE,2025-05-10
8622,Hussain Hussain,Karachi,Pakistan,2024-05-06
8623,Hassan Ahmed,Dubai,UAE,2021-03-17
8624,Maryam Memon,Islamabad,Pakistan,2026-04-19
8625,Hira Qureshi,Rawalpindi,Pakistan,2021-06-16
8626,Danish Khan,New York,USA,2023-05-02
8627,Fahad Malik,Rawalpindi,Pakistan,2025-02-22
8628,Maryam Chaudhry,Peshawar,Pakistan,2025-02-11
8629,Bilal Siddiqui,Toronto,Canada,2021-12-08
8630,Danish Mirza,Doha,Qatar,2021-03-23
8631,Usman Sheikh,Faisalabad,Pakistan,2026-06-30
8632,Hamza Sheikh,Lahore,Pakistan,2025-12-27
8633,Omar Khan,Hyderabad,Pakistan,2025-02-13
8634,Imran Hussain,Sukkur,Pakistan,2024-09-06
8635,Fatima Ali,Multan,Pakistan,2024-10-31
8636,Ahmed Sheikh,Dubai,UAE,2023-07-22
8637,Maryam Shah,Doha,Qatar,2024-10-26
8638,Sara Qureshi,Sukkur,Pakistan,2022-09-11
8639,Ali Raza,Sukkur,Pakistan,2021-06-20
8640,Hussain Khan,Peshawar,Pakistan,2022-09-26
8641,Hassan Malik,Islamabad,Pakistan,2022-08-22
8642,Zainab Iqbal,Quetta,Pakistan,2022-09-11
8643,Usman Khan,Toronto,Canada,2023-08-18
8644,Hussain Malik,Dubai,UAE,2021-09-25
8645,Usman Malik,London,UK,2023-04-12
8646,Saad Qureshi,New York,USA,2023-08-04
8647,Maryam Memon,Multan,Pakistan,2022-01-19
8648,Hassan Shah,Multan,Pakistan,2023-07-14
8649,Ayesha Siddiqui,Doha,Qatar,2024-10-06
8650,Ali Hussain,Faisalabad,Pakistan,2023-04-20
8651,Hamza Malik,London,UK,2021-01-06
8652,Maryam Iqbal,Sukkur,Pakistan,2024-12-03
8653,Fahad Iqbal,Lahore,Pakistan,2024-03-25
8654,Ayesha Ali,Hyderabad,Pakistan,2023-05-06
8655,Usman Qureshi,Hyderabad,Pakistan,2021-02-16
8656,Hamza Shah,Islamabad,Pakistan,2021-07-01
8657,Hussain Ahmed,London,UK,2021-06-11
8658,Hira Sheikh,Doha,Qatar,2025-10-03
8659,Ali Raza,Doha,Qatar,2022-09-22
8660,Danish Siddiqui,Islamabad,Pakistan,2023-05-17
8661,Hamza Malik,Faisalabad,Pakistan,2024-11-19
8662,Omar Malik,Rawalpindi,Pakistan,2024-08-28
8663,Imran Iqbal,Karachi,Pakistan,2021-05-12
8664,Hamza Chaudhry,Sukkur,Pakistan,2026-03-11
8665,Fahad Ali,New York,USA,2022-06-25
8666,Fatima Hussain,Lahore,Pakistan,2025-04-13
8667,Ayesha Siddiqui,Sukkur,Pakistan,2025-08-23
8668,Fatima Memon,Karachi,Pakistan,2024-01-04
8669,Bilal Raza,New York,USA,2021-11-27
8670,Usman Chaudhry,Karachi,Pakistan,2024-01-16
8671,Ahmed Ali,Faisalabad,Pakistan,2022-05-14
8672,Ali Qureshi,Lahore,Pakistan,2025-09-28
8673,Maryam Iqbal,Faisalabad,Pakistan,2025-03-18
8674,Fatima Ahmed,Faisalabad,Pakistan,2025-08-06
8675,Omar Ali,Quetta,Pakistan,2025-08-16
8676,Fatima Memon,New York,USA,2021-12-31
8677,Ali Buriro,Doha,Qatar,2021-03-03
8678,Usman Memon,Multan,Pakistan,2024-06-30
8679,Danish Buriro,Toronto,Canada,2024-06-05
8680,Hira Memon,Faisalabad,Pakistan,2025-10-31
8681,Hussain Ahmed,Lahore,Pakistan,2024-07-23
8682,Omar Hussain,Sukkur,Pakistan,2025-06-26
8683,Maryam Buriro,Dubai,UAE,2022-12-12
8684,Hamza Mirza,Hyderabad,Pakistan,2021-09-12
8685,Ayesha Shah,Quetta,Pakistan,2021-03-19
8686,Sara Ali,Faisalabad,Pakistan,2023-06-07
8687,Ayesha Buriro,Islamabad,Pakistan,2021-01-04
8688,Maham Shah,Multan,Pakistan,2023-11-23
8689,Hussain Khan,Faisalabad,Pakistan,2023-03-28
8690,Ahmed Mirza,Multan,Pakistan,2022-06-10
8691,Maham Sheikh,Toronto,Canada,2024-04-19
8692,Sana Malik,Multan,Pakistan,2024-10-16
8693,Hussain Khan,Sukkur,Pakistan,2021-03-22
8694,Hira Khan,Karachi,Pakistan,2023-08-29
8695,Hassan Buriro,Hyderabad,Pakistan,2026-03-31
8696,Sana Sheikh,Toronto,Canada,2022-08-30
8697,Usman Ahmed,Toronto,Canada,2025-05-11
8698,Fatima Qureshi,Doha,Qatar,2022-11-18
8699,Zainab Ahmed,Karachi,Pakistan,2022-07-08
8700,Usman Ali,New York,USA,2025-10-12
8701,Ayesha Malik,Hyderabad,Pakistan,2022-12-28
8702,Usman Raza,Karachi,Pakistan,2025-11-01
8703,Fatima Shah,Lahore,Pakistan,2024-08-27
8704,Hira Qureshi,London,UK,2025-07-14
8705,Hamza Sheikh,Quetta,Pakistan,2025-07-19
8706,Hassan Siddiqui,Quetta,Pakistan,2026-02-06
8707,Sana Ali,Toronto,Canada,2024-02-05
8708,Sana Khan,Lahore,Pakistan,2026-04-25
8709,Maryam Khan,Lahore,Pakistan,2021-05-02
8710,Hussain Qureshi,Toronto,Canada,2023-09-30
8711,Maryam Memon,Sukkur,Pakistan,2023-03-20
8712,Fatima Ali,London,UK,2021-07-17
8713,Omar Buriro,Peshawar,Pakistan,2025-11-15
8714,Ahmed Memon,Islamabad,Pakistan,2025-06-19
8715,Omar Khan,Peshawar,Pakistan,2025-03-06
8716,Hira Khan,Doha,Qatar,2024-07-14
8717,Omar Ahmed,Lahore,Pakistan,2024-05-11
8718,Sana Khan,Lahore,Pakistan,2023-02-15
8719,Ahmed Sheikh,Multan,Pakistan,2024-10-24
8720,Saad Khan,Faisalabad,Pakistan,2026-06-12
8721,Fatima Mirza,Sukkur,Pakistan,2022-05-28
8722,Bilal Sheikh,Islamabad,Pakistan,2022-11-22
8723,Danish Memon,Doha,Qatar,2021-08-11
8724,Bilal Buriro,Islamabad,Pakistan,2026-01-24
8725,Hira Sheikh,Rawalpindi,Pakistan,2023-12-17
8726,Ayesha Chaudhry,Doha,Qatar,2024-04-22
8727,Fahad Iqbal,Multan,Pakistan,2022-06-28
8728,Hira Qureshi,Quetta,Pakistan,2021-03-16
8729,Hassan Ali,Faisalabad,Pakistan,2025-06-29
8730,Saad Qureshi,Rawalpindi,Pakistan,2025-10-20
8731,Hassan Shah,Peshawar,Pakistan,2022-11-27
8732,Ali Sheikh,London,UK,2025-04-03
8733,Sana Qureshi,Karachi,Pakistan,2024-03-11
8734,Sara Sheikh,Toronto,Canada,2024-08-02
8735,Saad Buriro,Islamabad,Pakistan,2021-12-19
8736,Ahmed Malik,Toronto,Canada,2024-06-06
8737,Maham Raza,Doha,Qatar,2021-11-25
8738,Maham Qureshi,Toronto,Canada,2022-03-22
8739,Ali Buriro,Sukkur,Pakistan,2022-12-29
8740,Maham Hussain,Toronto,Canada,2022-03-14
8741,Ayesha Khan,New York,USA,2026-01-27
8742,Sara Hussain,Sukkur,Pakistan,2021-03-01
8743,Hira Ahmed,Toronto,Canada,2026-01-17
8744,Sara Memon,Multan,Pakistan,2021-11-11
8745,Fahad Raza,New York,USA,2025-11-09
8746,Sara Siddiqui,Toronto,Canada,2022-11-17
8747,Hira Memon,Sukkur,Pakistan,2026-02-21
8748,Maham Mirza,Lahore,Pakistan,2024-01-07
8749,Ali Buriro,Rawalpindi,Pakistan,2023-09-25
8750,Maham Raza,Islamabad,Pakistan,2021-09-24
8751,Zainab Memon,Peshawar,Pakistan,2023-06-03
8752,Fatima Siddiqui,Faisalabad,Pakistan,2024-02-11
8753,Danish Buriro,New York,USA,2026-06-28
8754,Usman Mirza,Hyderabad,Pakistan,2022-06-21
8755,Hamza Ahmed,Islamabad,Pakistan,2021-06-18
8756,Fahad Shah,Sukkur,Pakistan,2022-06-02
8757,Usman Malik,Islamabad,Pakistan,2022-05-11
8758,Fatima Ahmed,Toronto,Canada,2026-04-16
8759,Hussain Qureshi,Lahore,Pakistan,2021-11-03
8760,Usman Ahmed,Peshawar,Pakistan,2026-07-16
8761,Imran Raza,Doha,Qatar,2021-08-19
8762,Ali Ali,Quetta,Pakistan,2025-07-12
8763,Danish Malik,New York,USA,2023-04-26
8764,Hussain Hussain,Faisalabad,Pakistan,2024-06-05
8765,Danish Qureshi,London,UK,2025-01-24
8766,Sara Siddiqui,Dubai,UAE,2025-09-06
8767,Hassan Buriro,Peshawar,Pakistan,2021-12-30
8768,Imran Iqbal,Lahore,Pakistan,2024-06-12
8769,Hassan Raza,Doha,Qatar,2024-03-06
8770,Maryam Ali,Karachi,Pakistan,2023-06-21
8771,Saad Ali,Multan,Pakistan,2025-12-27
8772,Bilal Iqbal,Sukkur,Pakistan,2023-05-13
8773,Sana Memon,London,UK,2023-02-14
8774,Fatima Buriro,Quetta,Pakistan,2023-12-07
8775,Ahmed Memon,Faisalabad,Pakistan,2026-03-08
8776,Ahmed Ahmed,Faisalabad,Pakistan,2024-12-14
8777,Zainab Siddiqui,Doha,Qatar,2021-06-14
8778,Hussain Buriro,Multan,Pakistan,2022-09-06
8779,Hamza Mirza,New York,USA,2021-01-31
8780,Ali Shah,Karachi,Pakistan,2021-07-13
8781,Bilal Raza,Sukkur,Pakistan,2025-08-22
8782,Ayesha Ahmed,Dubai,UAE,2025-07-20
8783,Sana Iqbal,Dubai,UAE,2021-07-28
8784,Hassan Shah,Faisalabad,Pakistan,2023-07-23
8785,Fatima Memon,Dubai,UAE,2022-07-24
8786,Hassan Shah,Faisalabad,Pakistan,2023-02-17
8787,Usman Hussain,Quetta,Pakistan,2021-07-30
8788,Ahmed Hussain,Toronto,Canada,2025-02-09
8789,Ayesha Malik,Dubai,UAE,2026-05-25
8790,Fahad Mirza,London,UK,2023-05-12
8791,Danish Chaudhry,Doha,Qatar,2022-05-11
8792,Usman Mirza,Rawalpindi,Pakistan,2023-10-16
8793,Hussain Malik,Quetta,Pakistan,2026-05-24
8794,Sana Buriro,Sukkur,Pakistan,2021-11-22
8795,Sana Raza,Dubai,UAE,2024-10-20
8796,Omar Raza,Lahore,Pakistan,2021-07-09
8797,Fatima Sheikh,London,UK,2022-09-05
8798,Sana Hussain,Islamabad,Pakistan,2023-06-15
8799,Hamza Ahmed,Faisalabad,Pakistan,2021-12-30
8800,Bilal Siddiqui,Dubai,UAE,2025-05-03
8801,Hussain Ahmed,Rawalpindi,Pakistan,2024-10-03
8802,Saad Malik,Lahore,Pakistan,2023-06-07
8803,Sara Ali,Dubai,UAE,2023-05-04
8804,Saad Shah,Hyderabad,Pakistan,2021-06-02
8805,Omar Buriro,New York,USA,2024-09-08
8806,Usman Raza,Toronto,Canada,2022-04-14
8807,Maham Khan,Multan,Pakistan,2022-09-06
8808,Ali Buriro,London,UK,2025-10-20
8809,Bilal Chaudhry,Rawalpindi,Pakistan,2024-08-01
8810,Imran Chaudhry,Toronto,Canada,2024-11-19
8811,Saad Mirza,Rawalpindi,Pakistan,2022-06-24
8812,Omar Iqbal,Toronto,Canada,2023-10-19
8813,Hamza Raza,London,UK,2021-01-28
8814,Ali Iqbal,Hyderabad,Pakistan,2022-05-16
8815,Sana Iqbal,New York,USA,2025-06-19
8816,Omar Malik,Sukkur,Pakistan,2023-08-26
8817,Zainab Mirza,Dubai,UAE,2024-07-17
8818,Zainab Buriro,Multan,Pakistan,2025-05-27
8819,Usman Buriro,Rawalpindi,Pakistan,2026-03-25
8820,Sara Chaudhry,Dubai,UAE,2021-06-16
8821,Ahmed Qureshi,Karachi,Pakistan,2024-03-30
8822,Ahmed Siddiqui,Multan,Pakistan,2026-07-21
8823,Maham Hussain,Islamabad,Pakistan,2022-02-12
8824,Maham Buriro,Karachi,Pakistan,2025-10-19
8825,Saad Chaudhry,Karachi,Pakistan,2024-03-28
8826,Sana Chaudhry,Lahore,Pakistan,2022-10-11
8827,Ali Memon,Doha,Qatar,2025-05-16
8828,Zainab Iqbal,London,UK,2025-11-10
8829,Zainab Ahmed,Doha,Qatar,2021-10-18
8830,Sara Iqbal,Lahore,Pakistan,2024-10-21
8831,Ali Khan,Doha,Qatar,2026-03-24
8832,Hira Raza,Quetta,Pakistan,2024-09-20
8833,Zainab Ali,London,UK,2024-01-21
8834,Sana Raza,New York,USA,2021-10-12
8835,Danish Qureshi,Rawalpindi,Pakistan,2023-07-07
8836,Hamza Ali,London,UK,2026-01-21
8837,Sana Hussain,Sukkur,Pakistan,2025-06-17
8838,Bilal Memon,Faisalabad,Pakistan,2023-07-07
8839,Imran Ahmed,Peshawar,Pakistan,2022-09-22
8840,Sana Memon,Rawalpindi,Pakistan,2026-05-27
8841,Ali Ahmed,Islamabad,Pakistan,2022-09-03
8842,Omar Ahmed,Toronto,Canada,2025-07-11
8843,Omar Ahmed,Dubai,UAE,2022-09-20
8844,Fahad Raza,Quetta,Pakistan,2025-08-14
8845,Hamza Buriro,Dubai,UAE,2026-05-21
8846,Ali Raza,Faisalabad,Pakistan,2024-09-13
8847,Hira Mirza,Rawalpindi,Pakistan,2023-10-10
8848,Usman Raza,Doha,Qatar,2022-10-03
8849,Maham Buriro,Doha,Qatar,2021-05-03
8850,Hussain Iqbal,Rawalpindi,Pakistan,2021-04-17
8851,Bilal Qureshi,New York,USA,2025-08-31
8852,Hussain Ahmed,Faisalabad,Pakistan,2024-09-10
8853,Bilal Ahmed,Dubai,UAE,2022-04-09
8854,Sara Raza,Lahore,Pakistan,2024-01-31
8855,Omar Raza,Peshawar,Pakistan,2025-11-26
8856,Maryam Ahmed,Lahore,Pakistan,2024-08-13
8857,Bilal Chaudhry,New York,USA,2026-02-11
8858,Ali Iqbal,Multan,Pakistan,2021-08-28
8859,Saad Shah,Rawalpindi,Pakistan,2021-05-29
8860,Hamza Shah,Dubai,UAE,2024-09-20
8861,Sana Shah,Doha,Qatar,2024-04-01
8862,Maham Qureshi,Multan,Pakistan,2024-11-03
8863,Saad Mirza,Dubai,UAE,2026-06-24
8864,Ayesha Raza,Dubai,UAE,2021-08-10
8865,Ali Ali,Peshawar,Pakistan,2026-03-13
8866,Zainab Sheikh,New York,USA,2021-05-04
8867,Omar Ali,Lahore,Pakistan,2023-12-07
8868,Danish Siddiqui,Toronto,Canada,2025-08-23
8869,Fatima Siddiqui,Faisalabad,Pakistan,2024-10-18
8870,Fatima Hussain,Karachi,Pakistan,2022-03-30
8871,Maham Raza,Doha,Qatar,2024-05-16
8872,Hussain Chaudhry,London,UK,2026-01-13
8873,Bilal Khan,New York,USA,2022-02-19
8874,Ali Buriro,Islamabad,Pakistan,2026-03-26
8875,Omar Khan,London,UK,2024-08-23
8876,Danish Malik,Dubai,UAE,2021-06-26
8877,Saad Chaudhry,Toronto,Canada,2022-11-10
8878,Ali Memon,Multan,Pakistan,2025-10-23
8879,Maryam Ahmed,Toronto,Canada,2022-11-20
8880,Hamza Sheikh,Dubai,UAE,2026-04-14
8881,Hassan Memon,Rawalpindi,Pakistan,2023-05-06
8882,Bilal Iqbal,Rawalpindi,Pakistan,2022-11-30
8883,Danish Hussain,Toronto,Canada,2025-10-03
8884,Hassan Khan,Sukkur,Pakistan,2025-05-20
8885,Hassan Sheikh,Lahore,Pakistan,2022-05-01
8886,Maham Ahmed,Lahore,Pakistan,2025-05-11
8887,Sara Khan,New York,USA,2022-05-27
8888,Bilal Raza,Islamabad,Pakistan,2025-12-31
8889,Danish Buriro,Rawalpindi,Pakistan,2021-01-15
8890,Zainab Khan,Sukkur,Pakistan,2024-09-11
8891,Bilal Buriro,New York,USA,2021-11-12
8892,Ahmed Memon,Multan,Pakistan,2024-10-11
8893,Sara Buriro,Sukkur,Pakistan,2026-06-18
8894,Usman Shah,Dubai,UAE,2024-09-22
8895,Hussain Qureshi,Sukkur,Pakistan,2023-06-04
8896,Zainab Ali,Dubai,UAE,2025-08-05
8897,Sana Shah,Rawalpindi,Pakistan,2022-02-02
8898,Sana Malik,Sukkur,Pakistan,2024-01-12
8899,Saad Malik,Karachi,Pakistan,2026-05-23
8900,Fahad Ahmed,Dubai,UAE,2022-12-27
8901,Ahmed Ahmed,London,UK,2021-02-25
8902,Ayesha Chaudhry,London,UK,2023-06-19
8903,Hussain Buriro,Karachi,Pakistan,2023-09-14
8904,Hira Qureshi,Toronto,Canada,2025-07-13
8905,Hamza Iqbal,Faisalabad,Pakistan,2025-06-28
8906,Sara Shah,Lahore,Pakistan,2022-11-25
8907,Imran Siddiqui,Quetta,Pakistan,2025-04-25
8908,Ahmed Mirza,Quetta,Pakistan,2021-10-19
8909,Fahad Siddiqui,Faisalabad,Pakistan,2022-01-21
8910,Sara Shah,London,UK,2024-05-15
8911,Fahad Qureshi,Quetta,Pakistan,2024-12-13
8912,Bilal Sheikh,Rawalpindi,Pakistan,2025-07-04
8913,Bilal Hussain,Sukkur,Pakistan,2024-06-22
8914,Sara Siddiqui,Rawalpindi,Pakistan,2021-09-18
8915,Maham Siddiqui,Lahore,Pakistan,2024-10-08
8916,Saad Shah,Hyderabad,Pakistan,2023-05-25
8917,Sara Raza,Toronto,Canada,2022-06-27
8918,Imran Shah,Quetta,Pakistan,2022-11-23
8919,Hussain Chaudhry,Hyderabad,Pakistan,2025-07-11
8920,Imran Buriro,Multan,Pakistan,2021-12-28
8921,Fatima Siddiqui,New York,USA,2024-02-14
8922,Hira Buriro,Sukkur,Pakistan,2021-06-19
8923,Bilal Khan,London,UK,2025-01-17
8924,Ahmed Qureshi,Sukkur,Pakistan,2021-11-02
8925,Hira Siddiqui,Doha,Qatar,2026-03-30
8926,Maryam Sheikh,Sukkur,Pakistan,2025-12-03
8927,Bilal Buriro,Faisalabad,Pakistan,2025-10-10
8928,Sara Iqbal,Rawalpindi,Pakistan,2022-12-12
8929,Danish Qureshi,Karachi,Pakistan,2025-05-14
8930,Sara Qureshi,London,UK,2021-10-02
8931,Fahad Hussain,Toronto,Canada,2022-08-14
8932,Danish Malik,Sukkur,Pakistan,2021-09-28
8933,Ali Ahmed,Peshawar,Pakistan,2021-04-21
8934,Zainab Iqbal,Lahore,Pakistan,2023-01-18
8935,Maryam Mirza,Sukkur,Pakistan,2024-03-17
8936,Fatima Iqbal,Rawalpindi,Pakistan,2025-10-24
8937,Imran Shah,Sukkur,Pakistan,2021-03-12
8938,Fahad Khan,Hyderabad,Pakistan,2023-04-10
8939,Sana Siddiqui,New York,USA,2024-12-26
8940,Hamza Iqbal,Doha,Qatar,2022-02-15
8941,Hira Ahmed,Rawalpindi,Pakistan,2025-02-10
8942,Hassan Ali,Hyderabad,Pakistan,2024-03-07
8943,Hamza Ali,Toronto,Canada,2024-02-22
8944,Bilal Buriro,Karachi,Pakistan,2021-09-12
8945,Fahad Buriro,Peshawar,Pakistan,2021-12-09
8946,Fatima Memon,Islamabad,Pakistan,2025-11-24
8947,Imran Khan,Faisalabad,Pakistan,2025-11-20
8948,Imran Memon,Karachi,Pakistan,2023-07-12
8949,Omar Siddiqui,Islamabad,Pakistan,2024-04-29
8950,Ayesha Ahmed,Faisalabad,Pakistan,2024-01-10
8951,Usman Malik,Karachi,Pakistan,2023-11-16
8952,Ali Sheikh,London,UK,2024-12-22
8953,Fatima Malik,Quetta,Pakistan,2024-03-02
8954,Hussain Iqbal,Faisalabad,Pakistan,2021-09-13
8955,Hira Sheikh,Peshawar,Pakistan,2021-06-18
8956,Sara Qureshi,New York,USA,2025-09-29
8957,Usman Memon,New York,USA,2025-02-18
8958,Maham Hussain,Karachi,Pakistan,2022-02-10
8959,Sana Khan,Dubai,UAE,2021-05-04
8960,Maryam Hussain,Peshawar,Pakistan,2022-03-24
8961,Ayesha Shah,London,UK,2024-03-24
8962,Saad Qureshi,London,UK,2024-04-04
8963,Bilal Memon,Dubai,UAE,2021-12-11
8964,Fatima Raza,Dubai,UAE,2021-12-26
8965,Maryam Qureshi,Rawalpindi,Pakistan,2022-02-28
8966,Hussain Ahmed,New York,USA,2023-06-23
8967,Imran Sheikh,Dubai,UAE,2022-04-21
8968,Ayesha Malik,Hyderabad,Pakistan,2023-07-19
8969,Sara Chaudhry,Rawalpindi,Pakistan,2021-01-30
8970,Maham Raza,Peshawar,Pakistan,2026-03-23
8971,Fatima Mirza,Multan,Pakistan,2025-12-23
8972,Fahad Qureshi,Dubai,UAE,2022-11-22
8973,Saad Mirza,Faisalabad,Pakistan,2025-06-28
8974,Danish Khan,Islamabad,Pakistan,2023-12-28
8975,Hassan Malik,Multan,Pakistan,2021-03-05
8976,Maham Ali,New York,USA,2022-08-04
8977,Ahmed Khan,New York,USA,2021-04-27
8978,Hussain Chaudhry,Hyderabad,Pakistan,2024-12-13
8979,Sara Memon,London,UK,2025-05-15
8980,Bilal Hussain,Lahore,Pakistan,2024-06-11
8981,Maham Sheikh,Doha,Qatar,2021-01-14
8982,Fahad Raza,London,UK,2022-04-27
8983,Hamza Hussain,Karachi,Pakistan,2023-08-14
8984,Imran Mirza,Dubai,UAE,2021-10-22
8985,Fatima Raza,Peshawar,Pakistan,2021-08-07
8986,Saad Buriro,Toronto,Canada,2022-09-13
8987,Zainab Malik,Rawalpindi,Pakistan,2024-04-20
8988,Imran Iqbal,Toronto,Canada,2021-06-30
8989,Ahmed Khan,Toronto,Canada,2026-07-28
8990,Hassan Qureshi,Hyderabad,Pakistan,2021-12-17
8991,Hussain Chaudhry,Faisalabad,Pakistan,2021-02-10
8992,Imran Ahmed,Sukkur,Pakistan,2026-05-04
8993,Danish Ahmed,Rawalpindi,Pakistan,2024-04-26
8994,Maham Qureshi,Doha,Qatar,2025-10-30
8995,Ali Siddiqui,Islamabad,Pakistan,2025-05-02
8996,Danish Iqbal,Rawalpindi,Pakistan,2026-07-03
8997,Hassan Mirza,Peshawar,Pakistan,2025-12-19
8998,Bilal Siddiqui,Peshawar,Pakistan,2025-04-11
8999,Hassan Iqbal,Karachi,Pakistan,2025-10-01
9000,Maham Hussain,Toronto,Canada,2025-10-13
9001,Sara Chaudhry,Rawalpindi,Pakistan,2022-06-04
9002,Hassan Shah,Lahore,Pakistan,2024-04-26
9003,Ali Sheikh,Peshawar,Pakistan,2026-07-03
9004,Fatima Khan,Toronto,Canada,2025-11-03
9005,Hira Khan,Karachi,Pakistan,2021-08-03
9006,Maham Memon,Peshawar,Pakistan,2021-08-16
9007,Danish Ali,Toronto,Canada,2025-02-20
9008,Fahad Raza,Toronto,Canada,2023-03-14
9009,Fahad Memon,Islamabad,Pakistan,2024-07-05
9010,Hira Khan,Sukkur,Pakistan,2021-10-12
9011,Hira Siddiqui,New York,USA,2021-05-02
9012,Danish Memon,Dubai,UAE,2025-04-21
9013,Ahmed Chaudhry,Sukkur,Pakistan,2022-08-18
9014,Ahmed Malik,London,UK,2021-03-29
9015,Usman Iqbal,Faisalabad,Pakistan,2022-03-17
9016,Hussain Mirza,Lahore,Pakistan,2022-10-21
9017,Usman Hussain,Sukkur,Pakistan,2023-04-06
9018,Ahmed Qureshi,Sukkur,Pakistan,2026-01-02
9019,Maryam Memon,New York,USA,2022-02-09
9020,Fahad Mirza,Toronto,Canada,2024-05-16
9021,Zainab Malik,Multan,Pakistan,2022-07-15
9022,Bilal Iqbal,Doha,Qatar,2023-10-13
9023,Maryam Chaudhry,Karachi,Pakistan,2022-08-27
9024,Ayesha Sheikh,Doha,Qatar,2022-12-03
9025,Danish Memon,Islamabad,Pakistan,2024-05-07
9026,Usman Sheikh,Sukkur,Pakistan,2024-04-16
9027,Usman Buriro,Dubai,UAE,2021-10-02
9028,Ali Mirza,Sukkur,Pakistan,2021-11-16
9029,Imran Khan,Doha,Qatar,2022-05-07
9030,Maryam Ali,Quetta,Pakistan,2026-01-07
9031,Omar Qureshi,Lahore,Pakistan,2022-10-09
9032,Zainab Chaudhry,Sukkur,Pakistan,2023-07-05
9033,Fatima Qureshi,Hyderabad,Pakistan,2022-12-23
9034,Ahmed Chaudhry,Sukkur,Pakistan,2021-03-19
9035,Hamza Siddiqui,Multan,Pakistan,2023-06-19
9036,Ahmed Malik,Karachi,Pakistan,2026-07-30
9037,Sana Chaudhry,Sukkur,Pakistan,2026-04-02
9038,Hamza Raza,Lahore,Pakistan,2022-09-05
9039,Fahad Qureshi,Hyderabad,Pakistan,2023-12-23
9040,Bilal Khan,Sukkur,Pakistan,2022-08-09
9041,Imran Ali,Toronto,Canada,2026-02-21
9042,Usman Ahmed,Hyderabad,Pakistan,2024-02-05
9043,Sara Qureshi,Hyderabad,Pakistan,2026-02-19
9044,Sara Hussain,Hyderabad,Pakistan,2022-10-30
9045,Ali Malik,Quetta,Pakistan,2023-07-20
9046,Ali Khan,Islamabad,Pakistan,2024-03-06
9047,Fatima Shah,Peshawar,Pakistan,2022-05-23
9048,Ahmed Siddiqui,New York,USA,2025-08-22
9049,Fatima Iqbal,Lahore,Pakistan,2024-02-28
9050,Hira Qureshi,Doha,Qatar,2022-02-27
9051,Fatima Ali,Peshawar,Pakistan,2023-09-12
9052,Omar Raza,Sukkur,Pakistan,2025-08-02
9053,Ali Chaudhry,Sukkur,Pakistan,2023-05-13
9054,Zainab Buriro,Doha,Qatar,2024-12-18
9055,Bilal Mirza,Sukkur,Pakistan,2026-06-29
9056,Omar Chaudhry,Toronto,Canada,2022-11-14
9057,Zainab Hussain,Hyderabad,Pakistan,2026-07-23
9058,Usman Iqbal,Rawalpindi,Pakistan,2023-04-25
9059,Hussain Khan,Sukkur,Pakistan,2024-02-20
9060,Ayesha Mirza,Islamabad,Pakistan,2025-04-25
9061,Imran Mirza,Lahore,Pakistan,2021-05-19
9062,Sana Chaudhry,Rawalpindi,Pakistan,2024-11-30
9063,Fatima Sheikh,Hyderabad,Pakistan,2024-03-01
9064,Hussain Buriro,Lahore,Pakistan,2024-08-28
9065,Hamza Ahmed,Dubai,UAE,2026-04-26
9066,Omar Hussain,Quetta,Pakistan,2023-09-16
9067,Bilal Qureshi,Rawalpindi,Pakistan,2024-03-03
9068,Hamza Raza,Hyderabad,Pakistan,2022-03-16
9069,Sara Memon,Toronto,Canada,2024-08-22
9070,Hassan Qureshi,Toronto,Canada,2022-01-23
9071,Maryam Shah,Lahore,Pakistan,2021-11-07
9072,Ahmed Malik,Sukkur,Pakistan,2023-10-14
9073,Hira Hussain,Hyderabad,Pakistan,2025-07-29
9074,Hassan Memon,Multan,Pakistan,2021-01-19
9075,Hussain Buriro,Quetta,Pakistan,2023-09-26
9076,Sana Ali,Doha,Qatar,2023-10-30
9077,Omar Mirza,Quetta,Pakistan,2022-11-20
9078,Ayesha Memon,Doha,Qatar,2024-10-03
9079,Sara Khan,New York,USA,2022-10-24
9080,Imran Qureshi,London,UK,2023-02-03
9081,Maham Sheikh,London,UK,2022-07-16
9082,Sana Qureshi,London,UK,2024-06-26
9083,Fahad Ali,Rawalpindi,Pakistan,2025-12-04
9084,Fahad Shah,Doha,Qatar,2021-12-28
9085,Fahad Khan,Toronto,Canada,2023-04-15
9086,Ali Ali,Sukkur,Pakistan,2022-04-06
9087,Zainab Shah,Dubai,UAE,2022-05-13
9088,Sana Mirza,Toronto,Canada,2026-06-04
9089,Ali Sheikh,Islamabad,Pakistan,2024-12-18
9090,Sara Siddiqui,Karachi,Pakistan,2026-04-09
9091,Imran Hussain,Doha,Qatar,2024-07-19
9092,Ali Raza,Quetta,Pakistan,2024-09-20
9093,Omar Ali,Dubai,UAE,2024-12-28
9094,Saad Shah,Peshawar,Pakistan,2024-08-23
9095,Ahmed Shah,Peshawar,Pakistan,2025-08-03
9096,Danish Raza,Karachi,Pakistan,2022-10-27
9097,Danish Siddiqui,Hyderabad,Pakistan,2021-07-26
9098,Hassan Qureshi,Lahore,Pakistan,2023-09-23
9099,Hussain Raza,Faisalabad,Pakistan,2021-01-05
9100,Bilal Iqbal,Karachi,Pakistan,2021-04-07
9101,Omar Malik,New York,USA,2021-04-14
9102,Saad Sheikh,Hyderabad,Pakistan,2021-06-07
9103,Hussain Sheikh,London,UK,2024-12-11
9104,Bilal Memon,Karachi,Pakistan,2024-05-03
9105,Sana Memon,Karachi,Pakistan,2026-03-20
9106,Imran Memon,Faisalabad,Pakistan,2022-08-14
9107,Hamza Shah,London,UK,2022-11-06
9108,Zainab Siddiqui,New York,USA,2023-09-26
9109,Hamza Mirza,Quetta,Pakistan,2025-05-12
9110,Imran Qureshi,Sukkur,Pakistan,2026-03-12
9111,Hira Iqbal,Dubai,UAE,2025-01-26
9112,Ali Qureshi,Dubai,UAE,2023-10-31
9113,Sara Sheikh,London,UK,2026-06-17
9114,Maham Sheikh,Karachi,Pakistan,2022-01-05
9115,Ahmed Siddiqui,Faisalabad,Pakistan,2023-08-18
9116,Ayesha Mirza,New York,USA,2022-05-19
9117,Hassan Ahmed,Faisalabad,Pakistan,2021-12-05
9118,Hassan Raza,Islamabad,Pakistan,2023-03-20
9119,Saad Hussain,Sukkur,Pakistan,2025-04-09
9120,Danish Mirza,Hyderabad,Pakistan,2022-10-15
9121,Maryam Hussain,Peshawar,Pakistan,2025-07-27
9122,Usman Iqbal,Peshawar,Pakistan,2024-05-30
9123,Maham Chaudhry,Dubai,UAE,2024-12-12
9124,Saad Qureshi,Toronto,Canada,2022-05-11
9125,Hassan Mirza,Dubai,UAE,2025-10-26
9126,Fatima Iqbal,Doha,Qatar,2022-02-20
9127,Hira Shah,Karachi,Pakistan,2023-01-27
9128,Omar Hussain,London,UK,2025-05-16
9129,Omar Malik,Faisalabad,Pakistan,2024-11-07
9130,Usman Hussain,Dubai,UAE,2022-09-03
9131,Ali Ali,Lahore,Pakistan,2022-06-22
9132,Ali Buriro,Peshawar,Pakistan,2023-06-02
9133,Ali Siddiqui,Karachi,Pakistan,2023-06-29
9134,Hassan Raza,Sukkur,Pakistan,2021-05-02
9135,Ali Khan,Rawalpindi,Pakistan,2022-05-10
9136,Ayesha Memon,Islamabad,Pakistan,2021-11-11
9137,Hassan Sheikh,Lahore,Pakistan,2021-11-11
9138,Danish Hussain,Hyderabad,Pakistan,2022-12-22
9139,Maham Malik,Doha,Qatar,2021-03-15
9140,Imran Ahmed,Doha,Qatar,2024-10-12
9141,Maryam Siddiqui,Lahore,Pakistan,2024-09-30
9142,Ali Iqbal,Doha,Qatar,2022-03-26
9143,Sara Shah,Quetta,Pakistan,2025-11-19
9144,Ahmed Memon,Hyderabad,Pakistan,2024-04-24
9145,Zainab Khan,Doha,Qatar,2022-10-03
9146,Saad Memon,Rawalpindi,Pakistan,2022-01-31
9147,Fatima Shah,Islamabad,Pakistan,2023-05-25
9148,Bilal Siddiqui,Rawalpindi,Pakistan,2026-05-11
9149,Ahmed Qureshi,Islamabad,Pakistan,2021-01-08
9150,Usman Ali,Peshawar,Pakistan,2021-02-10
9151,Hassan Qureshi,Islamabad,Pakistan,2023-04-22
9152,Omar Qureshi,Rawalpindi,Pakistan,2026-02-17
9153,Hira Sheikh,Multan,Pakistan,2022-07-28
9154,Hussain Iqbal,Sukkur,Pakistan,2025-03-04
9155,Sara Sheikh,New York,USA,2024-03-16
9156,Ali Chaudhry,Lahore,Pakistan,2022-02-11
9157,Sara Siddiqui,Sukkur,Pakistan,2026-01-26
9158,Hussain Ali,Lahore,Pakistan,2021-11-29
9159,Bilal Shah,Doha,Qatar,2023-10-29
9160,Usman Siddiqui,Hyderabad,Pakistan,2024-09-12
9161,Ali Malik,New York,USA,2024-10-08
9162,Fahad Mirza,London,UK,2025-10-08
9163,Ali Memon,Hyderabad,Pakistan,2024-12-08
9164,Saad Raza,Hyderabad,Pakistan,2024-09-01
9165,Omar Sheikh,Hyderabad,Pakistan,2021-11-07
9166,Usman Qureshi,Peshawar,Pakistan,2022-09-17
9167,Imran Hussain,Faisalabad,Pakistan,2022-12-08
9168,Ayesha Ali,Sukkur,Pakistan,2023-01-27
9169,Imran Ahmed,Faisalabad,Pakistan,2021-08-19
9170,Sara Malik,London,UK,2021-07-13
9171,Bilal Ahmed,Faisalabad,Pakistan,2023-06-18
9172,Omar Memon,Hyderabad,Pakistan,2025-01-13
9173,Ayesha Khan,Hyderabad,Pakistan,2025-12-14
9174,Bilal Ahmed,Dubai,UAE,2026-04-01
9175,Ayesha Chaudhry,Islamabad,Pakistan,2023-09-08
9176,Saad Iqbal,Hyderabad,Pakistan,2026-01-05
9177,Hassan Sheikh,Hyderabad,Pakistan,2023-07-19
9178,Ali Sheikh,Sukkur,Pakistan,2023-08-23
9179,Sana Buriro,Lahore,Pakistan,2022-03-03
9180,Hamza Khan,Faisalabad,Pakistan,2024-07-03
9181,Fatima Siddiqui,Dubai,UAE,2022-09-25
9182,Maryam Ali,Toronto,Canada,2023-09-16
9183,Maryam Siddiqui,Faisalabad,Pakistan,2026-03-24
9184,Sara Iqbal,Doha,Qatar,2024-01-19
9185,Usman Buriro,Sukkur,Pakistan,2022-09-10
9186,Hassan Iqbal,London,UK,2024-09-28
9187,Fatima Buriro,Rawalpindi,Pakistan,2025-01-30
9188,Maham Hussain,Toronto,Canada,2024-05-21
9189,Omar Buriro,Rawalpindi,Pakistan,2021-03-27
9190,Fatima Hussain,Islamabad,Pakistan,2022-04-06
9191,Maryam Siddiqui,Lahore,Pakistan,2021-09-19
9192,Hassan Malik,Sukkur,Pakistan,2026-05-02
9193,Imran Sheikh,Sukkur,Pakistan,2022-09-27
9194,Maryam Shah,Islamabad,Pakistan,2023-08-25
9195,Sara Sheikh,Toronto,Canada,2026-01-12
9196,Usman Ahmed,Hyderabad,Pakistan,2026-07-14
9197,Omar Raza,Sukkur,Pakistan,2022-03-23
9198,Bilal Shah,Peshawar,Pakistan,2025-10-18
9199,Bilal Malik,Quetta,Pakistan,2025-01-21
9200,Sara Sheikh,London,UK,2024-06-05
9201,Fatima Ahmed,Toronto,Canada,2021-12-08
9202,Zainab Iqbal,Dubai,UAE,2024-11-09
9203,Sara Siddiqui,Toronto,Canada,2024-06-02
9204,Hamza Qureshi,Toronto,Canada,2023-06-29
9205,Ali Khan,Multan,Pakistan,2024-04-10
9206,Maham Mirza,Quetta,Pakistan,2022-03-06
9207,Saad Hussain,Islamabad,Pakistan,2024-06-21
9208,Imran Siddiqui,Toronto,Canada,2021-11-09
9209,Bilal Shah,Doha,Qatar,2023-10-06
9210,Usman Buriro,Toronto,Canada,2021-11-27
9211,Ali Iqbal,London,UK,2026-02-06
9212,Maham Qureshi,New York,USA,2025-12-12
9213,Sara Ahmed,London,UK,2023-08-25
9214,Ayesha Ali,Rawalpindi,Pakistan,2024-03-06
9215,Hassan Khan,Rawalpindi,Pakistan,2022-08-18
9216,Maham Buriro,Peshawar,Pakistan,2022-03-09
9217,Fahad Iqbal,Faisalabad,Pakistan,2026-05-13
9218,Saad Iqbal,London,UK,2023-04-23
9219,Ali Buriro,London,UK,2026-04-28
9220,Sara Ahmed,Doha,Qatar,2021-05-17
9221,Hassan Iqbal,London,UK,2021-08-06
9222,Fahad Malik,Karachi,Pakistan,2023-08-27
9223,Ahmed Qureshi,Multan,Pakistan,2025-05-13
9224,Ali Memon,Hyderabad,Pakistan,2023-05-14
9225,Omar Khan,Sukkur,Pakistan,2025-09-08
9226,Saad Mirza,Multan,Pakistan,2021-09-28
9227,Imran Iqbal,Doha,Qatar,2025-10-11
9228,Ali Buriro,Hyderabad,Pakistan,2023-06-25
9229,Maham Buriro,Faisalabad,Pakistan,2022-08-04
9230,Bilal Qureshi,New York,USA,2024-07-27
9231,Imran Khan,Multan,Pakistan,2025-05-06
9232,Maryam Buriro,Karachi,Pakistan,2026-03-08
9233,Maham Raza,Hyderabad,Pakistan,2021-06-28
9234,Maham Chaudhry,Multan,Pakistan,2024-12-04
9235,Maham Ali,Sukkur,Pakistan,2022-10-03
9236,Usman Malik,Dubai,UAE,2023-07-31
9237,Hamza Qureshi,Quetta,Pakistan,2025-04-19
9238,Usman Memon,Faisalabad,Pakistan,2023-03-24
9239,Hassan Buriro,Peshawar,Pakistan,2022-07-25
9240,Hira Iqbal,Islamabad,Pakistan,2023-09-21
9241,Ali Malik,Islamabad,Pakistan,2024-09-24
9242,Fahad Sheikh,Sukkur,Pakistan,2025-09-21
9243,Sana Khan,New York,USA,2021-01-11
9244,Maham Shah,Peshawar,Pakistan,2024-03-04
9245,Saad Qureshi,Karachi,Pakistan,2021-05-28
9246,Hussain Raza,Doha,Qatar,2024-06-17
9247,Fatima Sheikh,Hyderabad,Pakistan,2024-06-26
9248,Imran Qureshi,London,UK,2025-10-09
9249,Omar Hussain,Toronto,Canada,2022-01-28
9250,Hussain Mirza,Doha,Qatar,2025-06-08
9251,Usman Shah,Lahore,Pakistan,2024-11-04
9252,Ali Qureshi,Islamabad,Pakistan,2024-09-17
9253,Sana Memon,Sukkur,Pakistan,2024-07-21
9254,Fahad Buriro,London,UK,2024-01-26
9255,Hamza Mirza,New York,USA,2021-05-10
9256,Hussain Shah,Quetta,Pakistan,2025-07-16
9257,Omar Raza,Islamabad,Pakistan,2021-08-01
9258,Usman Chaudhry,Dubai,UAE,2024-06-03
9259,Bilal Qureshi,Dubai,UAE,2024-12-25
9260,Maryam Siddiqui,Peshawar,Pakistan,2022-05-17
9261,Ayesha Iqbal,Sukkur,Pakistan,2025-07-22
9262,Ayesha Ali,Rawalpindi,Pakistan,2025-09-22
9263,Sara Memon,New York,USA,2022-11-05
9264,Usman Mirza,Karachi,Pakistan,2023-12-02
9265,Omar Ahmed,New York,USA,2025-09-02
9266,Hussain Memon,New York,USA,2021-11-17
9267,Usman Sheikh,Dubai,UAE,2022-12-23
9268,Sara Mirza,New York,USA,2023-07-20
9269,Fatima Chaudhry,Toronto,Canada,2021-01-15
9270,Hamza Chaudhry,Islamabad,Pakistan,2021-12-07
9271,Bilal Khan,Quetta,Pakistan,2024-05-28
9272,Sara Buriro,Sukkur,Pakistan,2022-06-22
9273,Imran Chaudhry,Doha,Qatar,2022-05-08
9274,Hassan Hussain,London,UK,2022-08-27
9275,Sara Hussain,Quetta,Pakistan,2021-09-11
9276,Ali Khan,Quetta,Pakistan,2024-07-21
9277,Hira Mirza,Islamabad,Pakistan,2022-06-11
9278,Hussain Khan,Hyderabad,Pakistan,2024-08-21
9279,Ayesha Malik,Faisalabad,Pakistan,2025-08-15
9280,Saad Chaudhry,Toronto,Canada,2023-09-03
9281,Sana Iqbal,New York,USA,2026-02-06
9282,Usman Iqbal,Sukkur,Pakistan,2022-02-05
9283,Ayesha Sheikh,Lahore,Pakistan,2026-05-14
9284,Ahmed Ahmed,Dubai,UAE,2022-10-19
9285,Hussain Sheikh,Faisalabad,Pakistan,2022-09-10
9286,Hussain Ali,Sukkur,Pakistan,2026-06-20
9287,Maryam Chaudhry,Faisalabad,Pakistan,2023-07-19
9288,Ahmed Raza,Dubai,UAE,2025-03-04
9289,Saad Siddiqui,Rawalpindi,Pakistan,2025-06-24
9290,Hussain Ali,Islamabad,Pakistan,2023-07-03
9291,Imran Siddiqui,Rawalpindi,Pakistan,2022-10-10
9292,Hassan Mirza,Toronto,Canada,2023-09-29
9293,Danish Memon,Lahore,Pakistan,2023-02-24
9294,Ahmed Ali,Hyderabad,Pakistan,2023-04-29
9295,Usman Ahmed,Multan,Pakistan,2022-04-29
9296,Zainab Qureshi,New York,USA,2026-02-08
9297,Maham Ali,Multan,Pakistan,2024-03-12
9298,Sara Iqbal,Toronto,Canada,2025-06-12
9299,Hassan Hussain,Doha,Qatar,2024-09-05
9300,Zainab Ali,Sukkur,Pakistan,2022-12-21
9301,Bilal Buriro,Multan,Pakistan,2022-10-11
9302,Fahad Qureshi,Quetta,Pakistan,2026-06-26
9303,Hassan Shah,Dubai,UAE,2021-02-19
9304,Danish Raza,Lahore,Pakistan,2022-08-24
9305,Ayesha Khan,New York,USA,2025-02-08
9306,Maham Siddiqui,Faisalabad,Pakistan,2024-01-18
9307,Zainab Mirza,New York,USA,2024-06-10
9308,Sana Chaudhry,Sukkur,Pakistan,2021-02-13
9309,Sana Qureshi,New York,USA,2022-03-23
9310,Imran Hussain,Lahore,Pakistan,2024-05-06
9311,Maham Shah,Karachi,Pakistan,2022-10-04
9312,Hira Raza,Lahore,Pakistan,2023-08-17
9313,Hassan Shah,Toronto,Canada,2026-05-05
9314,Imran Raza,Doha,Qatar,2024-07-24
9315,Maham Ahmed,Doha,Qatar,2024-07-08
9316,Usman Iqbal,Hyderabad,Pakistan,2022-02-05
9317,Ayesha Chaudhry,Rawalpindi,Pakistan,2024-04-28
9318,Danish Qureshi,Multan,Pakistan,2026-05-11
9319,Imran Buriro,New York,USA,2024-07-27
9320,Hassan Ali,Rawalpindi,Pakistan,2025-05-20
9321,Hassan Buriro,Quetta,Pakistan,2026-04-30
9322,Hassan Malik,Sukkur,Pakistan,2026-01-11
9323,Ayesha Ahmed,Multan,Pakistan,2022-11-24
9324,Hamza Memon,Peshawar,Pakistan,2022-08-26
9325,Saad Sheikh,Sukkur,Pakistan,2022-07-27
9326,Sara Sheikh,London,UK,2025-04-19
9327,Fatima Sheikh,Islamabad,Pakistan,2023-02-07
9328,Saad Khan,Peshawar,Pakistan,2025-08-04
9329,Zainab Khan,Islamabad,Pakistan,2025-06-21
9330,Fahad Hussain,Karachi,Pakistan,2024-09-19
9331,Ali Hussain,Sukkur,Pakistan,2021-09-04
9332,Ayesha Khan,Peshawar,Pakistan,2024-12-21
9333,Saad Qureshi,Rawalpindi,Pakistan,2022-02-26
9334,Ali Hussain,Karachi,Pakistan,2024-02-01
9335,Omar Hussain,Doha,Qatar,2022-04-11
9336,Hussain Mirza,New York,USA,2021-05-07
9337,Ayesha Siddiqui,Doha,Qatar,2024-07-20
9338,Danish Raza,Lahore,Pakistan,2023-07-09
9339,Ali Raza,Karachi,Pakistan,2024-07-31
9340,Maryam Malik,Rawalpindi,Pakistan,2023-09-27
9341,Hussain Khan,Lahore,Pakistan,2023-01-28
9342,Danish Khan,Faisalabad,Pakistan,2021-02-01
9343,Sana Mirza,Sukkur,Pakistan,2022-07-17
9344,Omar Shah,Islamabad,Pakistan,2025-11-30
9345,Sara Hussain,Multan,Pakistan,2025-03-18
9346,Ali Raza,Quetta,Pakistan,2023-08-04
9347,Ali Qureshi,Hyderabad,Pakistan,2021-03-06
9348,Hamza Mirza,Faisalabad,Pakistan,2026-07-01
9349,Saad Memon,Quetta,Pakistan,2025-02-14
9350,Sara Khan,Doha,Qatar,2021-02-15
9351,Ahmed Buriro,Hyderabad,Pakistan,2022-03-05
9352,Ayesha Sheikh,Lahore,Pakistan,2021-12-13
9353,Hira Qureshi,Toronto,Canada,2026-01-14
9354,Hira Memon,Quetta,Pakistan,2026-04-29
9355,Usman Memon,Peshawar,Pakistan,2023-04-24
9356,Hussain Malik,Dubai,UAE,2021-12-29
9357,Maham Iqbal,Doha,Qatar,2024-08-02
9358,Ahmed Hussain,Lahore,Pakistan,2022-07-10
9359,Sana Hussain,New York,USA,2021-09-04
9360,Maham Ali,Sukkur,Pakistan,2022-06-12
9361,Sara Malik,Quetta,Pakistan,2022-06-02
9362,Hussain Siddiqui,New York,USA,2021-04-20
9363,Ali Hussain,Hyderabad,Pakistan,2024-11-28
9364,Sana Sheikh,London,UK,2022-12-19
9365,Ali Buriro,Quetta,Pakistan,2024-01-27
9366,Ali Shah,Doha,Qatar,2024-01-27
9367,Omar Memon,Peshawar,Pakistan,2025-04-20
9368,Ayesha Mirza,Dubai,UAE,2025-04-03
9369,Imran Buriro,Peshawar,Pakistan,2024-02-23
9370,Ali Buriro,Multan,Pakistan,2025-09-04
9371,Usman Chaudhry,Multan,Pakistan,2024-03-06
9372,Saad Ali,Toronto,Canada,2021-02-23
9373,Ahmed Memon,New York,USA,2025-10-16
9374,Hassan Iqbal,Rawalpindi,Pakistan,2025-04-18
9375,Zainab Raza,New York,USA,2023-05-16
9376,Fahad Shah,Quetta,Pakistan,2023-02-27
9377,Sana Iqbal,Lahore,Pakistan,2025-12-30
9378,Ali Ahmed,London,UK,2023-05-18
9379,Hassan Qureshi,Islamabad,Pakistan,2023-01-29
9380,Hassan Ahmed,Toronto,Canada,2025-02-01
9381,Fahad Siddiqui,Faisalabad,Pakistan,2022-11-01
9382,Omar Siddiqui,Toronto,Canada,2023-04-04
9383,Saad Sheikh,Peshawar,Pakistan,2025-05-08
9384,Fatima Chaudhry,Lahore,Pakistan,2022-04-01
9385,Ali Sheikh,London,UK,2021-01-24
9386,Sara Sheikh,Dubai,UAE,2022-11-17
9387,Fahad Chaudhry,Hyderabad,Pakistan,2021-12-17
9388,Hamza Mirza,Rawalpindi,Pakistan,2023-01-08
9389,Usman Shah,New York,USA,2021-05-27
9390,Saad Khan,London,UK,2024-04-16
9391,Omar Hussain,Hyderabad,Pakistan,2023-11-10
9392,Ayesha Mirza,Dubai,UAE,2022-07-09
9393,Bilal Raza,Rawalpindi,Pakistan,2024-07-04
9394,Hassan Shah,Islamabad,Pakistan,2021-01-22
9395,Hussain Buriro,Sukkur,Pakistan,2023-08-30
9396,Usman Memon,New York,USA,2021-11-26
9397,Hamza Raza,Toronto,Canada,2025-10-11
9398,Fahad Mirza,Faisalabad,Pakistan,2022-09-09
9399,Ali Buriro,Islamabad,Pakistan,2023-05-24
9400,Saad Memon,Quetta,Pakistan,2022-08-23
9401,Hussain Hussain,Dubai,UAE,2023-06-03
9402,Maryam Hussain,Doha,Qatar,2021-07-17
9403,Ayesha Sheikh,Lahore,Pakistan,2026-03-19
9404,Hira Siddiqui,Sukkur,Pakistan,2021-12-19
9405,Maham Memon,Peshawar,Pakistan,2023-03-18
9406,Hamza Hussain,Quetta,Pakistan,2025-09-23
9407,Maham Sheikh,Lahore,Pakistan,2023-05-20
9408,Sara Ali,Karachi,Pakistan,2024-11-28
9409,Omar Memon,Sukkur,Pakistan,2021-05-20
9410,Fahad Hussain,Islamabad,Pakistan,2022-08-27
9411,Hira Qureshi,Sukkur,Pakistan,2025-03-29
9412,Sara Qureshi,Karachi,Pakistan,2022-06-21
9413,Ahmed Shah,New York,USA,2023-04-24
9414,Maryam Iqbal,Hyderabad,Pakistan,2021-06-13
9415,Fatima Mirza,Faisalabad,Pakistan,2023-10-26
9416,Maham Raza,Multan,Pakistan,2022-12-13
9417,Danish Siddiqui,Faisalabad,Pakistan,2025-10-20
9418,Ayesha Buriro,Peshawar,Pakistan,2023-03-23
9419,Maryam Sheikh,Sukkur,Pakistan,2025-08-13
9420,Ayesha Iqbal,Dubai,UAE,2026-01-17
9421,Ahmed Khan,Doha,Qatar,2025-09-06
9422,Fatima Khan,Islamabad,Pakistan,2025-02-23
9423,Hamza Raza,Toronto,Canada,2024-04-05
9424,Ayesha Shah,Sukkur,Pakistan,2023-09-04
9425,Bilal Hussain,Hyderabad,Pakistan,2021-06-15
9426,Saad Buriro,Toronto,Canada,2021-10-02
9427,Zainab Ahmed,Dubai,UAE,2023-02-14
9428,Usman Siddiqui,Islamabad,Pakistan,2024-08-30
9429,Usman Memon,Islamabad,Pakistan,2021-01-11
9430,Omar Mirza,Sukkur,Pakistan,2026-03-23
9431,Bilal Sheikh,Dubai,UAE,2026-07-17
9432,Sara Shah,Karachi,Pakistan,2021-06-09
9433,Maham Raza,Sukkur,Pakistan,2021-07-16
9434,Maryam Siddiqui,Peshawar,Pakistan,2025-09-26
9435,Imran Buriro,Doha,Qatar,2022-02-12
9436,Hussain Raza,London,UK,2022-01-03
9437,Imran Malik,Toronto,Canada,2022-01-17
9438,Zainab Buriro,Karachi,Pakistan,2021-09-28
9439,Bilal Sheikh,London,UK,2022-01-10
9440,Sana Ahmed,Multan,Pakistan,2023-03-22
9441,Hussain Raza,Quetta,Pakistan,2024-05-07
9442,Hussain Iqbal,Toronto,Canada,2026-07-11
9443,Zainab Memon,Toronto,Canada,2022-04-30
9444,Omar Malik,Rawalpindi,Pakistan,2022-06-04
9445,Fatima Memon,Rawalpindi,Pakistan,2024-01-09
9446,Omar Malik,Dubai,UAE,2023-05-02
9447,Hassan Raza,Toronto,Canada,2024-05-08
9448,Hira Sheikh,Sukkur,Pakistan,2022-05-18
9449,Bilal Shah,Karachi,Pakistan,2024-06-14
9450,Omar Qureshi,Islamabad,Pakistan,2026-03-02
9451,Usman Iqbal,London,UK,2024-10-23
9452,Hamza Shah,London,UK,2025-02-07
9453,Maryam Mirza,Toronto,Canada,2021-05-21
9454,Fatima Memon,Peshawar,Pakistan,2026-01-13
9455,Ahmed Sheikh,Faisalabad,Pakistan,2024-12-04
9456,Ahmed Ahmed,Lahore,Pakistan,2024-07-02
9457,Sana Shah,London,UK,2021-11-12
9458,Ali Ahmed,Doha,Qatar,2024-02-03
9459,Maham Raza,Karachi,Pakistan,2024-10-11
9460,Omar Iqbal,Peshawar,Pakistan,2024-06-24
9461,Omar Chaudhry,Multan,Pakistan,2021-03-25
9462,Hamza Khan,London,UK,2023-09-05
9463,Hassan Malik,London,UK,2025-01-01
9464,Hussain Ahmed,Rawalpindi,Pakistan,2023-02-28
9465,Omar Iqbal,Doha,Qatar,2024-11-02
9466,Usman Shah,Islamabad,Pakistan,2026-05-26
9467,Saad Shah,London,UK,2025-12-18
9468,Danish Hussain,London,UK,2024-07-09
9469,Imran Raza,Islamabad,Pakistan,2025-01-24
9470,Sana Shah,Dubai,UAE,2021-06-29
9471,Sana Memon,Hyderabad,Pakistan,2021-06-23
9472,Saad Ali,Hyderabad,Pakistan,2024-11-29
9473,Hussain Khan,Lahore,Pakistan,2025-06-21
9474,Maham Ali,London,UK,2022-01-31
9475,Imran Qureshi,New York,USA,2024-04-22
9476,Bilal Iqbal,Peshawar,Pakistan,2022-08-07
9477,Sara Raza,London,UK,2021-08-10
9478,Fahad Buriro,Multan,Pakistan,2023-02-11
9479,Maryam Malik,Quetta,Pakistan,2023-07-02
9480,Saad Memon,London,UK,2025-05-01
9481,Imran Iqbal,Faisalabad,Pakistan,2025-10-28
9482,Zainab Qureshi,Sukkur,Pakistan,2026-04-09
9483,Imran Iqbal,Islamabad,Pakistan,2021-08-01
9484,Hassan Hussain,Peshawar,Pakistan,2026-02-27
9485,Maryam Buriro,New York,USA,2023-11-22
9486,Saad Shah,London,UK,2021-12-14
9487,Saad Hussain,Hyderabad,Pakistan,2024-08-12
9488,Ahmed Sheikh,Quetta,Pakistan,2021-05-04
9489,Hassan Iqbal,Sukkur,Pakistan,2023-07-30
9490,Maham Chaudhry,Doha,Qatar,2025-08-16
9491,Maryam Qureshi,New York,USA,2022-08-11
9492,Ayesha Iqbal,New York,USA,2021-12-22
9493,Hussain Chaudhry,London,UK,2024-04-02
9494,Ayesha Raza,Multan,Pakistan,2021-11-17
9495,Hira Ali,Multan,Pakistan,2026-06-18
9496,Hassan Ahmed,Faisalabad,Pakistan,2022-10-31
9497,Maham Ali,Faisalabad,Pakistan,2022-01-15
9498,Maryam Ali,Doha,Qatar,2022-05-01
9499,Maham Iqbal,Toronto,Canada,2023-02-03
9500,Ayesha Shah,Toronto,Canada,2025-02-20
9501,Ayesha Memon,Sukkur,Pakistan,2025-11-04
9502,Sara Hussain,Islamabad,Pakistan,2025-02-09
9503,Sana Hussain,Islamabad,Pakistan,2024-08-17
9504,Usman Shah,Hyderabad,Pakistan,2022-07-05
9505,Imran Raza,Sukkur,Pakistan,2026-03-26
9506,Fahad Hussain,Multan,Pakistan,2026-07-31
9507,Fatima Raza,Sukkur,Pakistan,2024-07-11
9508,Hira Ahmed,Toronto,Canada,2025-05-15
9509,Fatima Memon,Multan,Pakistan,2022-09-11
9510,Ahmed Ali,Toronto,Canada,2023-07-01
9511,Hussain Raza,Peshawar,Pakistan,2025-06-29
9512,Usman Siddiqui,New York,USA,2023-05-15
9513,Hassan Shah,Karachi,Pakistan,2025-03-28
9514,Ali Mirza,Hyderabad,Pakistan,2025-10-19
9515,Fatima Ahmed,Toronto,Canada,2026-03-18
9516,Zainab Chaudhry,Toronto,Canada,2022-08-18
9517,Danish Chaudhry,Quetta,Pakistan,2023-08-29
9518,Ayesha Qureshi,Karachi,Pakistan,2023-02-26
9519,Hamza Malik,Karachi,Pakistan,2023-10-22
9520,Imran Ahmed,Faisalabad,Pakistan,2025-02-22
9521,Fahad Chaudhry,Toronto,Canada,2022-10-22
9522,Danish Hussain,Multan,Pakistan,2022-04-20
9523,Fahad Khan,Toronto,Canada,2022-07-02
9524,Danish Sheikh,Quetta,Pakistan,2025-04-11
9525,Saad Ali,Islamabad,Pakistan,2026-07-24
9526,Imran Raza,Quetta,Pakistan,2021-07-30
9527,Hassan Sheikh,Multan,Pakistan,2026-06-15
9528,Ali Ali,Rawalpindi,Pakistan,2021-03-07
9529,Zainab Mirza,Dubai,UAE,2023-12-16
9530,Hassan Shah,Rawalpindi,Pakistan,2021-09-30
9531,Omar Raza,Toronto,Canada,2026-05-01
9532,Ali Hussain,New York,USA,2025-04-02
9533,Fatima Iqbal,London,UK,2022-12-27
9534,Hamza Sheikh,Lahore,Pakistan,2024-10-30
9535,Ahmed Chaudhry,Doha,Qatar,2025-09-29
9536,Danish Qureshi,Peshawar,Pakistan,2022-03-20
9537,Fatima Mirza,Dubai,UAE,2024-07-17
9538,Bilal Shah,Islamabad,Pakistan,2022-09-03
9539,Usman Memon,London,UK,2025-01-01
9540,Usman Ali,Hyderabad,Pakistan,2024-03-02
9541,Hussain Iqbal,Dubai,UAE,2025-01-03
9542,Fahad Iqbal,Hyderabad,Pakistan,2024-07-21
9543,Bilal Siddiqui,Toronto,Canada,2024-07-19
9544,Fatima Sheikh,Dubai,UAE,2021-06-22
9545,Ali Raza,Faisalabad,Pakistan,2025-10-04
9546,Ali Malik,Faisalabad,Pakistan,2021-12-16
9547,Bilal Memon,Karachi,Pakistan,2023-03-10
9548,Fahad Memon,Hyderabad,Pakistan,2023-11-08
9549,Ayesha Sheikh,London,UK,2025-09-27
9550,Zainab Ahmed,New York,USA,2024-07-06
9551,Saad Chaudhry,Doha,Qatar,2022-01-09
9552,Usman Ali,Lahore,Pakistan,2022-08-07
9553,Hussain Hussain,Rawalpindi,Pakistan,2022-02-12
9554,Ali Ali,London,UK,2024-04-19
9555,Maryam Ahmed,Multan,Pakistan,2025-01-01
9556,Ahmed Khan,Rawalpindi,Pakistan,2024-12-16
9557,Sara Qureshi,Hyderabad,Pakistan,2025-03-09
9558,Bilal Hussain,Toronto,Canada,2024-12-01
9559,Hussain Sheikh,New York,USA,2026-01-13
9560,Fatima Memon,Karachi,Pakistan,2026-01-22
9561,Maryam Memon,New York,USA,2022-07-14
9562,Usman Ahmed,Quetta,Pakistan,2022-09-13
9563,Zainab Khan,New York,USA,2021-04-25
9564,Fatima Hussain,Sukkur,Pakistan,2022-06-29
9565,Danish Hussain,Dubai,UAE,2023-11-01
9566,Saad Raza,Quetta,Pakistan,2024-09-04
9567,Ayesha Shah,London,UK,2025-11-19
9568,Hira Mirza,New York,USA,2024-04-25
9569,Hamza Ali,Peshawar,Pakistan,2026-06-03
9570,Ali Hussain,Lahore,Pakistan,2024-02-02
9571,Hira Ali,Lahore,Pakistan,2025-10-15
9572,Ali Hussain,Faisalabad,Pakistan,2025-07-05
9573,Omar Siddiqui,Peshawar,Pakistan,2023-09-26
9574,Bilal Memon,New York,USA,2025-11-14
9575,Sara Khan,Karachi,Pakistan,2025-10-26
9576,Ahmed Raza,Toronto,Canada,2022-09-29
9577,Maryam Ahmed,Karachi,Pakistan,2022-03-13
9578,Hussain Memon,Peshawar,Pakistan,2021-09-05
9579,Fatima Ali,Faisalabad,Pakistan,2026-02-21
9580,Maryam Ali,Quetta,Pakistan,2023-06-21
9581,Usman Memon,Karachi,Pakistan,2024-03-01
9582,Usman Khan,London,UK,2022-07-12
9583,Saad Shah,Islamabad,Pakistan,2023-03-05
9584,Zainab Mirza,London,UK,2023-04-01
9585,Saad Mirza,Quetta,Pakistan,2024-03-31
9586,Hamza Mirza,Toronto,Canada,2021-12-23
9587,Ali Malik,Doha,Qatar,2025-05-17
9588,Hussain Sheikh,New York,USA,2023-03-08
9589,Fahad Buriro,Faisalabad,Pakistan,2022-05-05
9590,Saad Ahmed,Faisalabad,Pakistan,2021-01-30
9591,Maham Memon,Sukkur,Pakistan,2021-07-27
9592,Fatima Ali,Sukkur,Pakistan,2022-07-03
9593,Hassan Chaudhry,London,UK,2025-02-03
9594,Bilal Hussain,Peshawar,Pakistan,2025-10-09
9595,Imran Sheikh,Faisalabad,Pakistan,2026-04-26
9596,Usman Sheikh,Lahore,Pakistan,2024-07-22
9597,Usman Ahmed,Islamabad,Pakistan,2022-07-01
9598,Danish Qureshi,New York,USA,2021-10-18
9599,Hira Memon,Doha,Qatar,2024-01-12
9600,Zainab Raza,Sukkur,Pakistan,2024-08-04
9601,Hussain Sheikh,Multan,Pakistan,2025-03-31
9602,Maham Ahmed,Karachi,Pakistan,2021-08-26
9603,Usman Memon,Karachi,Pakistan,2025-03-03
9604,Saad Qureshi,Dubai,UAE,2022-09-11
9605,Danish Ahmed,Sukkur,Pakistan,2022-07-22
9606,Sana Iqbal,Hyderabad,Pakistan,2021-03-06
9607,Ayesha Sheikh,Islamabad,Pakistan,2022-02-21
9608,Hussain Sheikh,Lahore,Pakistan,2023-09-21
9609,Sana Iqbal,Dubai,UAE,2022-01-21
9610,Usman Qureshi,Sukkur,Pakistan,2022-10-17
9611,Maryam Iqbal,Hyderabad,Pakistan,2023-12-17
9612,Usman Memon,Dubai,UAE,2021-07-18
9613,Fahad Hussain,New York,USA,2025-11-19
9614,Ayesha Shah,Peshawar,Pakistan,2022-09-22
9615,Bilal Khan,Rawalpindi,Pakistan,2025-03-28
9616,Hussain Siddiqui,Karachi,Pakistan,2024-08-12
9617,Hassan Khan,London,UK,2022-08-13
9618,Hira Ali,Quetta,Pakistan,2021-12-17
9619,Hassan Raza,Multan,Pakistan,2021-10-19
9620,Imran Memon,Karachi,Pakistan,2022-04-13
9621,Ali Ahmed,New York,USA,2024-01-16
9622,Sara Memon,Toronto,Canada,2024-06-26
9623,Omar Iqbal,Peshawar,Pakistan,2025-03-16
9624,Fahad Buriro,Hyderabad,Pakistan,2026-05-19
9625,Sara Buriro,Sukkur,Pakistan,2025-08-19
9626,Hassan Memon,Toronto,Canada,2022-12-29
9627,Imran Shah,Quetta,Pakistan,2023-08-21
9628,Ali Qureshi,Karachi,Pakistan,2026-05-01
9629,Bilal Iqbal,Islamabad,Pakistan,2024-12-20
9630,Ayesha Hussain,Lahore,Pakistan,2023-04-30
9631,Saad Buriro,Faisalabad,Pakistan,2025-08-26
9632,Sara Iqbal,Faisalabad,Pakistan,2024-10-03
9633,Hira Shah,Quetta,Pakistan,2026-04-18
9634,Sara Malik,London,UK,2023-12-11
9635,Hamza Hussain,Lahore,Pakistan,2024-06-03
9636,Hamza Khan,Doha,Qatar,2021-05-03
9637,Saad Raza,Rawalpindi,Pakistan,2024-05-17
9638,Hira Mirza,Peshawar,Pakistan,2022-08-15
9639,Maryam Hussain,Rawalpindi,Pakistan,2026-07-20
9640,Maham Malik,Multan,Pakistan,2022-10-14
9641,Danish Memon,New York,USA,2022-10-02
9642,Hussain Ahmed,Karachi,Pakistan,2023-03-17
9643,Fahad Chaudhry,Peshawar,Pakistan,2024-11-21
9644,Saad Ali,Quetta,Pakistan,2026-04-22
9645,Fahad Mirza,Quetta,Pakistan,2022-12-07
9646,Maham Sheikh,Multan,Pakistan,2022-03-02
9647,Zainab Siddiqui,Multan,Pakistan,2025-04-08
9648,Ali Sheikh,Toronto,Canada,2024-01-09
9649,Usman Shah,Rawalpindi,Pakistan,2023-07-16
9650,Ahmed Siddiqui,Peshawar,Pakistan,2026-07-14
9651,Ali Mirza,Multan,Pakistan,2023-10-08
9652,Fahad Mirza,London,UK,2024-06-15
9653,Hamza Ahmed,New York,USA,2026-06-24
9654,Zainab Memon,New York,USA,2022-03-02
9655,Ali Mirza,Lahore,Pakistan,2026-01-14
9656,Ayesha Mirza,Lahore,Pakistan,2026-05-11
9657,Ahmed Siddiqui,Multan,Pakistan,2023-08-18
9658,Fatima Khan,Faisalabad,Pakistan,2022-11-17
9659,Sara Chaudhry,Karachi,Pakistan,2021-11-28
9660,Zainab Qureshi,Toronto,Canada,2021-04-08
9661,Maryam Qureshi,Toronto,Canada,2026-06-29
9662,Omar Buriro,Faisalabad,Pakistan,2023-05-30
9663,Sana Shah,London,UK,2024-09-23
9664,Ayesha Mirza,Quetta,Pakistan,2022-05-06
9665,Zainab Ali,Sukkur,Pakistan,2022-10-22
9666,Fahad Buriro,Toronto,Canada,2025-07-27
9667,Bilal Iqbal,Lahore,Pakistan,2024-08-30
9668,Saad Iqbal,Rawalpindi,Pakistan,2022-03-25
9669,Omar Chaudhry,Faisalabad,Pakistan,2021-01-12
9670,Danish Chaudhry,Toronto,Canada,2025-07-29
9671,Zainab Malik,Quetta,Pakistan,2021-06-13
9672,Usman Iqbal,Multan,Pakistan,2021-03-15
9673,Zainab Chaudhry,Karachi,Pakistan,2022-09-04
9674,Sana Raza,Quetta,Pakistan,2026-03-09
9675,Ahmed Siddiqui,Hyderabad,Pakistan,2024-08-06
9676,Sana Ali,Hyderabad,Pakistan,2021-03-27
9677,Hussain Raza,Doha,Qatar,2026-02-12
9678,Usman Memon,Peshawar,Pakistan,2026-03-28
9679,Fatima Siddiqui,Islamabad,Pakistan,2024-11-21
9680,Hassan Siddiqui,Karachi,Pakistan,2021-05-31
9681,Zainab Raza,Multan,Pakistan,2021-01-30
9682,Bilal Khan,Karachi,Pakistan,2025-08-04
9683,Imran Iqbal,Faisalabad,Pakistan,2025-08-22
9684,Imran Malik,Faisalabad,Pakistan,2023-09-19
9685,Maryam Ahmed,Toronto,Canada,2024-04-26
9686,Imran Khan,Multan,Pakistan,2021-12-19
9687,Fatima Mirza,Hyderabad,Pakistan,2021-03-15
9688,Sara Mirza,Sukkur,Pakistan,2022-03-27
9689,Fatima Ali,Sukkur,Pakistan,2024-06-19
9690,Ali Ahmed,Karachi,Pakistan,2023-03-31
9691,Ahmed Siddiqui,Lahore,Pakistan,2024-06-13
9692,Ahmed Ahmed,Islamabad,Pakistan,2023-06-18
9693,Ayesha Buriro,London,UK,2024-02-10
9694,Hira Khan,Rawalpindi,Pakistan,2026-04-23
9695,Imran Raza,Doha,Qatar,2024-07-11
9696,Hamza Qureshi,Faisalabad,Pakistan,2026-04-29
9697,Danish Siddiqui,Doha,Qatar,2026-05-28
9698,Usman Siddiqui,Rawalpindi,Pakistan,2024-06-12
9699,Ahmed Ahmed,Faisalabad,Pakistan,2026-07-22
9700,Hamza Shah,Islamabad,Pakistan,2022-05-23
9701,Hamza Khan,New York,USA,2023-11-27
9702,Maryam Ali,Quetta,Pakistan,2021-06-02
9703,Usman Iqbal,Lahore,Pakistan,2021-07-07
9704,Ali Malik,London,UK,2021-09-27
9705,Zainab Malik,Toronto,Canada,2021-10-01
9706,Hamza Ali,Dubai,UAE,2023-04-17
9707,Ayesha Buriro,New York,USA,2025-01-08
9708,Sana Chaudhry,Hyderabad,Pakistan,2026-07-03
9709,Hira Buriro,Faisalabad,Pakistan,2026-06-25
9710,Ayesha Hussain,New York,USA,2021-12-31
9711,Sana Mirza,Sukkur,Pakistan,2023-06-08
9712,Zainab Siddiqui,Sukkur,Pakistan,2023-05-30
9713,Ahmed Mirza,London,UK,2021-07-19
9714,Ayesha Buriro,Sukkur,Pakistan,2021-03-22
9715,Hira Khan,Lahore,Pakistan,2022-12-21
9716,Hira Sheikh,Rawalpindi,Pakistan,2025-10-12
9717,Usman Shah,London,UK,2023-02-24
9718,Maryam Ali,Rawalpindi,Pakistan,2023-02-21
9719,Maryam Mirza,Sukkur,Pakistan,2026-07-25
9720,Ahmed Khan,Peshawar,Pakistan,2023-02-09
9721,Ahmed Memon,Sukkur,Pakistan,2024-10-31
9722,Danish Iqbal,Rawalpindi,Pakistan,2026-06-24
9723,Ali Sheikh,Hyderabad,Pakistan,2021-08-29
9724,Ali Qureshi,Dubai,UAE,2023-11-07
9725,Hamza Hussain,Islamabad,Pakistan,2022-11-18
9726,Imran Mirza,Hyderabad,Pakistan,2021-08-31
9727,Ahmed Shah,Doha,Qatar,2021-04-09
9728,Bilal Shah,Islamabad,Pakistan,2024-08-13
9729,Omar Hussain,Quetta,Pakistan,2024-08-23
9730,Sara Iqbal,Islamabad,Pakistan,2024-02-20
9731,Sara Malik,Dubai,UAE,2024-10-03
9732,Hussain Qureshi,Lahore,Pakistan,2025-01-05
9733,Maham Iqbal,Quetta,Pakistan,2021-04-28
9734,Omar Ahmed,Faisalabad,Pakistan,2021-03-11
9735,Ali Ali,Dubai,UAE,2022-11-15
9736,Maryam Raza,Karachi,Pakistan,2024-03-04
9737,Maryam Khan,Peshawar,Pakistan,2026-01-14
9738,Ayesha Ahmed,Quetta,Pakistan,2026-06-20
9739,Hamza Hussain,Rawalpindi,Pakistan,2025-08-13
9740,Bilal Hussain,Hyderabad,Pakistan,2022-08-17
9741,Bilal Sheikh,Dubai,UAE,2024-03-16
9742,Fatima Qureshi,Quetta,Pakistan,2021-08-25
9743,Hassan Raza,Quetta,Pakistan,2023-09-15
9744,Saad Hussain,Doha,Qatar,2021-07-21
9745,Sara Mirza,Faisalabad,Pakistan,2026-07-17
9746,Ali Buriro,Toronto,Canada,2023-07-09
9747,Usman Hussain,Doha,Qatar,2025-01-11
9748,Saad Chaudhry,Quetta,Pakistan,2021-08-01
9749,Ayesha Mirza,Rawalpindi,Pakistan,2026-04-26
9750,Maryam Ali,Faisalabad,Pakistan,2023-12-05
9751,Usman Iqbal,Karachi,Pakistan,2021-05-26
9752,Imran Chaudhry,Dubai,UAE,2023-01-22
9753,Omar Malik,Hyderabad,Pakistan,2022-03-09
9754,Danish Khan,Toronto,Canada,2021-05-21
9755,Fahad Hussain,Sukkur,Pakistan,2021-03-05
9756,Maryam Siddiqui,Peshawar,Pakistan,2024-12-22
9757,Saad Buriro,Islamabad,Pakistan,2025-11-04
9758,Ahmed Sheikh,Lahore,Pakistan,2024-09-07
9759,Fahad Ali,Dubai,UAE,2024-11-15
9760,Sara Shah,London,UK,2021-03-18
9761,Zainab Chaudhry,Rawalpindi,Pakistan,2021-12-29
9762,Fatima Khan,Karachi,Pakistan,2021-03-11
9763,Ali Buriro,Hyderabad,Pakistan,2026-06-09
9764,Imran Malik,London,UK,2025-02-12
9765,Imran Siddiqui,Quetta,Pakistan,2026-05-02
9766,Ahmed Sheikh,Lahore,Pakistan,2026-01-19
9767,Saad Shah,Lahore,Pakistan,2022-04-03
9768,Saad Hussain,Lahore,Pakistan,2023-11-09
9769,Omar Memon,London,UK,2024-08-11
9770,Ayesha Ali,London,UK,2025-02-20
9771,Fahad Qureshi,Faisalabad,Pakistan,2024-09-23
9772,Sana Buriro,Dubai,UAE,2023-07-13
9773,Ahmed Memon,Karachi,Pakistan,2021-01-09
9774,Omar Raza,Quetta,Pakistan,2026-03-29
9775,Fatima Buriro,Hyderabad,Pakistan,2024-11-04
9776,Hussain Ali,New York,USA,2025-09-01
9777,Ayesha Ali,Peshawar,Pakistan,2022-03-28
9778,Usman Hussain,New York,USA,2021-08-06
9779,Danish Memon,Quetta,Pakistan,2026-01-11
9780,Hamza Mirza,Faisalabad,Pakistan,2025-07-01
9781,Ayesha Ahmed,Doha,Qatar,2025-09-05
9782,Maham Sheikh,Doha,Qatar,2023-06-17
9783,Omar Hussain,Faisalabad,Pakistan,2026-01-19
9784,Sara Shah,Multan,Pakistan,2022-04-02
9785,Hassan Sheikh,Sukkur,Pakistan,2025-03-24
9786,Ahmed Hussain,Islamabad,Pakistan,2023-10-05
9787,Ayesha Shah,Multan,Pakistan,2021-12-03
9788,Sana Qureshi,New York,USA,2025-01-02
9789,Omar Shah,Toronto,Canada,2023-01-05
9790,Hira Chaudhry,Faisalabad,Pakistan,2021-11-20
9791,Maryam Shah,Multan,Pakistan,2024-12-15
9792,Danish Ali,Toronto,Canada,2025-04-22
9793,Bilal Khan,Rawalpindi,Pakistan,2022-10-21
9794,Danish Khan,Karachi,Pakistan,2026-05-25
9795,Zainab Ahmed,Lahore,Pakistan,2024-12-18
9796,Usman Hussain,Lahore,Pakistan,2021-02-15
9797,Danish Khan,Toronto,Canada,2026-06-09
9798,Hussain Malik,Karachi,Pakistan,2021-12-29
9799,Imran Khan,Hyderabad,Pakistan,2026-04-28
9800,Hussain Siddiqui,Sukkur,Pakistan,2023-11-23
9801,Hamza Khan,Sukkur,Pakistan,2024-10-08
9802,Zainab Hussain,New York,USA,2024-10-30
9803,Hussain Memon,Doha,Qatar,2023-11-09
9804,Ahmed Memon,Faisalabad,Pakistan,2023-11-21
9805,Bilal Shah,Rawalpindi,Pakistan,2024-03-02
9806,Hussain Chaudhry,Lahore,Pakistan,2024-08-01
9807,Zainab Memon,Toronto,Canada,2025-02-12
9808,Usman Khan,Multan,Pakistan,2023-06-07
9809,Ali Siddiqui,Toronto,Canada,2025-05-06
9810,Hamza Buriro,Multan,Pakistan,2025-03-24
9811,Maham Malik,London,UK,2024-08-17
9812,Ayesha Qureshi,Sukkur,Pakistan,2023-07-29
9813,Hira Hussain,Dubai,UAE,2024-03-17
9814,Hira Khan,Sukkur,Pakistan,2024-03-09
9815,Hamza Iqbal,Hyderabad,Pakistan,2023-06-07
9816,Hamza Ahmed,Lahore,Pakistan,2021-12-30
9817,Hussain Khan,Karachi,Pakistan,2023-12-28
9818,Maham Khan,Faisalabad,Pakistan,2023-06-22
9819,Sana Qureshi,Toronto,Canada,2026-05-02
9820,Ahmed Chaudhry,Sukkur,Pakistan,2024-09-20
9821,Sara Mirza,Dubai,UAE,2021-08-20
9822,Imran Chaudhry,Rawalpindi,Pakistan,2022-02-21
9823,Sara Raza,Peshawar,Pakistan,2024-03-10
9824,Hira Siddiqui,Faisalabad,Pakistan,2025-10-19
9825,Hussain Qureshi,Islamabad,Pakistan,2023-09-17
9826,Fatima Khan,Sukkur,Pakistan,2025-07-14
9827,Danish Chaudhry,Multan,Pakistan,2023-12-12
9828,Ayesha Sheikh,Faisalabad,Pakistan,2025-08-14
9829,Danish Siddiqui,Quetta,Pakistan,2025-09-23
9830,Hira Sheikh,Karachi,Pakistan,2022-05-05
9831,Bilal Buriro,Doha,Qatar,2024-09-29
9832,Hussain Shah,Rawalpindi,Pakistan,2021-03-22
9833,Hira Memon,Dubai,UAE,2021-10-15
9834,Saad Memon,London,UK,2026-01-09
9835,Ali Mirza,Islamabad,Pakistan,2025-02-18
9836,Ayesha Khan,Rawalpindi,Pakistan,2022-02-26
9837,Sana Ahmed,Faisalabad,Pakistan,2026-07-23
9838,Ayesha Sheikh,New York,USA,2026-07-17
9839,Ahmed Mirza,Sukkur,Pakistan,2021-03-25
9840,Zainab Iqbal,Peshawar,Pakistan,2021-02-22
9841,Fatima Raza,New York,USA,2022-05-15
9842,Danish Shah,Peshawar,Pakistan,2025-06-07
9843,Imran Ahmed,Toronto,Canada,2024-05-03
9844,Saad Hussain,London,UK,2023-11-11
9845,Zainab Shah,Islamabad,Pakistan,2023-04-27
9846,Sana Raza,Multan,Pakistan,2023-09-05
9847,Saad Mirza,Karachi,Pakistan,2021-05-10
9848,Fatima Qureshi,Rawalpindi,Pakistan,2024-04-10
9849,Omar Qureshi,Karachi,Pakistan,2022-03-27
9850,Ali Khan,Lahore,Pakistan,2025-05-25
9851,Maham Shah,Karachi,Pakistan,2022-02-03
9852,Ayesha Memon,Dubai,UAE,2021-05-25
9853,Maryam Qureshi,Faisalabad,Pakistan,2023-06-05
9854,Maham Ahmed,Peshawar,Pakistan,2023-06-17
9855,Fatima Ali,London,UK,2023-11-23
9856,Zainab Ali,New York,USA,2025-10-19
9857,Imran Hussain,Peshawar,Pakistan,2024-11-27
9858,Usman Hussain,Faisalabad,Pakistan,2023-01-10
9859,Hamza Sheikh,Sukkur,Pakistan,2025-01-20
9860,Hussain Sheikh,Faisalabad,Pakistan,2023-10-24
9861,Hassan Ahmed,Faisalabad,Pakistan,2022-04-02
9862,Sana Sheikh,Hyderabad,Pakistan,2021-02-13
9863,Bilal Khan,Islamabad,Pakistan,2021-01-09
9864,Ayesha Chaudhry,Islamabad,Pakistan,2022-04-02
9865,Sara Khan,Sukkur,Pakistan,2025-07-28
9866,Imran Siddiqui,New York,USA,2023-08-03
9867,Sana Khan,Faisalabad,Pakistan,2023-07-10
9868,Hamza Buriro,Lahore,Pakistan,2023-03-25
9869,Hamza Ahmed,Sukkur,Pakistan,2024-12-27
9870,Ahmed Chaudhry,Toronto,Canada,2021-01-27
9871,Danish Khan,Peshawar,Pakistan,2024-06-01
9872,Imran Mirza,Karachi,Pakistan,2026-03-25
9873,Omar Hussain,Lahore,Pakistan,2025-11-30
9874,Bilal Shah,Peshawar,Pakistan,2023-01-23
9875,Sara Shah,New York,USA,2025-10-09
9876,Omar Qureshi,Karachi,Pakistan,2022-04-30
9877,Hussain Mirza,London,UK,2022-05-07
9878,Hira Mirza,London,UK,2022-12-02
9879,Zainab Ahmed,Karachi,Pakistan,2021-02-05
9880,Bilal Qureshi,Rawalpindi,Pakistan,2022-06-26
9881,Imran Shah,Karachi,Pakistan,2025-10-08
9882,Hira Ali,Quetta,Pakistan,2025-04-03
9883,Saad Hussain,Islamabad,Pakistan,2022-11-02
9884,Ayesha Qureshi,Toronto,Canada,2022-09-29
9885,Omar Shah,Lahore,Pakistan,2022-12-09
9886,Sana Mirza,Sukkur,Pakistan,2021-08-31
9887,Usman Buriro,London,UK,2021-11-19
9888,Sana Buriro,Islamabad,Pakistan,2026-07-17
9889,Maham Khan,Rawalpindi,Pakistan,2024-10-12
9890,Ali Chaudhry,London,UK,2022-07-25
9891,Hussain Raza,Lahore,Pakistan,2025-10-11
9892,Maham Sheikh,Faisalabad,Pakistan,2021-12-27
9893,Ali Khan,Rawalpindi,Pakistan,2026-05-29
9894,Hira Chaudhry,Karachi,Pakistan,2023-10-23
9895,Hamza Raza,Faisalabad,Pakistan,2022-11-06
9896,Imran Mirza,Peshawar,Pakistan,2025-03-10
9897,Zainab Hussain,Multan,Pakistan,2023-05-01
9898,Saad Buriro,New York,USA,2022-07-04
9899,Ayesha Memon,Lahore,Pakistan,2024-10-25
9900,Hamza Chaudhry,Faisalabad,Pakistan,2025-01-11
9901,Ahmed Shah,Islamabad,Pakistan,2024-05-14
9902,Hamza Shah,London,UK,2023-07-31
9903,Sana Memon,Quetta,Pakistan,2022-11-02
9904,Fahad Sheikh,Dubai,UAE,2023-04-03
9905,Maryam Raza,Lahore,Pakistan,2025-11-17
9906,Ali Memon,Faisalabad,Pakistan,2023-01-03
9907,Ali Raza,Karachi,Pakistan,2026-05-26
9908,Saad Buriro,Hyderabad,Pakistan,2021-10-24
9909,Zainab Malik,Doha,Qatar,2021-11-28
9910,Danish Mirza,Dubai,UAE,2022-11-09
9911,Omar Ali,Lahore,Pakistan,2021-01-07
9912,Sana Hussain,Multan,Pakistan,2025-11-27
9913,Imran Chaudhry,Toronto,Canada,2022-11-25
9914,Usman Shah,Islamabad,Pakistan,2021-07-28
9915,Saad Malik,London,UK,2024-06-14
9916,Fatima Malik,Hyderabad,Pakistan,2026-05-08
9917,Omar Raza,Peshawar,Pakistan,2026-07-19
9918,Bilal Siddiqui,Toronto,Canada,2021-08-08
9919,Omar Ali,Dubai,UAE,2025-06-04
9920,Maham Chaudhry,Hyderabad,Pakistan,2023-01-08
9921,Fatima Shah,Karachi,Pakistan,2025-09-01
9922,Maryam Raza,Rawalpindi,Pakistan,2024-05-20
9923,Sana Raza,Faisalabad,Pakistan,2025-01-31
9924,Sara Khan,Islamabad,Pakistan,2025-09-04
9925,Ahmed Ali,Toronto,Canada,2025-12-30
9926,Hussain Iqbal,Karachi,Pakistan,2021-10-20
9927,Sara Hussain,Quetta,Pakistan,2025-01-15
9928,Hira Khan,Doha,Qatar,2021-10-15
9929,Usman Buriro,Multan,Pakistan,2026-04-08
9930,Fatima Sheikh,Quetta,Pakistan,2024-07-04
9931,Maham Ali,Lahore,Pakistan,2022-01-28
9932,Maham Memon,Dubai,UAE,2022-08-20
9933,Ayesha Sheikh,Doha,Qatar,2025-12-31
9934,Ahmed Shah,London,UK,2024-08-06
9935,Usman Chaudhry,Islamabad,Pakistan,2022-04-13
9936,Hassan Malik,Multan,Pakistan,2025-07-31
9937,Hassan Malik,Dubai,UAE,2025-01-03
9938,Ali Malik,London,UK,2021-06-06
9939,Sara Buriro,Faisalabad,Pakistan,2022-08-01
9940,Omar Memon,Doha,Qatar,2025-09-18
9941,Maryam Chaudhry,Rawalpindi,Pakistan,2022-12-16
9942,Danish Shah,London,UK,2021-03-18
9943,Sana Buriro,Peshawar,Pakistan,2024-05-15
9944,Hamza Raza,Dubai,UAE,2026-01-06
9945,Ayesha Malik,Quetta,Pakistan,2024-02-09
9946,Hussain Khan,Faisalabad,Pakistan,2026-06-12
9947,Sara Mirza,New York,USA,2021-08-21
9948,Hira Shah,New York,USA,2024-09-22
9949,Ali Hussain,New York,USA,2024-08-17
9950,Hussain Raza,Lahore,Pakistan,2026-06-29
9951,Saad Khan,Faisalabad,Pakistan,2023-11-29
9952,Sana Iqbal,London,UK,2025-08-03
9953,Hamza Mirza,Toronto,Canada,2021-10-24
9954,Danish Sheikh,Multan,Pakistan,2021-04-01
9955,Hamza Memon,London,UK,2024-12-31
9956,Maryam Sheikh,Quetta,Pakistan,2021-01-08
9957,Hussain Buriro,Rawalpindi,Pakistan,2025-11-18
9958,Usman Ahmed,Toronto,Canada,2021-02-12
9959,Ahmed Siddiqui,Faisalabad,Pakistan,2024-11-04
9960,Hassan Qureshi,Sukkur,Pakistan,2023-07-10
9961,Usman Siddiqui,Hyderabad,Pakistan,2024-08-08
9962,Maham Siddiqui,Karachi,Pakistan,2024-06-24
9963,Sana Ahmed,Faisalabad,Pakistan,2023-06-25
9964,Hassan Iqbal,Dubai,UAE,2023-09-09
9965,Maryam Khan,Hyderabad,Pakistan,2023-10-23
9966,Sana Khan,Toronto,Canada,2024-10-11
9967,Ahmed Qureshi,London,UK,2023-07-06
9968,Hira Hussain,Sukkur,Pakistan,2022-12-20
9969,Maham Ahmed,New York,USA,2021-03-28
9970,Hussain Sheikh,New York,USA,2025-05-08
9971,Fahad Memon,Dubai,UAE,2022-04-06
9972,Hira Ali,New York,USA,2023-06-04
9973,Fahad Iqbal,Dubai,UAE,2026-07-16
9974,Sana Qureshi,New York,USA,2025-05-19
9975,Hira Hussain,Lahore,Pakistan,2022-12-06
9976,Imran Ali,Multan,Pakistan,2023-08-26
9977,Zainab Memon,Toronto,Canada,2022-10-24
9978,Hamza Mirza,Peshawar,Pakistan,2024-06-30
9979,Ahmed Ali,Karachi,Pakistan,2021-11-08
9980,Maham Ali,New York,USA,2026-04-26
9981,Ayesha Malik,Sukkur,Pakistan,2026-07-05
9982,Hira Khan,Toronto,Canada,2022-09-01
9983,Omar Iqbal,Karachi,Pakistan,2022-04-15
9984,Omar Raza,Islamabad,Pakistan,2024-01-04
9985,Saad Hussain,Peshawar,Pakistan,2024-08-11
9986,Maham Iqbal,Islamabad,Pakistan,2024-08-04
9987,Maryam Mirza,Peshawar,Pakistan,2021-03-27
9988,Zainab Mirza,Multan,Pakistan,2024-12-20
9989,Maryam Qureshi,Rawalpindi,Pakistan,2021-05-16
9990,Sana Qureshi,London,UK,2022-11-28
9991,Omar Malik,Karachi,Pakistan,2024-12-31
9992,Fatima Qureshi,Toronto,Canada,2025-12-13
9993,Maryam Qureshi,Islamabad,Pakistan,2024-07-18
9994,Fatima Ahmed,Quetta,Pakistan,2021-11-22
9995,Omar Qureshi,Doha,Qatar,2024-10-18
9996,Saad Siddiqui,Lahore,Pakistan,2021-03-17
9997,Ali Malik,Toronto,Canada,2022-04-16
9998,Sara Ahmed,Hyderabad,Pakistan,2021-09-10
9999,Hussain Qureshi,London,UK,2026-07-01
10000,Omar Sheikh,New York,USA,2023-01-21
